[2026-08-06T07:51:23.385+0000] {processor.py:161} INFO - Started process (PID=49) to work on /opt/airflow/dags/kafka_batch_to_hdfs_dag.py
[2026-08-06T07:51:23.388+0000] {processor.py:830} INFO - Processing file /opt/airflow/dags/kafka_batch_to_hdfs_dag.py for tasks to queue
[2026-08-06T07:51:23.392+0000] {logging_mixin.py:188} INFO - [2026-08-06T07:51:23.391+0000] {dagbag.py:545} INFO - Filling up the DagBag from /opt/airflow/dags/kafka_batch_to_hdfs_dag.py
[2026-08-06T07:51:23.428+0000] {processor.py:840} INFO - DAG(s) 'kafka_batch_to_hdfs' retrieved from /opt/airflow/dags/kafka_batch_to_hdfs_dag.py
[2026-08-06T07:51:23.608+0000] {logging_mixin.py:188} INFO - [2026-08-06T07:51:23.607+0000] {override.py:1829} INFO - Created Permission View: can edit on DAG:kafka_batch_to_hdfs
[2026-08-06T07:51:23.626+0000] {logging_mixin.py:188} INFO - [2026-08-06T07:51:23.626+0000] {override.py:1829} INFO - Created Permission View: can delete on DAG:kafka_batch_to_hdfs
[2026-08-06T07:51:23.636+0000] {logging_mixin.py:188} INFO - [2026-08-06T07:51:23.636+0000] {override.py:1829} INFO - Created Permission View: can read on DAG:kafka_batch_to_hdfs
[2026-08-06T07:51:23.638+0000] {logging_mixin.py:188} INFO - [2026-08-06T07:51:23.638+0000] {dag.py:3096} INFO - Sync 1 DAGs
[2026-08-06T07:51:23.655+0000] {logging_mixin.py:188} INFO - [2026-08-06T07:51:23.655+0000] {dag.py:3118} INFO - Creating ORM DAG for kafka_batch_to_hdfs
[2026-08-06T07:51:23.669+0000] {logging_mixin.py:188} INFO - [2026-08-06T07:51:23.668+0000] {dag.py:3954} INFO - Setting next_dagrun for kafka_batch_to_hdfs to 2026-08-06 07:45:00+00:00, run_after=2026-08-06 07:50:00+00:00
[2026-08-06T07:51:23.692+0000] {processor.py:183} INFO - Processing /opt/airflow/dags/kafka_batch_to_hdfs_dag.py took 0.316 seconds
[2026-08-06T07:51:53.926+0000] {processor.py:161} INFO - Started process (PID=80) to work on /opt/airflow/dags/kafka_batch_to_hdfs_dag.py
[2026-08-06T07:51:53.929+0000] {processor.py:830} INFO - Processing file /opt/airflow/dags/kafka_batch_to_hdfs_dag.py for tasks to queue
[2026-08-06T07:51:53.933+0000] {logging_mixin.py:188} INFO - [2026-08-06T07:51:53.932+0000] {dagbag.py:545} INFO - Filling up the DagBag from /opt/airflow/dags/kafka_batch_to_hdfs_dag.py
[2026-08-06T07:51:53.974+0000] {processor.py:840} INFO - DAG(s) 'kafka_batch_to_hdfs' retrieved from /opt/airflow/dags/kafka_batch_to_hdfs_dag.py
[2026-08-06T07:51:54.025+0000] {logging_mixin.py:188} INFO - [2026-08-06T07:51:54.024+0000] {dag.py:3096} INFO - Sync 1 DAGs
[2026-08-06T07:51:54.090+0000] {processor.py:183} INFO - Processing /opt/airflow/dags/kafka_batch_to_hdfs_dag.py took 0.176 seconds
[2026-08-06T07:52:24.290+0000] {processor.py:161} INFO - Started process (PID=83) to work on /opt/airflow/dags/kafka_batch_to_hdfs_dag.py
[2026-08-06T07:52:24.292+0000] {processor.py:830} INFO - Processing file /opt/airflow/dags/kafka_batch_to_hdfs_dag.py for tasks to queue
[2026-08-06T07:52:24.296+0000] {logging_mixin.py:188} INFO - [2026-08-06T07:52:24.295+0000] {dagbag.py:545} INFO - Filling up the DagBag from /opt/airflow/dags/kafka_batch_to_hdfs_dag.py
[2026-08-06T07:52:24.325+0000] {processor.py:840} INFO - DAG(s) 'kafka_batch_to_hdfs' retrieved from /opt/airflow/dags/kafka_batch_to_hdfs_dag.py
[2026-08-06T07:52:24.361+0000] {logging_mixin.py:188} INFO - [2026-08-06T07:52:24.361+0000] {dag.py:3096} INFO - Sync 1 DAGs
[2026-08-06T07:52:24.414+0000] {processor.py:183} INFO - Processing /opt/airflow/dags/kafka_batch_to_hdfs_dag.py took 0.132 seconds
[2026-08-06T07:52:54.500+0000] {processor.py:161} INFO - Started process (PID=84) to work on /opt/airflow/dags/kafka_batch_to_hdfs_dag.py
[2026-08-06T07:52:54.501+0000] {processor.py:830} INFO - Processing file /opt/airflow/dags/kafka_batch_to_hdfs_dag.py for tasks to queue
[2026-08-06T07:52:54.504+0000] {logging_mixin.py:188} INFO - [2026-08-06T07:52:54.503+0000] {dagbag.py:545} INFO - Filling up the DagBag from /opt/airflow/dags/kafka_batch_to_hdfs_dag.py
[2026-08-06T07:52:54.523+0000] {processor.py:840} INFO - DAG(s) 'kafka_batch_to_hdfs' retrieved from /opt/airflow/dags/kafka_batch_to_hdfs_dag.py
[2026-08-06T07:52:54.552+0000] {logging_mixin.py:188} INFO - [2026-08-06T07:52:54.552+0000] {dag.py:3096} INFO - Sync 1 DAGs
[2026-08-06T07:52:54.617+0000] {processor.py:183} INFO - Processing /opt/airflow/dags/kafka_batch_to_hdfs_dag.py took 0.122 seconds
[2026-08-06T07:53:24.787+0000] {processor.py:161} INFO - Started process (PID=85) to work on /opt/airflow/dags/kafka_batch_to_hdfs_dag.py
[2026-08-06T07:53:24.789+0000] {processor.py:830} INFO - Processing file /opt/airflow/dags/kafka_batch_to_hdfs_dag.py for tasks to queue
[2026-08-06T07:53:24.792+0000] {logging_mixin.py:188} INFO - [2026-08-06T07:53:24.792+0000] {dagbag.py:545} INFO - Filling up the DagBag from /opt/airflow/dags/kafka_batch_to_hdfs_dag.py
[2026-08-06T07:53:24.814+0000] {processor.py:840} INFO - DAG(s) 'kafka_batch_to_hdfs' retrieved from /opt/airflow/dags/kafka_batch_to_hdfs_dag.py
[2026-08-06T07:53:24.868+0000] {logging_mixin.py:188} INFO - [2026-08-06T07:53:24.867+0000] {dag.py:3096} INFO - Sync 1 DAGs
[2026-08-06T07:53:24.916+0000] {processor.py:183} INFO - Processing /opt/airflow/dags/kafka_batch_to_hdfs_dag.py took 0.134 seconds
[2026-08-06T07:53:54.994+0000] {processor.py:161} INFO - Started process (PID=95) to work on /opt/airflow/dags/kafka_batch_to_hdfs_dag.py
[2026-08-06T07:53:54.995+0000] {processor.py:830} INFO - Processing file /opt/airflow/dags/kafka_batch_to_hdfs_dag.py for tasks to queue
[2026-08-06T07:53:54.998+0000] {logging_mixin.py:188} INFO - [2026-08-06T07:53:54.997+0000] {dagbag.py:545} INFO - Filling up the DagBag from /opt/airflow/dags/kafka_batch_to_hdfs_dag.py
[2026-08-06T07:53:55.017+0000] {processor.py:840} INFO - DAG(s) 'kafka_batch_to_hdfs' retrieved from /opt/airflow/dags/kafka_batch_to_hdfs_dag.py
[2026-08-06T07:53:55.052+0000] {logging_mixin.py:188} INFO - [2026-08-06T07:53:55.052+0000] {dag.py:3096} INFO - Sync 1 DAGs
[2026-08-06T07:53:55.082+0000] {logging_mixin.py:188} INFO - [2026-08-06T07:53:55.081+0000] {dag.py:3954} INFO - Setting next_dagrun for kafka_batch_to_hdfs to 2026-08-06 07:50:00+00:00, run_after=2026-08-06 07:55:00+00:00
[2026-08-06T07:53:55.110+0000] {processor.py:183} INFO - Processing /opt/airflow/dags/kafka_batch_to_hdfs_dag.py took 0.121 seconds
[2026-08-06T08:08:00.050+0000] {processor.py:161} INFO - Started process (PID=53) to work on /opt/airflow/dags/kafka_batch_to_hdfs_dag.py
[2026-08-06T08:08:00.055+0000] {processor.py:830} INFO - Processing file /opt/airflow/dags/kafka_batch_to_hdfs_dag.py for tasks to queue
[2026-08-06T08:08:00.059+0000] {logging_mixin.py:188} INFO - [2026-08-06T08:08:00.059+0000] {dagbag.py:545} INFO - Filling up the DagBag from /opt/airflow/dags/kafka_batch_to_hdfs_dag.py
[2026-08-06T08:08:00.092+0000] {processor.py:840} INFO - DAG(s) 'kafka_batch_to_hdfs' retrieved from /opt/airflow/dags/kafka_batch_to_hdfs_dag.py
[2026-08-06T08:08:00.177+0000] {logging_mixin.py:188} INFO - [2026-08-06T08:08:00.176+0000] {dag.py:3096} INFO - Sync 1 DAGs
[2026-08-06T08:08:00.343+0000] {processor.py:183} INFO - Processing /opt/airflow/dags/kafka_batch_to_hdfs_dag.py took 0.302 seconds
[2026-08-06T08:08:30.533+0000] {processor.py:161} INFO - Started process (PID=82) to work on /opt/airflow/dags/kafka_batch_to_hdfs_dag.py
[2026-08-06T08:08:30.535+0000] {processor.py:830} INFO - Processing file /opt/airflow/dags/kafka_batch_to_hdfs_dag.py for tasks to queue
[2026-08-06T08:08:30.539+0000] {logging_mixin.py:188} INFO - [2026-08-06T08:08:30.539+0000] {dagbag.py:545} INFO - Filling up the DagBag from /opt/airflow/dags/kafka_batch_to_hdfs_dag.py
[2026-08-06T08:08:30.562+0000] {processor.py:840} INFO - DAG(s) 'kafka_batch_to_hdfs' retrieved from /opt/airflow/dags/kafka_batch_to_hdfs_dag.py
[2026-08-06T08:08:30.676+0000] {logging_mixin.py:188} INFO - [2026-08-06T08:08:30.676+0000] {dag.py:3096} INFO - Sync 1 DAGs
[2026-08-06T08:08:30.721+0000] {processor.py:183} INFO - Processing /opt/airflow/dags/kafka_batch_to_hdfs_dag.py took 0.194 seconds
[2026-08-06T08:09:00.938+0000] {processor.py:161} INFO - Started process (PID=83) to work on /opt/airflow/dags/kafka_batch_to_hdfs_dag.py
[2026-08-06T08:09:00.940+0000] {processor.py:830} INFO - Processing file /opt/airflow/dags/kafka_batch_to_hdfs_dag.py for tasks to queue
[2026-08-06T08:09:00.942+0000] {logging_mixin.py:188} INFO - [2026-08-06T08:09:00.942+0000] {dagbag.py:545} INFO - Filling up the DagBag from /opt/airflow/dags/kafka_batch_to_hdfs_dag.py
[2026-08-06T08:09:00.964+0000] {processor.py:840} INFO - DAG(s) 'kafka_batch_to_hdfs' retrieved from /opt/airflow/dags/kafka_batch_to_hdfs_dag.py
[2026-08-06T08:09:00.999+0000] {logging_mixin.py:188} INFO - [2026-08-06T08:09:00.999+0000] {dag.py:3096} INFO - Sync 1 DAGs
[2026-08-06T08:09:01.054+0000] {processor.py:183} INFO - Processing /opt/airflow/dags/kafka_batch_to_hdfs_dag.py took 0.123 seconds
[2026-08-06T08:09:31.123+0000] {processor.py:161} INFO - Started process (PID=84) to work on /opt/airflow/dags/kafka_batch_to_hdfs_dag.py
[2026-08-06T08:09:31.124+0000] {processor.py:830} INFO - Processing file /opt/airflow/dags/kafka_batch_to_hdfs_dag.py for tasks to queue
[2026-08-06T08:09:31.126+0000] {logging_mixin.py:188} INFO - [2026-08-06T08:09:31.126+0000] {dagbag.py:545} INFO - Filling up the DagBag from /opt/airflow/dags/kafka_batch_to_hdfs_dag.py
[2026-08-06T08:09:31.144+0000] {processor.py:840} INFO - DAG(s) 'kafka_batch_to_hdfs' retrieved from /opt/airflow/dags/kafka_batch_to_hdfs_dag.py
[2026-08-06T08:09:31.174+0000] {logging_mixin.py:188} INFO - [2026-08-06T08:09:31.174+0000] {dag.py:3096} INFO - Sync 1 DAGs
[2026-08-06T08:09:31.220+0000] {processor.py:183} INFO - Processing /opt/airflow/dags/kafka_batch_to_hdfs_dag.py took 0.102 seconds
[2026-08-06T08:10:01.442+0000] {processor.py:161} INFO - Started process (PID=85) to work on /opt/airflow/dags/kafka_batch_to_hdfs_dag.py
[2026-08-06T08:10:01.444+0000] {processor.py:830} INFO - Processing file /opt/airflow/dags/kafka_batch_to_hdfs_dag.py for tasks to queue
[2026-08-06T08:10:01.446+0000] {logging_mixin.py:188} INFO - [2026-08-06T08:10:01.446+0000] {dagbag.py:545} INFO - Filling up the DagBag from /opt/airflow/dags/kafka_batch_to_hdfs_dag.py
[2026-08-06T08:10:01.473+0000] {processor.py:840} INFO - DAG(s) 'kafka_batch_to_hdfs' retrieved from /opt/airflow/dags/kafka_batch_to_hdfs_dag.py
[2026-08-06T08:10:01.509+0000] {logging_mixin.py:188} INFO - [2026-08-06T08:10:01.508+0000] {dag.py:3096} INFO - Sync 1 DAGs
[2026-08-06T08:10:01.571+0000] {processor.py:183} INFO - Processing /opt/airflow/dags/kafka_batch_to_hdfs_dag.py took 0.134 seconds
[2026-08-06T08:10:31.724+0000] {processor.py:161} INFO - Started process (PID=104) to work on /opt/airflow/dags/kafka_batch_to_hdfs_dag.py
[2026-08-06T08:10:31.726+0000] {processor.py:830} INFO - Processing file /opt/airflow/dags/kafka_batch_to_hdfs_dag.py for tasks to queue
[2026-08-06T08:10:31.729+0000] {logging_mixin.py:188} INFO - [2026-08-06T08:10:31.728+0000] {dagbag.py:545} INFO - Filling up the DagBag from /opt/airflow/dags/kafka_batch_to_hdfs_dag.py
[2026-08-06T08:10:31.748+0000] {processor.py:840} INFO - DAG(s) 'kafka_batch_to_hdfs' retrieved from /opt/airflow/dags/kafka_batch_to_hdfs_dag.py
[2026-08-06T08:10:31.784+0000] {logging_mixin.py:188} INFO - [2026-08-06T08:10:31.784+0000] {dag.py:3096} INFO - Sync 1 DAGs
[2026-08-06T08:10:31.832+0000] {processor.py:183} INFO - Processing /opt/airflow/dags/kafka_batch_to_hdfs_dag.py took 0.114 seconds
[2026-08-06T08:11:02.046+0000] {processor.py:161} INFO - Started process (PID=105) to work on /opt/airflow/dags/kafka_batch_to_hdfs_dag.py
[2026-08-06T08:11:02.047+0000] {processor.py:830} INFO - Processing file /opt/airflow/dags/kafka_batch_to_hdfs_dag.py for tasks to queue
[2026-08-06T08:11:02.049+0000] {logging_mixin.py:188} INFO - [2026-08-06T08:11:02.049+0000] {dagbag.py:545} INFO - Filling up the DagBag from /opt/airflow/dags/kafka_batch_to_hdfs_dag.py
[2026-08-06T08:11:02.069+0000] {processor.py:840} INFO - DAG(s) 'kafka_batch_to_hdfs' retrieved from /opt/airflow/dags/kafka_batch_to_hdfs_dag.py
[2026-08-06T08:11:02.104+0000] {logging_mixin.py:188} INFO - [2026-08-06T08:11:02.103+0000] {dag.py:3096} INFO - Sync 1 DAGs
[2026-08-06T08:11:02.151+0000] {processor.py:183} INFO - Processing /opt/airflow/dags/kafka_batch_to_hdfs_dag.py took 0.111 seconds
[2026-08-06T08:11:42.018+0000] {processor.py:161} INFO - Started process (PID=50) to work on /opt/airflow/dags/kafka_batch_to_hdfs_dag.py
[2026-08-06T08:11:42.020+0000] {processor.py:830} INFO - Processing file /opt/airflow/dags/kafka_batch_to_hdfs_dag.py for tasks to queue
[2026-08-06T08:11:42.023+0000] {logging_mixin.py:188} INFO - [2026-08-06T08:11:42.023+0000] {dagbag.py:545} INFO - Filling up the DagBag from /opt/airflow/dags/kafka_batch_to_hdfs_dag.py
[2026-08-06T08:11:42.050+0000] {processor.py:840} INFO - DAG(s) 'kafka_batch_to_hdfs' retrieved from /opt/airflow/dags/kafka_batch_to_hdfs_dag.py
[2026-08-06T08:11:42.231+0000] {logging_mixin.py:188} INFO - [2026-08-06T08:11:42.230+0000] {override.py:1829} INFO - Created Permission View: can delete on DAG:kafka_batch_to_hdfs
[2026-08-06T08:11:42.248+0000] {logging_mixin.py:188} INFO - [2026-08-06T08:11:42.248+0000] {override.py:1829} INFO - Created Permission View: can read on DAG:kafka_batch_to_hdfs
[2026-08-06T08:11:42.260+0000] {logging_mixin.py:188} INFO - [2026-08-06T08:11:42.260+0000] {override.py:1829} INFO - Created Permission View: can edit on DAG:kafka_batch_to_hdfs
[2026-08-06T08:11:42.262+0000] {logging_mixin.py:188} INFO - [2026-08-06T08:11:42.261+0000] {dag.py:3096} INFO - Sync 1 DAGs
[2026-08-06T08:11:42.276+0000] {logging_mixin.py:188} INFO - [2026-08-06T08:11:42.276+0000] {dag.py:3118} INFO - Creating ORM DAG for kafka_batch_to_hdfs
[2026-08-06T08:11:42.290+0000] {logging_mixin.py:188} INFO - [2026-08-06T08:11:42.289+0000] {dag.py:3954} INFO - Setting next_dagrun for kafka_batch_to_hdfs to 2026-08-06 08:05:00+00:00, run_after=2026-08-06 08:10:00+00:00
[2026-08-06T08:11:42.316+0000] {processor.py:183} INFO - Processing /opt/airflow/dags/kafka_batch_to_hdfs_dag.py took 0.303 seconds
[2026-08-06T08:12:12.502+0000] {processor.py:161} INFO - Started process (PID=81) to work on /opt/airflow/dags/kafka_batch_to_hdfs_dag.py
[2026-08-06T08:12:12.503+0000] {processor.py:830} INFO - Processing file /opt/airflow/dags/kafka_batch_to_hdfs_dag.py for tasks to queue
[2026-08-06T08:12:12.505+0000] {logging_mixin.py:188} INFO - [2026-08-06T08:12:12.505+0000] {dagbag.py:545} INFO - Filling up the DagBag from /opt/airflow/dags/kafka_batch_to_hdfs_dag.py
[2026-08-06T08:12:12.530+0000] {processor.py:840} INFO - DAG(s) 'kafka_batch_to_hdfs' retrieved from /opt/airflow/dags/kafka_batch_to_hdfs_dag.py
[2026-08-06T08:12:12.566+0000] {logging_mixin.py:188} INFO - [2026-08-06T08:12:12.566+0000] {dag.py:3096} INFO - Sync 1 DAGs
[2026-08-06T08:12:12.618+0000] {processor.py:183} INFO - Processing /opt/airflow/dags/kafka_batch_to_hdfs_dag.py took 0.122 seconds
[2026-08-06T08:12:42.734+0000] {processor.py:161} INFO - Started process (PID=82) to work on /opt/airflow/dags/kafka_batch_to_hdfs_dag.py
[2026-08-06T08:12:42.736+0000] {processor.py:830} INFO - Processing file /opt/airflow/dags/kafka_batch_to_hdfs_dag.py for tasks to queue
[2026-08-06T08:12:42.740+0000] {logging_mixin.py:188} INFO - [2026-08-06T08:12:42.739+0000] {dagbag.py:545} INFO - Filling up the DagBag from /opt/airflow/dags/kafka_batch_to_hdfs_dag.py
[2026-08-06T08:12:42.774+0000] {processor.py:840} INFO - DAG(s) 'kafka_batch_to_hdfs' retrieved from /opt/airflow/dags/kafka_batch_to_hdfs_dag.py
[2026-08-06T08:12:42.828+0000] {logging_mixin.py:188} INFO - [2026-08-06T08:12:42.828+0000] {dag.py:3096} INFO - Sync 1 DAGs
[2026-08-06T08:12:42.897+0000] {processor.py:183} INFO - Processing /opt/airflow/dags/kafka_batch_to_hdfs_dag.py took 0.171 seconds
[2026-08-06T08:13:12.993+0000] {processor.py:161} INFO - Started process (PID=83) to work on /opt/airflow/dags/kafka_batch_to_hdfs_dag.py
[2026-08-06T08:13:12.994+0000] {processor.py:830} INFO - Processing file /opt/airflow/dags/kafka_batch_to_hdfs_dag.py for tasks to queue
[2026-08-06T08:13:13.001+0000] {logging_mixin.py:188} INFO - [2026-08-06T08:13:12.999+0000] {dagbag.py:545} INFO - Filling up the DagBag from /opt/airflow/dags/kafka_batch_to_hdfs_dag.py
[2026-08-06T08:13:13.026+0000] {processor.py:840} INFO - DAG(s) 'kafka_batch_to_hdfs' retrieved from /opt/airflow/dags/kafka_batch_to_hdfs_dag.py
[2026-08-06T08:13:13.078+0000] {logging_mixin.py:188} INFO - [2026-08-06T08:13:13.078+0000] {dag.py:3096} INFO - Sync 1 DAGs
[2026-08-06T08:13:13.135+0000] {processor.py:183} INFO - Processing /opt/airflow/dags/kafka_batch_to_hdfs_dag.py took 0.149 seconds
[2026-08-06T08:13:43.322+0000] {processor.py:161} INFO - Started process (PID=84) to work on /opt/airflow/dags/kafka_batch_to_hdfs_dag.py
[2026-08-06T08:13:43.323+0000] {processor.py:830} INFO - Processing file /opt/airflow/dags/kafka_batch_to_hdfs_dag.py for tasks to queue
[2026-08-06T08:13:43.326+0000] {logging_mixin.py:188} INFO - [2026-08-06T08:13:43.326+0000] {dagbag.py:545} INFO - Filling up the DagBag from /opt/airflow/dags/kafka_batch_to_hdfs_dag.py
[2026-08-06T08:13:43.351+0000] {processor.py:840} INFO - DAG(s) 'kafka_batch_to_hdfs' retrieved from /opt/airflow/dags/kafka_batch_to_hdfs_dag.py
[2026-08-06T08:13:43.401+0000] {logging_mixin.py:188} INFO - [2026-08-06T08:13:43.400+0000] {dag.py:3096} INFO - Sync 1 DAGs
[2026-08-06T08:13:43.478+0000] {processor.py:183} INFO - Processing /opt/airflow/dags/kafka_batch_to_hdfs_dag.py took 0.163 seconds
[2026-08-06T08:14:13.568+0000] {processor.py:161} INFO - Started process (PID=94) to work on /opt/airflow/dags/kafka_batch_to_hdfs_dag.py
[2026-08-06T08:14:13.570+0000] {processor.py:830} INFO - Processing file /opt/airflow/dags/kafka_batch_to_hdfs_dag.py for tasks to queue
[2026-08-06T08:14:13.575+0000] {logging_mixin.py:188} INFO - [2026-08-06T08:14:13.574+0000] {dagbag.py:545} INFO - Filling up the DagBag from /opt/airflow/dags/kafka_batch_to_hdfs_dag.py
[2026-08-06T08:14:13.608+0000] {processor.py:840} INFO - DAG(s) 'kafka_batch_to_hdfs' retrieved from /opt/airflow/dags/kafka_batch_to_hdfs_dag.py
[2026-08-06T08:14:13.648+0000] {logging_mixin.py:188} INFO - [2026-08-06T08:14:13.648+0000] {dag.py:3096} INFO - Sync 1 DAGs
[2026-08-06T08:14:13.680+0000] {logging_mixin.py:188} INFO - [2026-08-06T08:14:13.680+0000] {dag.py:3954} INFO - Setting next_dagrun for kafka_batch_to_hdfs to 2026-08-06 08:10:00+00:00, run_after=2026-08-06 08:15:00+00:00
[2026-08-06T08:14:13.704+0000] {processor.py:183} INFO - Processing /opt/airflow/dags/kafka_batch_to_hdfs_dag.py took 0.147 seconds
[2026-08-06T08:14:43.917+0000] {processor.py:161} INFO - Started process (PID=95) to work on /opt/airflow/dags/kafka_batch_to_hdfs_dag.py
[2026-08-06T08:14:43.918+0000] {processor.py:830} INFO - Processing file /opt/airflow/dags/kafka_batch_to_hdfs_dag.py for tasks to queue
[2026-08-06T08:14:43.921+0000] {logging_mixin.py:188} INFO - [2026-08-06T08:14:43.920+0000] {dagbag.py:545} INFO - Filling up the DagBag from /opt/airflow/dags/kafka_batch_to_hdfs_dag.py
[2026-08-06T08:14:43.939+0000] {processor.py:840} INFO - DAG(s) 'kafka_batch_to_hdfs' retrieved from /opt/airflow/dags/kafka_batch_to_hdfs_dag.py
[2026-08-06T08:14:43.968+0000] {logging_mixin.py:188} INFO - [2026-08-06T08:14:43.968+0000] {dag.py:3096} INFO - Sync 1 DAGs
[2026-08-06T08:14:43.990+0000] {logging_mixin.py:188} INFO - [2026-08-06T08:14:43.990+0000] {dag.py:3954} INFO - Setting next_dagrun for kafka_batch_to_hdfs to 2026-08-06 08:10:00+00:00, run_after=2026-08-06 08:15:00+00:00
[2026-08-06T08:14:44.018+0000] {processor.py:183} INFO - Processing /opt/airflow/dags/kafka_batch_to_hdfs_dag.py took 0.105 seconds
[2026-08-06T08:15:47.243+0000] {processor.py:161} INFO - Started process (PID=52) to work on /opt/airflow/dags/kafka_batch_to_hdfs_dag.py
[2026-08-06T08:15:47.245+0000] {processor.py:830} INFO - Processing file /opt/airflow/dags/kafka_batch_to_hdfs_dag.py for tasks to queue
[2026-08-06T08:15:47.250+0000] {logging_mixin.py:188} INFO - [2026-08-06T08:15:47.250+0000] {dagbag.py:545} INFO - Filling up the DagBag from /opt/airflow/dags/kafka_batch_to_hdfs_dag.py
[2026-08-06T08:15:47.276+0000] {processor.py:840} INFO - DAG(s) 'kafka_batch_to_hdfs' retrieved from /opt/airflow/dags/kafka_batch_to_hdfs_dag.py
[2026-08-06T08:15:47.455+0000] {logging_mixin.py:188} INFO - [2026-08-06T08:15:47.454+0000] {override.py:1829} INFO - Created Permission View: can delete on DAG:kafka_batch_to_hdfs
[2026-08-06T08:15:47.474+0000] {logging_mixin.py:188} INFO - [2026-08-06T08:15:47.473+0000] {override.py:1829} INFO - Created Permission View: can edit on DAG:kafka_batch_to_hdfs
[2026-08-06T08:15:47.489+0000] {logging_mixin.py:188} INFO - [2026-08-06T08:15:47.489+0000] {override.py:1829} INFO - Created Permission View: can read on DAG:kafka_batch_to_hdfs
[2026-08-06T08:15:47.491+0000] {logging_mixin.py:188} INFO - [2026-08-06T08:15:47.490+0000] {dag.py:3096} INFO - Sync 1 DAGs
[2026-08-06T08:15:47.506+0000] {logging_mixin.py:188} INFO - [2026-08-06T08:15:47.506+0000] {dag.py:3118} INFO - Creating ORM DAG for kafka_batch_to_hdfs
[2026-08-06T08:15:47.523+0000] {logging_mixin.py:188} INFO - [2026-08-06T08:15:47.523+0000] {dag.py:3954} INFO - Setting next_dagrun for kafka_batch_to_hdfs to 2026-08-06 08:10:00+00:00, run_after=2026-08-06 08:15:00+00:00
[2026-08-06T08:15:47.555+0000] {processor.py:183} INFO - Processing /opt/airflow/dags/kafka_batch_to_hdfs_dag.py took 0.320 seconds
[2026-08-06T08:16:17.757+0000] {processor.py:161} INFO - Started process (PID=81) to work on /opt/airflow/dags/kafka_batch_to_hdfs_dag.py
[2026-08-06T08:16:17.759+0000] {processor.py:830} INFO - Processing file /opt/airflow/dags/kafka_batch_to_hdfs_dag.py for tasks to queue
[2026-08-06T08:16:17.763+0000] {logging_mixin.py:188} INFO - [2026-08-06T08:16:17.763+0000] {dagbag.py:545} INFO - Filling up the DagBag from /opt/airflow/dags/kafka_batch_to_hdfs_dag.py
[2026-08-06T08:16:17.789+0000] {processor.py:840} INFO - DAG(s) 'kafka_batch_to_hdfs' retrieved from /opt/airflow/dags/kafka_batch_to_hdfs_dag.py
[2026-08-06T08:16:17.829+0000] {logging_mixin.py:188} INFO - [2026-08-06T08:16:17.828+0000] {dag.py:3096} INFO - Sync 1 DAGs
[2026-08-06T08:16:17.882+0000] {processor.py:183} INFO - Processing /opt/airflow/dags/kafka_batch_to_hdfs_dag.py took 0.131 seconds
[2026-08-06T08:16:47.949+0000] {processor.py:161} INFO - Started process (PID=83) to work on /opt/airflow/dags/kafka_batch_to_hdfs_dag.py
[2026-08-06T08:16:47.951+0000] {processor.py:830} INFO - Processing file /opt/airflow/dags/kafka_batch_to_hdfs_dag.py for tasks to queue
[2026-08-06T08:16:47.954+0000] {logging_mixin.py:188} INFO - [2026-08-06T08:16:47.954+0000] {dagbag.py:545} INFO - Filling up the DagBag from /opt/airflow/dags/kafka_batch_to_hdfs_dag.py
[2026-08-06T08:16:47.978+0000] {processor.py:840} INFO - DAG(s) 'kafka_batch_to_hdfs' retrieved from /opt/airflow/dags/kafka_batch_to_hdfs_dag.py
[2026-08-06T08:16:48.013+0000] {logging_mixin.py:188} INFO - [2026-08-06T08:16:48.013+0000] {dag.py:3096} INFO - Sync 1 DAGs
[2026-08-06T08:16:48.071+0000] {processor.py:183} INFO - Processing /opt/airflow/dags/kafka_batch_to_hdfs_dag.py took 0.130 seconds
[2026-08-06T08:17:18.307+0000] {processor.py:161} INFO - Started process (PID=84) to work on /opt/airflow/dags/kafka_batch_to_hdfs_dag.py
[2026-08-06T08:17:18.308+0000] {processor.py:830} INFO - Processing file /opt/airflow/dags/kafka_batch_to_hdfs_dag.py for tasks to queue
[2026-08-06T08:17:18.312+0000] {logging_mixin.py:188} INFO - [2026-08-06T08:17:18.311+0000] {dagbag.py:545} INFO - Filling up the DagBag from /opt/airflow/dags/kafka_batch_to_hdfs_dag.py
[2026-08-06T08:17:18.339+0000] {processor.py:840} INFO - DAG(s) 'kafka_batch_to_hdfs' retrieved from /opt/airflow/dags/kafka_batch_to_hdfs_dag.py
[2026-08-06T08:17:18.376+0000] {logging_mixin.py:188} INFO - [2026-08-06T08:17:18.376+0000] {dag.py:3096} INFO - Sync 1 DAGs
[2026-08-06T08:17:18.436+0000] {processor.py:183} INFO - Processing /opt/airflow/dags/kafka_batch_to_hdfs_dag.py took 0.134 seconds
[2026-08-06T08:18:12.177+0000] {processor.py:161} INFO - Started process (PID=52) to work on /opt/airflow/dags/kafka_batch_to_hdfs_dag.py
[2026-08-06T08:18:12.179+0000] {processor.py:830} INFO - Processing file /opt/airflow/dags/kafka_batch_to_hdfs_dag.py for tasks to queue
[2026-08-06T08:18:12.182+0000] {logging_mixin.py:188} INFO - [2026-08-06T08:18:12.182+0000] {dagbag.py:545} INFO - Filling up the DagBag from /opt/airflow/dags/kafka_batch_to_hdfs_dag.py
[2026-08-06T08:18:12.201+0000] {processor.py:840} INFO - DAG(s) 'kafka_batch_to_hdfs' retrieved from /opt/airflow/dags/kafka_batch_to_hdfs_dag.py
[2026-08-06T08:18:12.368+0000] {logging_mixin.py:188} INFO - [2026-08-06T08:18:12.367+0000] {override.py:1829} INFO - Created Permission View: can read on DAG:kafka_batch_to_hdfs
[2026-08-06T08:18:12.383+0000] {logging_mixin.py:188} INFO - [2026-08-06T08:18:12.382+0000] {override.py:1829} INFO - Created Permission View: can edit on DAG:kafka_batch_to_hdfs
[2026-08-06T08:18:12.395+0000] {logging_mixin.py:188} INFO - [2026-08-06T08:18:12.394+0000] {override.py:1829} INFO - Created Permission View: can delete on DAG:kafka_batch_to_hdfs
[2026-08-06T08:18:12.396+0000] {logging_mixin.py:188} INFO - [2026-08-06T08:18:12.396+0000] {dag.py:3096} INFO - Sync 1 DAGs
[2026-08-06T08:18:12.409+0000] {logging_mixin.py:188} INFO - [2026-08-06T08:18:12.409+0000] {dag.py:3118} INFO - Creating ORM DAG for kafka_batch_to_hdfs
[2026-08-06T08:18:12.424+0000] {logging_mixin.py:188} INFO - [2026-08-06T08:18:12.424+0000] {dag.py:3954} INFO - Setting next_dagrun for kafka_batch_to_hdfs to 2026-08-06 08:10:00+00:00, run_after=2026-08-06 08:15:00+00:00
[2026-08-06T08:18:12.451+0000] {processor.py:183} INFO - Processing /opt/airflow/dags/kafka_batch_to_hdfs_dag.py took 0.279 seconds
[2026-08-06T08:18:42.637+0000] {processor.py:161} INFO - Started process (PID=81) to work on /opt/airflow/dags/kafka_batch_to_hdfs_dag.py
[2026-08-06T08:18:42.639+0000] {processor.py:830} INFO - Processing file /opt/airflow/dags/kafka_batch_to_hdfs_dag.py for tasks to queue
[2026-08-06T08:18:42.641+0000] {logging_mixin.py:188} INFO - [2026-08-06T08:18:42.641+0000] {dagbag.py:545} INFO - Filling up the DagBag from /opt/airflow/dags/kafka_batch_to_hdfs_dag.py
[2026-08-06T08:18:42.662+0000] {processor.py:840} INFO - DAG(s) 'kafka_batch_to_hdfs' retrieved from /opt/airflow/dags/kafka_batch_to_hdfs_dag.py
[2026-08-06T08:18:42.695+0000] {logging_mixin.py:188} INFO - [2026-08-06T08:18:42.695+0000] {dag.py:3096} INFO - Sync 1 DAGs
[2026-08-06T08:18:42.749+0000] {processor.py:183} INFO - Processing /opt/airflow/dags/kafka_batch_to_hdfs_dag.py took 0.118 seconds
[2026-08-06T08:19:12.840+0000] {processor.py:161} INFO - Started process (PID=83) to work on /opt/airflow/dags/kafka_batch_to_hdfs_dag.py
[2026-08-06T08:19:12.841+0000] {processor.py:830} INFO - Processing file /opt/airflow/dags/kafka_batch_to_hdfs_dag.py for tasks to queue
[2026-08-06T08:19:12.845+0000] {logging_mixin.py:188} INFO - [2026-08-06T08:19:12.844+0000] {dagbag.py:545} INFO - Filling up the DagBag from /opt/airflow/dags/kafka_batch_to_hdfs_dag.py
[2026-08-06T08:19:12.865+0000] {processor.py:840} INFO - DAG(s) 'kafka_batch_to_hdfs' retrieved from /opt/airflow/dags/kafka_batch_to_hdfs_dag.py
[2026-08-06T08:19:12.897+0000] {logging_mixin.py:188} INFO - [2026-08-06T08:19:12.897+0000] {dag.py:3096} INFO - Sync 1 DAGs
[2026-08-06T08:19:12.949+0000] {processor.py:183} INFO - Processing /opt/airflow/dags/kafka_batch_to_hdfs_dag.py took 0.115 seconds
[2026-08-06T08:19:43.156+0000] {processor.py:161} INFO - Started process (PID=84) to work on /opt/airflow/dags/kafka_batch_to_hdfs_dag.py
[2026-08-06T08:19:43.157+0000] {processor.py:830} INFO - Processing file /opt/airflow/dags/kafka_batch_to_hdfs_dag.py for tasks to queue
[2026-08-06T08:19:43.161+0000] {logging_mixin.py:188} INFO - [2026-08-06T08:19:43.161+0000] {dagbag.py:545} INFO - Filling up the DagBag from /opt/airflow/dags/kafka_batch_to_hdfs_dag.py
[2026-08-06T08:19:43.181+0000] {processor.py:840} INFO - DAG(s) 'kafka_batch_to_hdfs' retrieved from /opt/airflow/dags/kafka_batch_to_hdfs_dag.py
[2026-08-06T08:19:43.216+0000] {logging_mixin.py:188} INFO - [2026-08-06T08:19:43.216+0000] {dag.py:3096} INFO - Sync 1 DAGs
[2026-08-06T08:19:43.271+0000] {processor.py:183} INFO - Processing /opt/airflow/dags/kafka_batch_to_hdfs_dag.py took 0.120 seconds
[2026-08-06T08:20:13.387+0000] {processor.py:161} INFO - Started process (PID=85) to work on /opt/airflow/dags/kafka_batch_to_hdfs_dag.py
[2026-08-06T08:20:13.388+0000] {processor.py:830} INFO - Processing file /opt/airflow/dags/kafka_batch_to_hdfs_dag.py for tasks to queue
[2026-08-06T08:20:13.392+0000] {logging_mixin.py:188} INFO - [2026-08-06T08:20:13.391+0000] {dagbag.py:545} INFO - Filling up the DagBag from /opt/airflow/dags/kafka_batch_to_hdfs_dag.py
[2026-08-06T08:20:13.413+0000] {processor.py:840} INFO - DAG(s) 'kafka_batch_to_hdfs' retrieved from /opt/airflow/dags/kafka_batch_to_hdfs_dag.py
[2026-08-06T08:20:13.451+0000] {logging_mixin.py:188} INFO - [2026-08-06T08:20:13.450+0000] {dag.py:3096} INFO - Sync 1 DAGs
[2026-08-06T08:20:13.544+0000] {processor.py:183} INFO - Processing /opt/airflow/dags/kafka_batch_to_hdfs_dag.py took 0.162 seconds
[2026-08-06T08:20:43.678+0000] {processor.py:161} INFO - Started process (PID=104) to work on /opt/airflow/dags/kafka_batch_to_hdfs_dag.py
[2026-08-06T08:20:43.679+0000] {processor.py:830} INFO - Processing file /opt/airflow/dags/kafka_batch_to_hdfs_dag.py for tasks to queue
[2026-08-06T08:20:43.683+0000] {logging_mixin.py:188} INFO - [2026-08-06T08:20:43.682+0000] {dagbag.py:545} INFO - Filling up the DagBag from /opt/airflow/dags/kafka_batch_to_hdfs_dag.py
[2026-08-06T08:20:43.703+0000] {processor.py:840} INFO - DAG(s) 'kafka_batch_to_hdfs' retrieved from /opt/airflow/dags/kafka_batch_to_hdfs_dag.py
[2026-08-06T08:20:43.735+0000] {logging_mixin.py:188} INFO - [2026-08-06T08:20:43.734+0000] {dag.py:3096} INFO - Sync 1 DAGs
[2026-08-06T08:20:43.783+0000] {processor.py:183} INFO - Processing /opt/airflow/dags/kafka_batch_to_hdfs_dag.py took 0.111 seconds
[2026-08-06T08:21:13.958+0000] {processor.py:161} INFO - Started process (PID=105) to work on /opt/airflow/dags/kafka_batch_to_hdfs_dag.py
[2026-08-06T08:21:13.959+0000] {processor.py:830} INFO - Processing file /opt/airflow/dags/kafka_batch_to_hdfs_dag.py for tasks to queue
[2026-08-06T08:21:13.962+0000] {logging_mixin.py:188} INFO - [2026-08-06T08:21:13.962+0000] {dagbag.py:545} INFO - Filling up the DagBag from /opt/airflow/dags/kafka_batch_to_hdfs_dag.py
[2026-08-06T08:21:13.982+0000] {processor.py:840} INFO - DAG(s) 'kafka_batch_to_hdfs' retrieved from /opt/airflow/dags/kafka_batch_to_hdfs_dag.py
[2026-08-06T08:21:14.016+0000] {logging_mixin.py:188} INFO - [2026-08-06T08:21:14.016+0000] {dag.py:3096} INFO - Sync 1 DAGs
[2026-08-06T08:21:14.064+0000] {processor.py:183} INFO - Processing /opt/airflow/dags/kafka_batch_to_hdfs_dag.py took 0.113 seconds
[2026-08-06T08:21:40.181+0000] {processor.py:161} INFO - Started process (PID=106) to work on /opt/airflow/dags/kafka_batch_to_hdfs_dag.py
[2026-08-06T08:21:40.183+0000] {processor.py:830} INFO - Processing file /opt/airflow/dags/kafka_batch_to_hdfs_dag.py for tasks to queue
[2026-08-06T08:21:40.189+0000] {logging_mixin.py:188} INFO - [2026-08-06T08:21:40.188+0000] {dagbag.py:545} INFO - Filling up the DagBag from /opt/airflow/dags/kafka_batch_to_hdfs_dag.py
[2026-08-06T08:21:40.243+0000] {processor.py:840} INFO - DAG(s) 'kafka_batch_to_hdfs' retrieved from /opt/airflow/dags/kafka_batch_to_hdfs_dag.py
[2026-08-06T08:21:40.441+0000] {logging_mixin.py:188} INFO - [2026-08-06T08:21:40.441+0000] {dag.py:3096} INFO - Sync 1 DAGs
[2026-08-06T08:21:40.508+0000] {processor.py:183} INFO - Processing /opt/airflow/dags/kafka_batch_to_hdfs_dag.py took 0.334 seconds
[2026-08-06T08:22:10.748+0000] {processor.py:161} INFO - Started process (PID=107) to work on /opt/airflow/dags/kafka_batch_to_hdfs_dag.py
[2026-08-06T08:22:10.750+0000] {processor.py:830} INFO - Processing file /opt/airflow/dags/kafka_batch_to_hdfs_dag.py for tasks to queue
[2026-08-06T08:22:10.753+0000] {logging_mixin.py:188} INFO - [2026-08-06T08:22:10.752+0000] {dagbag.py:545} INFO - Filling up the DagBag from /opt/airflow/dags/kafka_batch_to_hdfs_dag.py
[2026-08-06T08:22:10.772+0000] {processor.py:840} INFO - DAG(s) 'kafka_batch_to_hdfs' retrieved from /opt/airflow/dags/kafka_batch_to_hdfs_dag.py
[2026-08-06T08:22:10.805+0000] {logging_mixin.py:188} INFO - [2026-08-06T08:22:10.805+0000] {dag.py:3096} INFO - Sync 1 DAGs
[2026-08-06T08:22:10.872+0000] {processor.py:183} INFO - Processing /opt/airflow/dags/kafka_batch_to_hdfs_dag.py took 0.130 seconds
[2026-08-06T08:22:40.944+0000] {processor.py:161} INFO - Started process (PID=117) to work on /opt/airflow/dags/kafka_batch_to_hdfs_dag.py
[2026-08-06T08:22:40.945+0000] {processor.py:830} INFO - Processing file /opt/airflow/dags/kafka_batch_to_hdfs_dag.py for tasks to queue
[2026-08-06T08:22:40.948+0000] {logging_mixin.py:188} INFO - [2026-08-06T08:22:40.948+0000] {dagbag.py:545} INFO - Filling up the DagBag from /opt/airflow/dags/kafka_batch_to_hdfs_dag.py
[2026-08-06T08:22:40.969+0000] {processor.py:840} INFO - DAG(s) 'kafka_batch_to_hdfs' retrieved from /opt/airflow/dags/kafka_batch_to_hdfs_dag.py
[2026-08-06T08:22:41.002+0000] {logging_mixin.py:188} INFO - [2026-08-06T08:22:41.002+0000] {dag.py:3096} INFO - Sync 1 DAGs
[2026-08-06T08:22:41.031+0000] {logging_mixin.py:188} INFO - [2026-08-06T08:22:41.031+0000] {dag.py:3954} INFO - Setting next_dagrun for kafka_batch_to_hdfs to 2026-08-06 08:21:00+00:00, run_after=2026-08-06 08:22:00+00:00
[2026-08-06T08:22:41.058+0000] {processor.py:183} INFO - Processing /opt/airflow/dags/kafka_batch_to_hdfs_dag.py took 0.120 seconds
[2026-08-06T08:23:11.253+0000] {processor.py:161} INFO - Started process (PID=127) to work on /opt/airflow/dags/kafka_batch_to_hdfs_dag.py
[2026-08-06T08:23:11.255+0000] {processor.py:830} INFO - Processing file /opt/airflow/dags/kafka_batch_to_hdfs_dag.py for tasks to queue
[2026-08-06T08:23:11.257+0000] {logging_mixin.py:188} INFO - [2026-08-06T08:23:11.257+0000] {dagbag.py:545} INFO - Filling up the DagBag from /opt/airflow/dags/kafka_batch_to_hdfs_dag.py
[2026-08-06T08:23:11.278+0000] {processor.py:840} INFO - DAG(s) 'kafka_batch_to_hdfs' retrieved from /opt/airflow/dags/kafka_batch_to_hdfs_dag.py
[2026-08-06T08:23:11.310+0000] {logging_mixin.py:188} INFO - [2026-08-06T08:23:11.309+0000] {dag.py:3096} INFO - Sync 1 DAGs
[2026-08-06T08:23:11.399+0000] {processor.py:183} INFO - Processing /opt/airflow/dags/kafka_batch_to_hdfs_dag.py took 0.153 seconds
[2026-08-06T08:23:41.534+0000] {processor.py:161} INFO - Started process (PID=128) to work on /opt/airflow/dags/kafka_batch_to_hdfs_dag.py
[2026-08-06T08:23:41.536+0000] {processor.py:830} INFO - Processing file /opt/airflow/dags/kafka_batch_to_hdfs_dag.py for tasks to queue
[2026-08-06T08:23:41.538+0000] {logging_mixin.py:188} INFO - [2026-08-06T08:23:41.538+0000] {dagbag.py:545} INFO - Filling up the DagBag from /opt/airflow/dags/kafka_batch_to_hdfs_dag.py
[2026-08-06T08:23:41.557+0000] {processor.py:840} INFO - DAG(s) 'kafka_batch_to_hdfs' retrieved from /opt/airflow/dags/kafka_batch_to_hdfs_dag.py
[2026-08-06T08:23:41.588+0000] {logging_mixin.py:188} INFO - [2026-08-06T08:23:41.587+0000] {dag.py:3096} INFO - Sync 1 DAGs
[2026-08-06T08:23:41.634+0000] {processor.py:183} INFO - Processing /opt/airflow/dags/kafka_batch_to_hdfs_dag.py took 0.105 seconds
[2026-08-06T08:24:11.783+0000] {processor.py:161} INFO - Started process (PID=129) to work on /opt/airflow/dags/kafka_batch_to_hdfs_dag.py
[2026-08-06T08:24:11.784+0000] {processor.py:830} INFO - Processing file /opt/airflow/dags/kafka_batch_to_hdfs_dag.py for tasks to queue
[2026-08-06T08:24:11.787+0000] {logging_mixin.py:188} INFO - [2026-08-06T08:24:11.787+0000] {dagbag.py:545} INFO - Filling up the DagBag from /opt/airflow/dags/kafka_batch_to_hdfs_dag.py
[2026-08-06T08:24:11.806+0000] {processor.py:840} INFO - DAG(s) 'kafka_batch_to_hdfs' retrieved from /opt/airflow/dags/kafka_batch_to_hdfs_dag.py
[2026-08-06T08:24:11.836+0000] {logging_mixin.py:188} INFO - [2026-08-06T08:24:11.835+0000] {dag.py:3096} INFO - Sync 1 DAGs
[2026-08-06T08:24:11.895+0000] {processor.py:183} INFO - Processing /opt/airflow/dags/kafka_batch_to_hdfs_dag.py took 0.117 seconds
[2026-08-06T08:24:42.003+0000] {processor.py:161} INFO - Started process (PID=130) to work on /opt/airflow/dags/kafka_batch_to_hdfs_dag.py
[2026-08-06T08:24:42.005+0000] {processor.py:830} INFO - Processing file /opt/airflow/dags/kafka_batch_to_hdfs_dag.py for tasks to queue
[2026-08-06T08:24:42.008+0000] {logging_mixin.py:188} INFO - [2026-08-06T08:24:42.008+0000] {dagbag.py:545} INFO - Filling up the DagBag from /opt/airflow/dags/kafka_batch_to_hdfs_dag.py
[2026-08-06T08:24:42.035+0000] {processor.py:840} INFO - DAG(s) 'kafka_batch_to_hdfs' retrieved from /opt/airflow/dags/kafka_batch_to_hdfs_dag.py
[2026-08-06T08:24:42.068+0000] {logging_mixin.py:188} INFO - [2026-08-06T08:24:42.067+0000] {dag.py:3096} INFO - Sync 1 DAGs
[2026-08-06T08:24:42.115+0000] {processor.py:183} INFO - Processing /opt/airflow/dags/kafka_batch_to_hdfs_dag.py took 0.120 seconds
[2026-08-06T08:25:12.259+0000] {processor.py:161} INFO - Started process (PID=149) to work on /opt/airflow/dags/kafka_batch_to_hdfs_dag.py
[2026-08-06T08:25:12.262+0000] {processor.py:830} INFO - Processing file /opt/airflow/dags/kafka_batch_to_hdfs_dag.py for tasks to queue
[2026-08-06T08:25:12.266+0000] {logging_mixin.py:188} INFO - [2026-08-06T08:25:12.266+0000] {dagbag.py:545} INFO - Filling up the DagBag from /opt/airflow/dags/kafka_batch_to_hdfs_dag.py
[2026-08-06T08:25:12.299+0000] {processor.py:840} INFO - DAG(s) 'kafka_batch_to_hdfs' retrieved from /opt/airflow/dags/kafka_batch_to_hdfs_dag.py
[2026-08-06T08:25:12.336+0000] {logging_mixin.py:188} INFO - [2026-08-06T08:25:12.336+0000] {dag.py:3096} INFO - Sync 1 DAGs
[2026-08-06T08:25:12.403+0000] {processor.py:183} INFO - Processing /opt/airflow/dags/kafka_batch_to_hdfs_dag.py took 0.151 seconds
[2026-08-06T08:25:42.517+0000] {processor.py:161} INFO - Started process (PID=150) to work on /opt/airflow/dags/kafka_batch_to_hdfs_dag.py
[2026-08-06T08:25:42.518+0000] {processor.py:830} INFO - Processing file /opt/airflow/dags/kafka_batch_to_hdfs_dag.py for tasks to queue
[2026-08-06T08:25:42.522+0000] {logging_mixin.py:188} INFO - [2026-08-06T08:25:42.522+0000] {dagbag.py:545} INFO - Filling up the DagBag from /opt/airflow/dags/kafka_batch_to_hdfs_dag.py
[2026-08-06T08:25:42.546+0000] {processor.py:840} INFO - DAG(s) 'kafka_batch_to_hdfs' retrieved from /opt/airflow/dags/kafka_batch_to_hdfs_dag.py
[2026-08-06T08:25:42.581+0000] {logging_mixin.py:188} INFO - [2026-08-06T08:25:42.581+0000] {dag.py:3096} INFO - Sync 1 DAGs
[2026-08-06T08:25:42.634+0000] {processor.py:183} INFO - Processing /opt/airflow/dags/kafka_batch_to_hdfs_dag.py took 0.122 seconds
[2026-08-06T08:26:12.814+0000] {processor.py:161} INFO - Started process (PID=151) to work on /opt/airflow/dags/kafka_batch_to_hdfs_dag.py
[2026-08-06T08:26:12.816+0000] {processor.py:830} INFO - Processing file /opt/airflow/dags/kafka_batch_to_hdfs_dag.py for tasks to queue
[2026-08-06T08:26:12.818+0000] {logging_mixin.py:188} INFO - [2026-08-06T08:26:12.818+0000] {dagbag.py:545} INFO - Filling up the DagBag from /opt/airflow/dags/kafka_batch_to_hdfs_dag.py
[2026-08-06T08:26:12.839+0000] {processor.py:840} INFO - DAG(s) 'kafka_batch_to_hdfs' retrieved from /opt/airflow/dags/kafka_batch_to_hdfs_dag.py
[2026-08-06T08:26:12.867+0000] {logging_mixin.py:188} INFO - [2026-08-06T08:26:12.867+0000] {dag.py:3096} INFO - Sync 1 DAGs
[2026-08-06T08:26:12.914+0000] {processor.py:183} INFO - Processing /opt/airflow/dags/kafka_batch_to_hdfs_dag.py took 0.104 seconds
[2026-08-06T08:26:43.057+0000] {processor.py:161} INFO - Started process (PID=152) to work on /opt/airflow/dags/kafka_batch_to_hdfs_dag.py
[2026-08-06T08:26:43.058+0000] {processor.py:830} INFO - Processing file /opt/airflow/dags/kafka_batch_to_hdfs_dag.py for tasks to queue
[2026-08-06T08:26:43.060+0000] {logging_mixin.py:188} INFO - [2026-08-06T08:26:43.060+0000] {dagbag.py:545} INFO - Filling up the DagBag from /opt/airflow/dags/kafka_batch_to_hdfs_dag.py
[2026-08-06T08:26:43.080+0000] {processor.py:840} INFO - DAG(s) 'kafka_batch_to_hdfs' retrieved from /opt/airflow/dags/kafka_batch_to_hdfs_dag.py
[2026-08-06T08:26:43.108+0000] {logging_mixin.py:188} INFO - [2026-08-06T08:26:43.108+0000] {dag.py:3096} INFO - Sync 1 DAGs
[2026-08-06T08:26:43.152+0000] {processor.py:183} INFO - Processing /opt/airflow/dags/kafka_batch_to_hdfs_dag.py took 0.101 seconds
[2026-08-06T08:27:13.274+0000] {processor.py:161} INFO - Started process (PID=171) to work on /opt/airflow/dags/kafka_batch_to_hdfs_dag.py
[2026-08-06T08:27:13.275+0000] {processor.py:830} INFO - Processing file /opt/airflow/dags/kafka_batch_to_hdfs_dag.py for tasks to queue
[2026-08-06T08:27:13.278+0000] {logging_mixin.py:188} INFO - [2026-08-06T08:27:13.278+0000] {dagbag.py:545} INFO - Filling up the DagBag from /opt/airflow/dags/kafka_batch_to_hdfs_dag.py
[2026-08-06T08:27:13.299+0000] {processor.py:840} INFO - DAG(s) 'kafka_batch_to_hdfs' retrieved from /opt/airflow/dags/kafka_batch_to_hdfs_dag.py
[2026-08-06T08:27:13.335+0000] {logging_mixin.py:188} INFO - [2026-08-06T08:27:13.334+0000] {dag.py:3096} INFO - Sync 1 DAGs
[2026-08-06T08:27:13.397+0000] {processor.py:183} INFO - Processing /opt/airflow/dags/kafka_batch_to_hdfs_dag.py took 0.129 seconds
[2026-08-06T08:27:43.545+0000] {processor.py:161} INFO - Started process (PID=172) to work on /opt/airflow/dags/kafka_batch_to_hdfs_dag.py
[2026-08-06T08:27:43.546+0000] {processor.py:830} INFO - Processing file /opt/airflow/dags/kafka_batch_to_hdfs_dag.py for tasks to queue
[2026-08-06T08:27:43.549+0000] {logging_mixin.py:188} INFO - [2026-08-06T08:27:43.549+0000] {dagbag.py:545} INFO - Filling up the DagBag from /opt/airflow/dags/kafka_batch_to_hdfs_dag.py
[2026-08-06T08:27:43.569+0000] {processor.py:840} INFO - DAG(s) 'kafka_batch_to_hdfs' retrieved from /opt/airflow/dags/kafka_batch_to_hdfs_dag.py
[2026-08-06T08:27:43.600+0000] {logging_mixin.py:188} INFO - [2026-08-06T08:27:43.600+0000] {dag.py:3096} INFO - Sync 1 DAGs
[2026-08-06T08:27:43.670+0000] {processor.py:183} INFO - Processing /opt/airflow/dags/kafka_batch_to_hdfs_dag.py took 0.131 seconds
[2026-08-06T08:28:13.779+0000] {processor.py:161} INFO - Started process (PID=173) to work on /opt/airflow/dags/kafka_batch_to_hdfs_dag.py
[2026-08-06T08:28:13.780+0000] {processor.py:830} INFO - Processing file /opt/airflow/dags/kafka_batch_to_hdfs_dag.py for tasks to queue
[2026-08-06T08:28:13.782+0000] {logging_mixin.py:188} INFO - [2026-08-06T08:28:13.782+0000] {dagbag.py:545} INFO - Filling up the DagBag from /opt/airflow/dags/kafka_batch_to_hdfs_dag.py
[2026-08-06T08:28:13.803+0000] {processor.py:840} INFO - DAG(s) 'kafka_batch_to_hdfs' retrieved from /opt/airflow/dags/kafka_batch_to_hdfs_dag.py
[2026-08-06T08:28:13.835+0000] {logging_mixin.py:188} INFO - [2026-08-06T08:28:13.835+0000] {dag.py:3096} INFO - Sync 1 DAGs
[2026-08-06T08:28:13.884+0000] {processor.py:183} INFO - Processing /opt/airflow/dags/kafka_batch_to_hdfs_dag.py took 0.111 seconds
[2026-08-06T08:28:44.120+0000] {processor.py:161} INFO - Started process (PID=174) to work on /opt/airflow/dags/kafka_batch_to_hdfs_dag.py
[2026-08-06T08:28:44.122+0000] {processor.py:830} INFO - Processing file /opt/airflow/dags/kafka_batch_to_hdfs_dag.py for tasks to queue
[2026-08-06T08:28:44.126+0000] {logging_mixin.py:188} INFO - [2026-08-06T08:28:44.126+0000] {dagbag.py:545} INFO - Filling up the DagBag from /opt/airflow/dags/kafka_batch_to_hdfs_dag.py
[2026-08-06T08:28:44.152+0000] {processor.py:840} INFO - DAG(s) 'kafka_batch_to_hdfs' retrieved from /opt/airflow/dags/kafka_batch_to_hdfs_dag.py
[2026-08-06T08:28:44.194+0000] {logging_mixin.py:188} INFO - [2026-08-06T08:28:44.193+0000] {dag.py:3096} INFO - Sync 1 DAGs
[2026-08-06T08:28:44.255+0000] {processor.py:183} INFO - Processing /opt/airflow/dags/kafka_batch_to_hdfs_dag.py took 0.142 seconds
[2026-08-06T08:29:14.380+0000] {processor.py:161} INFO - Started process (PID=193) to work on /opt/airflow/dags/kafka_batch_to_hdfs_dag.py
[2026-08-06T08:29:14.381+0000] {processor.py:830} INFO - Processing file /opt/airflow/dags/kafka_batch_to_hdfs_dag.py for tasks to queue
[2026-08-06T08:29:14.384+0000] {logging_mixin.py:188} INFO - [2026-08-06T08:29:14.383+0000] {dagbag.py:545} INFO - Filling up the DagBag from /opt/airflow/dags/kafka_batch_to_hdfs_dag.py
[2026-08-06T08:29:14.403+0000] {processor.py:840} INFO - DAG(s) 'kafka_batch_to_hdfs' retrieved from /opt/airflow/dags/kafka_batch_to_hdfs_dag.py
[2026-08-06T08:29:14.435+0000] {logging_mixin.py:188} INFO - [2026-08-06T08:29:14.434+0000] {dag.py:3096} INFO - Sync 1 DAGs
[2026-08-06T08:29:14.497+0000] {processor.py:183} INFO - Processing /opt/airflow/dags/kafka_batch_to_hdfs_dag.py took 0.123 seconds
[2026-08-06T08:29:44.625+0000] {processor.py:161} INFO - Started process (PID=194) to work on /opt/airflow/dags/kafka_batch_to_hdfs_dag.py
[2026-08-06T08:29:44.626+0000] {processor.py:830} INFO - Processing file /opt/airflow/dags/kafka_batch_to_hdfs_dag.py for tasks to queue
[2026-08-06T08:29:44.629+0000] {logging_mixin.py:188} INFO - [2026-08-06T08:29:44.629+0000] {dagbag.py:545} INFO - Filling up the DagBag from /opt/airflow/dags/kafka_batch_to_hdfs_dag.py
[2026-08-06T08:29:44.648+0000] {processor.py:840} INFO - DAG(s) 'kafka_batch_to_hdfs' retrieved from /opt/airflow/dags/kafka_batch_to_hdfs_dag.py
[2026-08-06T08:29:44.681+0000] {logging_mixin.py:188} INFO - [2026-08-06T08:29:44.681+0000] {dag.py:3096} INFO - Sync 1 DAGs
[2026-08-06T08:29:44.732+0000] {processor.py:183} INFO - Processing /opt/airflow/dags/kafka_batch_to_hdfs_dag.py took 0.113 seconds
[2026-08-06T08:30:14.868+0000] {processor.py:161} INFO - Started process (PID=195) to work on /opt/airflow/dags/kafka_batch_to_hdfs_dag.py
[2026-08-06T08:30:14.869+0000] {processor.py:830} INFO - Processing file /opt/airflow/dags/kafka_batch_to_hdfs_dag.py for tasks to queue
[2026-08-06T08:30:14.873+0000] {logging_mixin.py:188} INFO - [2026-08-06T08:30:14.872+0000] {dagbag.py:545} INFO - Filling up the DagBag from /opt/airflow/dags/kafka_batch_to_hdfs_dag.py
[2026-08-06T08:30:14.916+0000] {processor.py:840} INFO - DAG(s) 'kafka_batch_to_hdfs' retrieved from /opt/airflow/dags/kafka_batch_to_hdfs_dag.py
[2026-08-06T08:30:14.955+0000] {logging_mixin.py:188} INFO - [2026-08-06T08:30:14.955+0000] {dag.py:3096} INFO - Sync 1 DAGs
[2026-08-06T08:30:15.004+0000] {processor.py:183} INFO - Processing /opt/airflow/dags/kafka_batch_to_hdfs_dag.py took 0.144 seconds
[2026-08-06T08:30:45.131+0000] {processor.py:161} INFO - Started process (PID=196) to work on /opt/airflow/dags/kafka_batch_to_hdfs_dag.py
[2026-08-06T08:30:45.133+0000] {processor.py:830} INFO - Processing file /opt/airflow/dags/kafka_batch_to_hdfs_dag.py for tasks to queue
[2026-08-06T08:30:45.136+0000] {logging_mixin.py:188} INFO - [2026-08-06T08:30:45.135+0000] {dagbag.py:545} INFO - Filling up the DagBag from /opt/airflow/dags/kafka_batch_to_hdfs_dag.py
[2026-08-06T08:30:45.155+0000] {processor.py:840} INFO - DAG(s) 'kafka_batch_to_hdfs' retrieved from /opt/airflow/dags/kafka_batch_to_hdfs_dag.py
[2026-08-06T08:30:45.270+0000] {logging_mixin.py:188} INFO - [2026-08-06T08:30:45.270+0000] {dag.py:3096} INFO - Sync 1 DAGs
[2026-08-06T08:30:45.377+0000] {processor.py:183} INFO - Processing /opt/airflow/dags/kafka_batch_to_hdfs_dag.py took 0.252 seconds
[2026-08-06T08:31:15.512+0000] {processor.py:161} INFO - Started process (PID=215) to work on /opt/airflow/dags/kafka_batch_to_hdfs_dag.py
[2026-08-06T08:31:15.513+0000] {processor.py:830} INFO - Processing file /opt/airflow/dags/kafka_batch_to_hdfs_dag.py for tasks to queue
[2026-08-06T08:31:15.516+0000] {logging_mixin.py:188} INFO - [2026-08-06T08:31:15.516+0000] {dagbag.py:545} INFO - Filling up the DagBag from /opt/airflow/dags/kafka_batch_to_hdfs_dag.py
[2026-08-06T08:31:15.538+0000] {processor.py:840} INFO - DAG(s) 'kafka_batch_to_hdfs' retrieved from /opt/airflow/dags/kafka_batch_to_hdfs_dag.py
[2026-08-06T08:31:15.571+0000] {logging_mixin.py:188} INFO - [2026-08-06T08:31:15.571+0000] {dag.py:3096} INFO - Sync 1 DAGs
[2026-08-06T08:31:15.621+0000] {processor.py:183} INFO - Processing /opt/airflow/dags/kafka_batch_to_hdfs_dag.py took 0.116 seconds
[2026-08-06T08:31:45.802+0000] {processor.py:161} INFO - Started process (PID=216) to work on /opt/airflow/dags/kafka_batch_to_hdfs_dag.py
[2026-08-06T08:31:45.803+0000] {processor.py:830} INFO - Processing file /opt/airflow/dags/kafka_batch_to_hdfs_dag.py for tasks to queue
[2026-08-06T08:31:45.806+0000] {logging_mixin.py:188} INFO - [2026-08-06T08:31:45.806+0000] {dagbag.py:545} INFO - Filling up the DagBag from /opt/airflow/dags/kafka_batch_to_hdfs_dag.py
[2026-08-06T08:31:45.825+0000] {processor.py:840} INFO - DAG(s) 'kafka_batch_to_hdfs' retrieved from /opt/airflow/dags/kafka_batch_to_hdfs_dag.py
[2026-08-06T08:31:45.863+0000] {logging_mixin.py:188} INFO - [2026-08-06T08:31:45.863+0000] {dag.py:3096} INFO - Sync 1 DAGs
[2026-08-06T08:31:45.909+0000] {processor.py:183} INFO - Processing /opt/airflow/dags/kafka_batch_to_hdfs_dag.py took 0.113 seconds
[2026-08-06T08:32:16.058+0000] {processor.py:161} INFO - Started process (PID=217) to work on /opt/airflow/dags/kafka_batch_to_hdfs_dag.py
[2026-08-06T08:32:16.061+0000] {processor.py:830} INFO - Processing file /opt/airflow/dags/kafka_batch_to_hdfs_dag.py for tasks to queue
[2026-08-06T08:32:16.066+0000] {logging_mixin.py:188} INFO - [2026-08-06T08:32:16.065+0000] {dagbag.py:545} INFO - Filling up the DagBag from /opt/airflow/dags/kafka_batch_to_hdfs_dag.py
[2026-08-06T08:32:16.108+0000] {processor.py:840} INFO - DAG(s) 'kafka_batch_to_hdfs' retrieved from /opt/airflow/dags/kafka_batch_to_hdfs_dag.py
[2026-08-06T08:32:16.156+0000] {logging_mixin.py:188} INFO - [2026-08-06T08:32:16.156+0000] {dag.py:3096} INFO - Sync 1 DAGs
[2026-08-06T08:32:16.222+0000] {processor.py:183} INFO - Processing /opt/airflow/dags/kafka_batch_to_hdfs_dag.py took 0.170 seconds
[2026-08-06T08:32:46.273+0000] {processor.py:161} INFO - Started process (PID=218) to work on /opt/airflow/dags/kafka_batch_to_hdfs_dag.py
[2026-08-06T08:32:46.275+0000] {processor.py:830} INFO - Processing file /opt/airflow/dags/kafka_batch_to_hdfs_dag.py for tasks to queue
[2026-08-06T08:32:46.279+0000] {logging_mixin.py:188} INFO - [2026-08-06T08:32:46.278+0000] {dagbag.py:545} INFO - Filling up the DagBag from /opt/airflow/dags/kafka_batch_to_hdfs_dag.py
[2026-08-06T08:32:46.312+0000] {processor.py:840} INFO - DAG(s) 'kafka_batch_to_hdfs' retrieved from /opt/airflow/dags/kafka_batch_to_hdfs_dag.py
[2026-08-06T08:32:46.352+0000] {logging_mixin.py:188} INFO - [2026-08-06T08:32:46.352+0000] {dag.py:3096} INFO - Sync 1 DAGs
[2026-08-06T08:32:46.402+0000] {processor.py:183} INFO - Processing /opt/airflow/dags/kafka_batch_to_hdfs_dag.py took 0.135 seconds
[2026-08-06T08:33:16.580+0000] {processor.py:161} INFO - Started process (PID=229) to work on /opt/airflow/dags/kafka_batch_to_hdfs_dag.py
[2026-08-06T08:33:16.582+0000] {processor.py:830} INFO - Processing file /opt/airflow/dags/kafka_batch_to_hdfs_dag.py for tasks to queue
[2026-08-06T08:33:16.586+0000] {logging_mixin.py:188} INFO - [2026-08-06T08:33:16.586+0000] {dagbag.py:545} INFO - Filling up the DagBag from /opt/airflow/dags/kafka_batch_to_hdfs_dag.py
[2026-08-06T08:33:16.606+0000] {processor.py:840} INFO - DAG(s) 'kafka_batch_to_hdfs' retrieved from /opt/airflow/dags/kafka_batch_to_hdfs_dag.py
[2026-08-06T08:33:16.642+0000] {logging_mixin.py:188} INFO - [2026-08-06T08:33:16.642+0000] {dag.py:3096} INFO - Sync 1 DAGs
[2026-08-06T08:33:16.695+0000] {processor.py:183} INFO - Processing /opt/airflow/dags/kafka_batch_to_hdfs_dag.py took 0.122 seconds
[2026-08-06T08:33:46.764+0000] {processor.py:161} INFO - Started process (PID=238) to work on /opt/airflow/dags/kafka_batch_to_hdfs_dag.py
[2026-08-06T08:33:46.766+0000] {processor.py:830} INFO - Processing file /opt/airflow/dags/kafka_batch_to_hdfs_dag.py for tasks to queue
[2026-08-06T08:33:46.768+0000] {logging_mixin.py:188} INFO - [2026-08-06T08:33:46.768+0000] {dagbag.py:545} INFO - Filling up the DagBag from /opt/airflow/dags/kafka_batch_to_hdfs_dag.py
[2026-08-06T08:33:46.788+0000] {processor.py:840} INFO - DAG(s) 'kafka_batch_to_hdfs' retrieved from /opt/airflow/dags/kafka_batch_to_hdfs_dag.py
[2026-08-06T08:33:46.820+0000] {logging_mixin.py:188} INFO - [2026-08-06T08:33:46.819+0000] {dag.py:3096} INFO - Sync 1 DAGs
[2026-08-06T08:33:46.868+0000] {processor.py:183} INFO - Processing /opt/airflow/dags/kafka_batch_to_hdfs_dag.py took 0.111 seconds
[2026-08-06T08:34:33.082+0000] {processor.py:161} INFO - Started process (PID=51) to work on /opt/airflow/dags/kafka_batch_to_hdfs_dag.py
[2026-08-06T08:34:33.084+0000] {processor.py:830} INFO - Processing file /opt/airflow/dags/kafka_batch_to_hdfs_dag.py for tasks to queue
[2026-08-06T08:34:33.088+0000] {logging_mixin.py:188} INFO - [2026-08-06T08:34:33.087+0000] {dagbag.py:545} INFO - Filling up the DagBag from /opt/airflow/dags/kafka_batch_to_hdfs_dag.py
[2026-08-06T08:34:33.116+0000] {processor.py:840} INFO - DAG(s) 'kafka_batch_to_hdfs' retrieved from /opt/airflow/dags/kafka_batch_to_hdfs_dag.py
[2026-08-06T08:34:33.152+0000] {logging_mixin.py:188} INFO - [2026-08-06T08:34:33.152+0000] {dag.py:3096} INFO - Sync 1 DAGs
[2026-08-06T08:34:33.258+0000] {processor.py:183} INFO - Processing /opt/airflow/dags/kafka_batch_to_hdfs_dag.py took 0.185 seconds
[2026-08-06T08:35:03.317+0000] {processor.py:161} INFO - Started process (PID=60) to work on /opt/airflow/dags/kafka_batch_to_hdfs_dag.py
[2026-08-06T08:35:03.319+0000] {processor.py:830} INFO - Processing file /opt/airflow/dags/kafka_batch_to_hdfs_dag.py for tasks to queue
[2026-08-06T08:35:03.322+0000] {logging_mixin.py:188} INFO - [2026-08-06T08:35:03.322+0000] {dagbag.py:545} INFO - Filling up the DagBag from /opt/airflow/dags/kafka_batch_to_hdfs_dag.py
[2026-08-06T08:35:03.345+0000] {processor.py:840} INFO - DAG(s) 'kafka_batch_to_hdfs' retrieved from /opt/airflow/dags/kafka_batch_to_hdfs_dag.py
[2026-08-06T08:35:03.466+0000] {logging_mixin.py:188} INFO - [2026-08-06T08:35:03.465+0000] {dag.py:3096} INFO - Sync 1 DAGs
[2026-08-06T08:35:03.517+0000] {processor.py:183} INFO - Processing /opt/airflow/dags/kafka_batch_to_hdfs_dag.py took 0.209 seconds
[2026-08-06T08:35:33.685+0000] {processor.py:161} INFO - Started process (PID=79) to work on /opt/airflow/dags/kafka_batch_to_hdfs_dag.py
[2026-08-06T08:35:33.686+0000] {processor.py:830} INFO - Processing file /opt/airflow/dags/kafka_batch_to_hdfs_dag.py for tasks to queue
[2026-08-06T08:35:33.689+0000] {logging_mixin.py:188} INFO - [2026-08-06T08:35:33.689+0000] {dagbag.py:545} INFO - Filling up the DagBag from /opt/airflow/dags/kafka_batch_to_hdfs_dag.py
[2026-08-06T08:35:33.718+0000] {processor.py:840} INFO - DAG(s) 'kafka_batch_to_hdfs' retrieved from /opt/airflow/dags/kafka_batch_to_hdfs_dag.py
[2026-08-06T08:35:33.754+0000] {logging_mixin.py:188} INFO - [2026-08-06T08:35:33.753+0000] {dag.py:3096} INFO - Sync 1 DAGs
[2026-08-06T08:35:33.806+0000] {processor.py:183} INFO - Processing /opt/airflow/dags/kafka_batch_to_hdfs_dag.py took 0.127 seconds
[2026-08-06T08:36:04.004+0000] {processor.py:161} INFO - Started process (PID=80) to work on /opt/airflow/dags/kafka_batch_to_hdfs_dag.py
[2026-08-06T08:36:04.005+0000] {processor.py:830} INFO - Processing file /opt/airflow/dags/kafka_batch_to_hdfs_dag.py for tasks to queue
[2026-08-06T08:36:04.008+0000] {logging_mixin.py:188} INFO - [2026-08-06T08:36:04.008+0000] {dagbag.py:545} INFO - Filling up the DagBag from /opt/airflow/dags/kafka_batch_to_hdfs_dag.py
[2026-08-06T08:36:04.026+0000] {processor.py:840} INFO - DAG(s) 'kafka_batch_to_hdfs' retrieved from /opt/airflow/dags/kafka_batch_to_hdfs_dag.py
[2026-08-06T08:36:04.056+0000] {logging_mixin.py:188} INFO - [2026-08-06T08:36:04.055+0000] {dag.py:3096} INFO - Sync 1 DAGs
[2026-08-06T08:36:04.125+0000] {processor.py:183} INFO - Processing /opt/airflow/dags/kafka_batch_to_hdfs_dag.py took 0.126 seconds
[2026-08-06T08:36:34.210+0000] {processor.py:161} INFO - Started process (PID=81) to work on /opt/airflow/dags/kafka_batch_to_hdfs_dag.py
[2026-08-06T08:36:34.212+0000] {processor.py:830} INFO - Processing file /opt/airflow/dags/kafka_batch_to_hdfs_dag.py for tasks to queue
[2026-08-06T08:36:34.216+0000] {logging_mixin.py:188} INFO - [2026-08-06T08:36:34.216+0000] {dagbag.py:545} INFO - Filling up the DagBag from /opt/airflow/dags/kafka_batch_to_hdfs_dag.py
[2026-08-06T08:36:34.242+0000] {processor.py:840} INFO - DAG(s) 'kafka_batch_to_hdfs' retrieved from /opt/airflow/dags/kafka_batch_to_hdfs_dag.py
[2026-08-06T08:36:34.289+0000] {logging_mixin.py:188} INFO - [2026-08-06T08:36:34.289+0000] {dag.py:3096} INFO - Sync 1 DAGs
[2026-08-06T08:36:34.351+0000] {processor.py:183} INFO - Processing /opt/airflow/dags/kafka_batch_to_hdfs_dag.py took 0.149 seconds
[2026-08-06T08:37:04.522+0000] {processor.py:161} INFO - Started process (PID=82) to work on /opt/airflow/dags/kafka_batch_to_hdfs_dag.py
[2026-08-06T08:37:04.523+0000] {processor.py:830} INFO - Processing file /opt/airflow/dags/kafka_batch_to_hdfs_dag.py for tasks to queue
[2026-08-06T08:37:04.527+0000] {logging_mixin.py:188} INFO - [2026-08-06T08:37:04.526+0000] {dagbag.py:545} INFO - Filling up the DagBag from /opt/airflow/dags/kafka_batch_to_hdfs_dag.py
[2026-08-06T08:37:04.553+0000] {processor.py:840} INFO - DAG(s) 'kafka_batch_to_hdfs' retrieved from /opt/airflow/dags/kafka_batch_to_hdfs_dag.py
[2026-08-06T08:37:04.614+0000] {logging_mixin.py:188} INFO - [2026-08-06T08:37:04.613+0000] {dag.py:3096} INFO - Sync 1 DAGs
[2026-08-06T08:37:04.674+0000] {processor.py:183} INFO - Processing /opt/airflow/dags/kafka_batch_to_hdfs_dag.py took 0.159 seconds
[2026-08-06T08:37:34.735+0000] {processor.py:161} INFO - Started process (PID=101) to work on /opt/airflow/dags/kafka_batch_to_hdfs_dag.py
[2026-08-06T08:37:34.736+0000] {processor.py:830} INFO - Processing file /opt/airflow/dags/kafka_batch_to_hdfs_dag.py for tasks to queue
[2026-08-06T08:37:34.740+0000] {logging_mixin.py:188} INFO - [2026-08-06T08:37:34.739+0000] {dagbag.py:545} INFO - Filling up the DagBag from /opt/airflow/dags/kafka_batch_to_hdfs_dag.py
[2026-08-06T08:37:34.769+0000] {processor.py:840} INFO - DAG(s) 'kafka_batch_to_hdfs' retrieved from /opt/airflow/dags/kafka_batch_to_hdfs_dag.py
[2026-08-06T08:37:34.821+0000] {logging_mixin.py:188} INFO - [2026-08-06T08:37:34.821+0000] {dag.py:3096} INFO - Sync 1 DAGs
[2026-08-06T08:37:34.872+0000] {processor.py:183} INFO - Processing /opt/airflow/dags/kafka_batch_to_hdfs_dag.py took 0.143 seconds
[2026-08-06T08:38:05.076+0000] {processor.py:161} INFO - Started process (PID=102) to work on /opt/airflow/dags/kafka_batch_to_hdfs_dag.py
[2026-08-06T08:38:05.078+0000] {processor.py:830} INFO - Processing file /opt/airflow/dags/kafka_batch_to_hdfs_dag.py for tasks to queue
[2026-08-06T08:38:05.080+0000] {logging_mixin.py:188} INFO - [2026-08-06T08:38:05.080+0000] {dagbag.py:545} INFO - Filling up the DagBag from /opt/airflow/dags/kafka_batch_to_hdfs_dag.py
[2026-08-06T08:38:05.101+0000] {processor.py:840} INFO - DAG(s) 'kafka_batch_to_hdfs' retrieved from /opt/airflow/dags/kafka_batch_to_hdfs_dag.py
[2026-08-06T08:38:05.131+0000] {logging_mixin.py:188} INFO - [2026-08-06T08:38:05.131+0000] {dag.py:3096} INFO - Sync 1 DAGs
[2026-08-06T08:38:05.178+0000] {processor.py:183} INFO - Processing /opt/airflow/dags/kafka_batch_to_hdfs_dag.py took 0.107 seconds
[2026-08-06T08:38:35.277+0000] {processor.py:161} INFO - Started process (PID=103) to work on /opt/airflow/dags/kafka_batch_to_hdfs_dag.py
[2026-08-06T08:38:35.278+0000] {processor.py:830} INFO - Processing file /opt/airflow/dags/kafka_batch_to_hdfs_dag.py for tasks to queue
[2026-08-06T08:38:35.280+0000] {logging_mixin.py:188} INFO - [2026-08-06T08:38:35.280+0000] {dagbag.py:545} INFO - Filling up the DagBag from /opt/airflow/dags/kafka_batch_to_hdfs_dag.py
[2026-08-06T08:38:35.299+0000] {processor.py:840} INFO - DAG(s) 'kafka_batch_to_hdfs' retrieved from /opt/airflow/dags/kafka_batch_to_hdfs_dag.py
[2026-08-06T08:38:35.329+0000] {logging_mixin.py:188} INFO - [2026-08-06T08:38:35.329+0000] {dag.py:3096} INFO - Sync 1 DAGs
[2026-08-06T08:38:35.378+0000] {processor.py:183} INFO - Processing /opt/airflow/dags/kafka_batch_to_hdfs_dag.py took 0.107 seconds
[2026-08-06T08:39:05.558+0000] {processor.py:161} INFO - Started process (PID=104) to work on /opt/airflow/dags/kafka_batch_to_hdfs_dag.py
[2026-08-06T08:39:05.559+0000] {processor.py:830} INFO - Processing file /opt/airflow/dags/kafka_batch_to_hdfs_dag.py for tasks to queue
[2026-08-06T08:39:05.562+0000] {logging_mixin.py:188} INFO - [2026-08-06T08:39:05.561+0000] {dagbag.py:545} INFO - Filling up the DagBag from /opt/airflow/dags/kafka_batch_to_hdfs_dag.py
[2026-08-06T08:39:05.583+0000] {processor.py:840} INFO - DAG(s) 'kafka_batch_to_hdfs' retrieved from /opt/airflow/dags/kafka_batch_to_hdfs_dag.py
[2026-08-06T08:39:05.613+0000] {logging_mixin.py:188} INFO - [2026-08-06T08:39:05.613+0000] {dag.py:3096} INFO - Sync 1 DAGs
[2026-08-06T08:39:05.673+0000] {processor.py:183} INFO - Processing /opt/airflow/dags/kafka_batch_to_hdfs_dag.py took 0.121 seconds
[2026-08-06T08:39:35.774+0000] {processor.py:161} INFO - Started process (PID=113) to work on /opt/airflow/dags/kafka_batch_to_hdfs_dag.py
[2026-08-06T08:39:35.775+0000] {processor.py:830} INFO - Processing file /opt/airflow/dags/kafka_batch_to_hdfs_dag.py for tasks to queue
[2026-08-06T08:39:35.778+0000] {logging_mixin.py:188} INFO - [2026-08-06T08:39:35.778+0000] {dagbag.py:545} INFO - Filling up the DagBag from /opt/airflow/dags/kafka_batch_to_hdfs_dag.py
[2026-08-06T08:39:35.798+0000] {processor.py:840} INFO - DAG(s) 'kafka_batch_to_hdfs' retrieved from /opt/airflow/dags/kafka_batch_to_hdfs_dag.py
[2026-08-06T08:39:35.836+0000] {logging_mixin.py:188} INFO - [2026-08-06T08:39:35.836+0000] {dag.py:3096} INFO - Sync 1 DAGs
[2026-08-06T08:39:35.884+0000] {processor.py:183} INFO - Processing /opt/airflow/dags/kafka_batch_to_hdfs_dag.py took 0.115 seconds
[2026-08-06T08:40:06.053+0000] {processor.py:161} INFO - Started process (PID=124) to work on /opt/airflow/dags/kafka_batch_to_hdfs_dag.py
[2026-08-06T08:40:06.055+0000] {processor.py:830} INFO - Processing file /opt/airflow/dags/kafka_batch_to_hdfs_dag.py for tasks to queue
[2026-08-06T08:40:06.058+0000] {logging_mixin.py:188} INFO - [2026-08-06T08:40:06.058+0000] {dagbag.py:545} INFO - Filling up the DagBag from /opt/airflow/dags/kafka_batch_to_hdfs_dag.py
[2026-08-06T08:40:06.079+0000] {processor.py:840} INFO - DAG(s) 'kafka_batch_to_hdfs' retrieved from /opt/airflow/dags/kafka_batch_to_hdfs_dag.py
[2026-08-06T08:40:06.112+0000] {logging_mixin.py:188} INFO - [2026-08-06T08:40:06.112+0000] {dag.py:3096} INFO - Sync 1 DAGs
[2026-08-06T08:40:06.165+0000] {processor.py:183} INFO - Processing /opt/airflow/dags/kafka_batch_to_hdfs_dag.py took 0.118 seconds
[2026-08-06T08:40:36.255+0000] {processor.py:161} INFO - Started process (PID=125) to work on /opt/airflow/dags/kafka_batch_to_hdfs_dag.py
[2026-08-06T08:40:36.257+0000] {processor.py:830} INFO - Processing file /opt/airflow/dags/kafka_batch_to_hdfs_dag.py for tasks to queue
[2026-08-06T08:40:36.259+0000] {logging_mixin.py:188} INFO - [2026-08-06T08:40:36.259+0000] {dagbag.py:545} INFO - Filling up the DagBag from /opt/airflow/dags/kafka_batch_to_hdfs_dag.py
[2026-08-06T08:40:36.277+0000] {processor.py:840} INFO - DAG(s) 'kafka_batch_to_hdfs' retrieved from /opt/airflow/dags/kafka_batch_to_hdfs_dag.py
[2026-08-06T08:40:36.310+0000] {logging_mixin.py:188} INFO - [2026-08-06T08:40:36.310+0000] {dag.py:3096} INFO - Sync 1 DAGs
[2026-08-06T08:40:36.382+0000] {processor.py:183} INFO - Processing /opt/airflow/dags/kafka_batch_to_hdfs_dag.py took 0.133 seconds
[2026-08-06T08:41:06.593+0000] {processor.py:161} INFO - Started process (PID=126) to work on /opt/airflow/dags/kafka_batch_to_hdfs_dag.py
[2026-08-06T08:41:06.594+0000] {processor.py:830} INFO - Processing file /opt/airflow/dags/kafka_batch_to_hdfs_dag.py for tasks to queue
[2026-08-06T08:41:06.597+0000] {logging_mixin.py:188} INFO - [2026-08-06T08:41:06.597+0000] {dagbag.py:545} INFO - Filling up the DagBag from /opt/airflow/dags/kafka_batch_to_hdfs_dag.py
[2026-08-06T08:41:06.620+0000] {processor.py:840} INFO - DAG(s) 'kafka_batch_to_hdfs' retrieved from /opt/airflow/dags/kafka_batch_to_hdfs_dag.py
[2026-08-06T08:41:06.654+0000] {logging_mixin.py:188} INFO - [2026-08-06T08:41:06.654+0000] {dag.py:3096} INFO - Sync 1 DAGs
[2026-08-06T08:41:06.715+0000] {processor.py:183} INFO - Processing /opt/airflow/dags/kafka_batch_to_hdfs_dag.py took 0.128 seconds
[2026-08-06T08:41:36.819+0000] {processor.py:161} INFO - Started process (PID=127) to work on /opt/airflow/dags/kafka_batch_to_hdfs_dag.py
[2026-08-06T08:41:36.821+0000] {processor.py:830} INFO - Processing file /opt/airflow/dags/kafka_batch_to_hdfs_dag.py for tasks to queue
[2026-08-06T08:41:36.825+0000] {logging_mixin.py:188} INFO - [2026-08-06T08:41:36.824+0000] {dagbag.py:545} INFO - Filling up the DagBag from /opt/airflow/dags/kafka_batch_to_hdfs_dag.py
[2026-08-06T08:41:36.850+0000] {processor.py:840} INFO - DAG(s) 'kafka_batch_to_hdfs' retrieved from /opt/airflow/dags/kafka_batch_to_hdfs_dag.py
[2026-08-06T08:41:36.884+0000] {logging_mixin.py:188} INFO - [2026-08-06T08:41:36.883+0000] {dag.py:3096} INFO - Sync 1 DAGs
[2026-08-06T08:41:36.931+0000] {processor.py:183} INFO - Processing /opt/airflow/dags/kafka_batch_to_hdfs_dag.py took 0.119 seconds
[2026-08-06T08:42:07.103+0000] {processor.py:161} INFO - Started process (PID=146) to work on /opt/airflow/dags/kafka_batch_to_hdfs_dag.py
[2026-08-06T08:42:07.104+0000] {processor.py:830} INFO - Processing file /opt/airflow/dags/kafka_batch_to_hdfs_dag.py for tasks to queue
[2026-08-06T08:42:07.106+0000] {logging_mixin.py:188} INFO - [2026-08-06T08:42:07.106+0000] {dagbag.py:545} INFO - Filling up the DagBag from /opt/airflow/dags/kafka_batch_to_hdfs_dag.py
[2026-08-06T08:42:07.124+0000] {processor.py:840} INFO - DAG(s) 'kafka_batch_to_hdfs' retrieved from /opt/airflow/dags/kafka_batch_to_hdfs_dag.py
[2026-08-06T08:42:07.154+0000] {logging_mixin.py:188} INFO - [2026-08-06T08:42:07.154+0000] {dag.py:3096} INFO - Sync 1 DAGs
[2026-08-06T08:42:07.204+0000] {processor.py:183} INFO - Processing /opt/airflow/dags/kafka_batch_to_hdfs_dag.py took 0.108 seconds
[2026-08-06T08:42:37.368+0000] {processor.py:161} INFO - Started process (PID=147) to work on /opt/airflow/dags/kafka_batch_to_hdfs_dag.py
[2026-08-06T08:42:37.369+0000] {processor.py:830} INFO - Processing file /opt/airflow/dags/kafka_batch_to_hdfs_dag.py for tasks to queue
[2026-08-06T08:42:37.372+0000] {logging_mixin.py:188} INFO - [2026-08-06T08:42:37.371+0000] {dagbag.py:545} INFO - Filling up the DagBag from /opt/airflow/dags/kafka_batch_to_hdfs_dag.py
[2026-08-06T08:42:37.390+0000] {processor.py:840} INFO - DAG(s) 'kafka_batch_to_hdfs' retrieved from /opt/airflow/dags/kafka_batch_to_hdfs_dag.py
[2026-08-06T08:42:37.422+0000] {logging_mixin.py:188} INFO - [2026-08-06T08:42:37.422+0000] {dag.py:3096} INFO - Sync 1 DAGs
[2026-08-06T08:42:37.474+0000] {processor.py:183} INFO - Processing /opt/airflow/dags/kafka_batch_to_hdfs_dag.py took 0.111 seconds
[2026-08-06T08:43:07.665+0000] {processor.py:161} INFO - Started process (PID=148) to work on /opt/airflow/dags/kafka_batch_to_hdfs_dag.py
[2026-08-06T08:43:07.667+0000] {processor.py:830} INFO - Processing file /opt/airflow/dags/kafka_batch_to_hdfs_dag.py for tasks to queue
[2026-08-06T08:43:07.670+0000] {logging_mixin.py:188} INFO - [2026-08-06T08:43:07.670+0000] {dagbag.py:545} INFO - Filling up the DagBag from /opt/airflow/dags/kafka_batch_to_hdfs_dag.py
[2026-08-06T08:43:07.694+0000] {processor.py:840} INFO - DAG(s) 'kafka_batch_to_hdfs' retrieved from /opt/airflow/dags/kafka_batch_to_hdfs_dag.py
[2026-08-06T08:43:07.733+0000] {logging_mixin.py:188} INFO - [2026-08-06T08:43:07.732+0000] {dag.py:3096} INFO - Sync 1 DAGs
[2026-08-06T08:43:07.788+0000] {processor.py:183} INFO - Processing /opt/airflow/dags/kafka_batch_to_hdfs_dag.py took 0.129 seconds
[2026-08-06T08:43:37.915+0000] {processor.py:161} INFO - Started process (PID=149) to work on /opt/airflow/dags/kafka_batch_to_hdfs_dag.py
[2026-08-06T08:43:37.917+0000] {processor.py:830} INFO - Processing file /opt/airflow/dags/kafka_batch_to_hdfs_dag.py for tasks to queue
[2026-08-06T08:43:37.920+0000] {logging_mixin.py:188} INFO - [2026-08-06T08:43:37.919+0000] {dagbag.py:545} INFO - Filling up the DagBag from /opt/airflow/dags/kafka_batch_to_hdfs_dag.py
[2026-08-06T08:43:37.940+0000] {processor.py:840} INFO - DAG(s) 'kafka_batch_to_hdfs' retrieved from /opt/airflow/dags/kafka_batch_to_hdfs_dag.py
[2026-08-06T08:43:37.972+0000] {logging_mixin.py:188} INFO - [2026-08-06T08:43:37.972+0000] {dag.py:3096} INFO - Sync 1 DAGs
[2026-08-06T08:43:38.021+0000] {processor.py:183} INFO - Processing /opt/airflow/dags/kafka_batch_to_hdfs_dag.py took 0.112 seconds
[2026-08-06T08:44:08.248+0000] {processor.py:161} INFO - Started process (PID=168) to work on /opt/airflow/dags/kafka_batch_to_hdfs_dag.py
[2026-08-06T08:44:08.249+0000] {processor.py:830} INFO - Processing file /opt/airflow/dags/kafka_batch_to_hdfs_dag.py for tasks to queue
[2026-08-06T08:44:08.252+0000] {logging_mixin.py:188} INFO - [2026-08-06T08:44:08.251+0000] {dagbag.py:545} INFO - Filling up the DagBag from /opt/airflow/dags/kafka_batch_to_hdfs_dag.py
[2026-08-06T08:44:08.273+0000] {processor.py:840} INFO - DAG(s) 'kafka_batch_to_hdfs' retrieved from /opt/airflow/dags/kafka_batch_to_hdfs_dag.py
[2026-08-06T08:44:08.300+0000] {logging_mixin.py:188} INFO - [2026-08-06T08:44:08.299+0000] {dag.py:3096} INFO - Sync 1 DAGs
[2026-08-06T08:44:08.341+0000] {processor.py:183} INFO - Processing /opt/airflow/dags/kafka_batch_to_hdfs_dag.py took 0.098 seconds
[2026-08-06T08:44:38.505+0000] {processor.py:161} INFO - Started process (PID=169) to work on /opt/airflow/dags/kafka_batch_to_hdfs_dag.py
[2026-08-06T08:44:38.506+0000] {processor.py:830} INFO - Processing file /opt/airflow/dags/kafka_batch_to_hdfs_dag.py for tasks to queue
[2026-08-06T08:44:38.510+0000] {logging_mixin.py:188} INFO - [2026-08-06T08:44:38.510+0000] {dagbag.py:545} INFO - Filling up the DagBag from /opt/airflow/dags/kafka_batch_to_hdfs_dag.py
[2026-08-06T08:44:38.533+0000] {processor.py:840} INFO - DAG(s) 'kafka_batch_to_hdfs' retrieved from /opt/airflow/dags/kafka_batch_to_hdfs_dag.py
[2026-08-06T08:44:38.567+0000] {logging_mixin.py:188} INFO - [2026-08-06T08:44:38.567+0000] {dag.py:3096} INFO - Sync 1 DAGs
[2026-08-06T08:44:38.623+0000] {processor.py:183} INFO - Processing /opt/airflow/dags/kafka_batch_to_hdfs_dag.py took 0.125 seconds
[2026-08-06T08:45:23.292+0000] {processor.py:161} INFO - Started process (PID=52) to work on /opt/airflow/dags/kafka_batch_to_hdfs_dag.py
[2026-08-06T08:45:23.293+0000] {processor.py:830} INFO - Processing file /opt/airflow/dags/kafka_batch_to_hdfs_dag.py for tasks to queue
[2026-08-06T08:45:23.297+0000] {logging_mixin.py:188} INFO - [2026-08-06T08:45:23.296+0000] {dagbag.py:545} INFO - Filling up the DagBag from /opt/airflow/dags/kafka_batch_to_hdfs_dag.py
[2026-08-06T08:45:23.318+0000] {processor.py:840} INFO - DAG(s) 'kafka_batch_to_hdfs' retrieved from /opt/airflow/dags/kafka_batch_to_hdfs_dag.py
[2026-08-06T08:45:23.348+0000] {logging_mixin.py:188} INFO - [2026-08-06T08:45:23.348+0000] {dag.py:3096} INFO - Sync 1 DAGs
[2026-08-06T08:45:23.408+0000] {processor.py:183} INFO - Processing /opt/airflow/dags/kafka_batch_to_hdfs_dag.py took 0.125 seconds
[2026-08-06T08:45:53.591+0000] {processor.py:161} INFO - Started process (PID=61) to work on /opt/airflow/dags/kafka_batch_to_hdfs_dag.py
[2026-08-06T08:45:53.592+0000] {processor.py:830} INFO - Processing file /opt/airflow/dags/kafka_batch_to_hdfs_dag.py for tasks to queue
[2026-08-06T08:45:53.595+0000] {logging_mixin.py:188} INFO - [2026-08-06T08:45:53.595+0000] {dagbag.py:545} INFO - Filling up the DagBag from /opt/airflow/dags/kafka_batch_to_hdfs_dag.py
[2026-08-06T08:45:53.616+0000] {processor.py:840} INFO - DAG(s) 'kafka_batch_to_hdfs' retrieved from /opt/airflow/dags/kafka_batch_to_hdfs_dag.py
[2026-08-06T08:45:53.728+0000] {logging_mixin.py:188} INFO - [2026-08-06T08:45:53.727+0000] {dag.py:3096} INFO - Sync 1 DAGs
[2026-08-06T08:45:53.782+0000] {processor.py:183} INFO - Processing /opt/airflow/dags/kafka_batch_to_hdfs_dag.py took 0.198 seconds
[2026-08-06T08:46:23.988+0000] {processor.py:161} INFO - Started process (PID=80) to work on /opt/airflow/dags/kafka_batch_to_hdfs_dag.py
[2026-08-06T08:46:23.990+0000] {processor.py:830} INFO - Processing file /opt/airflow/dags/kafka_batch_to_hdfs_dag.py for tasks to queue
[2026-08-06T08:46:23.993+0000] {logging_mixin.py:188} INFO - [2026-08-06T08:46:23.993+0000] {dagbag.py:545} INFO - Filling up the DagBag from /opt/airflow/dags/kafka_batch_to_hdfs_dag.py
[2026-08-06T08:46:24.020+0000] {processor.py:840} INFO - DAG(s) 'kafka_batch_to_hdfs' retrieved from /opt/airflow/dags/kafka_batch_to_hdfs_dag.py
[2026-08-06T08:46:24.057+0000] {logging_mixin.py:188} INFO - [2026-08-06T08:46:24.057+0000] {dag.py:3096} INFO - Sync 1 DAGs
[2026-08-06T08:46:24.120+0000] {processor.py:183} INFO - Processing /opt/airflow/dags/kafka_batch_to_hdfs_dag.py took 0.139 seconds
[2026-08-06T08:46:54.174+0000] {processor.py:161} INFO - Started process (PID=81) to work on /opt/airflow/dags/kafka_batch_to_hdfs_dag.py
[2026-08-06T08:46:54.176+0000] {processor.py:830} INFO - Processing file /opt/airflow/dags/kafka_batch_to_hdfs_dag.py for tasks to queue
[2026-08-06T08:46:54.179+0000] {logging_mixin.py:188} INFO - [2026-08-06T08:46:54.179+0000] {dagbag.py:545} INFO - Filling up the DagBag from /opt/airflow/dags/kafka_batch_to_hdfs_dag.py
[2026-08-06T08:46:54.202+0000] {processor.py:840} INFO - DAG(s) 'kafka_batch_to_hdfs' retrieved from /opt/airflow/dags/kafka_batch_to_hdfs_dag.py
[2026-08-06T08:46:54.238+0000] {logging_mixin.py:188} INFO - [2026-08-06T08:46:54.238+0000] {dag.py:3096} INFO - Sync 1 DAGs
[2026-08-06T08:46:54.293+0000] {processor.py:183} INFO - Processing /opt/airflow/dags/kafka_batch_to_hdfs_dag.py took 0.125 seconds
[2026-08-06T08:47:24.374+0000] {processor.py:161} INFO - Started process (PID=82) to work on /opt/airflow/dags/kafka_batch_to_hdfs_dag.py
[2026-08-06T08:47:24.375+0000] {processor.py:830} INFO - Processing file /opt/airflow/dags/kafka_batch_to_hdfs_dag.py for tasks to queue
[2026-08-06T08:47:24.377+0000] {logging_mixin.py:188} INFO - [2026-08-06T08:47:24.377+0000] {dagbag.py:545} INFO - Filling up the DagBag from /opt/airflow/dags/kafka_batch_to_hdfs_dag.py
[2026-08-06T08:47:24.396+0000] {processor.py:840} INFO - DAG(s) 'kafka_batch_to_hdfs' retrieved from /opt/airflow/dags/kafka_batch_to_hdfs_dag.py
[2026-08-06T08:47:24.429+0000] {logging_mixin.py:188} INFO - [2026-08-06T08:47:24.429+0000] {dag.py:3096} INFO - Sync 1 DAGs
[2026-08-06T08:47:24.486+0000] {processor.py:183} INFO - Processing /opt/airflow/dags/kafka_batch_to_hdfs_dag.py took 0.120 seconds
[2026-08-06T08:47:54.649+0000] {processor.py:161} INFO - Started process (PID=83) to work on /opt/airflow/dags/kafka_batch_to_hdfs_dag.py
[2026-08-06T08:47:54.651+0000] {processor.py:830} INFO - Processing file /opt/airflow/dags/kafka_batch_to_hdfs_dag.py for tasks to queue
[2026-08-06T08:47:54.653+0000] {logging_mixin.py:188} INFO - [2026-08-06T08:47:54.653+0000] {dagbag.py:545} INFO - Filling up the DagBag from /opt/airflow/dags/kafka_batch_to_hdfs_dag.py
[2026-08-06T08:47:54.674+0000] {processor.py:840} INFO - DAG(s) 'kafka_batch_to_hdfs' retrieved from /opt/airflow/dags/kafka_batch_to_hdfs_dag.py
[2026-08-06T08:47:54.704+0000] {logging_mixin.py:188} INFO - [2026-08-06T08:47:54.703+0000] {dag.py:3096} INFO - Sync 1 DAGs
[2026-08-06T08:47:54.750+0000] {processor.py:183} INFO - Processing /opt/airflow/dags/kafka_batch_to_hdfs_dag.py took 0.107 seconds
[2026-08-06T08:48:24.855+0000] {processor.py:161} INFO - Started process (PID=102) to work on /opt/airflow/dags/kafka_batch_to_hdfs_dag.py
[2026-08-06T08:48:24.857+0000] {processor.py:830} INFO - Processing file /opt/airflow/dags/kafka_batch_to_hdfs_dag.py for tasks to queue
[2026-08-06T08:48:24.860+0000] {logging_mixin.py:188} INFO - [2026-08-06T08:48:24.859+0000] {dagbag.py:545} INFO - Filling up the DagBag from /opt/airflow/dags/kafka_batch_to_hdfs_dag.py
[2026-08-06T08:48:24.880+0000] {processor.py:840} INFO - DAG(s) 'kafka_batch_to_hdfs' retrieved from /opt/airflow/dags/kafka_batch_to_hdfs_dag.py
[2026-08-06T08:48:24.913+0000] {logging_mixin.py:188} INFO - [2026-08-06T08:48:24.913+0000] {dag.py:3096} INFO - Sync 1 DAGs
[2026-08-06T08:48:24.960+0000] {processor.py:183} INFO - Processing /opt/airflow/dags/kafka_batch_to_hdfs_dag.py took 0.112 seconds
[2026-08-06T08:48:55.120+0000] {processor.py:161} INFO - Started process (PID=103) to work on /opt/airflow/dags/kafka_batch_to_hdfs_dag.py
[2026-08-06T08:48:55.122+0000] {processor.py:830} INFO - Processing file /opt/airflow/dags/kafka_batch_to_hdfs_dag.py for tasks to queue
[2026-08-06T08:48:55.125+0000] {logging_mixin.py:188} INFO - [2026-08-06T08:48:55.125+0000] {dagbag.py:545} INFO - Filling up the DagBag from /opt/airflow/dags/kafka_batch_to_hdfs_dag.py
[2026-08-06T08:48:55.147+0000] {processor.py:840} INFO - DAG(s) 'kafka_batch_to_hdfs' retrieved from /opt/airflow/dags/kafka_batch_to_hdfs_dag.py
[2026-08-06T08:48:55.181+0000] {logging_mixin.py:188} INFO - [2026-08-06T08:48:55.181+0000] {dag.py:3096} INFO - Sync 1 DAGs
[2026-08-06T08:48:55.230+0000] {processor.py:183} INFO - Processing /opt/airflow/dags/kafka_batch_to_hdfs_dag.py took 0.115 seconds
[2026-08-06T08:49:25.344+0000] {processor.py:161} INFO - Started process (PID=104) to work on /opt/airflow/dags/kafka_batch_to_hdfs_dag.py
[2026-08-06T08:49:25.345+0000] {processor.py:830} INFO - Processing file /opt/airflow/dags/kafka_batch_to_hdfs_dag.py for tasks to queue
[2026-08-06T08:49:25.348+0000] {logging_mixin.py:188} INFO - [2026-08-06T08:49:25.348+0000] {dagbag.py:545} INFO - Filling up the DagBag from /opt/airflow/dags/kafka_batch_to_hdfs_dag.py
[2026-08-06T08:49:25.369+0000] {processor.py:840} INFO - DAG(s) 'kafka_batch_to_hdfs' retrieved from /opt/airflow/dags/kafka_batch_to_hdfs_dag.py
[2026-08-06T08:49:25.404+0000] {logging_mixin.py:188} INFO - [2026-08-06T08:49:25.403+0000] {dag.py:3096} INFO - Sync 1 DAGs
[2026-08-06T08:49:25.502+0000] {processor.py:183} INFO - Processing /opt/airflow/dags/kafka_batch_to_hdfs_dag.py took 0.165 seconds
[2026-08-06T08:49:55.579+0000] {processor.py:161} INFO - Started process (PID=105) to work on /opt/airflow/dags/kafka_batch_to_hdfs_dag.py
[2026-08-06T08:49:55.580+0000] {processor.py:830} INFO - Processing file /opt/airflow/dags/kafka_batch_to_hdfs_dag.py for tasks to queue
[2026-08-06T08:49:55.583+0000] {logging_mixin.py:188} INFO - [2026-08-06T08:49:55.583+0000] {dagbag.py:545} INFO - Filling up the DagBag from /opt/airflow/dags/kafka_batch_to_hdfs_dag.py
[2026-08-06T08:49:55.638+0000] {processor.py:840} INFO - DAG(s) 'kafka_batch_to_hdfs' retrieved from /opt/airflow/dags/kafka_batch_to_hdfs_dag.py
[2026-08-06T08:49:55.678+0000] {logging_mixin.py:188} INFO - [2026-08-06T08:49:55.678+0000] {dag.py:3096} INFO - Sync 1 DAGs
[2026-08-06T08:49:55.732+0000] {processor.py:183} INFO - Processing /opt/airflow/dags/kafka_batch_to_hdfs_dag.py took 0.159 seconds
[2026-08-06T08:50:25.910+0000] {processor.py:161} INFO - Started process (PID=124) to work on /opt/airflow/dags/kafka_batch_to_hdfs_dag.py
[2026-08-06T08:50:25.911+0000] {processor.py:830} INFO - Processing file /opt/airflow/dags/kafka_batch_to_hdfs_dag.py for tasks to queue
[2026-08-06T08:50:25.915+0000] {logging_mixin.py:188} INFO - [2026-08-06T08:50:25.914+0000] {dagbag.py:545} INFO - Filling up the DagBag from /opt/airflow/dags/kafka_batch_to_hdfs_dag.py
[2026-08-06T08:50:25.935+0000] {processor.py:840} INFO - DAG(s) 'kafka_batch_to_hdfs' retrieved from /opt/airflow/dags/kafka_batch_to_hdfs_dag.py
[2026-08-06T08:50:25.966+0000] {logging_mixin.py:188} INFO - [2026-08-06T08:50:25.966+0000] {dag.py:3096} INFO - Sync 1 DAGs
[2026-08-06T08:50:26.016+0000] {processor.py:183} INFO - Processing /opt/airflow/dags/kafka_batch_to_hdfs_dag.py took 0.113 seconds
[2026-08-06T08:50:56.101+0000] {processor.py:161} INFO - Started process (PID=125) to work on /opt/airflow/dags/kafka_batch_to_hdfs_dag.py
[2026-08-06T08:50:56.102+0000] {processor.py:830} INFO - Processing file /opt/airflow/dags/kafka_batch_to_hdfs_dag.py for tasks to queue
[2026-08-06T08:50:56.105+0000] {logging_mixin.py:188} INFO - [2026-08-06T08:50:56.104+0000] {dagbag.py:545} INFO - Filling up the DagBag from /opt/airflow/dags/kafka_batch_to_hdfs_dag.py
[2026-08-06T08:50:56.123+0000] {processor.py:840} INFO - DAG(s) 'kafka_batch_to_hdfs' retrieved from /opt/airflow/dags/kafka_batch_to_hdfs_dag.py
[2026-08-06T08:50:56.155+0000] {logging_mixin.py:188} INFO - [2026-08-06T08:50:56.155+0000] {dag.py:3096} INFO - Sync 1 DAGs
[2026-08-06T08:50:56.205+0000] {processor.py:183} INFO - Processing /opt/airflow/dags/kafka_batch_to_hdfs_dag.py took 0.109 seconds
[2026-08-06T08:51:26.274+0000] {processor.py:161} INFO - Started process (PID=126) to work on /opt/airflow/dags/kafka_batch_to_hdfs_dag.py
[2026-08-06T08:51:26.275+0000] {processor.py:830} INFO - Processing file /opt/airflow/dags/kafka_batch_to_hdfs_dag.py for tasks to queue
[2026-08-06T08:51:26.279+0000] {logging_mixin.py:188} INFO - [2026-08-06T08:51:26.278+0000] {dagbag.py:545} INFO - Filling up the DagBag from /opt/airflow/dags/kafka_batch_to_hdfs_dag.py
[2026-08-06T08:51:26.295+0000] {processor.py:840} INFO - DAG(s) 'kafka_batch_to_hdfs' retrieved from /opt/airflow/dags/kafka_batch_to_hdfs_dag.py
[2026-08-06T08:51:26.326+0000] {logging_mixin.py:188} INFO - [2026-08-06T08:51:26.326+0000] {dag.py:3096} INFO - Sync 1 DAGs
[2026-08-06T08:51:26.373+0000] {processor.py:183} INFO - Processing /opt/airflow/dags/kafka_batch_to_hdfs_dag.py took 0.104 seconds
[2026-08-06T08:51:56.586+0000] {processor.py:161} INFO - Started process (PID=127) to work on /opt/airflow/dags/kafka_batch_to_hdfs_dag.py
[2026-08-06T08:51:56.587+0000] {processor.py:830} INFO - Processing file /opt/airflow/dags/kafka_batch_to_hdfs_dag.py for tasks to queue
[2026-08-06T08:51:56.590+0000] {logging_mixin.py:188} INFO - [2026-08-06T08:51:56.589+0000] {dagbag.py:545} INFO - Filling up the DagBag from /opt/airflow/dags/kafka_batch_to_hdfs_dag.py
[2026-08-06T08:51:56.611+0000] {processor.py:840} INFO - DAG(s) 'kafka_batch_to_hdfs' retrieved from /opt/airflow/dags/kafka_batch_to_hdfs_dag.py
[2026-08-06T08:51:56.640+0000] {logging_mixin.py:188} INFO - [2026-08-06T08:51:56.640+0000] {dag.py:3096} INFO - Sync 1 DAGs
[2026-08-06T08:51:56.696+0000] {processor.py:183} INFO - Processing /opt/airflow/dags/kafka_batch_to_hdfs_dag.py took 0.114 seconds
[2026-08-06T08:52:26.788+0000] {processor.py:161} INFO - Started process (PID=146) to work on /opt/airflow/dags/kafka_batch_to_hdfs_dag.py
[2026-08-06T08:52:26.789+0000] {processor.py:830} INFO - Processing file /opt/airflow/dags/kafka_batch_to_hdfs_dag.py for tasks to queue
[2026-08-06T08:52:26.792+0000] {logging_mixin.py:188} INFO - [2026-08-06T08:52:26.792+0000] {dagbag.py:545} INFO - Filling up the DagBag from /opt/airflow/dags/kafka_batch_to_hdfs_dag.py
[2026-08-06T08:52:26.811+0000] {processor.py:840} INFO - DAG(s) 'kafka_batch_to_hdfs' retrieved from /opt/airflow/dags/kafka_batch_to_hdfs_dag.py
[2026-08-06T08:52:26.841+0000] {logging_mixin.py:188} INFO - [2026-08-06T08:52:26.841+0000] {dag.py:3096} INFO - Sync 1 DAGs
[2026-08-06T08:52:26.887+0000] {processor.py:183} INFO - Processing /opt/airflow/dags/kafka_batch_to_hdfs_dag.py took 0.104 seconds
[2026-08-06T08:52:57.051+0000] {processor.py:161} INFO - Started process (PID=147) to work on /opt/airflow/dags/kafka_batch_to_hdfs_dag.py
[2026-08-06T08:52:57.052+0000] {processor.py:830} INFO - Processing file /opt/airflow/dags/kafka_batch_to_hdfs_dag.py for tasks to queue
[2026-08-06T08:52:57.054+0000] {logging_mixin.py:188} INFO - [2026-08-06T08:52:57.054+0000] {dagbag.py:545} INFO - Filling up the DagBag from /opt/airflow/dags/kafka_batch_to_hdfs_dag.py
[2026-08-06T08:52:57.073+0000] {processor.py:840} INFO - DAG(s) 'kafka_batch_to_hdfs' retrieved from /opt/airflow/dags/kafka_batch_to_hdfs_dag.py
[2026-08-06T08:52:57.101+0000] {logging_mixin.py:188} INFO - [2026-08-06T08:52:57.101+0000] {dag.py:3096} INFO - Sync 1 DAGs
[2026-08-06T08:52:57.148+0000] {processor.py:183} INFO - Processing /opt/airflow/dags/kafka_batch_to_hdfs_dag.py took 0.103 seconds
[2026-08-06T08:53:27.248+0000] {processor.py:161} INFO - Started process (PID=148) to work on /opt/airflow/dags/kafka_batch_to_hdfs_dag.py
[2026-08-06T08:53:27.249+0000] {processor.py:830} INFO - Processing file /opt/airflow/dags/kafka_batch_to_hdfs_dag.py for tasks to queue
[2026-08-06T08:53:27.251+0000] {logging_mixin.py:188} INFO - [2026-08-06T08:53:27.251+0000] {dagbag.py:545} INFO - Filling up the DagBag from /opt/airflow/dags/kafka_batch_to_hdfs_dag.py
[2026-08-06T08:53:27.271+0000] {processor.py:840} INFO - DAG(s) 'kafka_batch_to_hdfs' retrieved from /opt/airflow/dags/kafka_batch_to_hdfs_dag.py
[2026-08-06T08:53:27.308+0000] {logging_mixin.py:188} INFO - [2026-08-06T08:53:27.308+0000] {dag.py:3096} INFO - Sync 1 DAGs
[2026-08-06T08:53:27.363+0000] {processor.py:183} INFO - Processing /opt/airflow/dags/kafka_batch_to_hdfs_dag.py took 0.121 seconds
[2026-08-06T08:53:57.507+0000] {processor.py:161} INFO - Started process (PID=149) to work on /opt/airflow/dags/kafka_batch_to_hdfs_dag.py
[2026-08-06T08:53:57.508+0000] {processor.py:830} INFO - Processing file /opt/airflow/dags/kafka_batch_to_hdfs_dag.py for tasks to queue
[2026-08-06T08:53:57.511+0000] {logging_mixin.py:188} INFO - [2026-08-06T08:53:57.510+0000] {dagbag.py:545} INFO - Filling up the DagBag from /opt/airflow/dags/kafka_batch_to_hdfs_dag.py
[2026-08-06T08:53:57.531+0000] {processor.py:840} INFO - DAG(s) 'kafka_batch_to_hdfs' retrieved from /opt/airflow/dags/kafka_batch_to_hdfs_dag.py
[2026-08-06T08:53:57.560+0000] {logging_mixin.py:188} INFO - [2026-08-06T08:53:57.560+0000] {dag.py:3096} INFO - Sync 1 DAGs
[2026-08-06T08:53:57.604+0000] {processor.py:183} INFO - Processing /opt/airflow/dags/kafka_batch_to_hdfs_dag.py took 0.103 seconds
[2026-08-06T08:54:27.803+0000] {processor.py:161} INFO - Started process (PID=168) to work on /opt/airflow/dags/kafka_batch_to_hdfs_dag.py
[2026-08-06T08:54:27.805+0000] {processor.py:830} INFO - Processing file /opt/airflow/dags/kafka_batch_to_hdfs_dag.py for tasks to queue
[2026-08-06T08:54:27.809+0000] {logging_mixin.py:188} INFO - [2026-08-06T08:54:27.808+0000] {dagbag.py:545} INFO - Filling up the DagBag from /opt/airflow/dags/kafka_batch_to_hdfs_dag.py
[2026-08-06T08:54:27.841+0000] {processor.py:840} INFO - DAG(s) 'kafka_batch_to_hdfs' retrieved from /opt/airflow/dags/kafka_batch_to_hdfs_dag.py
[2026-08-06T08:54:27.875+0000] {logging_mixin.py:188} INFO - [2026-08-06T08:54:27.875+0000] {dag.py:3096} INFO - Sync 1 DAGs
[2026-08-06T08:54:27.918+0000] {processor.py:183} INFO - Processing /opt/airflow/dags/kafka_batch_to_hdfs_dag.py took 0.125 seconds
[2026-08-06T08:54:58.025+0000] {processor.py:161} INFO - Started process (PID=169) to work on /opt/airflow/dags/kafka_batch_to_hdfs_dag.py
[2026-08-06T08:54:58.027+0000] {processor.py:830} INFO - Processing file /opt/airflow/dags/kafka_batch_to_hdfs_dag.py for tasks to queue
[2026-08-06T08:54:58.030+0000] {logging_mixin.py:188} INFO - [2026-08-06T08:54:58.029+0000] {dagbag.py:545} INFO - Filling up the DagBag from /opt/airflow/dags/kafka_batch_to_hdfs_dag.py
[2026-08-06T08:54:58.056+0000] {processor.py:840} INFO - DAG(s) 'kafka_batch_to_hdfs' retrieved from /opt/airflow/dags/kafka_batch_to_hdfs_dag.py
[2026-08-06T08:54:58.092+0000] {logging_mixin.py:188} INFO - [2026-08-06T08:54:58.092+0000] {dag.py:3096} INFO - Sync 1 DAGs
[2026-08-06T08:54:58.152+0000] {processor.py:183} INFO - Processing /opt/airflow/dags/kafka_batch_to_hdfs_dag.py took 0.132 seconds
[2026-08-06T08:55:28.390+0000] {processor.py:161} INFO - Started process (PID=170) to work on /opt/airflow/dags/kafka_batch_to_hdfs_dag.py
[2026-08-06T08:55:28.391+0000] {processor.py:830} INFO - Processing file /opt/airflow/dags/kafka_batch_to_hdfs_dag.py for tasks to queue
[2026-08-06T08:55:28.394+0000] {logging_mixin.py:188} INFO - [2026-08-06T08:55:28.393+0000] {dagbag.py:545} INFO - Filling up the DagBag from /opt/airflow/dags/kafka_batch_to_hdfs_dag.py
[2026-08-06T08:55:28.414+0000] {processor.py:840} INFO - DAG(s) 'kafka_batch_to_hdfs' retrieved from /opt/airflow/dags/kafka_batch_to_hdfs_dag.py
[2026-08-06T08:55:28.447+0000] {logging_mixin.py:188} INFO - [2026-08-06T08:55:28.446+0000] {dag.py:3096} INFO - Sync 1 DAGs
[2026-08-06T08:55:28.504+0000] {processor.py:183} INFO - Processing /opt/airflow/dags/kafka_batch_to_hdfs_dag.py took 0.119 seconds
[2026-08-06T08:55:58.594+0000] {processor.py:161} INFO - Started process (PID=171) to work on /opt/airflow/dags/kafka_batch_to_hdfs_dag.py
[2026-08-06T08:55:58.595+0000] {processor.py:830} INFO - Processing file /opt/airflow/dags/kafka_batch_to_hdfs_dag.py for tasks to queue
[2026-08-06T08:55:58.598+0000] {logging_mixin.py:188} INFO - [2026-08-06T08:55:58.598+0000] {dagbag.py:545} INFO - Filling up the DagBag from /opt/airflow/dags/kafka_batch_to_hdfs_dag.py
[2026-08-06T08:55:58.618+0000] {processor.py:840} INFO - DAG(s) 'kafka_batch_to_hdfs' retrieved from /opt/airflow/dags/kafka_batch_to_hdfs_dag.py
[2026-08-06T08:55:58.651+0000] {logging_mixin.py:188} INFO - [2026-08-06T08:55:58.651+0000] {dag.py:3096} INFO - Sync 1 DAGs
[2026-08-06T08:55:58.699+0000] {processor.py:183} INFO - Processing /opt/airflow/dags/kafka_batch_to_hdfs_dag.py took 0.111 seconds
[2026-08-06T08:56:23.914+0000] {processor.py:161} INFO - Started process (PID=172) to work on /opt/airflow/dags/kafka_batch_to_hdfs_dag.py
[2026-08-06T08:56:23.917+0000] {processor.py:830} INFO - Processing file /opt/airflow/dags/kafka_batch_to_hdfs_dag.py for tasks to queue
[2026-08-06T08:56:23.920+0000] {logging_mixin.py:188} INFO - [2026-08-06T08:56:23.919+0000] {dagbag.py:545} INFO - Filling up the DagBag from /opt/airflow/dags/kafka_batch_to_hdfs_dag.py
[2026-08-06T08:56:23.951+0000] {processor.py:840} INFO - DAG(s) 'kafka_batch_to_hdfs' retrieved from /opt/airflow/dags/kafka_batch_to_hdfs_dag.py
[2026-08-06T08:56:24.085+0000] {logging_mixin.py:188} INFO - [2026-08-06T08:56:24.085+0000] {dag.py:3096} INFO - Sync 1 DAGs
[2026-08-06T08:56:24.177+0000] {processor.py:183} INFO - Processing /opt/airflow/dags/kafka_batch_to_hdfs_dag.py took 0.269 seconds
[2026-08-06T08:56:54.714+0000] {processor.py:161} INFO - Started process (PID=52) to work on /opt/airflow/dags/kafka_batch_to_hdfs_dag.py
[2026-08-06T08:56:54.716+0000] {processor.py:830} INFO - Processing file /opt/airflow/dags/kafka_batch_to_hdfs_dag.py for tasks to queue
[2026-08-06T08:56:54.720+0000] {logging_mixin.py:188} INFO - [2026-08-06T08:56:54.720+0000] {dagbag.py:545} INFO - Filling up the DagBag from /opt/airflow/dags/kafka_batch_to_hdfs_dag.py
[2026-08-06T08:56:54.741+0000] {processor.py:840} INFO - DAG(s) 'kafka_batch_to_hdfs' retrieved from /opt/airflow/dags/kafka_batch_to_hdfs_dag.py
[2026-08-06T08:56:54.771+0000] {logging_mixin.py:188} INFO - [2026-08-06T08:56:54.771+0000] {dag.py:3096} INFO - Sync 1 DAGs
[2026-08-06T08:56:54.832+0000] {processor.py:183} INFO - Processing /opt/airflow/dags/kafka_batch_to_hdfs_dag.py took 0.126 seconds
[2026-08-06T08:57:24.959+0000] {processor.py:161} INFO - Started process (PID=72) to work on /opt/airflow/dags/kafka_batch_to_hdfs_dag.py
[2026-08-06T08:57:24.960+0000] {processor.py:830} INFO - Processing file /opt/airflow/dags/kafka_batch_to_hdfs_dag.py for tasks to queue
[2026-08-06T08:57:24.967+0000] {logging_mixin.py:188} INFO - [2026-08-06T08:57:24.965+0000] {dagbag.py:545} INFO - Filling up the DagBag from /opt/airflow/dags/kafka_batch_to_hdfs_dag.py
[2026-08-06T08:57:25.003+0000] {processor.py:840} INFO - DAG(s) 'kafka_batch_to_hdfs' retrieved from /opt/airflow/dags/kafka_batch_to_hdfs_dag.py
[2026-08-06T08:57:25.174+0000] {logging_mixin.py:188} INFO - [2026-08-06T08:57:25.173+0000] {dag.py:3096} INFO - Sync 1 DAGs
[2026-08-06T08:57:25.223+0000] {processor.py:183} INFO - Processing /opt/airflow/dags/kafka_batch_to_hdfs_dag.py took 0.274 seconds
[2026-08-06T08:57:55.471+0000] {processor.py:161} INFO - Started process (PID=73) to work on /opt/airflow/dags/kafka_batch_to_hdfs_dag.py
[2026-08-06T08:57:55.473+0000] {processor.py:830} INFO - Processing file /opt/airflow/dags/kafka_batch_to_hdfs_dag.py for tasks to queue
[2026-08-06T08:57:55.477+0000] {logging_mixin.py:188} INFO - [2026-08-06T08:57:55.476+0000] {dagbag.py:545} INFO - Filling up the DagBag from /opt/airflow/dags/kafka_batch_to_hdfs_dag.py
[2026-08-06T08:57:55.501+0000] {processor.py:840} INFO - DAG(s) 'kafka_batch_to_hdfs' retrieved from /opt/airflow/dags/kafka_batch_to_hdfs_dag.py
[2026-08-06T08:57:55.539+0000] {logging_mixin.py:188} INFO - [2026-08-06T08:57:55.539+0000] {dag.py:3096} INFO - Sync 1 DAGs
[2026-08-06T08:57:55.589+0000] {processor.py:183} INFO - Processing /opt/airflow/dags/kafka_batch_to_hdfs_dag.py took 0.125 seconds
[2026-08-06T08:58:25.664+0000] {processor.py:161} INFO - Started process (PID=90) to work on /opt/airflow/dags/kafka_batch_to_hdfs_dag.py
[2026-08-06T08:58:25.666+0000] {processor.py:830} INFO - Processing file /opt/airflow/dags/kafka_batch_to_hdfs_dag.py for tasks to queue
[2026-08-06T08:58:25.669+0000] {logging_mixin.py:188} INFO - [2026-08-06T08:58:25.668+0000] {dagbag.py:545} INFO - Filling up the DagBag from /opt/airflow/dags/kafka_batch_to_hdfs_dag.py
[2026-08-06T08:58:25.691+0000] {processor.py:840} INFO - DAG(s) 'kafka_batch_to_hdfs' retrieved from /opt/airflow/dags/kafka_batch_to_hdfs_dag.py
[2026-08-06T08:58:25.731+0000] {logging_mixin.py:188} INFO - [2026-08-06T08:58:25.731+0000] {dag.py:3096} INFO - Sync 1 DAGs
[2026-08-06T08:58:25.795+0000] {processor.py:183} INFO - Processing /opt/airflow/dags/kafka_batch_to_hdfs_dag.py took 0.137 seconds
[2026-08-06T08:58:56.003+0000] {processor.py:161} INFO - Started process (PID=92) to work on /opt/airflow/dags/kafka_batch_to_hdfs_dag.py
[2026-08-06T08:58:56.004+0000] {processor.py:830} INFO - Processing file /opt/airflow/dags/kafka_batch_to_hdfs_dag.py for tasks to queue
[2026-08-06T08:58:56.007+0000] {logging_mixin.py:188} INFO - [2026-08-06T08:58:56.006+0000] {dagbag.py:545} INFO - Filling up the DagBag from /opt/airflow/dags/kafka_batch_to_hdfs_dag.py
[2026-08-06T08:58:56.027+0000] {processor.py:840} INFO - DAG(s) 'kafka_batch_to_hdfs' retrieved from /opt/airflow/dags/kafka_batch_to_hdfs_dag.py
[2026-08-06T08:58:56.058+0000] {logging_mixin.py:188} INFO - [2026-08-06T08:58:56.058+0000] {dag.py:3096} INFO - Sync 1 DAGs
[2026-08-06T08:58:56.105+0000] {processor.py:183} INFO - Processing /opt/airflow/dags/kafka_batch_to_hdfs_dag.py took 0.108 seconds
[2026-08-06T08:59:26.228+0000] {processor.py:161} INFO - Started process (PID=100) to work on /opt/airflow/dags/kafka_batch_to_hdfs_dag.py
[2026-08-06T08:59:26.229+0000] {processor.py:830} INFO - Processing file /opt/airflow/dags/kafka_batch_to_hdfs_dag.py for tasks to queue
[2026-08-06T08:59:26.233+0000] {logging_mixin.py:188} INFO - [2026-08-06T08:59:26.232+0000] {dagbag.py:545} INFO - Filling up the DagBag from /opt/airflow/dags/kafka_batch_to_hdfs_dag.py
[2026-08-06T08:59:26.254+0000] {processor.py:840} INFO - DAG(s) 'kafka_batch_to_hdfs' retrieved from /opt/airflow/dags/kafka_batch_to_hdfs_dag.py
[2026-08-06T08:59:26.289+0000] {logging_mixin.py:188} INFO - [2026-08-06T08:59:26.289+0000] {dag.py:3096} INFO - Sync 1 DAGs
[2026-08-06T08:59:26.338+0000] {processor.py:183} INFO - Processing /opt/airflow/dags/kafka_batch_to_hdfs_dag.py took 0.116 seconds
[2026-08-06T08:59:54.591+0000] {processor.py:161} INFO - Started process (PID=108) to work on /opt/airflow/dags/kafka_batch_to_hdfs_dag.py
[2026-08-06T08:59:54.593+0000] {processor.py:830} INFO - Processing file /opt/airflow/dags/kafka_batch_to_hdfs_dag.py for tasks to queue
[2026-08-06T08:59:54.597+0000] {logging_mixin.py:188} INFO - [2026-08-06T08:59:54.596+0000] {dagbag.py:545} INFO - Filling up the DagBag from /opt/airflow/dags/kafka_batch_to_hdfs_dag.py
[2026-08-06T08:59:54.649+0000] {processor.py:840} INFO - DAG(s) 'kafka_batch_to_hdfs' retrieved from /opt/airflow/dags/kafka_batch_to_hdfs_dag.py
[2026-08-06T08:59:54.706+0000] {logging_mixin.py:188} INFO - [2026-08-06T08:59:54.706+0000] {dag.py:3096} INFO - Sync 1 DAGs
[2026-08-06T08:59:54.764+0000] {processor.py:183} INFO - Processing /opt/airflow/dags/kafka_batch_to_hdfs_dag.py took 0.185 seconds
[2026-08-06T09:00:04.666+0000] {processor.py:161} INFO - Started process (PID=109) to work on /opt/airflow/dags/kafka_batch_to_hdfs_dag.py
[2026-08-06T09:00:04.668+0000] {processor.py:830} INFO - Processing file /opt/airflow/dags/kafka_batch_to_hdfs_dag.py for tasks to queue
[2026-08-06T09:00:04.670+0000] {logging_mixin.py:188} INFO - [2026-08-06T09:00:04.670+0000] {dagbag.py:545} INFO - Filling up the DagBag from /opt/airflow/dags/kafka_batch_to_hdfs_dag.py
[2026-08-06T09:00:04.700+0000] {processor.py:840} INFO - DAG(s) 'kafka_batch_to_hdfs' retrieved from /opt/airflow/dags/kafka_batch_to_hdfs_dag.py
[2026-08-06T09:00:04.731+0000] {logging_mixin.py:188} INFO - [2026-08-06T09:00:04.731+0000] {dag.py:3096} INFO - Sync 1 DAGs
[2026-08-06T09:00:04.798+0000] {processor.py:183} INFO - Processing /opt/airflow/dags/kafka_batch_to_hdfs_dag.py took 0.138 seconds
[2026-08-06T09:00:34.889+0000] {processor.py:161} INFO - Started process (PID=110) to work on /opt/airflow/dags/kafka_batch_to_hdfs_dag.py
[2026-08-06T09:00:34.891+0000] {processor.py:830} INFO - Processing file /opt/airflow/dags/kafka_batch_to_hdfs_dag.py for tasks to queue
[2026-08-06T09:00:34.893+0000] {logging_mixin.py:188} INFO - [2026-08-06T09:00:34.893+0000] {dagbag.py:545} INFO - Filling up the DagBag from /opt/airflow/dags/kafka_batch_to_hdfs_dag.py
[2026-08-06T09:00:34.914+0000] {processor.py:840} INFO - DAG(s) 'kafka_batch_to_hdfs' retrieved from /opt/airflow/dags/kafka_batch_to_hdfs_dag.py
[2026-08-06T09:00:34.948+0000] {logging_mixin.py:188} INFO - [2026-08-06T09:00:34.948+0000] {dag.py:3096} INFO - Sync 1 DAGs
[2026-08-06T09:00:34.995+0000] {processor.py:183} INFO - Processing /opt/airflow/dags/kafka_batch_to_hdfs_dag.py took 0.112 seconds
[2026-08-06T09:01:05.336+0000] {processor.py:161} INFO - Started process (PID=111) to work on /opt/airflow/dags/kafka_batch_to_hdfs_dag.py
[2026-08-06T09:01:05.338+0000] {processor.py:830} INFO - Processing file /opt/airflow/dags/kafka_batch_to_hdfs_dag.py for tasks to queue
[2026-08-06T09:01:05.341+0000] {logging_mixin.py:188} INFO - [2026-08-06T09:01:05.341+0000] {dagbag.py:545} INFO - Filling up the DagBag from /opt/airflow/dags/kafka_batch_to_hdfs_dag.py
[2026-08-06T09:01:05.360+0000] {processor.py:840} INFO - DAG(s) 'kafka_batch_to_hdfs' retrieved from /opt/airflow/dags/kafka_batch_to_hdfs_dag.py
[2026-08-06T09:01:05.399+0000] {logging_mixin.py:188} INFO - [2026-08-06T09:01:05.399+0000] {dag.py:3096} INFO - Sync 1 DAGs
[2026-08-06T09:01:05.447+0000] {processor.py:183} INFO - Processing /opt/airflow/dags/kafka_batch_to_hdfs_dag.py took 0.150 seconds
[2026-08-06T09:01:35.545+0000] {processor.py:161} INFO - Started process (PID=112) to work on /opt/airflow/dags/kafka_batch_to_hdfs_dag.py
[2026-08-06T09:01:35.546+0000] {processor.py:830} INFO - Processing file /opt/airflow/dags/kafka_batch_to_hdfs_dag.py for tasks to queue
[2026-08-06T09:01:35.549+0000] {logging_mixin.py:188} INFO - [2026-08-06T09:01:35.548+0000] {dagbag.py:545} INFO - Filling up the DagBag from /opt/airflow/dags/kafka_batch_to_hdfs_dag.py
[2026-08-06T09:01:35.571+0000] {processor.py:840} INFO - DAG(s) 'kafka_batch_to_hdfs' retrieved from /opt/airflow/dags/kafka_batch_to_hdfs_dag.py
[2026-08-06T09:01:35.612+0000] {logging_mixin.py:188} INFO - [2026-08-06T09:01:35.611+0000] {dag.py:3096} INFO - Sync 1 DAGs
[2026-08-06T09:01:35.664+0000] {processor.py:183} INFO - Processing /opt/airflow/dags/kafka_batch_to_hdfs_dag.py took 0.125 seconds
[2026-08-06T09:02:06.009+0000] {processor.py:161} INFO - Started process (PID=131) to work on /opt/airflow/dags/kafka_batch_to_hdfs_dag.py
[2026-08-06T09:02:06.013+0000] {processor.py:830} INFO - Processing file /opt/airflow/dags/kafka_batch_to_hdfs_dag.py for tasks to queue
[2026-08-06T09:02:06.019+0000] {logging_mixin.py:188} INFO - [2026-08-06T09:02:06.018+0000] {dagbag.py:545} INFO - Filling up the DagBag from /opt/airflow/dags/kafka_batch_to_hdfs_dag.py
[2026-08-06T09:02:06.056+0000] {processor.py:840} INFO - DAG(s) 'kafka_batch_to_hdfs' retrieved from /opt/airflow/dags/kafka_batch_to_hdfs_dag.py
[2026-08-06T09:02:06.112+0000] {logging_mixin.py:188} INFO - [2026-08-06T09:02:06.112+0000] {dag.py:3096} INFO - Sync 1 DAGs
[2026-08-06T09:02:06.162+0000] {logging_mixin.py:188} INFO - [2026-08-06T09:02:06.162+0000] {dag.py:3954} INFO - Setting next_dagrun for kafka_batch_to_hdfs to 2026-08-06 09:00:00+00:00, run_after=2026-08-06 09:05:00+00:00
[2026-08-06T09:02:06.215+0000] {processor.py:183} INFO - Processing /opt/airflow/dags/kafka_batch_to_hdfs_dag.py took 0.218 seconds
[2026-08-06T09:02:36.461+0000] {processor.py:161} INFO - Started process (PID=132) to work on /opt/airflow/dags/kafka_batch_to_hdfs_dag.py
[2026-08-06T09:02:36.462+0000] {processor.py:830} INFO - Processing file /opt/airflow/dags/kafka_batch_to_hdfs_dag.py for tasks to queue
[2026-08-06T09:02:36.465+0000] {logging_mixin.py:188} INFO - [2026-08-06T09:02:36.464+0000] {dagbag.py:545} INFO - Filling up the DagBag from /opt/airflow/dags/kafka_batch_to_hdfs_dag.py
[2026-08-06T09:02:36.486+0000] {processor.py:840} INFO - DAG(s) 'kafka_batch_to_hdfs' retrieved from /opt/airflow/dags/kafka_batch_to_hdfs_dag.py
[2026-08-06T09:02:36.524+0000] {logging_mixin.py:188} INFO - [2026-08-06T09:02:36.524+0000] {dag.py:3096} INFO - Sync 1 DAGs
[2026-08-06T09:02:36.554+0000] {logging_mixin.py:188} INFO - [2026-08-06T09:02:36.554+0000] {dag.py:3954} INFO - Setting next_dagrun for kafka_batch_to_hdfs to 2026-08-06 09:00:00+00:00, run_after=2026-08-06 09:05:00+00:00
[2026-08-06T09:02:36.585+0000] {processor.py:183} INFO - Processing /opt/airflow/dags/kafka_batch_to_hdfs_dag.py took 0.130 seconds
[2026-08-06T09:03:06.726+0000] {processor.py:161} INFO - Started process (PID=133) to work on /opt/airflow/dags/kafka_batch_to_hdfs_dag.py
[2026-08-06T09:03:06.728+0000] {processor.py:830} INFO - Processing file /opt/airflow/dags/kafka_batch_to_hdfs_dag.py for tasks to queue
[2026-08-06T09:03:06.731+0000] {logging_mixin.py:188} INFO - [2026-08-06T09:03:06.730+0000] {dagbag.py:545} INFO - Filling up the DagBag from /opt/airflow/dags/kafka_batch_to_hdfs_dag.py
[2026-08-06T09:03:06.751+0000] {processor.py:840} INFO - DAG(s) 'kafka_batch_to_hdfs' retrieved from /opt/airflow/dags/kafka_batch_to_hdfs_dag.py
[2026-08-06T09:03:06.783+0000] {logging_mixin.py:188} INFO - [2026-08-06T09:03:06.783+0000] {dag.py:3096} INFO - Sync 1 DAGs
[2026-08-06T09:03:06.813+0000] {logging_mixin.py:188} INFO - [2026-08-06T09:03:06.812+0000] {dag.py:3954} INFO - Setting next_dagrun for kafka_batch_to_hdfs to 2026-08-06 09:00:00+00:00, run_after=2026-08-06 09:05:00+00:00
[2026-08-06T09:03:06.849+0000] {processor.py:183} INFO - Processing /opt/airflow/dags/kafka_batch_to_hdfs_dag.py took 0.131 seconds
[2026-08-06T09:03:37.078+0000] {processor.py:161} INFO - Started process (PID=134) to work on /opt/airflow/dags/kafka_batch_to_hdfs_dag.py
[2026-08-06T09:03:37.079+0000] {processor.py:830} INFO - Processing file /opt/airflow/dags/kafka_batch_to_hdfs_dag.py for tasks to queue
[2026-08-06T09:03:37.082+0000] {logging_mixin.py:188} INFO - [2026-08-06T09:03:37.081+0000] {dagbag.py:545} INFO - Filling up the DagBag from /opt/airflow/dags/kafka_batch_to_hdfs_dag.py
[2026-08-06T09:03:37.099+0000] {processor.py:840} INFO - DAG(s) 'kafka_batch_to_hdfs' retrieved from /opt/airflow/dags/kafka_batch_to_hdfs_dag.py
[2026-08-06T09:03:37.128+0000] {logging_mixin.py:188} INFO - [2026-08-06T09:03:37.128+0000] {dag.py:3096} INFO - Sync 1 DAGs
[2026-08-06T09:03:37.152+0000] {logging_mixin.py:188} INFO - [2026-08-06T09:03:37.152+0000] {dag.py:3954} INFO - Setting next_dagrun for kafka_batch_to_hdfs to 2026-08-06 09:00:00+00:00, run_after=2026-08-06 09:05:00+00:00
[2026-08-06T09:03:37.274+0000] {processor.py:183} INFO - Processing /opt/airflow/dags/kafka_batch_to_hdfs_dag.py took 0.202 seconds
[2026-08-06T09:04:07.367+0000] {processor.py:161} INFO - Started process (PID=135) to work on /opt/airflow/dags/kafka_batch_to_hdfs_dag.py
[2026-08-06T09:04:07.368+0000] {processor.py:830} INFO - Processing file /opt/airflow/dags/kafka_batch_to_hdfs_dag.py for tasks to queue
[2026-08-06T09:04:07.372+0000] {logging_mixin.py:188} INFO - [2026-08-06T09:04:07.371+0000] {dagbag.py:545} INFO - Filling up the DagBag from /opt/airflow/dags/kafka_batch_to_hdfs_dag.py
[2026-08-06T09:04:07.393+0000] {processor.py:840} INFO - DAG(s) 'kafka_batch_to_hdfs' retrieved from /opt/airflow/dags/kafka_batch_to_hdfs_dag.py
[2026-08-06T09:04:07.423+0000] {logging_mixin.py:188} INFO - [2026-08-06T09:04:07.423+0000] {dag.py:3096} INFO - Sync 1 DAGs
[2026-08-06T09:04:07.448+0000] {logging_mixin.py:188} INFO - [2026-08-06T09:04:07.448+0000] {dag.py:3954} INFO - Setting next_dagrun for kafka_batch_to_hdfs to 2026-08-06 09:00:00+00:00, run_after=2026-08-06 09:05:00+00:00
[2026-08-06T09:04:07.482+0000] {processor.py:183} INFO - Processing /opt/airflow/dags/kafka_batch_to_hdfs_dag.py took 0.122 seconds
[2026-08-06T09:04:37.581+0000] {processor.py:161} INFO - Started process (PID=136) to work on /opt/airflow/dags/kafka_batch_to_hdfs_dag.py
[2026-08-06T09:04:37.583+0000] {processor.py:830} INFO - Processing file /opt/airflow/dags/kafka_batch_to_hdfs_dag.py for tasks to queue
[2026-08-06T09:04:37.585+0000] {logging_mixin.py:188} INFO - [2026-08-06T09:04:37.585+0000] {dagbag.py:545} INFO - Filling up the DagBag from /opt/airflow/dags/kafka_batch_to_hdfs_dag.py
[2026-08-06T09:04:37.605+0000] {processor.py:840} INFO - DAG(s) 'kafka_batch_to_hdfs' retrieved from /opt/airflow/dags/kafka_batch_to_hdfs_dag.py
[2026-08-06T09:04:37.640+0000] {logging_mixin.py:188} INFO - [2026-08-06T09:04:37.640+0000] {dag.py:3096} INFO - Sync 1 DAGs
[2026-08-06T09:04:37.671+0000] {logging_mixin.py:188} INFO - [2026-08-06T09:04:37.671+0000] {dag.py:3954} INFO - Setting next_dagrun for kafka_batch_to_hdfs to 2026-08-06 09:00:00+00:00, run_after=2026-08-06 09:05:00+00:00
[2026-08-06T09:04:37.696+0000] {processor.py:183} INFO - Processing /opt/airflow/dags/kafka_batch_to_hdfs_dag.py took 0.120 seconds
[2026-08-06T09:05:07.901+0000] {processor.py:161} INFO - Started process (PID=146) to work on /opt/airflow/dags/kafka_batch_to_hdfs_dag.py
[2026-08-06T09:05:07.904+0000] {processor.py:830} INFO - Processing file /opt/airflow/dags/kafka_batch_to_hdfs_dag.py for tasks to queue
[2026-08-06T09:05:07.920+0000] {logging_mixin.py:188} INFO - [2026-08-06T09:05:07.919+0000] {dagbag.py:545} INFO - Filling up the DagBag from /opt/airflow/dags/kafka_batch_to_hdfs_dag.py
[2026-08-06T09:05:07.978+0000] {processor.py:840} INFO - DAG(s) 'kafka_batch_to_hdfs' retrieved from /opt/airflow/dags/kafka_batch_to_hdfs_dag.py
[2026-08-06T09:05:08.062+0000] {logging_mixin.py:188} INFO - [2026-08-06T09:05:08.061+0000] {dag.py:3096} INFO - Sync 1 DAGs
[2026-08-06T09:05:08.119+0000] {logging_mixin.py:188} INFO - [2026-08-06T09:05:08.119+0000] {dag.py:3954} INFO - Setting next_dagrun for kafka_batch_to_hdfs to 2026-08-06 09:05:00+00:00, run_after=2026-08-06 09:10:00+00:00
[2026-08-06T09:05:08.172+0000] {processor.py:183} INFO - Processing /opt/airflow/dags/kafka_batch_to_hdfs_dag.py took 0.285 seconds
[2026-08-06T09:05:38.407+0000] {processor.py:161} INFO - Started process (PID=147) to work on /opt/airflow/dags/kafka_batch_to_hdfs_dag.py
[2026-08-06T09:05:38.408+0000] {processor.py:830} INFO - Processing file /opt/airflow/dags/kafka_batch_to_hdfs_dag.py for tasks to queue
[2026-08-06T09:05:38.411+0000] {logging_mixin.py:188} INFO - [2026-08-06T09:05:38.410+0000] {dagbag.py:545} INFO - Filling up the DagBag from /opt/airflow/dags/kafka_batch_to_hdfs_dag.py
[2026-08-06T09:05:38.431+0000] {processor.py:840} INFO - DAG(s) 'kafka_batch_to_hdfs' retrieved from /opt/airflow/dags/kafka_batch_to_hdfs_dag.py
[2026-08-06T09:05:38.471+0000] {logging_mixin.py:188} INFO - [2026-08-06T09:05:38.471+0000] {dag.py:3096} INFO - Sync 1 DAGs
[2026-08-06T09:05:38.502+0000] {logging_mixin.py:188} INFO - [2026-08-06T09:05:38.502+0000] {dag.py:3954} INFO - Setting next_dagrun for kafka_batch_to_hdfs to 2026-08-06 09:05:00+00:00, run_after=2026-08-06 09:10:00+00:00
[2026-08-06T09:05:38.532+0000] {processor.py:183} INFO - Processing /opt/airflow/dags/kafka_batch_to_hdfs_dag.py took 0.130 seconds
[2026-08-06T09:06:08.665+0000] {processor.py:161} INFO - Started process (PID=148) to work on /opt/airflow/dags/kafka_batch_to_hdfs_dag.py
[2026-08-06T09:06:08.667+0000] {processor.py:830} INFO - Processing file /opt/airflow/dags/kafka_batch_to_hdfs_dag.py for tasks to queue
[2026-08-06T09:06:08.669+0000] {logging_mixin.py:188} INFO - [2026-08-06T09:06:08.669+0000] {dagbag.py:545} INFO - Filling up the DagBag from /opt/airflow/dags/kafka_batch_to_hdfs_dag.py
[2026-08-06T09:06:08.688+0000] {processor.py:840} INFO - DAG(s) 'kafka_batch_to_hdfs' retrieved from /opt/airflow/dags/kafka_batch_to_hdfs_dag.py
[2026-08-06T09:06:08.719+0000] {logging_mixin.py:188} INFO - [2026-08-06T09:06:08.719+0000] {dag.py:3096} INFO - Sync 1 DAGs
[2026-08-06T09:06:08.751+0000] {logging_mixin.py:188} INFO - [2026-08-06T09:06:08.750+0000] {dag.py:3954} INFO - Setting next_dagrun for kafka_batch_to_hdfs to 2026-08-06 09:05:00+00:00, run_after=2026-08-06 09:10:00+00:00
[2026-08-06T09:06:08.778+0000] {processor.py:183} INFO - Processing /opt/airflow/dags/kafka_batch_to_hdfs_dag.py took 0.119 seconds
[2026-08-06T09:06:39.000+0000] {processor.py:161} INFO - Started process (PID=149) to work on /opt/airflow/dags/kafka_batch_to_hdfs_dag.py
[2026-08-06T09:06:39.007+0000] {processor.py:830} INFO - Processing file /opt/airflow/dags/kafka_batch_to_hdfs_dag.py for tasks to queue
[2026-08-06T09:06:39.018+0000] {logging_mixin.py:188} INFO - [2026-08-06T09:06:39.017+0000] {dagbag.py:545} INFO - Filling up the DagBag from /opt/airflow/dags/kafka_batch_to_hdfs_dag.py
[2026-08-06T09:06:39.087+0000] {processor.py:840} INFO - DAG(s) 'kafka_batch_to_hdfs' retrieved from /opt/airflow/dags/kafka_batch_to_hdfs_dag.py
[2026-08-06T09:06:39.144+0000] {logging_mixin.py:188} INFO - [2026-08-06T09:06:39.144+0000] {dag.py:3096} INFO - Sync 1 DAGs
[2026-08-06T09:06:39.199+0000] {logging_mixin.py:188} INFO - [2026-08-06T09:06:39.198+0000] {dag.py:3954} INFO - Setting next_dagrun for kafka_batch_to_hdfs to 2026-08-06 09:05:00+00:00, run_after=2026-08-06 09:10:00+00:00
[2026-08-06T09:06:39.228+0000] {processor.py:183} INFO - Processing /opt/airflow/dags/kafka_batch_to_hdfs_dag.py took 0.240 seconds
[2026-08-06T09:08:15.862+0000] {processor.py:161} INFO - Started process (PID=52) to work on /opt/airflow/dags/kafka_batch_to_hdfs_dag.py
[2026-08-06T09:08:15.864+0000] {processor.py:830} INFO - Processing file /opt/airflow/dags/kafka_batch_to_hdfs_dag.py for tasks to queue
[2026-08-06T09:08:15.869+0000] {logging_mixin.py:188} INFO - [2026-08-06T09:08:15.868+0000] {dagbag.py:545} INFO - Filling up the DagBag from /opt/airflow/dags/kafka_batch_to_hdfs_dag.py
[2026-08-06T09:08:15.903+0000] {processor.py:840} INFO - DAG(s) 'kafka_batch_to_hdfs' retrieved from /opt/airflow/dags/kafka_batch_to_hdfs_dag.py
[2026-08-06T09:08:16.131+0000] {logging_mixin.py:188} INFO - [2026-08-06T09:08:16.130+0000] {override.py:1829} INFO - Created Permission View: can edit on DAG:kafka_batch_to_hdfs
[2026-08-06T09:08:16.166+0000] {logging_mixin.py:188} INFO - [2026-08-06T09:08:16.166+0000] {override.py:1829} INFO - Created Permission View: can read on DAG:kafka_batch_to_hdfs
[2026-08-06T09:08:16.190+0000] {logging_mixin.py:188} INFO - [2026-08-06T09:08:16.190+0000] {override.py:1829} INFO - Created Permission View: can delete on DAG:kafka_batch_to_hdfs
[2026-08-06T09:08:16.192+0000] {logging_mixin.py:188} INFO - [2026-08-06T09:08:16.192+0000] {dag.py:3096} INFO - Sync 1 DAGs
[2026-08-06T09:08:16.208+0000] {logging_mixin.py:188} INFO - [2026-08-06T09:08:16.208+0000] {dag.py:3118} INFO - Creating ORM DAG for kafka_batch_to_hdfs
[2026-08-06T09:08:16.224+0000] {logging_mixin.py:188} INFO - [2026-08-06T09:08:16.224+0000] {dag.py:3954} INFO - Setting next_dagrun for kafka_batch_to_hdfs to 2026-08-06 09:00:00+00:00, run_after=2026-08-06 09:05:00+00:00
[2026-08-06T09:08:16.256+0000] {processor.py:183} INFO - Processing /opt/airflow/dags/kafka_batch_to_hdfs_dag.py took 0.403 seconds
[2026-08-06T09:08:46.485+0000] {processor.py:161} INFO - Started process (PID=81) to work on /opt/airflow/dags/kafka_batch_to_hdfs_dag.py
[2026-08-06T09:08:46.487+0000] {processor.py:830} INFO - Processing file /opt/airflow/dags/kafka_batch_to_hdfs_dag.py for tasks to queue
[2026-08-06T09:08:46.489+0000] {logging_mixin.py:188} INFO - [2026-08-06T09:08:46.489+0000] {dagbag.py:545} INFO - Filling up the DagBag from /opt/airflow/dags/kafka_batch_to_hdfs_dag.py
[2026-08-06T09:08:46.511+0000] {processor.py:840} INFO - DAG(s) 'kafka_batch_to_hdfs' retrieved from /opt/airflow/dags/kafka_batch_to_hdfs_dag.py
[2026-08-06T09:08:46.556+0000] {logging_mixin.py:188} INFO - [2026-08-06T09:08:46.556+0000] {dag.py:3096} INFO - Sync 1 DAGs
[2026-08-06T09:08:46.590+0000] {logging_mixin.py:188} INFO - [2026-08-06T09:08:46.590+0000] {dag.py:3954} INFO - Setting next_dagrun for kafka_batch_to_hdfs to 2026-08-06 09:05:00+00:00, run_after=2026-08-06 09:10:00+00:00
[2026-08-06T09:08:46.621+0000] {processor.py:183} INFO - Processing /opt/airflow/dags/kafka_batch_to_hdfs_dag.py took 0.141 seconds
[2026-08-06T09:09:16.810+0000] {processor.py:161} INFO - Started process (PID=82) to work on /opt/airflow/dags/kafka_batch_to_hdfs_dag.py
[2026-08-06T09:09:16.811+0000] {processor.py:830} INFO - Processing file /opt/airflow/dags/kafka_batch_to_hdfs_dag.py for tasks to queue
[2026-08-06T09:09:16.815+0000] {logging_mixin.py:188} INFO - [2026-08-06T09:09:16.814+0000] {dagbag.py:545} INFO - Filling up the DagBag from /opt/airflow/dags/kafka_batch_to_hdfs_dag.py
[2026-08-06T09:09:16.836+0000] {processor.py:840} INFO - DAG(s) 'kafka_batch_to_hdfs' retrieved from /opt/airflow/dags/kafka_batch_to_hdfs_dag.py
[2026-08-06T09:09:16.870+0000] {logging_mixin.py:188} INFO - [2026-08-06T09:09:16.870+0000] {dag.py:3096} INFO - Sync 1 DAGs
[2026-08-06T09:09:16.896+0000] {logging_mixin.py:188} INFO - [2026-08-06T09:09:16.895+0000] {dag.py:3954} INFO - Setting next_dagrun for kafka_batch_to_hdfs to 2026-08-06 09:05:00+00:00, run_after=2026-08-06 09:10:00+00:00
[2026-08-06T09:09:16.923+0000] {processor.py:183} INFO - Processing /opt/airflow/dags/kafka_batch_to_hdfs_dag.py took 0.121 seconds
[2026-08-06T09:09:47.006+0000] {processor.py:161} INFO - Started process (PID=83) to work on /opt/airflow/dags/kafka_batch_to_hdfs_dag.py
[2026-08-06T09:09:47.008+0000] {processor.py:830} INFO - Processing file /opt/airflow/dags/kafka_batch_to_hdfs_dag.py for tasks to queue
[2026-08-06T09:09:47.011+0000] {logging_mixin.py:188} INFO - [2026-08-06T09:09:47.011+0000] {dagbag.py:545} INFO - Filling up the DagBag from /opt/airflow/dags/kafka_batch_to_hdfs_dag.py
[2026-08-06T09:09:47.036+0000] {processor.py:840} INFO - DAG(s) 'kafka_batch_to_hdfs' retrieved from /opt/airflow/dags/kafka_batch_to_hdfs_dag.py
[2026-08-06T09:09:47.080+0000] {logging_mixin.py:188} INFO - [2026-08-06T09:09:47.079+0000] {dag.py:3096} INFO - Sync 1 DAGs
[2026-08-06T09:09:47.115+0000] {logging_mixin.py:188} INFO - [2026-08-06T09:09:47.115+0000] {dag.py:3954} INFO - Setting next_dagrun for kafka_batch_to_hdfs to 2026-08-06 09:05:00+00:00, run_after=2026-08-06 09:10:00+00:00
[2026-08-06T09:09:47.143+0000] {processor.py:183} INFO - Processing /opt/airflow/dags/kafka_batch_to_hdfs_dag.py took 0.144 seconds
[2026-08-06T09:10:17.505+0000] {processor.py:161} INFO - Started process (PID=94) to work on /opt/airflow/dags/kafka_batch_to_hdfs_dag.py
[2026-08-06T09:10:17.507+0000] {processor.py:830} INFO - Processing file /opt/airflow/dags/kafka_batch_to_hdfs_dag.py for tasks to queue
[2026-08-06T09:10:17.515+0000] {logging_mixin.py:188} INFO - [2026-08-06T09:10:17.514+0000] {dagbag.py:545} INFO - Filling up the DagBag from /opt/airflow/dags/kafka_batch_to_hdfs_dag.py
[2026-08-06T09:10:17.592+0000] {processor.py:840} INFO - DAG(s) 'kafka_batch_to_hdfs' retrieved from /opt/airflow/dags/kafka_batch_to_hdfs_dag.py
[2026-08-06T09:10:17.651+0000] {logging_mixin.py:188} INFO - [2026-08-06T09:10:17.650+0000] {dag.py:3096} INFO - Sync 1 DAGs
[2026-08-06T09:10:17.690+0000] {logging_mixin.py:188} INFO - [2026-08-06T09:10:17.690+0000] {dag.py:3954} INFO - Setting next_dagrun for kafka_batch_to_hdfs to 2026-08-06 09:10:00+00:00, run_after=2026-08-06 09:15:00+00:00
[2026-08-06T09:10:17.727+0000] {processor.py:183} INFO - Processing /opt/airflow/dags/kafka_batch_to_hdfs_dag.py took 0.233 seconds
[2026-08-06T09:10:47.978+0000] {processor.py:161} INFO - Started process (PID=95) to work on /opt/airflow/dags/kafka_batch_to_hdfs_dag.py
[2026-08-06T09:10:47.980+0000] {processor.py:830} INFO - Processing file /opt/airflow/dags/kafka_batch_to_hdfs_dag.py for tasks to queue
[2026-08-06T09:10:47.984+0000] {logging_mixin.py:188} INFO - [2026-08-06T09:10:47.983+0000] {dagbag.py:545} INFO - Filling up the DagBag from /opt/airflow/dags/kafka_batch_to_hdfs_dag.py
[2026-08-06T09:10:48.011+0000] {processor.py:840} INFO - DAG(s) 'kafka_batch_to_hdfs' retrieved from /opt/airflow/dags/kafka_batch_to_hdfs_dag.py
[2026-08-06T09:10:48.046+0000] {logging_mixin.py:188} INFO - [2026-08-06T09:10:48.046+0000] {dag.py:3096} INFO - Sync 1 DAGs
[2026-08-06T09:10:48.070+0000] {logging_mixin.py:188} INFO - [2026-08-06T09:10:48.070+0000] {dag.py:3954} INFO - Setting next_dagrun for kafka_batch_to_hdfs to 2026-08-06 09:10:00+00:00, run_after=2026-08-06 09:15:00+00:00
[2026-08-06T09:10:48.093+0000] {processor.py:183} INFO - Processing /opt/airflow/dags/kafka_batch_to_hdfs_dag.py took 0.122 seconds
[2026-08-06T09:11:18.166+0000] {processor.py:161} INFO - Started process (PID=96) to work on /opt/airflow/dags/kafka_batch_to_hdfs_dag.py
[2026-08-06T09:11:18.167+0000] {processor.py:830} INFO - Processing file /opt/airflow/dags/kafka_batch_to_hdfs_dag.py for tasks to queue
[2026-08-06T09:11:18.170+0000] {logging_mixin.py:188} INFO - [2026-08-06T09:11:18.170+0000] {dagbag.py:545} INFO - Filling up the DagBag from /opt/airflow/dags/kafka_batch_to_hdfs_dag.py
[2026-08-06T09:11:18.188+0000] {processor.py:840} INFO - DAG(s) 'kafka_batch_to_hdfs' retrieved from /opt/airflow/dags/kafka_batch_to_hdfs_dag.py
[2026-08-06T09:11:18.215+0000] {logging_mixin.py:188} INFO - [2026-08-06T09:11:18.215+0000] {dag.py:3096} INFO - Sync 1 DAGs
[2026-08-06T09:11:18.237+0000] {logging_mixin.py:188} INFO - [2026-08-06T09:11:18.237+0000] {dag.py:3954} INFO - Setting next_dagrun for kafka_batch_to_hdfs to 2026-08-06 09:10:00+00:00, run_after=2026-08-06 09:15:00+00:00
[2026-08-06T09:11:18.272+0000] {processor.py:183} INFO - Processing /opt/airflow/dags/kafka_batch_to_hdfs_dag.py took 0.111 seconds
[2026-08-06T09:11:48.384+0000] {processor.py:161} INFO - Started process (PID=97) to work on /opt/airflow/dags/kafka_batch_to_hdfs_dag.py
[2026-08-06T09:11:48.385+0000] {processor.py:830} INFO - Processing file /opt/airflow/dags/kafka_batch_to_hdfs_dag.py for tasks to queue
[2026-08-06T09:11:48.389+0000] {logging_mixin.py:188} INFO - [2026-08-06T09:11:48.388+0000] {dagbag.py:545} INFO - Filling up the DagBag from /opt/airflow/dags/kafka_batch_to_hdfs_dag.py
[2026-08-06T09:11:48.410+0000] {processor.py:840} INFO - DAG(s) 'kafka_batch_to_hdfs' retrieved from /opt/airflow/dags/kafka_batch_to_hdfs_dag.py
[2026-08-06T09:11:48.445+0000] {logging_mixin.py:188} INFO - [2026-08-06T09:11:48.445+0000] {dag.py:3096} INFO - Sync 1 DAGs
[2026-08-06T09:11:48.474+0000] {logging_mixin.py:188} INFO - [2026-08-06T09:11:48.474+0000] {dag.py:3954} INFO - Setting next_dagrun for kafka_batch_to_hdfs to 2026-08-06 09:10:00+00:00, run_after=2026-08-06 09:15:00+00:00
[2026-08-06T09:11:48.504+0000] {processor.py:183} INFO - Processing /opt/airflow/dags/kafka_batch_to_hdfs_dag.py took 0.128 seconds
[2026-08-06T09:12:18.706+0000] {processor.py:161} INFO - Started process (PID=98) to work on /opt/airflow/dags/kafka_batch_to_hdfs_dag.py
[2026-08-06T09:12:18.709+0000] {processor.py:830} INFO - Processing file /opt/airflow/dags/kafka_batch_to_hdfs_dag.py for tasks to queue
[2026-08-06T09:12:18.718+0000] {logging_mixin.py:188} INFO - [2026-08-06T09:12:18.717+0000] {dagbag.py:545} INFO - Filling up the DagBag from /opt/airflow/dags/kafka_batch_to_hdfs_dag.py
[2026-08-06T09:12:18.748+0000] {processor.py:840} INFO - DAG(s) 'kafka_batch_to_hdfs' retrieved from /opt/airflow/dags/kafka_batch_to_hdfs_dag.py
[2026-08-06T09:12:18.786+0000] {logging_mixin.py:188} INFO - [2026-08-06T09:12:18.785+0000] {dag.py:3096} INFO - Sync 1 DAGs
[2026-08-06T09:12:18.812+0000] {logging_mixin.py:188} INFO - [2026-08-06T09:12:18.811+0000] {dag.py:3954} INFO - Setting next_dagrun for kafka_batch_to_hdfs to 2026-08-06 09:10:00+00:00, run_after=2026-08-06 09:15:00+00:00
[2026-08-06T09:12:18.837+0000] {processor.py:183} INFO - Processing /opt/airflow/dags/kafka_batch_to_hdfs_dag.py took 0.142 seconds
[2026-08-06T09:12:48.917+0000] {processor.py:161} INFO - Started process (PID=99) to work on /opt/airflow/dags/kafka_batch_to_hdfs_dag.py
[2026-08-06T09:12:48.918+0000] {processor.py:830} INFO - Processing file /opt/airflow/dags/kafka_batch_to_hdfs_dag.py for tasks to queue
[2026-08-06T09:12:48.920+0000] {logging_mixin.py:188} INFO - [2026-08-06T09:12:48.920+0000] {dagbag.py:545} INFO - Filling up the DagBag from /opt/airflow/dags/kafka_batch_to_hdfs_dag.py
[2026-08-06T09:12:48.938+0000] {processor.py:840} INFO - DAG(s) 'kafka_batch_to_hdfs' retrieved from /opt/airflow/dags/kafka_batch_to_hdfs_dag.py
[2026-08-06T09:12:48.966+0000] {logging_mixin.py:188} INFO - [2026-08-06T09:12:48.965+0000] {dag.py:3096} INFO - Sync 1 DAGs
[2026-08-06T09:12:48.987+0000] {logging_mixin.py:188} INFO - [2026-08-06T09:12:48.987+0000] {dag.py:3954} INFO - Setting next_dagrun for kafka_batch_to_hdfs to 2026-08-06 09:10:00+00:00, run_after=2026-08-06 09:15:00+00:00
[2026-08-06T09:12:49.014+0000] {processor.py:183} INFO - Processing /opt/airflow/dags/kafka_batch_to_hdfs_dag.py took 0.103 seconds
[2026-08-06T09:13:19.296+0000] {processor.py:161} INFO - Started process (PID=100) to work on /opt/airflow/dags/kafka_batch_to_hdfs_dag.py
[2026-08-06T09:13:19.297+0000] {processor.py:830} INFO - Processing file /opt/airflow/dags/kafka_batch_to_hdfs_dag.py for tasks to queue
[2026-08-06T09:13:19.300+0000] {logging_mixin.py:188} INFO - [2026-08-06T09:13:19.299+0000] {dagbag.py:545} INFO - Filling up the DagBag from /opt/airflow/dags/kafka_batch_to_hdfs_dag.py
[2026-08-06T09:13:19.317+0000] {processor.py:840} INFO - DAG(s) 'kafka_batch_to_hdfs' retrieved from /opt/airflow/dags/kafka_batch_to_hdfs_dag.py
[2026-08-06T09:13:19.355+0000] {logging_mixin.py:188} INFO - [2026-08-06T09:13:19.355+0000] {dag.py:3096} INFO - Sync 1 DAGs
[2026-08-06T09:13:19.388+0000] {logging_mixin.py:188} INFO - [2026-08-06T09:13:19.388+0000] {dag.py:3954} INFO - Setting next_dagrun for kafka_batch_to_hdfs to 2026-08-06 09:10:00+00:00, run_after=2026-08-06 09:15:00+00:00
[2026-08-06T09:13:19.415+0000] {processor.py:183} INFO - Processing /opt/airflow/dags/kafka_batch_to_hdfs_dag.py took 0.124 seconds
[2026-08-06T09:13:49.520+0000] {processor.py:161} INFO - Started process (PID=101) to work on /opt/airflow/dags/kafka_batch_to_hdfs_dag.py
[2026-08-06T09:13:49.521+0000] {processor.py:830} INFO - Processing file /opt/airflow/dags/kafka_batch_to_hdfs_dag.py for tasks to queue
[2026-08-06T09:13:49.525+0000] {logging_mixin.py:188} INFO - [2026-08-06T09:13:49.524+0000] {dagbag.py:545} INFO - Filling up the DagBag from /opt/airflow/dags/kafka_batch_to_hdfs_dag.py
[2026-08-06T09:13:49.556+0000] {processor.py:840} INFO - DAG(s) 'kafka_batch_to_hdfs' retrieved from /opt/airflow/dags/kafka_batch_to_hdfs_dag.py
[2026-08-06T09:13:49.608+0000] {logging_mixin.py:188} INFO - [2026-08-06T09:13:49.608+0000] {dag.py:3096} INFO - Sync 1 DAGs
[2026-08-06T09:13:49.643+0000] {logging_mixin.py:188} INFO - [2026-08-06T09:13:49.643+0000] {dag.py:3954} INFO - Setting next_dagrun for kafka_batch_to_hdfs to 2026-08-06 09:10:00+00:00, run_after=2026-08-06 09:15:00+00:00
[2026-08-06T09:13:49.674+0000] {processor.py:183} INFO - Processing /opt/airflow/dags/kafka_batch_to_hdfs_dag.py took 0.161 seconds
[2026-08-06T09:14:19.755+0000] {processor.py:161} INFO - Started process (PID=102) to work on /opt/airflow/dags/kafka_batch_to_hdfs_dag.py
[2026-08-06T09:14:19.756+0000] {processor.py:830} INFO - Processing file /opt/airflow/dags/kafka_batch_to_hdfs_dag.py for tasks to queue
[2026-08-06T09:14:19.759+0000] {logging_mixin.py:188} INFO - [2026-08-06T09:14:19.758+0000] {dagbag.py:545} INFO - Filling up the DagBag from /opt/airflow/dags/kafka_batch_to_hdfs_dag.py
[2026-08-06T09:14:19.778+0000] {processor.py:840} INFO - DAG(s) 'kafka_batch_to_hdfs' retrieved from /opt/airflow/dags/kafka_batch_to_hdfs_dag.py
[2026-08-06T09:14:19.813+0000] {logging_mixin.py:188} INFO - [2026-08-06T09:14:19.813+0000] {dag.py:3096} INFO - Sync 1 DAGs
[2026-08-06T09:14:19.842+0000] {logging_mixin.py:188} INFO - [2026-08-06T09:14:19.842+0000] {dag.py:3954} INFO - Setting next_dagrun for kafka_batch_to_hdfs to 2026-08-06 09:10:00+00:00, run_after=2026-08-06 09:15:00+00:00
[2026-08-06T09:14:19.871+0000] {processor.py:183} INFO - Processing /opt/airflow/dags/kafka_batch_to_hdfs_dag.py took 0.122 seconds
[2026-08-06T09:14:49.919+0000] {processor.py:161} INFO - Started process (PID=103) to work on /opt/airflow/dags/kafka_batch_to_hdfs_dag.py
[2026-08-06T09:14:49.920+0000] {processor.py:830} INFO - Processing file /opt/airflow/dags/kafka_batch_to_hdfs_dag.py for tasks to queue
[2026-08-06T09:14:49.924+0000] {logging_mixin.py:188} INFO - [2026-08-06T09:14:49.923+0000] {dagbag.py:545} INFO - Filling up the DagBag from /opt/airflow/dags/kafka_batch_to_hdfs_dag.py
[2026-08-06T09:14:49.943+0000] {processor.py:840} INFO - DAG(s) 'kafka_batch_to_hdfs' retrieved from /opt/airflow/dags/kafka_batch_to_hdfs_dag.py
[2026-08-06T09:14:49.972+0000] {logging_mixin.py:188} INFO - [2026-08-06T09:14:49.972+0000] {dag.py:3096} INFO - Sync 1 DAGs
[2026-08-06T09:14:50.000+0000] {logging_mixin.py:188} INFO - [2026-08-06T09:14:49.999+0000] {dag.py:3954} INFO - Setting next_dagrun for kafka_batch_to_hdfs to 2026-08-06 09:10:00+00:00, run_after=2026-08-06 09:15:00+00:00
[2026-08-06T09:14:50.026+0000] {processor.py:183} INFO - Processing /opt/airflow/dags/kafka_batch_to_hdfs_dag.py took 0.112 seconds
[2026-08-06T09:15:20.291+0000] {processor.py:161} INFO - Started process (PID=113) to work on /opt/airflow/dags/kafka_batch_to_hdfs_dag.py
[2026-08-06T09:15:20.292+0000] {processor.py:830} INFO - Processing file /opt/airflow/dags/kafka_batch_to_hdfs_dag.py for tasks to queue
[2026-08-06T09:15:20.296+0000] {logging_mixin.py:188} INFO - [2026-08-06T09:15:20.295+0000] {dagbag.py:545} INFO - Filling up the DagBag from /opt/airflow/dags/kafka_batch_to_hdfs_dag.py
[2026-08-06T09:15:20.318+0000] {processor.py:840} INFO - DAG(s) 'kafka_batch_to_hdfs' retrieved from /opt/airflow/dags/kafka_batch_to_hdfs_dag.py
[2026-08-06T09:15:20.356+0000] {logging_mixin.py:188} INFO - [2026-08-06T09:15:20.356+0000] {dag.py:3096} INFO - Sync 1 DAGs
[2026-08-06T09:15:20.385+0000] {logging_mixin.py:188} INFO - [2026-08-06T09:15:20.385+0000] {dag.py:3954} INFO - Setting next_dagrun for kafka_batch_to_hdfs to 2026-08-06 09:15:00+00:00, run_after=2026-08-06 09:20:00+00:00
[2026-08-06T09:15:20.410+0000] {processor.py:183} INFO - Processing /opt/airflow/dags/kafka_batch_to_hdfs_dag.py took 0.125 seconds
[2026-08-06T09:15:50.503+0000] {processor.py:161} INFO - Started process (PID=114) to work on /opt/airflow/dags/kafka_batch_to_hdfs_dag.py
[2026-08-06T09:15:50.505+0000] {processor.py:830} INFO - Processing file /opt/airflow/dags/kafka_batch_to_hdfs_dag.py for tasks to queue
[2026-08-06T09:15:50.507+0000] {logging_mixin.py:188} INFO - [2026-08-06T09:15:50.507+0000] {dagbag.py:545} INFO - Filling up the DagBag from /opt/airflow/dags/kafka_batch_to_hdfs_dag.py
[2026-08-06T09:15:50.525+0000] {processor.py:840} INFO - DAG(s) 'kafka_batch_to_hdfs' retrieved from /opt/airflow/dags/kafka_batch_to_hdfs_dag.py
[2026-08-06T09:15:50.555+0000] {logging_mixin.py:188} INFO - [2026-08-06T09:15:50.555+0000] {dag.py:3096} INFO - Sync 1 DAGs
[2026-08-06T09:15:50.598+0000] {logging_mixin.py:188} INFO - [2026-08-06T09:15:50.598+0000] {dag.py:3954} INFO - Setting next_dagrun for kafka_batch_to_hdfs to 2026-08-06 09:15:00+00:00, run_after=2026-08-06 09:20:00+00:00
[2026-08-06T09:15:50.634+0000] {processor.py:183} INFO - Processing /opt/airflow/dags/kafka_batch_to_hdfs_dag.py took 0.136 seconds
[2026-08-06T09:16:20.850+0000] {processor.py:161} INFO - Started process (PID=115) to work on /opt/airflow/dags/kafka_batch_to_hdfs_dag.py
[2026-08-06T09:16:20.852+0000] {processor.py:830} INFO - Processing file /opt/airflow/dags/kafka_batch_to_hdfs_dag.py for tasks to queue
[2026-08-06T09:16:20.855+0000] {logging_mixin.py:188} INFO - [2026-08-06T09:16:20.854+0000] {dagbag.py:545} INFO - Filling up the DagBag from /opt/airflow/dags/kafka_batch_to_hdfs_dag.py
[2026-08-06T09:16:20.879+0000] {processor.py:840} INFO - DAG(s) 'kafka_batch_to_hdfs' retrieved from /opt/airflow/dags/kafka_batch_to_hdfs_dag.py
[2026-08-06T09:16:20.912+0000] {logging_mixin.py:188} INFO - [2026-08-06T09:16:20.912+0000] {dag.py:3096} INFO - Sync 1 DAGs
[2026-08-06T09:16:20.943+0000] {logging_mixin.py:188} INFO - [2026-08-06T09:16:20.942+0000] {dag.py:3954} INFO - Setting next_dagrun for kafka_batch_to_hdfs to 2026-08-06 09:15:00+00:00, run_after=2026-08-06 09:20:00+00:00
[2026-08-06T09:16:20.974+0000] {processor.py:183} INFO - Processing /opt/airflow/dags/kafka_batch_to_hdfs_dag.py took 0.129 seconds
[2026-08-06T09:16:51.044+0000] {processor.py:161} INFO - Started process (PID=116) to work on /opt/airflow/dags/kafka_batch_to_hdfs_dag.py
[2026-08-06T09:16:51.045+0000] {processor.py:830} INFO - Processing file /opt/airflow/dags/kafka_batch_to_hdfs_dag.py for tasks to queue
[2026-08-06T09:16:51.048+0000] {logging_mixin.py:188} INFO - [2026-08-06T09:16:51.047+0000] {dagbag.py:545} INFO - Filling up the DagBag from /opt/airflow/dags/kafka_batch_to_hdfs_dag.py
[2026-08-06T09:16:51.069+0000] {processor.py:840} INFO - DAG(s) 'kafka_batch_to_hdfs' retrieved from /opt/airflow/dags/kafka_batch_to_hdfs_dag.py
[2026-08-06T09:16:51.102+0000] {logging_mixin.py:188} INFO - [2026-08-06T09:16:51.101+0000] {dag.py:3096} INFO - Sync 1 DAGs
[2026-08-06T09:16:51.130+0000] {logging_mixin.py:188} INFO - [2026-08-06T09:16:51.130+0000] {dag.py:3954} INFO - Setting next_dagrun for kafka_batch_to_hdfs to 2026-08-06 09:15:00+00:00, run_after=2026-08-06 09:20:00+00:00
[2026-08-06T09:16:51.162+0000] {processor.py:183} INFO - Processing /opt/airflow/dags/kafka_batch_to_hdfs_dag.py took 0.123 seconds
[2026-08-06T09:17:21.379+0000] {processor.py:161} INFO - Started process (PID=117) to work on /opt/airflow/dags/kafka_batch_to_hdfs_dag.py
[2026-08-06T09:17:21.380+0000] {processor.py:830} INFO - Processing file /opt/airflow/dags/kafka_batch_to_hdfs_dag.py for tasks to queue
[2026-08-06T09:17:21.383+0000] {logging_mixin.py:188} INFO - [2026-08-06T09:17:21.382+0000] {dagbag.py:545} INFO - Filling up the DagBag from /opt/airflow/dags/kafka_batch_to_hdfs_dag.py
[2026-08-06T09:17:21.407+0000] {processor.py:840} INFO - DAG(s) 'kafka_batch_to_hdfs' retrieved from /opt/airflow/dags/kafka_batch_to_hdfs_dag.py
[2026-08-06T09:17:21.444+0000] {logging_mixin.py:188} INFO - [2026-08-06T09:17:21.444+0000] {dag.py:3096} INFO - Sync 1 DAGs
[2026-08-06T09:17:21.474+0000] {logging_mixin.py:188} INFO - [2026-08-06T09:17:21.473+0000] {dag.py:3954} INFO - Setting next_dagrun for kafka_batch_to_hdfs to 2026-08-06 09:15:00+00:00, run_after=2026-08-06 09:20:00+00:00
[2026-08-06T09:17:21.501+0000] {processor.py:183} INFO - Processing /opt/airflow/dags/kafka_batch_to_hdfs_dag.py took 0.129 seconds
[2026-08-06T09:17:51.600+0000] {processor.py:161} INFO - Started process (PID=118) to work on /opt/airflow/dags/kafka_batch_to_hdfs_dag.py
[2026-08-06T09:17:51.602+0000] {processor.py:830} INFO - Processing file /opt/airflow/dags/kafka_batch_to_hdfs_dag.py for tasks to queue
[2026-08-06T09:17:51.604+0000] {logging_mixin.py:188} INFO - [2026-08-06T09:17:51.604+0000] {dagbag.py:545} INFO - Filling up the DagBag from /opt/airflow/dags/kafka_batch_to_hdfs_dag.py
[2026-08-06T09:17:51.625+0000] {processor.py:840} INFO - DAG(s) 'kafka_batch_to_hdfs' retrieved from /opt/airflow/dags/kafka_batch_to_hdfs_dag.py
[2026-08-06T09:17:51.657+0000] {logging_mixin.py:188} INFO - [2026-08-06T09:17:51.656+0000] {dag.py:3096} INFO - Sync 1 DAGs
[2026-08-06T09:17:51.683+0000] {logging_mixin.py:188} INFO - [2026-08-06T09:17:51.682+0000] {dag.py:3954} INFO - Setting next_dagrun for kafka_batch_to_hdfs to 2026-08-06 09:15:00+00:00, run_after=2026-08-06 09:20:00+00:00
[2026-08-06T09:17:51.705+0000] {processor.py:183} INFO - Processing /opt/airflow/dags/kafka_batch_to_hdfs_dag.py took 0.111 seconds
[2026-08-06T09:18:21.974+0000] {processor.py:161} INFO - Started process (PID=119) to work on /opt/airflow/dags/kafka_batch_to_hdfs_dag.py
[2026-08-06T09:18:21.975+0000] {processor.py:830} INFO - Processing file /opt/airflow/dags/kafka_batch_to_hdfs_dag.py for tasks to queue
[2026-08-06T09:18:21.978+0000] {logging_mixin.py:188} INFO - [2026-08-06T09:18:21.978+0000] {dagbag.py:545} INFO - Filling up the DagBag from /opt/airflow/dags/kafka_batch_to_hdfs_dag.py
[2026-08-06T09:18:22.000+0000] {processor.py:840} INFO - DAG(s) 'kafka_batch_to_hdfs' retrieved from /opt/airflow/dags/kafka_batch_to_hdfs_dag.py
[2026-08-06T09:18:22.035+0000] {logging_mixin.py:188} INFO - [2026-08-06T09:18:22.035+0000] {dag.py:3096} INFO - Sync 1 DAGs
[2026-08-06T09:18:22.064+0000] {logging_mixin.py:188} INFO - [2026-08-06T09:18:22.064+0000] {dag.py:3954} INFO - Setting next_dagrun for kafka_batch_to_hdfs to 2026-08-06 09:15:00+00:00, run_after=2026-08-06 09:20:00+00:00
[2026-08-06T09:18:22.104+0000] {processor.py:183} INFO - Processing /opt/airflow/dags/kafka_batch_to_hdfs_dag.py took 0.137 seconds
[2026-08-06T09:18:52.155+0000] {processor.py:161} INFO - Started process (PID=120) to work on /opt/airflow/dags/kafka_batch_to_hdfs_dag.py
[2026-08-06T09:18:52.156+0000] {processor.py:830} INFO - Processing file /opt/airflow/dags/kafka_batch_to_hdfs_dag.py for tasks to queue
[2026-08-06T09:18:52.158+0000] {logging_mixin.py:188} INFO - [2026-08-06T09:18:52.158+0000] {dagbag.py:545} INFO - Filling up the DagBag from /opt/airflow/dags/kafka_batch_to_hdfs_dag.py
[2026-08-06T09:18:52.183+0000] {processor.py:840} INFO - DAG(s) 'kafka_batch_to_hdfs' retrieved from /opt/airflow/dags/kafka_batch_to_hdfs_dag.py
[2026-08-06T09:18:52.220+0000] {logging_mixin.py:188} INFO - [2026-08-06T09:18:52.219+0000] {dag.py:3096} INFO - Sync 1 DAGs
[2026-08-06T09:18:52.248+0000] {logging_mixin.py:188} INFO - [2026-08-06T09:18:52.248+0000] {dag.py:3954} INFO - Setting next_dagrun for kafka_batch_to_hdfs to 2026-08-06 09:15:00+00:00, run_after=2026-08-06 09:20:00+00:00
[2026-08-06T09:18:52.277+0000] {processor.py:183} INFO - Processing /opt/airflow/dags/kafka_batch_to_hdfs_dag.py took 0.127 seconds
[2026-08-06T09:19:22.482+0000] {processor.py:161} INFO - Started process (PID=121) to work on /opt/airflow/dags/kafka_batch_to_hdfs_dag.py
[2026-08-06T09:19:22.483+0000] {processor.py:830} INFO - Processing file /opt/airflow/dags/kafka_batch_to_hdfs_dag.py for tasks to queue
[2026-08-06T09:19:22.486+0000] {logging_mixin.py:188} INFO - [2026-08-06T09:19:22.485+0000] {dagbag.py:545} INFO - Filling up the DagBag from /opt/airflow/dags/kafka_batch_to_hdfs_dag.py
[2026-08-06T09:19:22.508+0000] {processor.py:840} INFO - DAG(s) 'kafka_batch_to_hdfs' retrieved from /opt/airflow/dags/kafka_batch_to_hdfs_dag.py
[2026-08-06T09:19:22.541+0000] {logging_mixin.py:188} INFO - [2026-08-06T09:19:22.540+0000] {dag.py:3096} INFO - Sync 1 DAGs
[2026-08-06T09:19:22.569+0000] {logging_mixin.py:188} INFO - [2026-08-06T09:19:22.568+0000] {dag.py:3954} INFO - Setting next_dagrun for kafka_batch_to_hdfs to 2026-08-06 09:15:00+00:00, run_after=2026-08-06 09:20:00+00:00
[2026-08-06T09:19:22.595+0000] {processor.py:183} INFO - Processing /opt/airflow/dags/kafka_batch_to_hdfs_dag.py took 0.119 seconds
[2026-08-06T09:19:52.678+0000] {processor.py:161} INFO - Started process (PID=122) to work on /opt/airflow/dags/kafka_batch_to_hdfs_dag.py
[2026-08-06T09:19:52.680+0000] {processor.py:830} INFO - Processing file /opt/airflow/dags/kafka_batch_to_hdfs_dag.py for tasks to queue
[2026-08-06T09:19:52.683+0000] {logging_mixin.py:188} INFO - [2026-08-06T09:19:52.682+0000] {dagbag.py:545} INFO - Filling up the DagBag from /opt/airflow/dags/kafka_batch_to_hdfs_dag.py
[2026-08-06T09:19:52.703+0000] {processor.py:840} INFO - DAG(s) 'kafka_batch_to_hdfs' retrieved from /opt/airflow/dags/kafka_batch_to_hdfs_dag.py
[2026-08-06T09:19:52.733+0000] {logging_mixin.py:188} INFO - [2026-08-06T09:19:52.733+0000] {dag.py:3096} INFO - Sync 1 DAGs
[2026-08-06T09:19:52.757+0000] {logging_mixin.py:188} INFO - [2026-08-06T09:19:52.757+0000] {dag.py:3954} INFO - Setting next_dagrun for kafka_batch_to_hdfs to 2026-08-06 09:15:00+00:00, run_after=2026-08-06 09:20:00+00:00
[2026-08-06T09:19:52.782+0000] {processor.py:183} INFO - Processing /opt/airflow/dags/kafka_batch_to_hdfs_dag.py took 0.109 seconds
[2026-08-06T09:20:22.995+0000] {processor.py:161} INFO - Started process (PID=132) to work on /opt/airflow/dags/kafka_batch_to_hdfs_dag.py
[2026-08-06T09:20:22.996+0000] {processor.py:830} INFO - Processing file /opt/airflow/dags/kafka_batch_to_hdfs_dag.py for tasks to queue
[2026-08-06T09:20:22.998+0000] {logging_mixin.py:188} INFO - [2026-08-06T09:20:22.998+0000] {dagbag.py:545} INFO - Filling up the DagBag from /opt/airflow/dags/kafka_batch_to_hdfs_dag.py
[2026-08-06T09:20:23.018+0000] {processor.py:840} INFO - DAG(s) 'kafka_batch_to_hdfs' retrieved from /opt/airflow/dags/kafka_batch_to_hdfs_dag.py
[2026-08-06T09:20:23.046+0000] {logging_mixin.py:188} INFO - [2026-08-06T09:20:23.046+0000] {dag.py:3096} INFO - Sync 1 DAGs
[2026-08-06T09:20:23.069+0000] {logging_mixin.py:188} INFO - [2026-08-06T09:20:23.069+0000] {dag.py:3954} INFO - Setting next_dagrun for kafka_batch_to_hdfs to 2026-08-06 09:20:00+00:00, run_after=2026-08-06 09:25:00+00:00
[2026-08-06T09:20:23.094+0000] {processor.py:183} INFO - Processing /opt/airflow/dags/kafka_batch_to_hdfs_dag.py took 0.104 seconds
[2026-08-06T09:20:53.201+0000] {processor.py:161} INFO - Started process (PID=133) to work on /opt/airflow/dags/kafka_batch_to_hdfs_dag.py
[2026-08-06T09:20:53.202+0000] {processor.py:830} INFO - Processing file /opt/airflow/dags/kafka_batch_to_hdfs_dag.py for tasks to queue
[2026-08-06T09:20:53.206+0000] {logging_mixin.py:188} INFO - [2026-08-06T09:20:53.205+0000] {dagbag.py:545} INFO - Filling up the DagBag from /opt/airflow/dags/kafka_batch_to_hdfs_dag.py
[2026-08-06T09:20:53.227+0000] {processor.py:840} INFO - DAG(s) 'kafka_batch_to_hdfs' retrieved from /opt/airflow/dags/kafka_batch_to_hdfs_dag.py
[2026-08-06T09:20:53.276+0000] {logging_mixin.py:188} INFO - [2026-08-06T09:20:53.276+0000] {dag.py:3096} INFO - Sync 1 DAGs
[2026-08-06T09:20:53.311+0000] {logging_mixin.py:188} INFO - [2026-08-06T09:20:53.311+0000] {dag.py:3954} INFO - Setting next_dagrun for kafka_batch_to_hdfs to 2026-08-06 09:20:00+00:00, run_after=2026-08-06 09:25:00+00:00
[2026-08-06T09:20:53.339+0000] {processor.py:183} INFO - Processing /opt/airflow/dags/kafka_batch_to_hdfs_dag.py took 0.146 seconds
[2026-08-06T09:21:23.530+0000] {processor.py:161} INFO - Started process (PID=134) to work on /opt/airflow/dags/kafka_batch_to_hdfs_dag.py
[2026-08-06T09:21:23.532+0000] {processor.py:830} INFO - Processing file /opt/airflow/dags/kafka_batch_to_hdfs_dag.py for tasks to queue
[2026-08-06T09:21:23.534+0000] {logging_mixin.py:188} INFO - [2026-08-06T09:21:23.534+0000] {dagbag.py:545} INFO - Filling up the DagBag from /opt/airflow/dags/kafka_batch_to_hdfs_dag.py
[2026-08-06T09:21:23.554+0000] {processor.py:840} INFO - DAG(s) 'kafka_batch_to_hdfs' retrieved from /opt/airflow/dags/kafka_batch_to_hdfs_dag.py
[2026-08-06T09:21:23.583+0000] {logging_mixin.py:188} INFO - [2026-08-06T09:21:23.583+0000] {dag.py:3096} INFO - Sync 1 DAGs
[2026-08-06T09:21:23.609+0000] {logging_mixin.py:188} INFO - [2026-08-06T09:21:23.609+0000] {dag.py:3954} INFO - Setting next_dagrun for kafka_batch_to_hdfs to 2026-08-06 09:20:00+00:00, run_after=2026-08-06 09:25:00+00:00
[2026-08-06T09:21:23.634+0000] {processor.py:183} INFO - Processing /opt/airflow/dags/kafka_batch_to_hdfs_dag.py took 0.108 seconds
[2026-08-06T09:21:53.813+0000] {processor.py:161} INFO - Started process (PID=135) to work on /opt/airflow/dags/kafka_batch_to_hdfs_dag.py
[2026-08-06T09:21:53.815+0000] {processor.py:830} INFO - Processing file /opt/airflow/dags/kafka_batch_to_hdfs_dag.py for tasks to queue
[2026-08-06T09:21:53.817+0000] {logging_mixin.py:188} INFO - [2026-08-06T09:21:53.817+0000] {dagbag.py:545} INFO - Filling up the DagBag from /opt/airflow/dags/kafka_batch_to_hdfs_dag.py
[2026-08-06T09:21:53.836+0000] {processor.py:840} INFO - DAG(s) 'kafka_batch_to_hdfs' retrieved from /opt/airflow/dags/kafka_batch_to_hdfs_dag.py
[2026-08-06T09:21:53.864+0000] {logging_mixin.py:188} INFO - [2026-08-06T09:21:53.864+0000] {dag.py:3096} INFO - Sync 1 DAGs
[2026-08-06T09:21:53.889+0000] {logging_mixin.py:188} INFO - [2026-08-06T09:21:53.889+0000] {dag.py:3954} INFO - Setting next_dagrun for kafka_batch_to_hdfs to 2026-08-06 09:20:00+00:00, run_after=2026-08-06 09:25:00+00:00
[2026-08-06T09:21:53.927+0000] {processor.py:183} INFO - Processing /opt/airflow/dags/kafka_batch_to_hdfs_dag.py took 0.119 seconds
[2026-08-06T09:22:24.080+0000] {processor.py:161} INFO - Started process (PID=136) to work on /opt/airflow/dags/kafka_batch_to_hdfs_dag.py
[2026-08-06T09:22:24.081+0000] {processor.py:830} INFO - Processing file /opt/airflow/dags/kafka_batch_to_hdfs_dag.py for tasks to queue
[2026-08-06T09:22:24.084+0000] {logging_mixin.py:188} INFO - [2026-08-06T09:22:24.084+0000] {dagbag.py:545} INFO - Filling up the DagBag from /opt/airflow/dags/kafka_batch_to_hdfs_dag.py
[2026-08-06T09:22:24.106+0000] {processor.py:840} INFO - DAG(s) 'kafka_batch_to_hdfs' retrieved from /opt/airflow/dags/kafka_batch_to_hdfs_dag.py
[2026-08-06T09:22:24.133+0000] {logging_mixin.py:188} INFO - [2026-08-06T09:22:24.133+0000] {dag.py:3096} INFO - Sync 1 DAGs
[2026-08-06T09:22:24.161+0000] {logging_mixin.py:188} INFO - [2026-08-06T09:22:24.161+0000] {dag.py:3954} INFO - Setting next_dagrun for kafka_batch_to_hdfs to 2026-08-06 09:20:00+00:00, run_after=2026-08-06 09:25:00+00:00
[2026-08-06T09:22:24.190+0000] {processor.py:183} INFO - Processing /opt/airflow/dags/kafka_batch_to_hdfs_dag.py took 0.116 seconds
[2026-08-06T09:22:54.411+0000] {processor.py:161} INFO - Started process (PID=137) to work on /opt/airflow/dags/kafka_batch_to_hdfs_dag.py
[2026-08-06T09:22:54.412+0000] {processor.py:830} INFO - Processing file /opt/airflow/dags/kafka_batch_to_hdfs_dag.py for tasks to queue
[2026-08-06T09:22:54.414+0000] {logging_mixin.py:188} INFO - [2026-08-06T09:22:54.414+0000] {dagbag.py:545} INFO - Filling up the DagBag from /opt/airflow/dags/kafka_batch_to_hdfs_dag.py
[2026-08-06T09:22:54.435+0000] {processor.py:840} INFO - DAG(s) 'kafka_batch_to_hdfs' retrieved from /opt/airflow/dags/kafka_batch_to_hdfs_dag.py
[2026-08-06T09:22:54.464+0000] {logging_mixin.py:188} INFO - [2026-08-06T09:22:54.464+0000] {dag.py:3096} INFO - Sync 1 DAGs
[2026-08-06T09:22:54.488+0000] {logging_mixin.py:188} INFO - [2026-08-06T09:22:54.488+0000] {dag.py:3954} INFO - Setting next_dagrun for kafka_batch_to_hdfs to 2026-08-06 09:20:00+00:00, run_after=2026-08-06 09:25:00+00:00
[2026-08-06T09:22:54.514+0000] {processor.py:183} INFO - Processing /opt/airflow/dags/kafka_batch_to_hdfs_dag.py took 0.108 seconds
[2026-08-06T09:23:24.644+0000] {processor.py:161} INFO - Started process (PID=138) to work on /opt/airflow/dags/kafka_batch_to_hdfs_dag.py
[2026-08-06T09:23:24.645+0000] {processor.py:830} INFO - Processing file /opt/airflow/dags/kafka_batch_to_hdfs_dag.py for tasks to queue
[2026-08-06T09:23:24.648+0000] {logging_mixin.py:188} INFO - [2026-08-06T09:23:24.648+0000] {dagbag.py:545} INFO - Filling up the DagBag from /opt/airflow/dags/kafka_batch_to_hdfs_dag.py
[2026-08-06T09:23:24.666+0000] {processor.py:840} INFO - DAG(s) 'kafka_batch_to_hdfs' retrieved from /opt/airflow/dags/kafka_batch_to_hdfs_dag.py
[2026-08-06T09:23:24.695+0000] {logging_mixin.py:188} INFO - [2026-08-06T09:23:24.695+0000] {dag.py:3096} INFO - Sync 1 DAGs
[2026-08-06T09:23:24.720+0000] {logging_mixin.py:188} INFO - [2026-08-06T09:23:24.720+0000] {dag.py:3954} INFO - Setting next_dagrun for kafka_batch_to_hdfs to 2026-08-06 09:20:00+00:00, run_after=2026-08-06 09:25:00+00:00
[2026-08-06T09:23:24.743+0000] {processor.py:183} INFO - Processing /opt/airflow/dags/kafka_batch_to_hdfs_dag.py took 0.105 seconds
[2026-08-06T09:23:54.992+0000] {processor.py:161} INFO - Started process (PID=139) to work on /opt/airflow/dags/kafka_batch_to_hdfs_dag.py
[2026-08-06T09:23:54.993+0000] {processor.py:830} INFO - Processing file /opt/airflow/dags/kafka_batch_to_hdfs_dag.py for tasks to queue
[2026-08-06T09:23:54.995+0000] {logging_mixin.py:188} INFO - [2026-08-06T09:23:54.995+0000] {dagbag.py:545} INFO - Filling up the DagBag from /opt/airflow/dags/kafka_batch_to_hdfs_dag.py
[2026-08-06T09:23:55.014+0000] {processor.py:840} INFO - DAG(s) 'kafka_batch_to_hdfs' retrieved from /opt/airflow/dags/kafka_batch_to_hdfs_dag.py
[2026-08-06T09:23:55.046+0000] {logging_mixin.py:188} INFO - [2026-08-06T09:23:55.046+0000] {dag.py:3096} INFO - Sync 1 DAGs
[2026-08-06T09:23:55.069+0000] {logging_mixin.py:188} INFO - [2026-08-06T09:23:55.069+0000] {dag.py:3954} INFO - Setting next_dagrun for kafka_batch_to_hdfs to 2026-08-06 09:20:00+00:00, run_after=2026-08-06 09:25:00+00:00
[2026-08-06T09:23:55.092+0000] {processor.py:183} INFO - Processing /opt/airflow/dags/kafka_batch_to_hdfs_dag.py took 0.105 seconds
[2026-08-06T09:24:25.256+0000] {processor.py:161} INFO - Started process (PID=140) to work on /opt/airflow/dags/kafka_batch_to_hdfs_dag.py
[2026-08-06T09:24:25.257+0000] {processor.py:830} INFO - Processing file /opt/airflow/dags/kafka_batch_to_hdfs_dag.py for tasks to queue
[2026-08-06T09:24:25.259+0000] {logging_mixin.py:188} INFO - [2026-08-06T09:24:25.259+0000] {dagbag.py:545} INFO - Filling up the DagBag from /opt/airflow/dags/kafka_batch_to_hdfs_dag.py
[2026-08-06T09:24:25.276+0000] {processor.py:840} INFO - DAG(s) 'kafka_batch_to_hdfs' retrieved from /opt/airflow/dags/kafka_batch_to_hdfs_dag.py
[2026-08-06T09:24:25.304+0000] {logging_mixin.py:188} INFO - [2026-08-06T09:24:25.304+0000] {dag.py:3096} INFO - Sync 1 DAGs
[2026-08-06T09:24:25.327+0000] {logging_mixin.py:188} INFO - [2026-08-06T09:24:25.327+0000] {dag.py:3954} INFO - Setting next_dagrun for kafka_batch_to_hdfs to 2026-08-06 09:20:00+00:00, run_after=2026-08-06 09:25:00+00:00
[2026-08-06T09:24:25.350+0000] {processor.py:183} INFO - Processing /opt/airflow/dags/kafka_batch_to_hdfs_dag.py took 0.099 seconds
[2026-08-06T09:24:55.552+0000] {processor.py:161} INFO - Started process (PID=141) to work on /opt/airflow/dags/kafka_batch_to_hdfs_dag.py
[2026-08-06T09:24:55.554+0000] {processor.py:830} INFO - Processing file /opt/airflow/dags/kafka_batch_to_hdfs_dag.py for tasks to queue
[2026-08-06T09:24:55.557+0000] {logging_mixin.py:188} INFO - [2026-08-06T09:24:55.557+0000] {dagbag.py:545} INFO - Filling up the DagBag from /opt/airflow/dags/kafka_batch_to_hdfs_dag.py
[2026-08-06T09:24:55.579+0000] {processor.py:840} INFO - DAG(s) 'kafka_batch_to_hdfs' retrieved from /opt/airflow/dags/kafka_batch_to_hdfs_dag.py
[2026-08-06T09:24:55.610+0000] {logging_mixin.py:188} INFO - [2026-08-06T09:24:55.609+0000] {dag.py:3096} INFO - Sync 1 DAGs
[2026-08-06T09:24:55.639+0000] {logging_mixin.py:188} INFO - [2026-08-06T09:24:55.639+0000] {dag.py:3954} INFO - Setting next_dagrun for kafka_batch_to_hdfs to 2026-08-06 09:20:00+00:00, run_after=2026-08-06 09:25:00+00:00
[2026-08-06T09:24:55.663+0000] {processor.py:183} INFO - Processing /opt/airflow/dags/kafka_batch_to_hdfs_dag.py took 0.117 seconds
[2026-08-06T09:25:25.771+0000] {processor.py:161} INFO - Started process (PID=151) to work on /opt/airflow/dags/kafka_batch_to_hdfs_dag.py
[2026-08-06T09:25:25.772+0000] {processor.py:830} INFO - Processing file /opt/airflow/dags/kafka_batch_to_hdfs_dag.py for tasks to queue
[2026-08-06T09:25:25.774+0000] {logging_mixin.py:188} INFO - [2026-08-06T09:25:25.774+0000] {dagbag.py:545} INFO - Filling up the DagBag from /opt/airflow/dags/kafka_batch_to_hdfs_dag.py
[2026-08-06T09:25:25.793+0000] {processor.py:840} INFO - DAG(s) 'kafka_batch_to_hdfs' retrieved from /opt/airflow/dags/kafka_batch_to_hdfs_dag.py
[2026-08-06T09:25:25.825+0000] {logging_mixin.py:188} INFO - [2026-08-06T09:25:25.824+0000] {dag.py:3096} INFO - Sync 1 DAGs
[2026-08-06T09:25:25.854+0000] {logging_mixin.py:188} INFO - [2026-08-06T09:25:25.854+0000] {dag.py:3954} INFO - Setting next_dagrun for kafka_batch_to_hdfs to 2026-08-06 09:25:00+00:00, run_after=2026-08-06 09:30:00+00:00
[2026-08-06T09:25:25.885+0000] {processor.py:183} INFO - Processing /opt/airflow/dags/kafka_batch_to_hdfs_dag.py took 0.119 seconds
[2026-08-06T09:25:56.078+0000] {processor.py:161} INFO - Started process (PID=152) to work on /opt/airflow/dags/kafka_batch_to_hdfs_dag.py
[2026-08-06T09:25:56.079+0000] {processor.py:830} INFO - Processing file /opt/airflow/dags/kafka_batch_to_hdfs_dag.py for tasks to queue
[2026-08-06T09:25:56.083+0000] {logging_mixin.py:188} INFO - [2026-08-06T09:25:56.083+0000] {dagbag.py:545} INFO - Filling up the DagBag from /opt/airflow/dags/kafka_batch_to_hdfs_dag.py
[2026-08-06T09:25:56.107+0000] {processor.py:840} INFO - DAG(s) 'kafka_batch_to_hdfs' retrieved from /opt/airflow/dags/kafka_batch_to_hdfs_dag.py
[2026-08-06T09:25:56.145+0000] {logging_mixin.py:188} INFO - [2026-08-06T09:25:56.144+0000] {dag.py:3096} INFO - Sync 1 DAGs
[2026-08-06T09:25:56.175+0000] {logging_mixin.py:188} INFO - [2026-08-06T09:25:56.174+0000] {dag.py:3954} INFO - Setting next_dagrun for kafka_batch_to_hdfs to 2026-08-06 09:25:00+00:00, run_after=2026-08-06 09:30:00+00:00
[2026-08-06T09:25:56.200+0000] {processor.py:183} INFO - Processing /opt/airflow/dags/kafka_batch_to_hdfs_dag.py took 0.130 seconds
[2026-08-06T09:26:26.316+0000] {processor.py:161} INFO - Started process (PID=153) to work on /opt/airflow/dags/kafka_batch_to_hdfs_dag.py
[2026-08-06T09:26:26.318+0000] {processor.py:830} INFO - Processing file /opt/airflow/dags/kafka_batch_to_hdfs_dag.py for tasks to queue
[2026-08-06T09:26:26.320+0000] {logging_mixin.py:188} INFO - [2026-08-06T09:26:26.320+0000] {dagbag.py:545} INFO - Filling up the DagBag from /opt/airflow/dags/kafka_batch_to_hdfs_dag.py
[2026-08-06T09:26:26.343+0000] {processor.py:840} INFO - DAG(s) 'kafka_batch_to_hdfs' retrieved from /opt/airflow/dags/kafka_batch_to_hdfs_dag.py
[2026-08-06T09:26:26.377+0000] {logging_mixin.py:188} INFO - [2026-08-06T09:26:26.376+0000] {dag.py:3096} INFO - Sync 1 DAGs
[2026-08-06T09:26:26.405+0000] {logging_mixin.py:188} INFO - [2026-08-06T09:26:26.404+0000] {dag.py:3954} INFO - Setting next_dagrun for kafka_batch_to_hdfs to 2026-08-06 09:25:00+00:00, run_after=2026-08-06 09:30:00+00:00
[2026-08-06T09:26:26.433+0000] {processor.py:183} INFO - Processing /opt/airflow/dags/kafka_batch_to_hdfs_dag.py took 0.122 seconds
[2026-08-06T09:26:56.599+0000] {processor.py:161} INFO - Started process (PID=154) to work on /opt/airflow/dags/kafka_batch_to_hdfs_dag.py
[2026-08-06T09:26:56.601+0000] {processor.py:830} INFO - Processing file /opt/airflow/dags/kafka_batch_to_hdfs_dag.py for tasks to queue
[2026-08-06T09:26:56.605+0000] {logging_mixin.py:188} INFO - [2026-08-06T09:26:56.604+0000] {dagbag.py:545} INFO - Filling up the DagBag from /opt/airflow/dags/kafka_batch_to_hdfs_dag.py
[2026-08-06T09:26:56.632+0000] {processor.py:840} INFO - DAG(s) 'kafka_batch_to_hdfs' retrieved from /opt/airflow/dags/kafka_batch_to_hdfs_dag.py
[2026-08-06T09:26:56.675+0000] {logging_mixin.py:188} INFO - [2026-08-06T09:26:56.674+0000] {dag.py:3096} INFO - Sync 1 DAGs
[2026-08-06T09:26:56.706+0000] {logging_mixin.py:188} INFO - [2026-08-06T09:26:56.706+0000] {dag.py:3954} INFO - Setting next_dagrun for kafka_batch_to_hdfs to 2026-08-06 09:25:00+00:00, run_after=2026-08-06 09:30:00+00:00
[2026-08-06T09:26:56.732+0000] {processor.py:183} INFO - Processing /opt/airflow/dags/kafka_batch_to_hdfs_dag.py took 0.143 seconds
[2026-08-06T09:27:26.895+0000] {processor.py:161} INFO - Started process (PID=155) to work on /opt/airflow/dags/kafka_batch_to_hdfs_dag.py
[2026-08-06T09:27:26.897+0000] {processor.py:830} INFO - Processing file /opt/airflow/dags/kafka_batch_to_hdfs_dag.py for tasks to queue
[2026-08-06T09:27:26.900+0000] {logging_mixin.py:188} INFO - [2026-08-06T09:27:26.899+0000] {dagbag.py:545} INFO - Filling up the DagBag from /opt/airflow/dags/kafka_batch_to_hdfs_dag.py
[2026-08-06T09:27:26.922+0000] {processor.py:840} INFO - DAG(s) 'kafka_batch_to_hdfs' retrieved from /opt/airflow/dags/kafka_batch_to_hdfs_dag.py
[2026-08-06T09:27:26.956+0000] {logging_mixin.py:188} INFO - [2026-08-06T09:27:26.956+0000] {dag.py:3096} INFO - Sync 1 DAGs
[2026-08-06T09:27:26.984+0000] {logging_mixin.py:188} INFO - [2026-08-06T09:27:26.983+0000] {dag.py:3954} INFO - Setting next_dagrun for kafka_batch_to_hdfs to 2026-08-06 09:25:00+00:00, run_after=2026-08-06 09:30:00+00:00
[2026-08-06T09:27:27.008+0000] {processor.py:183} INFO - Processing /opt/airflow/dags/kafka_batch_to_hdfs_dag.py took 0.119 seconds
[2026-08-06T09:27:56.114+0000] {processor.py:161} INFO - Started process (PID=156) to work on /opt/airflow/dags/kafka_batch_to_hdfs_dag.py
[2026-08-06T09:27:56.117+0000] {processor.py:830} INFO - Processing file /opt/airflow/dags/kafka_batch_to_hdfs_dag.py for tasks to queue
[2026-08-06T09:27:56.120+0000] {logging_mixin.py:188} INFO - [2026-08-06T09:27:56.120+0000] {dagbag.py:545} INFO - Filling up the DagBag from /opt/airflow/dags/kafka_batch_to_hdfs_dag.py
[2026-08-06T09:27:56.176+0000] {processor.py:840} INFO - DAG(s) 'kafka_batch_to_hdfs' retrieved from /opt/airflow/dags/kafka_batch_to_hdfs_dag.py
[2026-08-06T09:27:56.235+0000] {logging_mixin.py:188} INFO - [2026-08-06T09:27:56.234+0000] {dag.py:3096} INFO - Sync 1 DAGs
[2026-08-06T09:27:56.273+0000] {logging_mixin.py:188} INFO - [2026-08-06T09:27:56.273+0000] {dag.py:3954} INFO - Setting next_dagrun for kafka_batch_to_hdfs to 2026-08-06 09:25:00+00:00, run_after=2026-08-06 09:30:00+00:00
[2026-08-06T09:27:56.314+0000] {processor.py:183} INFO - Processing /opt/airflow/dags/kafka_batch_to_hdfs_dag.py took 0.209 seconds
[2026-08-06T09:28:26.871+0000] {processor.py:161} INFO - Started process (PID=157) to work on /opt/airflow/dags/kafka_batch_to_hdfs_dag.py
[2026-08-06T09:28:26.881+0000] {processor.py:830} INFO - Processing file /opt/airflow/dags/kafka_batch_to_hdfs_dag.py for tasks to queue
[2026-08-06T09:28:26.896+0000] {logging_mixin.py:188} INFO - [2026-08-06T09:28:26.896+0000] {dagbag.py:545} INFO - Filling up the DagBag from /opt/airflow/dags/kafka_batch_to_hdfs_dag.py
[2026-08-06T09:28:26.935+0000] {processor.py:840} INFO - DAG(s) 'kafka_batch_to_hdfs' retrieved from /opt/airflow/dags/kafka_batch_to_hdfs_dag.py
[2026-08-06T09:28:26.976+0000] {logging_mixin.py:188} INFO - [2026-08-06T09:28:26.976+0000] {dag.py:3096} INFO - Sync 1 DAGs
[2026-08-06T09:28:27.014+0000] {logging_mixin.py:188} INFO - [2026-08-06T09:28:27.014+0000] {dag.py:3954} INFO - Setting next_dagrun for kafka_batch_to_hdfs to 2026-08-06 09:25:00+00:00, run_after=2026-08-06 09:30:00+00:00
[2026-08-06T09:28:27.050+0000] {processor.py:183} INFO - Processing /opt/airflow/dags/kafka_batch_to_hdfs_dag.py took 0.189 seconds
[2026-08-06T09:28:57.133+0000] {processor.py:161} INFO - Started process (PID=158) to work on /opt/airflow/dags/kafka_batch_to_hdfs_dag.py
[2026-08-06T09:28:57.134+0000] {processor.py:830} INFO - Processing file /opt/airflow/dags/kafka_batch_to_hdfs_dag.py for tasks to queue
[2026-08-06T09:28:57.137+0000] {logging_mixin.py:188} INFO - [2026-08-06T09:28:57.137+0000] {dagbag.py:545} INFO - Filling up the DagBag from /opt/airflow/dags/kafka_batch_to_hdfs_dag.py
[2026-08-06T09:28:57.159+0000] {processor.py:840} INFO - DAG(s) 'kafka_batch_to_hdfs' retrieved from /opt/airflow/dags/kafka_batch_to_hdfs_dag.py
[2026-08-06T09:28:57.195+0000] {logging_mixin.py:188} INFO - [2026-08-06T09:28:57.195+0000] {dag.py:3096} INFO - Sync 1 DAGs
[2026-08-06T09:28:57.228+0000] {logging_mixin.py:188} INFO - [2026-08-06T09:28:57.227+0000] {dag.py:3954} INFO - Setting next_dagrun for kafka_batch_to_hdfs to 2026-08-06 09:25:00+00:00, run_after=2026-08-06 09:30:00+00:00
[2026-08-06T09:28:57.259+0000] {processor.py:183} INFO - Processing /opt/airflow/dags/kafka_batch_to_hdfs_dag.py took 0.132 seconds
[2026-08-06T09:29:27.476+0000] {processor.py:161} INFO - Started process (PID=159) to work on /opt/airflow/dags/kafka_batch_to_hdfs_dag.py
[2026-08-06T09:29:27.477+0000] {processor.py:830} INFO - Processing file /opt/airflow/dags/kafka_batch_to_hdfs_dag.py for tasks to queue
[2026-08-06T09:29:27.481+0000] {logging_mixin.py:188} INFO - [2026-08-06T09:29:27.480+0000] {dagbag.py:545} INFO - Filling up the DagBag from /opt/airflow/dags/kafka_batch_to_hdfs_dag.py
[2026-08-06T09:29:27.501+0000] {processor.py:840} INFO - DAG(s) 'kafka_batch_to_hdfs' retrieved from /opt/airflow/dags/kafka_batch_to_hdfs_dag.py
[2026-08-06T09:29:27.530+0000] {logging_mixin.py:188} INFO - [2026-08-06T09:29:27.529+0000] {dag.py:3096} INFO - Sync 1 DAGs
[2026-08-06T09:29:27.556+0000] {logging_mixin.py:188} INFO - [2026-08-06T09:29:27.556+0000] {dag.py:3954} INFO - Setting next_dagrun for kafka_batch_to_hdfs to 2026-08-06 09:25:00+00:00, run_after=2026-08-06 09:30:00+00:00
[2026-08-06T09:29:27.583+0000] {processor.py:183} INFO - Processing /opt/airflow/dags/kafka_batch_to_hdfs_dag.py took 0.113 seconds
[2026-08-06T09:29:57.721+0000] {processor.py:161} INFO - Started process (PID=160) to work on /opt/airflow/dags/kafka_batch_to_hdfs_dag.py
[2026-08-06T09:29:57.722+0000] {processor.py:830} INFO - Processing file /opt/airflow/dags/kafka_batch_to_hdfs_dag.py for tasks to queue
[2026-08-06T09:29:57.725+0000] {logging_mixin.py:188} INFO - [2026-08-06T09:29:57.725+0000] {dagbag.py:545} INFO - Filling up the DagBag from /opt/airflow/dags/kafka_batch_to_hdfs_dag.py
[2026-08-06T09:29:57.751+0000] {processor.py:840} INFO - DAG(s) 'kafka_batch_to_hdfs' retrieved from /opt/airflow/dags/kafka_batch_to_hdfs_dag.py
[2026-08-06T09:29:57.785+0000] {logging_mixin.py:188} INFO - [2026-08-06T09:29:57.785+0000] {dag.py:3096} INFO - Sync 1 DAGs
[2026-08-06T09:29:57.818+0000] {logging_mixin.py:188} INFO - [2026-08-06T09:29:57.817+0000] {dag.py:3954} INFO - Setting next_dagrun for kafka_batch_to_hdfs to 2026-08-06 09:25:00+00:00, run_after=2026-08-06 09:30:00+00:00
[2026-08-06T09:29:57.858+0000] {processor.py:183} INFO - Processing /opt/airflow/dags/kafka_batch_to_hdfs_dag.py took 0.143 seconds
[2026-08-06T09:30:28.026+0000] {processor.py:161} INFO - Started process (PID=170) to work on /opt/airflow/dags/kafka_batch_to_hdfs_dag.py
[2026-08-06T09:30:28.028+0000] {processor.py:830} INFO - Processing file /opt/airflow/dags/kafka_batch_to_hdfs_dag.py for tasks to queue
[2026-08-06T09:30:28.031+0000] {logging_mixin.py:188} INFO - [2026-08-06T09:30:28.030+0000] {dagbag.py:545} INFO - Filling up the DagBag from /opt/airflow/dags/kafka_batch_to_hdfs_dag.py
[2026-08-06T09:30:28.052+0000] {processor.py:840} INFO - DAG(s) 'kafka_batch_to_hdfs' retrieved from /opt/airflow/dags/kafka_batch_to_hdfs_dag.py
[2026-08-06T09:30:28.085+0000] {logging_mixin.py:188} INFO - [2026-08-06T09:30:28.085+0000] {dag.py:3096} INFO - Sync 1 DAGs
[2026-08-06T09:30:28.112+0000] {logging_mixin.py:188} INFO - [2026-08-06T09:30:28.112+0000] {dag.py:3954} INFO - Setting next_dagrun for kafka_batch_to_hdfs to 2026-08-06 09:30:00+00:00, run_after=2026-08-06 09:35:00+00:00
[2026-08-06T09:30:28.152+0000] {processor.py:183} INFO - Processing /opt/airflow/dags/kafka_batch_to_hdfs_dag.py took 0.130 seconds
[2026-08-06T09:30:58.237+0000] {processor.py:161} INFO - Started process (PID=171) to work on /opt/airflow/dags/kafka_batch_to_hdfs_dag.py
[2026-08-06T09:30:58.239+0000] {processor.py:830} INFO - Processing file /opt/airflow/dags/kafka_batch_to_hdfs_dag.py for tasks to queue
[2026-08-06T09:30:58.243+0000] {logging_mixin.py:188} INFO - [2026-08-06T09:30:58.242+0000] {dagbag.py:545} INFO - Filling up the DagBag from /opt/airflow/dags/kafka_batch_to_hdfs_dag.py
[2026-08-06T09:30:58.281+0000] {processor.py:840} INFO - DAG(s) 'kafka_batch_to_hdfs' retrieved from /opt/airflow/dags/kafka_batch_to_hdfs_dag.py
[2026-08-06T09:30:58.342+0000] {logging_mixin.py:188} INFO - [2026-08-06T09:30:58.342+0000] {dag.py:3096} INFO - Sync 1 DAGs
[2026-08-06T09:30:58.375+0000] {logging_mixin.py:188} INFO - [2026-08-06T09:30:58.375+0000] {dag.py:3954} INFO - Setting next_dagrun for kafka_batch_to_hdfs to 2026-08-06 09:30:00+00:00, run_after=2026-08-06 09:35:00+00:00
[2026-08-06T09:30:58.406+0000] {processor.py:183} INFO - Processing /opt/airflow/dags/kafka_batch_to_hdfs_dag.py took 0.175 seconds
[2026-08-06T09:31:28.657+0000] {processor.py:161} INFO - Started process (PID=172) to work on /opt/airflow/dags/kafka_batch_to_hdfs_dag.py
[2026-08-06T09:31:28.659+0000] {processor.py:830} INFO - Processing file /opt/airflow/dags/kafka_batch_to_hdfs_dag.py for tasks to queue
[2026-08-06T09:31:28.665+0000] {logging_mixin.py:188} INFO - [2026-08-06T09:31:28.664+0000] {dagbag.py:545} INFO - Filling up the DagBag from /opt/airflow/dags/kafka_batch_to_hdfs_dag.py
[2026-08-06T09:31:28.691+0000] {processor.py:840} INFO - DAG(s) 'kafka_batch_to_hdfs' retrieved from /opt/airflow/dags/kafka_batch_to_hdfs_dag.py
[2026-08-06T09:31:28.724+0000] {logging_mixin.py:188} INFO - [2026-08-06T09:31:28.724+0000] {dag.py:3096} INFO - Sync 1 DAGs
[2026-08-06T09:31:28.751+0000] {logging_mixin.py:188} INFO - [2026-08-06T09:31:28.750+0000] {dag.py:3954} INFO - Setting next_dagrun for kafka_batch_to_hdfs to 2026-08-06 09:30:00+00:00, run_after=2026-08-06 09:35:00+00:00
[2026-08-06T09:31:28.777+0000] {processor.py:183} INFO - Processing /opt/airflow/dags/kafka_batch_to_hdfs_dag.py took 0.127 seconds
[2026-08-06T09:31:58.843+0000] {processor.py:161} INFO - Started process (PID=173) to work on /opt/airflow/dags/kafka_batch_to_hdfs_dag.py
[2026-08-06T09:31:58.845+0000] {processor.py:830} INFO - Processing file /opt/airflow/dags/kafka_batch_to_hdfs_dag.py for tasks to queue
[2026-08-06T09:31:58.851+0000] {logging_mixin.py:188} INFO - [2026-08-06T09:31:58.850+0000] {dagbag.py:545} INFO - Filling up the DagBag from /opt/airflow/dags/kafka_batch_to_hdfs_dag.py
[2026-08-06T09:31:58.887+0000] {processor.py:840} INFO - DAG(s) 'kafka_batch_to_hdfs' retrieved from /opt/airflow/dags/kafka_batch_to_hdfs_dag.py
[2026-08-06T09:31:58.926+0000] {logging_mixin.py:188} INFO - [2026-08-06T09:31:58.926+0000] {dag.py:3096} INFO - Sync 1 DAGs
[2026-08-06T09:31:58.957+0000] {logging_mixin.py:188} INFO - [2026-08-06T09:31:58.957+0000] {dag.py:3954} INFO - Setting next_dagrun for kafka_batch_to_hdfs to 2026-08-06 09:30:00+00:00, run_after=2026-08-06 09:35:00+00:00
[2026-08-06T09:31:58.984+0000] {processor.py:183} INFO - Processing /opt/airflow/dags/kafka_batch_to_hdfs_dag.py took 0.147 seconds
[2026-08-06T09:32:29.190+0000] {processor.py:161} INFO - Started process (PID=174) to work on /opt/airflow/dags/kafka_batch_to_hdfs_dag.py
[2026-08-06T09:32:29.192+0000] {processor.py:830} INFO - Processing file /opt/airflow/dags/kafka_batch_to_hdfs_dag.py for tasks to queue
[2026-08-06T09:32:29.194+0000] {logging_mixin.py:188} INFO - [2026-08-06T09:32:29.194+0000] {dagbag.py:545} INFO - Filling up the DagBag from /opt/airflow/dags/kafka_batch_to_hdfs_dag.py
[2026-08-06T09:32:29.216+0000] {processor.py:840} INFO - DAG(s) 'kafka_batch_to_hdfs' retrieved from /opt/airflow/dags/kafka_batch_to_hdfs_dag.py
[2026-08-06T09:32:29.244+0000] {logging_mixin.py:188} INFO - [2026-08-06T09:32:29.244+0000] {dag.py:3096} INFO - Sync 1 DAGs
[2026-08-06T09:32:29.271+0000] {logging_mixin.py:188} INFO - [2026-08-06T09:32:29.271+0000] {dag.py:3954} INFO - Setting next_dagrun for kafka_batch_to_hdfs to 2026-08-06 09:30:00+00:00, run_after=2026-08-06 09:35:00+00:00
[2026-08-06T09:32:29.294+0000] {processor.py:183} INFO - Processing /opt/airflow/dags/kafka_batch_to_hdfs_dag.py took 0.109 seconds
[2026-08-06T09:32:59.432+0000] {processor.py:161} INFO - Started process (PID=175) to work on /opt/airflow/dags/kafka_batch_to_hdfs_dag.py
[2026-08-06T09:32:59.434+0000] {processor.py:830} INFO - Processing file /opt/airflow/dags/kafka_batch_to_hdfs_dag.py for tasks to queue
[2026-08-06T09:32:59.436+0000] {logging_mixin.py:188} INFO - [2026-08-06T09:32:59.436+0000] {dagbag.py:545} INFO - Filling up the DagBag from /opt/airflow/dags/kafka_batch_to_hdfs_dag.py
[2026-08-06T09:32:59.455+0000] {processor.py:840} INFO - DAG(s) 'kafka_batch_to_hdfs' retrieved from /opt/airflow/dags/kafka_batch_to_hdfs_dag.py
[2026-08-06T09:32:59.488+0000] {logging_mixin.py:188} INFO - [2026-08-06T09:32:59.488+0000] {dag.py:3096} INFO - Sync 1 DAGs
[2026-08-06T09:32:59.515+0000] {logging_mixin.py:188} INFO - [2026-08-06T09:32:59.514+0000] {dag.py:3954} INFO - Setting next_dagrun for kafka_batch_to_hdfs to 2026-08-06 09:30:00+00:00, run_after=2026-08-06 09:35:00+00:00
[2026-08-06T09:32:59.538+0000] {processor.py:183} INFO - Processing /opt/airflow/dags/kafka_batch_to_hdfs_dag.py took 0.111 seconds
[2026-08-06T09:33:29.805+0000] {processor.py:161} INFO - Started process (PID=176) to work on /opt/airflow/dags/kafka_batch_to_hdfs_dag.py
[2026-08-06T09:33:29.808+0000] {processor.py:830} INFO - Processing file /opt/airflow/dags/kafka_batch_to_hdfs_dag.py for tasks to queue
[2026-08-06T09:33:29.812+0000] {logging_mixin.py:188} INFO - [2026-08-06T09:33:29.812+0000] {dagbag.py:545} INFO - Filling up the DagBag from /opt/airflow/dags/kafka_batch_to_hdfs_dag.py
[2026-08-06T09:33:29.842+0000] {processor.py:840} INFO - DAG(s) 'kafka_batch_to_hdfs' retrieved from /opt/airflow/dags/kafka_batch_to_hdfs_dag.py
[2026-08-06T09:33:29.877+0000] {logging_mixin.py:188} INFO - [2026-08-06T09:33:29.876+0000] {dag.py:3096} INFO - Sync 1 DAGs
[2026-08-06T09:33:29.908+0000] {logging_mixin.py:188} INFO - [2026-08-06T09:33:29.907+0000] {dag.py:3954} INFO - Setting next_dagrun for kafka_batch_to_hdfs to 2026-08-06 09:30:00+00:00, run_after=2026-08-06 09:35:00+00:00
[2026-08-06T09:33:29.936+0000] {processor.py:183} INFO - Processing /opt/airflow/dags/kafka_batch_to_hdfs_dag.py took 0.140 seconds
[2026-08-06T09:34:00.066+0000] {processor.py:161} INFO - Started process (PID=177) to work on /opt/airflow/dags/kafka_batch_to_hdfs_dag.py
[2026-08-06T09:34:00.069+0000] {processor.py:830} INFO - Processing file /opt/airflow/dags/kafka_batch_to_hdfs_dag.py for tasks to queue
[2026-08-06T09:34:00.075+0000] {logging_mixin.py:188} INFO - [2026-08-06T09:34:00.074+0000] {dagbag.py:545} INFO - Filling up the DagBag from /opt/airflow/dags/kafka_batch_to_hdfs_dag.py
[2026-08-06T09:34:00.105+0000] {processor.py:840} INFO - DAG(s) 'kafka_batch_to_hdfs' retrieved from /opt/airflow/dags/kafka_batch_to_hdfs_dag.py
[2026-08-06T09:34:00.140+0000] {logging_mixin.py:188} INFO - [2026-08-06T09:34:00.140+0000] {dag.py:3096} INFO - Sync 1 DAGs
[2026-08-06T09:34:00.173+0000] {logging_mixin.py:188} INFO - [2026-08-06T09:34:00.173+0000] {dag.py:3954} INFO - Setting next_dagrun for kafka_batch_to_hdfs to 2026-08-06 09:30:00+00:00, run_after=2026-08-06 09:35:00+00:00
[2026-08-06T09:34:00.200+0000] {processor.py:183} INFO - Processing /opt/airflow/dags/kafka_batch_to_hdfs_dag.py took 0.143 seconds
[2026-08-06T09:34:30.446+0000] {processor.py:161} INFO - Started process (PID=178) to work on /opt/airflow/dags/kafka_batch_to_hdfs_dag.py
[2026-08-06T09:34:30.448+0000] {processor.py:830} INFO - Processing file /opt/airflow/dags/kafka_batch_to_hdfs_dag.py for tasks to queue
[2026-08-06T09:34:30.452+0000] {logging_mixin.py:188} INFO - [2026-08-06T09:34:30.452+0000] {dagbag.py:545} INFO - Filling up the DagBag from /opt/airflow/dags/kafka_batch_to_hdfs_dag.py
[2026-08-06T09:34:30.479+0000] {processor.py:840} INFO - DAG(s) 'kafka_batch_to_hdfs' retrieved from /opt/airflow/dags/kafka_batch_to_hdfs_dag.py
[2026-08-06T09:34:30.520+0000] {logging_mixin.py:188} INFO - [2026-08-06T09:34:30.520+0000] {dag.py:3096} INFO - Sync 1 DAGs
[2026-08-06T09:34:30.554+0000] {logging_mixin.py:188} INFO - [2026-08-06T09:34:30.553+0000] {dag.py:3954} INFO - Setting next_dagrun for kafka_batch_to_hdfs to 2026-08-06 09:30:00+00:00, run_after=2026-08-06 09:35:00+00:00
[2026-08-06T09:34:30.581+0000] {processor.py:183} INFO - Processing /opt/airflow/dags/kafka_batch_to_hdfs_dag.py took 0.142 seconds
[2026-08-06T09:35:00.856+0000] {processor.py:161} INFO - Started process (PID=180) to work on /opt/airflow/dags/kafka_batch_to_hdfs_dag.py
[2026-08-06T09:35:00.858+0000] {processor.py:830} INFO - Processing file /opt/airflow/dags/kafka_batch_to_hdfs_dag.py for tasks to queue
[2026-08-06T09:35:00.860+0000] {logging_mixin.py:188} INFO - [2026-08-06T09:35:00.860+0000] {dagbag.py:545} INFO - Filling up the DagBag from /opt/airflow/dags/kafka_batch_to_hdfs_dag.py
[2026-08-06T09:35:00.887+0000] {processor.py:840} INFO - DAG(s) 'kafka_batch_to_hdfs' retrieved from /opt/airflow/dags/kafka_batch_to_hdfs_dag.py
[2026-08-06T09:35:00.922+0000] {logging_mixin.py:188} INFO - [2026-08-06T09:35:00.922+0000] {dag.py:3096} INFO - Sync 1 DAGs
[2026-08-06T09:35:00.974+0000] {processor.py:183} INFO - Processing /opt/airflow/dags/kafka_batch_to_hdfs_dag.py took 0.122 seconds
[2026-08-06T09:35:31.070+0000] {processor.py:161} INFO - Started process (PID=189) to work on /opt/airflow/dags/kafka_batch_to_hdfs_dag.py
[2026-08-06T09:35:31.071+0000] {processor.py:830} INFO - Processing file /opt/airflow/dags/kafka_batch_to_hdfs_dag.py for tasks to queue
[2026-08-06T09:35:31.074+0000] {logging_mixin.py:188} INFO - [2026-08-06T09:35:31.074+0000] {dagbag.py:545} INFO - Filling up the DagBag from /opt/airflow/dags/kafka_batch_to_hdfs_dag.py
[2026-08-06T09:35:31.100+0000] {processor.py:840} INFO - DAG(s) 'kafka_batch_to_hdfs' retrieved from /opt/airflow/dags/kafka_batch_to_hdfs_dag.py
[2026-08-06T09:35:31.134+0000] {logging_mixin.py:188} INFO - [2026-08-06T09:35:31.133+0000] {dag.py:3096} INFO - Sync 1 DAGs
[2026-08-06T09:35:31.164+0000] {logging_mixin.py:188} INFO - [2026-08-06T09:35:31.164+0000] {dag.py:3954} INFO - Setting next_dagrun for kafka_batch_to_hdfs to 2026-08-06 09:35:00+00:00, run_after=2026-08-06 09:40:00+00:00
[2026-08-06T09:35:31.194+0000] {processor.py:183} INFO - Processing /opt/airflow/dags/kafka_batch_to_hdfs_dag.py took 0.132 seconds
[2026-08-06T09:36:01.422+0000] {processor.py:161} INFO - Started process (PID=190) to work on /opt/airflow/dags/kafka_batch_to_hdfs_dag.py
[2026-08-06T09:36:01.423+0000] {processor.py:830} INFO - Processing file /opt/airflow/dags/kafka_batch_to_hdfs_dag.py for tasks to queue
[2026-08-06T09:36:01.425+0000] {logging_mixin.py:188} INFO - [2026-08-06T09:36:01.425+0000] {dagbag.py:545} INFO - Filling up the DagBag from /opt/airflow/dags/kafka_batch_to_hdfs_dag.py
[2026-08-06T09:36:01.448+0000] {processor.py:840} INFO - DAG(s) 'kafka_batch_to_hdfs' retrieved from /opt/airflow/dags/kafka_batch_to_hdfs_dag.py
[2026-08-06T09:36:01.485+0000] {logging_mixin.py:188} INFO - [2026-08-06T09:36:01.485+0000] {dag.py:3096} INFO - Sync 1 DAGs
[2026-08-06T09:36:01.515+0000] {logging_mixin.py:188} INFO - [2026-08-06T09:36:01.515+0000] {dag.py:3954} INFO - Setting next_dagrun for kafka_batch_to_hdfs to 2026-08-06 09:35:00+00:00, run_after=2026-08-06 09:40:00+00:00
[2026-08-06T09:36:01.547+0000] {processor.py:183} INFO - Processing /opt/airflow/dags/kafka_batch_to_hdfs_dag.py took 0.132 seconds
[2026-08-06T09:36:31.637+0000] {processor.py:161} INFO - Started process (PID=191) to work on /opt/airflow/dags/kafka_batch_to_hdfs_dag.py
[2026-08-06T09:36:31.639+0000] {processor.py:830} INFO - Processing file /opt/airflow/dags/kafka_batch_to_hdfs_dag.py for tasks to queue
[2026-08-06T09:36:31.642+0000] {logging_mixin.py:188} INFO - [2026-08-06T09:36:31.642+0000] {dagbag.py:545} INFO - Filling up the DagBag from /opt/airflow/dags/kafka_batch_to_hdfs_dag.py
[2026-08-06T09:36:31.664+0000] {processor.py:840} INFO - DAG(s) 'kafka_batch_to_hdfs' retrieved from /opt/airflow/dags/kafka_batch_to_hdfs_dag.py
[2026-08-06T09:36:31.700+0000] {logging_mixin.py:188} INFO - [2026-08-06T09:36:31.700+0000] {dag.py:3096} INFO - Sync 1 DAGs
[2026-08-06T09:36:31.728+0000] {logging_mixin.py:188} INFO - [2026-08-06T09:36:31.727+0000] {dag.py:3954} INFO - Setting next_dagrun for kafka_batch_to_hdfs to 2026-08-06 09:35:00+00:00, run_after=2026-08-06 09:40:00+00:00
[2026-08-06T09:36:31.758+0000] {processor.py:183} INFO - Processing /opt/airflow/dags/kafka_batch_to_hdfs_dag.py took 0.128 seconds
[2026-08-06T09:37:01.948+0000] {processor.py:161} INFO - Started process (PID=192) to work on /opt/airflow/dags/kafka_batch_to_hdfs_dag.py
[2026-08-06T09:37:01.950+0000] {processor.py:830} INFO - Processing file /opt/airflow/dags/kafka_batch_to_hdfs_dag.py for tasks to queue
[2026-08-06T09:37:01.952+0000] {logging_mixin.py:188} INFO - [2026-08-06T09:37:01.952+0000] {dagbag.py:545} INFO - Filling up the DagBag from /opt/airflow/dags/kafka_batch_to_hdfs_dag.py
[2026-08-06T09:37:01.971+0000] {processor.py:840} INFO - DAG(s) 'kafka_batch_to_hdfs' retrieved from /opt/airflow/dags/kafka_batch_to_hdfs_dag.py
[2026-08-06T09:37:01.999+0000] {logging_mixin.py:188} INFO - [2026-08-06T09:37:01.998+0000] {dag.py:3096} INFO - Sync 1 DAGs
[2026-08-06T09:37:02.043+0000] {logging_mixin.py:188} INFO - [2026-08-06T09:37:02.042+0000] {dag.py:3954} INFO - Setting next_dagrun for kafka_batch_to_hdfs to 2026-08-06 09:35:00+00:00, run_after=2026-08-06 09:40:00+00:00
[2026-08-06T09:37:02.078+0000] {processor.py:183} INFO - Processing /opt/airflow/dags/kafka_batch_to_hdfs_dag.py took 0.135 seconds
[2026-08-06T09:37:32.174+0000] {processor.py:161} INFO - Started process (PID=193) to work on /opt/airflow/dags/kafka_batch_to_hdfs_dag.py
[2026-08-06T09:37:32.176+0000] {processor.py:830} INFO - Processing file /opt/airflow/dags/kafka_batch_to_hdfs_dag.py for tasks to queue
[2026-08-06T09:37:32.181+0000] {logging_mixin.py:188} INFO - [2026-08-06T09:37:32.181+0000] {dagbag.py:545} INFO - Filling up the DagBag from /opt/airflow/dags/kafka_batch_to_hdfs_dag.py
[2026-08-06T09:37:32.210+0000] {processor.py:840} INFO - DAG(s) 'kafka_batch_to_hdfs' retrieved from /opt/airflow/dags/kafka_batch_to_hdfs_dag.py
[2026-08-06T09:37:32.249+0000] {logging_mixin.py:188} INFO - [2026-08-06T09:37:32.248+0000] {dag.py:3096} INFO - Sync 1 DAGs
[2026-08-06T09:37:32.274+0000] {logging_mixin.py:188} INFO - [2026-08-06T09:37:32.274+0000] {dag.py:3954} INFO - Setting next_dagrun for kafka_batch_to_hdfs to 2026-08-06 09:35:00+00:00, run_after=2026-08-06 09:40:00+00:00
[2026-08-06T09:37:32.298+0000] {processor.py:183} INFO - Processing /opt/airflow/dags/kafka_batch_to_hdfs_dag.py took 0.130 seconds
[2026-08-06T09:38:02.492+0000] {processor.py:161} INFO - Started process (PID=194) to work on /opt/airflow/dags/kafka_batch_to_hdfs_dag.py
[2026-08-06T09:38:02.494+0000] {processor.py:830} INFO - Processing file /opt/airflow/dags/kafka_batch_to_hdfs_dag.py for tasks to queue
[2026-08-06T09:38:02.498+0000] {logging_mixin.py:188} INFO - [2026-08-06T09:38:02.497+0000] {dagbag.py:545} INFO - Filling up the DagBag from /opt/airflow/dags/kafka_batch_to_hdfs_dag.py
[2026-08-06T09:38:02.519+0000] {processor.py:840} INFO - DAG(s) 'kafka_batch_to_hdfs' retrieved from /opt/airflow/dags/kafka_batch_to_hdfs_dag.py
[2026-08-06T09:38:02.548+0000] {logging_mixin.py:188} INFO - [2026-08-06T09:38:02.548+0000] {dag.py:3096} INFO - Sync 1 DAGs
[2026-08-06T09:38:02.571+0000] {logging_mixin.py:188} INFO - [2026-08-06T09:38:02.571+0000] {dag.py:3954} INFO - Setting next_dagrun for kafka_batch_to_hdfs to 2026-08-06 09:35:00+00:00, run_after=2026-08-06 09:40:00+00:00
[2026-08-06T09:38:02.594+0000] {processor.py:183} INFO - Processing /opt/airflow/dags/kafka_batch_to_hdfs_dag.py took 0.108 seconds
[2026-08-06T09:38:32.781+0000] {processor.py:161} INFO - Started process (PID=195) to work on /opt/airflow/dags/kafka_batch_to_hdfs_dag.py
[2026-08-06T09:38:32.782+0000] {processor.py:830} INFO - Processing file /opt/airflow/dags/kafka_batch_to_hdfs_dag.py for tasks to queue
[2026-08-06T09:38:32.785+0000] {logging_mixin.py:188} INFO - [2026-08-06T09:38:32.785+0000] {dagbag.py:545} INFO - Filling up the DagBag from /opt/airflow/dags/kafka_batch_to_hdfs_dag.py
[2026-08-06T09:38:32.804+0000] {processor.py:840} INFO - DAG(s) 'kafka_batch_to_hdfs' retrieved from /opt/airflow/dags/kafka_batch_to_hdfs_dag.py
[2026-08-06T09:38:32.833+0000] {logging_mixin.py:188} INFO - [2026-08-06T09:38:32.833+0000] {dag.py:3096} INFO - Sync 1 DAGs
[2026-08-06T09:38:32.861+0000] {logging_mixin.py:188} INFO - [2026-08-06T09:38:32.861+0000] {dag.py:3954} INFO - Setting next_dagrun for kafka_batch_to_hdfs to 2026-08-06 09:35:00+00:00, run_after=2026-08-06 09:40:00+00:00
[2026-08-06T09:38:32.897+0000] {processor.py:183} INFO - Processing /opt/airflow/dags/kafka_batch_to_hdfs_dag.py took 0.121 seconds
[2026-08-06T09:39:03.016+0000] {processor.py:161} INFO - Started process (PID=196) to work on /opt/airflow/dags/kafka_batch_to_hdfs_dag.py
[2026-08-06T09:39:03.018+0000] {processor.py:830} INFO - Processing file /opt/airflow/dags/kafka_batch_to_hdfs_dag.py for tasks to queue
[2026-08-06T09:39:03.020+0000] {logging_mixin.py:188} INFO - [2026-08-06T09:39:03.019+0000] {dagbag.py:545} INFO - Filling up the DagBag from /opt/airflow/dags/kafka_batch_to_hdfs_dag.py
[2026-08-06T09:39:03.039+0000] {processor.py:840} INFO - DAG(s) 'kafka_batch_to_hdfs' retrieved from /opt/airflow/dags/kafka_batch_to_hdfs_dag.py
[2026-08-06T09:39:03.068+0000] {logging_mixin.py:188} INFO - [2026-08-06T09:39:03.068+0000] {dag.py:3096} INFO - Sync 1 DAGs
[2026-08-06T09:39:03.091+0000] {logging_mixin.py:188} INFO - [2026-08-06T09:39:03.091+0000] {dag.py:3954} INFO - Setting next_dagrun for kafka_batch_to_hdfs to 2026-08-06 09:35:00+00:00, run_after=2026-08-06 09:40:00+00:00
[2026-08-06T09:39:03.127+0000] {processor.py:183} INFO - Processing /opt/airflow/dags/kafka_batch_to_hdfs_dag.py took 0.116 seconds
[2026-08-06T09:39:33.351+0000] {processor.py:161} INFO - Started process (PID=197) to work on /opt/airflow/dags/kafka_batch_to_hdfs_dag.py
[2026-08-06T09:39:33.352+0000] {processor.py:830} INFO - Processing file /opt/airflow/dags/kafka_batch_to_hdfs_dag.py for tasks to queue
[2026-08-06T09:39:33.355+0000] {logging_mixin.py:188} INFO - [2026-08-06T09:39:33.354+0000] {dagbag.py:545} INFO - Filling up the DagBag from /opt/airflow/dags/kafka_batch_to_hdfs_dag.py
[2026-08-06T09:39:33.375+0000] {processor.py:840} INFO - DAG(s) 'kafka_batch_to_hdfs' retrieved from /opt/airflow/dags/kafka_batch_to_hdfs_dag.py
[2026-08-06T09:39:33.403+0000] {logging_mixin.py:188} INFO - [2026-08-06T09:39:33.403+0000] {dag.py:3096} INFO - Sync 1 DAGs
[2026-08-06T09:39:33.428+0000] {logging_mixin.py:188} INFO - [2026-08-06T09:39:33.428+0000] {dag.py:3954} INFO - Setting next_dagrun for kafka_batch_to_hdfs to 2026-08-06 09:35:00+00:00, run_after=2026-08-06 09:40:00+00:00
[2026-08-06T09:39:33.458+0000] {processor.py:183} INFO - Processing /opt/airflow/dags/kafka_batch_to_hdfs_dag.py took 0.112 seconds
[2026-08-06T09:40:03.627+0000] {processor.py:161} INFO - Started process (PID=207) to work on /opt/airflow/dags/kafka_batch_to_hdfs_dag.py
[2026-08-06T09:40:03.629+0000] {processor.py:830} INFO - Processing file /opt/airflow/dags/kafka_batch_to_hdfs_dag.py for tasks to queue
[2026-08-06T09:40:03.634+0000] {logging_mixin.py:188} INFO - [2026-08-06T09:40:03.633+0000] {dagbag.py:545} INFO - Filling up the DagBag from /opt/airflow/dags/kafka_batch_to_hdfs_dag.py
[2026-08-06T09:40:03.665+0000] {processor.py:840} INFO - DAG(s) 'kafka_batch_to_hdfs' retrieved from /opt/airflow/dags/kafka_batch_to_hdfs_dag.py
[2026-08-06T09:40:03.712+0000] {logging_mixin.py:188} INFO - [2026-08-06T09:40:03.712+0000] {dag.py:3096} INFO - Sync 1 DAGs
[2026-08-06T09:40:03.778+0000] {processor.py:183} INFO - Processing /opt/airflow/dags/kafka_batch_to_hdfs_dag.py took 0.160 seconds
[2026-08-06T09:40:33.894+0000] {processor.py:161} INFO - Started process (PID=208) to work on /opt/airflow/dags/kafka_batch_to_hdfs_dag.py
[2026-08-06T09:40:33.896+0000] {processor.py:830} INFO - Processing file /opt/airflow/dags/kafka_batch_to_hdfs_dag.py for tasks to queue
[2026-08-06T09:40:33.899+0000] {logging_mixin.py:188} INFO - [2026-08-06T09:40:33.898+0000] {dagbag.py:545} INFO - Filling up the DagBag from /opt/airflow/dags/kafka_batch_to_hdfs_dag.py
[2026-08-06T09:40:33.926+0000] {processor.py:840} INFO - DAG(s) 'kafka_batch_to_hdfs' retrieved from /opt/airflow/dags/kafka_batch_to_hdfs_dag.py
[2026-08-06T09:40:33.959+0000] {logging_mixin.py:188} INFO - [2026-08-06T09:40:33.958+0000] {dag.py:3096} INFO - Sync 1 DAGs
[2026-08-06T09:40:33.991+0000] {logging_mixin.py:188} INFO - [2026-08-06T09:40:33.991+0000] {dag.py:3954} INFO - Setting next_dagrun for kafka_batch_to_hdfs to 2026-08-06 09:40:00+00:00, run_after=2026-08-06 09:45:00+00:00
[2026-08-06T09:40:34.026+0000] {processor.py:183} INFO - Processing /opt/airflow/dags/kafka_batch_to_hdfs_dag.py took 0.139 seconds
[2026-08-06T09:41:04.196+0000] {processor.py:161} INFO - Started process (PID=209) to work on /opt/airflow/dags/kafka_batch_to_hdfs_dag.py
[2026-08-06T09:41:04.198+0000] {processor.py:830} INFO - Processing file /opt/airflow/dags/kafka_batch_to_hdfs_dag.py for tasks to queue
[2026-08-06T09:41:04.200+0000] {logging_mixin.py:188} INFO - [2026-08-06T09:41:04.200+0000] {dagbag.py:545} INFO - Filling up the DagBag from /opt/airflow/dags/kafka_batch_to_hdfs_dag.py
[2026-08-06T09:41:04.221+0000] {processor.py:840} INFO - DAG(s) 'kafka_batch_to_hdfs' retrieved from /opt/airflow/dags/kafka_batch_to_hdfs_dag.py
[2026-08-06T09:41:04.254+0000] {logging_mixin.py:188} INFO - [2026-08-06T09:41:04.254+0000] {dag.py:3096} INFO - Sync 1 DAGs
[2026-08-06T09:41:04.283+0000] {logging_mixin.py:188} INFO - [2026-08-06T09:41:04.282+0000] {dag.py:3954} INFO - Setting next_dagrun for kafka_batch_to_hdfs to 2026-08-06 09:40:00+00:00, run_after=2026-08-06 09:45:00+00:00
[2026-08-06T09:41:04.311+0000] {processor.py:183} INFO - Processing /opt/airflow/dags/kafka_batch_to_hdfs_dag.py took 0.121 seconds
[2026-08-06T09:41:34.510+0000] {processor.py:161} INFO - Started process (PID=210) to work on /opt/airflow/dags/kafka_batch_to_hdfs_dag.py
[2026-08-06T09:41:34.512+0000] {processor.py:830} INFO - Processing file /opt/airflow/dags/kafka_batch_to_hdfs_dag.py for tasks to queue
[2026-08-06T09:41:34.516+0000] {logging_mixin.py:188} INFO - [2026-08-06T09:41:34.516+0000] {dagbag.py:545} INFO - Filling up the DagBag from /opt/airflow/dags/kafka_batch_to_hdfs_dag.py
[2026-08-06T09:41:34.540+0000] {processor.py:840} INFO - DAG(s) 'kafka_batch_to_hdfs' retrieved from /opt/airflow/dags/kafka_batch_to_hdfs_dag.py
[2026-08-06T09:41:34.573+0000] {logging_mixin.py:188} INFO - [2026-08-06T09:41:34.573+0000] {dag.py:3096} INFO - Sync 1 DAGs
[2026-08-06T09:41:34.599+0000] {logging_mixin.py:188} INFO - [2026-08-06T09:41:34.599+0000] {dag.py:3954} INFO - Setting next_dagrun for kafka_batch_to_hdfs to 2026-08-06 09:40:00+00:00, run_after=2026-08-06 09:45:00+00:00
[2026-08-06T09:41:34.625+0000] {processor.py:183} INFO - Processing /opt/airflow/dags/kafka_batch_to_hdfs_dag.py took 0.121 seconds
[2026-08-06T09:42:04.736+0000] {processor.py:161} INFO - Started process (PID=211) to work on /opt/airflow/dags/kafka_batch_to_hdfs_dag.py
[2026-08-06T09:42:04.737+0000] {processor.py:830} INFO - Processing file /opt/airflow/dags/kafka_batch_to_hdfs_dag.py for tasks to queue
[2026-08-06T09:42:04.741+0000] {logging_mixin.py:188} INFO - [2026-08-06T09:42:04.741+0000] {dagbag.py:545} INFO - Filling up the DagBag from /opt/airflow/dags/kafka_batch_to_hdfs_dag.py
[2026-08-06T09:42:04.764+0000] {processor.py:840} INFO - DAG(s) 'kafka_batch_to_hdfs' retrieved from /opt/airflow/dags/kafka_batch_to_hdfs_dag.py
[2026-08-06T09:42:04.797+0000] {logging_mixin.py:188} INFO - [2026-08-06T09:42:04.796+0000] {dag.py:3096} INFO - Sync 1 DAGs
[2026-08-06T09:42:04.824+0000] {logging_mixin.py:188} INFO - [2026-08-06T09:42:04.824+0000] {dag.py:3954} INFO - Setting next_dagrun for kafka_batch_to_hdfs to 2026-08-06 09:40:00+00:00, run_after=2026-08-06 09:45:00+00:00
[2026-08-06T09:42:04.851+0000] {processor.py:183} INFO - Processing /opt/airflow/dags/kafka_batch_to_hdfs_dag.py took 0.120 seconds
[2026-08-06T09:42:35.093+0000] {processor.py:161} INFO - Started process (PID=212) to work on /opt/airflow/dags/kafka_batch_to_hdfs_dag.py
[2026-08-06T09:42:35.094+0000] {processor.py:830} INFO - Processing file /opt/airflow/dags/kafka_batch_to_hdfs_dag.py for tasks to queue
[2026-08-06T09:42:35.097+0000] {logging_mixin.py:188} INFO - [2026-08-06T09:42:35.097+0000] {dagbag.py:545} INFO - Filling up the DagBag from /opt/airflow/dags/kafka_batch_to_hdfs_dag.py
[2026-08-06T09:42:35.119+0000] {processor.py:840} INFO - DAG(s) 'kafka_batch_to_hdfs' retrieved from /opt/airflow/dags/kafka_batch_to_hdfs_dag.py
[2026-08-06T09:42:35.150+0000] {logging_mixin.py:188} INFO - [2026-08-06T09:42:35.150+0000] {dag.py:3096} INFO - Sync 1 DAGs
[2026-08-06T09:42:35.173+0000] {logging_mixin.py:188} INFO - [2026-08-06T09:42:35.173+0000] {dag.py:3954} INFO - Setting next_dagrun for kafka_batch_to_hdfs to 2026-08-06 09:40:00+00:00, run_after=2026-08-06 09:45:00+00:00
[2026-08-06T09:42:35.201+0000] {processor.py:183} INFO - Processing /opt/airflow/dags/kafka_batch_to_hdfs_dag.py took 0.113 seconds
[2026-08-06T09:43:05.324+0000] {processor.py:161} INFO - Started process (PID=213) to work on /opt/airflow/dags/kafka_batch_to_hdfs_dag.py
[2026-08-06T09:43:05.326+0000] {processor.py:830} INFO - Processing file /opt/airflow/dags/kafka_batch_to_hdfs_dag.py for tasks to queue
[2026-08-06T09:43:05.328+0000] {logging_mixin.py:188} INFO - [2026-08-06T09:43:05.328+0000] {dagbag.py:545} INFO - Filling up the DagBag from /opt/airflow/dags/kafka_batch_to_hdfs_dag.py
[2026-08-06T09:43:05.350+0000] {processor.py:840} INFO - DAG(s) 'kafka_batch_to_hdfs' retrieved from /opt/airflow/dags/kafka_batch_to_hdfs_dag.py
[2026-08-06T09:43:05.380+0000] {logging_mixin.py:188} INFO - [2026-08-06T09:43:05.380+0000] {dag.py:3096} INFO - Sync 1 DAGs
[2026-08-06T09:43:05.412+0000] {logging_mixin.py:188} INFO - [2026-08-06T09:43:05.411+0000] {dag.py:3954} INFO - Setting next_dagrun for kafka_batch_to_hdfs to 2026-08-06 09:40:00+00:00, run_after=2026-08-06 09:45:00+00:00
[2026-08-06T09:43:05.436+0000] {processor.py:183} INFO - Processing /opt/airflow/dags/kafka_batch_to_hdfs_dag.py took 0.117 seconds
[2026-08-06T09:43:35.702+0000] {processor.py:161} INFO - Started process (PID=214) to work on /opt/airflow/dags/kafka_batch_to_hdfs_dag.py
[2026-08-06T09:43:35.703+0000] {processor.py:830} INFO - Processing file /opt/airflow/dags/kafka_batch_to_hdfs_dag.py for tasks to queue
[2026-08-06T09:43:35.706+0000] {logging_mixin.py:188} INFO - [2026-08-06T09:43:35.705+0000] {dagbag.py:545} INFO - Filling up the DagBag from /opt/airflow/dags/kafka_batch_to_hdfs_dag.py
[2026-08-06T09:43:35.726+0000] {processor.py:840} INFO - DAG(s) 'kafka_batch_to_hdfs' retrieved from /opt/airflow/dags/kafka_batch_to_hdfs_dag.py
[2026-08-06T09:43:35.756+0000] {logging_mixin.py:188} INFO - [2026-08-06T09:43:35.755+0000] {dag.py:3096} INFO - Sync 1 DAGs
[2026-08-06T09:43:35.783+0000] {logging_mixin.py:188} INFO - [2026-08-06T09:43:35.783+0000] {dag.py:3954} INFO - Setting next_dagrun for kafka_batch_to_hdfs to 2026-08-06 09:40:00+00:00, run_after=2026-08-06 09:45:00+00:00
[2026-08-06T09:43:35.813+0000] {processor.py:183} INFO - Processing /opt/airflow/dags/kafka_batch_to_hdfs_dag.py took 0.116 seconds
[2026-08-06T09:44:05.945+0000] {processor.py:161} INFO - Started process (PID=215) to work on /opt/airflow/dags/kafka_batch_to_hdfs_dag.py
[2026-08-06T09:44:05.946+0000] {processor.py:830} INFO - Processing file /opt/airflow/dags/kafka_batch_to_hdfs_dag.py for tasks to queue
[2026-08-06T09:44:05.949+0000] {logging_mixin.py:188} INFO - [2026-08-06T09:44:05.948+0000] {dagbag.py:545} INFO - Filling up the DagBag from /opt/airflow/dags/kafka_batch_to_hdfs_dag.py
[2026-08-06T09:44:05.969+0000] {processor.py:840} INFO - DAG(s) 'kafka_batch_to_hdfs' retrieved from /opt/airflow/dags/kafka_batch_to_hdfs_dag.py
[2026-08-06T09:44:05.998+0000] {logging_mixin.py:188} INFO - [2026-08-06T09:44:05.998+0000] {dag.py:3096} INFO - Sync 1 DAGs
[2026-08-06T09:44:06.049+0000] {logging_mixin.py:188} INFO - [2026-08-06T09:44:06.049+0000] {dag.py:3954} INFO - Setting next_dagrun for kafka_batch_to_hdfs to 2026-08-06 09:40:00+00:00, run_after=2026-08-06 09:45:00+00:00
[2026-08-06T09:44:06.082+0000] {processor.py:183} INFO - Processing /opt/airflow/dags/kafka_batch_to_hdfs_dag.py took 0.142 seconds
[2026-08-06T09:44:36.267+0000] {processor.py:161} INFO - Started process (PID=216) to work on /opt/airflow/dags/kafka_batch_to_hdfs_dag.py
[2026-08-06T09:44:36.268+0000] {processor.py:830} INFO - Processing file /opt/airflow/dags/kafka_batch_to_hdfs_dag.py for tasks to queue
[2026-08-06T09:44:36.270+0000] {logging_mixin.py:188} INFO - [2026-08-06T09:44:36.270+0000] {dagbag.py:545} INFO - Filling up the DagBag from /opt/airflow/dags/kafka_batch_to_hdfs_dag.py
[2026-08-06T09:44:36.292+0000] {processor.py:840} INFO - DAG(s) 'kafka_batch_to_hdfs' retrieved from /opt/airflow/dags/kafka_batch_to_hdfs_dag.py
[2026-08-06T09:44:36.321+0000] {logging_mixin.py:188} INFO - [2026-08-06T09:44:36.320+0000] {dag.py:3096} INFO - Sync 1 DAGs
[2026-08-06T09:44:36.348+0000] {logging_mixin.py:188} INFO - [2026-08-06T09:44:36.347+0000] {dag.py:3954} INFO - Setting next_dagrun for kafka_batch_to_hdfs to 2026-08-06 09:40:00+00:00, run_after=2026-08-06 09:45:00+00:00
[2026-08-06T09:44:36.372+0000] {processor.py:183} INFO - Processing /opt/airflow/dags/kafka_batch_to_hdfs_dag.py took 0.110 seconds
[2026-08-06T09:45:06.542+0000] {processor.py:161} INFO - Started process (PID=226) to work on /opt/airflow/dags/kafka_batch_to_hdfs_dag.py
[2026-08-06T09:45:06.545+0000] {processor.py:830} INFO - Processing file /opt/airflow/dags/kafka_batch_to_hdfs_dag.py for tasks to queue
[2026-08-06T09:45:06.549+0000] {logging_mixin.py:188} INFO - [2026-08-06T09:45:06.548+0000] {dagbag.py:545} INFO - Filling up the DagBag from /opt/airflow/dags/kafka_batch_to_hdfs_dag.py
[2026-08-06T09:45:06.583+0000] {processor.py:840} INFO - DAG(s) 'kafka_batch_to_hdfs' retrieved from /opt/airflow/dags/kafka_batch_to_hdfs_dag.py
[2026-08-06T09:45:06.645+0000] {logging_mixin.py:188} INFO - [2026-08-06T09:45:06.644+0000] {dag.py:3096} INFO - Sync 1 DAGs
[2026-08-06T09:45:06.699+0000] {logging_mixin.py:188} INFO - [2026-08-06T09:45:06.698+0000] {dag.py:3954} INFO - Setting next_dagrun for kafka_batch_to_hdfs to 2026-08-06 09:45:00+00:00, run_after=2026-08-06 09:50:00+00:00
[2026-08-06T09:45:06.740+0000] {processor.py:183} INFO - Processing /opt/airflow/dags/kafka_batch_to_hdfs_dag.py took 0.211 seconds
[2026-08-06T09:45:36.810+0000] {processor.py:161} INFO - Started process (PID=227) to work on /opt/airflow/dags/kafka_batch_to_hdfs_dag.py
[2026-08-06T09:45:36.812+0000] {processor.py:830} INFO - Processing file /opt/airflow/dags/kafka_batch_to_hdfs_dag.py for tasks to queue
[2026-08-06T09:45:36.816+0000] {logging_mixin.py:188} INFO - [2026-08-06T09:45:36.815+0000] {dagbag.py:545} INFO - Filling up the DagBag from /opt/airflow/dags/kafka_batch_to_hdfs_dag.py
[2026-08-06T09:45:36.836+0000] {processor.py:840} INFO - DAG(s) 'kafka_batch_to_hdfs' retrieved from /opt/airflow/dags/kafka_batch_to_hdfs_dag.py
[2026-08-06T09:45:36.870+0000] {logging_mixin.py:188} INFO - [2026-08-06T09:45:36.870+0000] {dag.py:3096} INFO - Sync 1 DAGs
[2026-08-06T09:45:36.912+0000] {logging_mixin.py:188} INFO - [2026-08-06T09:45:36.912+0000] {dag.py:3954} INFO - Setting next_dagrun for kafka_batch_to_hdfs to 2026-08-06 09:45:00+00:00, run_after=2026-08-06 09:50:00+00:00
[2026-08-06T09:45:36.942+0000] {processor.py:183} INFO - Processing /opt/airflow/dags/kafka_batch_to_hdfs_dag.py took 0.138 seconds
[2026-08-06T09:46:07.165+0000] {processor.py:161} INFO - Started process (PID=228) to work on /opt/airflow/dags/kafka_batch_to_hdfs_dag.py
[2026-08-06T09:46:07.167+0000] {processor.py:830} INFO - Processing file /opt/airflow/dags/kafka_batch_to_hdfs_dag.py for tasks to queue
[2026-08-06T09:46:07.169+0000] {logging_mixin.py:188} INFO - [2026-08-06T09:46:07.169+0000] {dagbag.py:545} INFO - Filling up the DagBag from /opt/airflow/dags/kafka_batch_to_hdfs_dag.py
[2026-08-06T09:46:07.192+0000] {processor.py:840} INFO - DAG(s) 'kafka_batch_to_hdfs' retrieved from /opt/airflow/dags/kafka_batch_to_hdfs_dag.py
[2026-08-06T09:46:07.240+0000] {logging_mixin.py:188} INFO - [2026-08-06T09:46:07.239+0000] {dag.py:3096} INFO - Sync 1 DAGs
[2026-08-06T09:46:07.267+0000] {logging_mixin.py:188} INFO - [2026-08-06T09:46:07.266+0000] {dag.py:3954} INFO - Setting next_dagrun for kafka_batch_to_hdfs to 2026-08-06 09:45:00+00:00, run_after=2026-08-06 09:50:00+00:00
[2026-08-06T09:46:07.296+0000] {processor.py:183} INFO - Processing /opt/airflow/dags/kafka_batch_to_hdfs_dag.py took 0.137 seconds
[2026-08-06T09:46:37.435+0000] {processor.py:161} INFO - Started process (PID=229) to work on /opt/airflow/dags/kafka_batch_to_hdfs_dag.py
[2026-08-06T09:46:37.437+0000] {processor.py:830} INFO - Processing file /opt/airflow/dags/kafka_batch_to_hdfs_dag.py for tasks to queue
[2026-08-06T09:46:37.440+0000] {logging_mixin.py:188} INFO - [2026-08-06T09:46:37.440+0000] {dagbag.py:545} INFO - Filling up the DagBag from /opt/airflow/dags/kafka_batch_to_hdfs_dag.py
[2026-08-06T09:46:37.471+0000] {processor.py:840} INFO - DAG(s) 'kafka_batch_to_hdfs' retrieved from /opt/airflow/dags/kafka_batch_to_hdfs_dag.py
[2026-08-06T09:46:37.518+0000] {logging_mixin.py:188} INFO - [2026-08-06T09:46:37.517+0000] {dag.py:3096} INFO - Sync 1 DAGs
[2026-08-06T09:46:37.549+0000] {logging_mixin.py:188} INFO - [2026-08-06T09:46:37.549+0000] {dag.py:3954} INFO - Setting next_dagrun for kafka_batch_to_hdfs to 2026-08-06 09:45:00+00:00, run_after=2026-08-06 09:50:00+00:00
[2026-08-06T09:46:37.573+0000] {processor.py:183} INFO - Processing /opt/airflow/dags/kafka_batch_to_hdfs_dag.py took 0.147 seconds
[2026-08-06T09:47:07.733+0000] {processor.py:161} INFO - Started process (PID=230) to work on /opt/airflow/dags/kafka_batch_to_hdfs_dag.py
[2026-08-06T09:47:07.735+0000] {processor.py:830} INFO - Processing file /opt/airflow/dags/kafka_batch_to_hdfs_dag.py for tasks to queue
[2026-08-06T09:47:07.738+0000] {logging_mixin.py:188} INFO - [2026-08-06T09:47:07.738+0000] {dagbag.py:545} INFO - Filling up the DagBag from /opt/airflow/dags/kafka_batch_to_hdfs_dag.py
[2026-08-06T09:47:07.763+0000] {processor.py:840} INFO - DAG(s) 'kafka_batch_to_hdfs' retrieved from /opt/airflow/dags/kafka_batch_to_hdfs_dag.py
[2026-08-06T09:47:07.795+0000] {logging_mixin.py:188} INFO - [2026-08-06T09:47:07.795+0000] {dag.py:3096} INFO - Sync 1 DAGs
[2026-08-06T09:47:07.822+0000] {logging_mixin.py:188} INFO - [2026-08-06T09:47:07.822+0000] {dag.py:3954} INFO - Setting next_dagrun for kafka_batch_to_hdfs to 2026-08-06 09:45:00+00:00, run_after=2026-08-06 09:50:00+00:00
[2026-08-06T09:47:07.851+0000] {processor.py:183} INFO - Processing /opt/airflow/dags/kafka_batch_to_hdfs_dag.py took 0.126 seconds
[2026-08-06T09:47:37.999+0000] {processor.py:161} INFO - Started process (PID=231) to work on /opt/airflow/dags/kafka_batch_to_hdfs_dag.py
[2026-08-06T09:47:38.001+0000] {processor.py:830} INFO - Processing file /opt/airflow/dags/kafka_batch_to_hdfs_dag.py for tasks to queue
[2026-08-06T09:47:38.004+0000] {logging_mixin.py:188} INFO - [2026-08-06T09:47:38.003+0000] {dagbag.py:545} INFO - Filling up the DagBag from /opt/airflow/dags/kafka_batch_to_hdfs_dag.py
[2026-08-06T09:47:38.024+0000] {processor.py:840} INFO - DAG(s) 'kafka_batch_to_hdfs' retrieved from /opt/airflow/dags/kafka_batch_to_hdfs_dag.py
[2026-08-06T09:47:38.056+0000] {logging_mixin.py:188} INFO - [2026-08-06T09:47:38.056+0000] {dag.py:3096} INFO - Sync 1 DAGs
[2026-08-06T09:47:38.084+0000] {logging_mixin.py:188} INFO - [2026-08-06T09:47:38.083+0000] {dag.py:3954} INFO - Setting next_dagrun for kafka_batch_to_hdfs to 2026-08-06 09:45:00+00:00, run_after=2026-08-06 09:50:00+00:00
[2026-08-06T09:47:38.108+0000] {processor.py:183} INFO - Processing /opt/airflow/dags/kafka_batch_to_hdfs_dag.py took 0.115 seconds
[2026-08-06T09:48:08.341+0000] {processor.py:161} INFO - Started process (PID=232) to work on /opt/airflow/dags/kafka_batch_to_hdfs_dag.py
[2026-08-06T09:48:08.343+0000] {processor.py:830} INFO - Processing file /opt/airflow/dags/kafka_batch_to_hdfs_dag.py for tasks to queue
[2026-08-06T09:48:08.349+0000] {logging_mixin.py:188} INFO - [2026-08-06T09:48:08.348+0000] {dagbag.py:545} INFO - Filling up the DagBag from /opt/airflow/dags/kafka_batch_to_hdfs_dag.py
[2026-08-06T09:48:08.377+0000] {processor.py:840} INFO - DAG(s) 'kafka_batch_to_hdfs' retrieved from /opt/airflow/dags/kafka_batch_to_hdfs_dag.py
[2026-08-06T09:48:08.420+0000] {logging_mixin.py:188} INFO - [2026-08-06T09:48:08.420+0000] {dag.py:3096} INFO - Sync 1 DAGs
[2026-08-06T09:48:08.451+0000] {logging_mixin.py:188} INFO - [2026-08-06T09:48:08.451+0000] {dag.py:3954} INFO - Setting next_dagrun for kafka_batch_to_hdfs to 2026-08-06 09:45:00+00:00, run_after=2026-08-06 09:50:00+00:00
[2026-08-06T09:48:08.483+0000] {processor.py:183} INFO - Processing /opt/airflow/dags/kafka_batch_to_hdfs_dag.py took 0.147 seconds
[2026-08-06T09:48:38.565+0000] {processor.py:161} INFO - Started process (PID=233) to work on /opt/airflow/dags/kafka_batch_to_hdfs_dag.py
[2026-08-06T09:48:38.567+0000] {processor.py:830} INFO - Processing file /opt/airflow/dags/kafka_batch_to_hdfs_dag.py for tasks to queue
[2026-08-06T09:48:38.571+0000] {logging_mixin.py:188} INFO - [2026-08-06T09:48:38.570+0000] {dagbag.py:545} INFO - Filling up the DagBag from /opt/airflow/dags/kafka_batch_to_hdfs_dag.py
[2026-08-06T09:48:38.597+0000] {processor.py:840} INFO - DAG(s) 'kafka_batch_to_hdfs' retrieved from /opt/airflow/dags/kafka_batch_to_hdfs_dag.py
[2026-08-06T09:48:38.630+0000] {logging_mixin.py:188} INFO - [2026-08-06T09:48:38.629+0000] {dag.py:3096} INFO - Sync 1 DAGs
[2026-08-06T09:48:38.657+0000] {logging_mixin.py:188} INFO - [2026-08-06T09:48:38.657+0000] {dag.py:3954} INFO - Setting next_dagrun for kafka_batch_to_hdfs to 2026-08-06 09:45:00+00:00, run_after=2026-08-06 09:50:00+00:00
[2026-08-06T09:48:38.685+0000] {processor.py:183} INFO - Processing /opt/airflow/dags/kafka_batch_to_hdfs_dag.py took 0.126 seconds
[2026-08-06T09:49:08.766+0000] {processor.py:161} INFO - Started process (PID=234) to work on /opt/airflow/dags/kafka_batch_to_hdfs_dag.py
[2026-08-06T09:49:08.768+0000] {processor.py:830} INFO - Processing file /opt/airflow/dags/kafka_batch_to_hdfs_dag.py for tasks to queue
[2026-08-06T09:49:08.771+0000] {logging_mixin.py:188} INFO - [2026-08-06T09:49:08.770+0000] {dagbag.py:545} INFO - Filling up the DagBag from /opt/airflow/dags/kafka_batch_to_hdfs_dag.py
[2026-08-06T09:49:08.799+0000] {processor.py:840} INFO - DAG(s) 'kafka_batch_to_hdfs' retrieved from /opt/airflow/dags/kafka_batch_to_hdfs_dag.py
[2026-08-06T09:49:08.838+0000] {logging_mixin.py:188} INFO - [2026-08-06T09:49:08.838+0000] {dag.py:3096} INFO - Sync 1 DAGs
[2026-08-06T09:49:08.869+0000] {logging_mixin.py:188} INFO - [2026-08-06T09:49:08.869+0000] {dag.py:3954} INFO - Setting next_dagrun for kafka_batch_to_hdfs to 2026-08-06 09:45:00+00:00, run_after=2026-08-06 09:50:00+00:00
[2026-08-06T09:49:08.896+0000] {processor.py:183} INFO - Processing /opt/airflow/dags/kafka_batch_to_hdfs_dag.py took 0.138 seconds
[2026-08-06T09:49:39.110+0000] {processor.py:161} INFO - Started process (PID=235) to work on /opt/airflow/dags/kafka_batch_to_hdfs_dag.py
[2026-08-06T09:49:39.112+0000] {processor.py:830} INFO - Processing file /opt/airflow/dags/kafka_batch_to_hdfs_dag.py for tasks to queue
[2026-08-06T09:49:39.116+0000] {logging_mixin.py:188} INFO - [2026-08-06T09:49:39.115+0000] {dagbag.py:545} INFO - Filling up the DagBag from /opt/airflow/dags/kafka_batch_to_hdfs_dag.py
[2026-08-06T09:49:39.140+0000] {processor.py:840} INFO - DAG(s) 'kafka_batch_to_hdfs' retrieved from /opt/airflow/dags/kafka_batch_to_hdfs_dag.py
[2026-08-06T09:49:39.173+0000] {logging_mixin.py:188} INFO - [2026-08-06T09:49:39.172+0000] {dag.py:3096} INFO - Sync 1 DAGs
[2026-08-06T09:49:39.203+0000] {logging_mixin.py:188} INFO - [2026-08-06T09:49:39.202+0000] {dag.py:3954} INFO - Setting next_dagrun for kafka_batch_to_hdfs to 2026-08-06 09:45:00+00:00, run_after=2026-08-06 09:50:00+00:00
[2026-08-06T09:49:39.228+0000] {processor.py:183} INFO - Processing /opt/airflow/dags/kafka_batch_to_hdfs_dag.py took 0.124 seconds
[2026-08-06T09:50:09.443+0000] {processor.py:161} INFO - Started process (PID=245) to work on /opt/airflow/dags/kafka_batch_to_hdfs_dag.py
[2026-08-06T09:50:09.445+0000] {processor.py:830} INFO - Processing file /opt/airflow/dags/kafka_batch_to_hdfs_dag.py for tasks to queue
[2026-08-06T09:50:09.450+0000] {logging_mixin.py:188} INFO - [2026-08-06T09:50:09.450+0000] {dagbag.py:545} INFO - Filling up the DagBag from /opt/airflow/dags/kafka_batch_to_hdfs_dag.py
[2026-08-06T09:50:09.486+0000] {processor.py:840} INFO - DAG(s) 'kafka_batch_to_hdfs' retrieved from /opt/airflow/dags/kafka_batch_to_hdfs_dag.py
[2026-08-06T09:50:09.534+0000] {logging_mixin.py:188} INFO - [2026-08-06T09:50:09.534+0000] {dag.py:3096} INFO - Sync 1 DAGs
[2026-08-06T09:50:09.574+0000] {logging_mixin.py:188} INFO - [2026-08-06T09:50:09.574+0000] {dag.py:3954} INFO - Setting next_dagrun for kafka_batch_to_hdfs to 2026-08-06 09:50:00+00:00, run_after=2026-08-06 09:55:00+00:00
[2026-08-06T09:50:09.607+0000] {processor.py:183} INFO - Processing /opt/airflow/dags/kafka_batch_to_hdfs_dag.py took 0.176 seconds
[2026-08-06T09:50:39.656+0000] {processor.py:161} INFO - Started process (PID=246) to work on /opt/airflow/dags/kafka_batch_to_hdfs_dag.py
[2026-08-06T09:50:39.658+0000] {processor.py:830} INFO - Processing file /opt/airflow/dags/kafka_batch_to_hdfs_dag.py for tasks to queue
[2026-08-06T09:50:39.660+0000] {logging_mixin.py:188} INFO - [2026-08-06T09:50:39.660+0000] {dagbag.py:545} INFO - Filling up the DagBag from /opt/airflow/dags/kafka_batch_to_hdfs_dag.py
[2026-08-06T09:50:39.686+0000] {processor.py:840} INFO - DAG(s) 'kafka_batch_to_hdfs' retrieved from /opt/airflow/dags/kafka_batch_to_hdfs_dag.py
[2026-08-06T09:50:39.734+0000] {logging_mixin.py:188} INFO - [2026-08-06T09:50:39.732+0000] {dag.py:3096} INFO - Sync 1 DAGs
[2026-08-06T09:50:39.765+0000] {logging_mixin.py:188} INFO - [2026-08-06T09:50:39.765+0000] {dag.py:3954} INFO - Setting next_dagrun for kafka_batch_to_hdfs to 2026-08-06 09:50:00+00:00, run_after=2026-08-06 09:55:00+00:00
[2026-08-06T09:50:39.795+0000] {processor.py:183} INFO - Processing /opt/airflow/dags/kafka_batch_to_hdfs_dag.py took 0.147 seconds
[2026-08-06T09:51:09.875+0000] {processor.py:161} INFO - Started process (PID=247) to work on /opt/airflow/dags/kafka_batch_to_hdfs_dag.py
[2026-08-06T09:51:09.876+0000] {processor.py:830} INFO - Processing file /opt/airflow/dags/kafka_batch_to_hdfs_dag.py for tasks to queue
[2026-08-06T09:51:09.879+0000] {logging_mixin.py:188} INFO - [2026-08-06T09:51:09.879+0000] {dagbag.py:545} INFO - Filling up the DagBag from /opt/airflow/dags/kafka_batch_to_hdfs_dag.py
[2026-08-06T09:51:09.907+0000] {processor.py:840} INFO - DAG(s) 'kafka_batch_to_hdfs' retrieved from /opt/airflow/dags/kafka_batch_to_hdfs_dag.py
[2026-08-06T09:51:09.943+0000] {logging_mixin.py:188} INFO - [2026-08-06T09:51:09.943+0000] {dag.py:3096} INFO - Sync 1 DAGs
[2026-08-06T09:51:09.973+0000] {logging_mixin.py:188} INFO - [2026-08-06T09:51:09.973+0000] {dag.py:3954} INFO - Setting next_dagrun for kafka_batch_to_hdfs to 2026-08-06 09:50:00+00:00, run_after=2026-08-06 09:55:00+00:00
[2026-08-06T09:51:10.011+0000] {processor.py:183} INFO - Processing /opt/airflow/dags/kafka_batch_to_hdfs_dag.py took 0.143 seconds
[2026-08-06T09:51:40.240+0000] {processor.py:161} INFO - Started process (PID=248) to work on /opt/airflow/dags/kafka_batch_to_hdfs_dag.py
[2026-08-06T09:51:40.242+0000] {processor.py:830} INFO - Processing file /opt/airflow/dags/kafka_batch_to_hdfs_dag.py for tasks to queue
[2026-08-06T09:51:40.244+0000] {logging_mixin.py:188} INFO - [2026-08-06T09:51:40.244+0000] {dagbag.py:545} INFO - Filling up the DagBag from /opt/airflow/dags/kafka_batch_to_hdfs_dag.py
[2026-08-06T09:51:40.269+0000] {processor.py:840} INFO - DAG(s) 'kafka_batch_to_hdfs' retrieved from /opt/airflow/dags/kafka_batch_to_hdfs_dag.py
[2026-08-06T09:51:40.300+0000] {logging_mixin.py:188} INFO - [2026-08-06T09:51:40.299+0000] {dag.py:3096} INFO - Sync 1 DAGs
[2026-08-06T09:51:40.327+0000] {logging_mixin.py:188} INFO - [2026-08-06T09:51:40.326+0000] {dag.py:3954} INFO - Setting next_dagrun for kafka_batch_to_hdfs to 2026-08-06 09:50:00+00:00, run_after=2026-08-06 09:55:00+00:00
[2026-08-06T09:51:40.355+0000] {processor.py:183} INFO - Processing /opt/airflow/dags/kafka_batch_to_hdfs_dag.py took 0.119 seconds
[2026-08-06T09:52:10.451+0000] {processor.py:161} INFO - Started process (PID=249) to work on /opt/airflow/dags/kafka_batch_to_hdfs_dag.py
[2026-08-06T09:52:10.453+0000] {processor.py:830} INFO - Processing file /opt/airflow/dags/kafka_batch_to_hdfs_dag.py for tasks to queue
[2026-08-06T09:52:10.456+0000] {logging_mixin.py:188} INFO - [2026-08-06T09:52:10.455+0000] {dagbag.py:545} INFO - Filling up the DagBag from /opt/airflow/dags/kafka_batch_to_hdfs_dag.py
[2026-08-06T09:52:10.481+0000] {processor.py:840} INFO - DAG(s) 'kafka_batch_to_hdfs' retrieved from /opt/airflow/dags/kafka_batch_to_hdfs_dag.py
[2026-08-06T09:52:10.515+0000] {logging_mixin.py:188} INFO - [2026-08-06T09:52:10.514+0000] {dag.py:3096} INFO - Sync 1 DAGs
[2026-08-06T09:52:10.548+0000] {logging_mixin.py:188} INFO - [2026-08-06T09:52:10.547+0000] {dag.py:3954} INFO - Setting next_dagrun for kafka_batch_to_hdfs to 2026-08-06 09:50:00+00:00, run_after=2026-08-06 09:55:00+00:00
[2026-08-06T09:52:10.592+0000] {processor.py:183} INFO - Processing /opt/airflow/dags/kafka_batch_to_hdfs_dag.py took 0.149 seconds
[2026-08-06T09:52:40.744+0000] {processor.py:161} INFO - Started process (PID=250) to work on /opt/airflow/dags/kafka_batch_to_hdfs_dag.py
[2026-08-06T09:52:40.745+0000] {processor.py:830} INFO - Processing file /opt/airflow/dags/kafka_batch_to_hdfs_dag.py for tasks to queue
[2026-08-06T09:52:40.748+0000] {logging_mixin.py:188} INFO - [2026-08-06T09:52:40.748+0000] {dagbag.py:545} INFO - Filling up the DagBag from /opt/airflow/dags/kafka_batch_to_hdfs_dag.py
[2026-08-06T09:52:40.772+0000] {processor.py:840} INFO - DAG(s) 'kafka_batch_to_hdfs' retrieved from /opt/airflow/dags/kafka_batch_to_hdfs_dag.py
[2026-08-06T09:52:40.810+0000] {logging_mixin.py:188} INFO - [2026-08-06T09:52:40.810+0000] {dag.py:3096} INFO - Sync 1 DAGs
[2026-08-06T09:52:40.839+0000] {logging_mixin.py:188} INFO - [2026-08-06T09:52:40.839+0000] {dag.py:3954} INFO - Setting next_dagrun for kafka_batch_to_hdfs to 2026-08-06 09:50:00+00:00, run_after=2026-08-06 09:55:00+00:00
[2026-08-06T09:52:40.865+0000] {processor.py:183} INFO - Processing /opt/airflow/dags/kafka_batch_to_hdfs_dag.py took 0.127 seconds
[2026-08-06T09:53:11.026+0000] {processor.py:161} INFO - Started process (PID=251) to work on /opt/airflow/dags/kafka_batch_to_hdfs_dag.py
[2026-08-06T09:53:11.028+0000] {processor.py:830} INFO - Processing file /opt/airflow/dags/kafka_batch_to_hdfs_dag.py for tasks to queue
[2026-08-06T09:53:11.031+0000] {logging_mixin.py:188} INFO - [2026-08-06T09:53:11.030+0000] {dagbag.py:545} INFO - Filling up the DagBag from /opt/airflow/dags/kafka_batch_to_hdfs_dag.py
[2026-08-06T09:53:11.058+0000] {processor.py:840} INFO - DAG(s) 'kafka_batch_to_hdfs' retrieved from /opt/airflow/dags/kafka_batch_to_hdfs_dag.py
[2026-08-06T09:53:11.095+0000] {logging_mixin.py:188} INFO - [2026-08-06T09:53:11.095+0000] {dag.py:3096} INFO - Sync 1 DAGs
[2026-08-06T09:53:11.124+0000] {logging_mixin.py:188} INFO - [2026-08-06T09:53:11.123+0000] {dag.py:3954} INFO - Setting next_dagrun for kafka_batch_to_hdfs to 2026-08-06 09:50:00+00:00, run_after=2026-08-06 09:55:00+00:00
[2026-08-06T09:53:11.161+0000] {processor.py:183} INFO - Processing /opt/airflow/dags/kafka_batch_to_hdfs_dag.py took 0.142 seconds
[2026-08-06T09:53:41.312+0000] {processor.py:161} INFO - Started process (PID=252) to work on /opt/airflow/dags/kafka_batch_to_hdfs_dag.py
[2026-08-06T09:53:41.313+0000] {processor.py:830} INFO - Processing file /opt/airflow/dags/kafka_batch_to_hdfs_dag.py for tasks to queue
[2026-08-06T09:53:41.316+0000] {logging_mixin.py:188} INFO - [2026-08-06T09:53:41.316+0000] {dagbag.py:545} INFO - Filling up the DagBag from /opt/airflow/dags/kafka_batch_to_hdfs_dag.py
[2026-08-06T09:53:41.341+0000] {processor.py:840} INFO - DAG(s) 'kafka_batch_to_hdfs' retrieved from /opt/airflow/dags/kafka_batch_to_hdfs_dag.py
[2026-08-06T09:53:41.371+0000] {logging_mixin.py:188} INFO - [2026-08-06T09:53:41.370+0000] {dag.py:3096} INFO - Sync 1 DAGs
[2026-08-06T09:53:41.399+0000] {logging_mixin.py:188} INFO - [2026-08-06T09:53:41.399+0000] {dag.py:3954} INFO - Setting next_dagrun for kafka_batch_to_hdfs to 2026-08-06 09:50:00+00:00, run_after=2026-08-06 09:55:00+00:00
[2026-08-06T09:53:41.424+0000] {processor.py:183} INFO - Processing /opt/airflow/dags/kafka_batch_to_hdfs_dag.py took 0.118 seconds
[2026-08-06T09:54:11.531+0000] {processor.py:161} INFO - Started process (PID=253) to work on /opt/airflow/dags/kafka_batch_to_hdfs_dag.py
[2026-08-06T09:54:11.533+0000] {processor.py:830} INFO - Processing file /opt/airflow/dags/kafka_batch_to_hdfs_dag.py for tasks to queue
[2026-08-06T09:54:11.536+0000] {logging_mixin.py:188} INFO - [2026-08-06T09:54:11.535+0000] {dagbag.py:545} INFO - Filling up the DagBag from /opt/airflow/dags/kafka_batch_to_hdfs_dag.py
[2026-08-06T09:54:11.558+0000] {processor.py:840} INFO - DAG(s) 'kafka_batch_to_hdfs' retrieved from /opt/airflow/dags/kafka_batch_to_hdfs_dag.py
[2026-08-06T09:54:11.587+0000] {logging_mixin.py:188} INFO - [2026-08-06T09:54:11.587+0000] {dag.py:3096} INFO - Sync 1 DAGs
[2026-08-06T09:54:11.612+0000] {logging_mixin.py:188} INFO - [2026-08-06T09:54:11.612+0000] {dag.py:3954} INFO - Setting next_dagrun for kafka_batch_to_hdfs to 2026-08-06 09:50:00+00:00, run_after=2026-08-06 09:55:00+00:00
[2026-08-06T09:54:11.647+0000] {processor.py:183} INFO - Processing /opt/airflow/dags/kafka_batch_to_hdfs_dag.py took 0.123 seconds
[2026-08-06T09:54:41.821+0000] {processor.py:161} INFO - Started process (PID=254) to work on /opt/airflow/dags/kafka_batch_to_hdfs_dag.py
[2026-08-06T09:54:41.823+0000] {processor.py:830} INFO - Processing file /opt/airflow/dags/kafka_batch_to_hdfs_dag.py for tasks to queue
[2026-08-06T09:54:41.826+0000] {logging_mixin.py:188} INFO - [2026-08-06T09:54:41.826+0000] {dagbag.py:545} INFO - Filling up the DagBag from /opt/airflow/dags/kafka_batch_to_hdfs_dag.py
[2026-08-06T09:54:41.847+0000] {processor.py:840} INFO - DAG(s) 'kafka_batch_to_hdfs' retrieved from /opt/airflow/dags/kafka_batch_to_hdfs_dag.py
[2026-08-06T09:54:41.879+0000] {logging_mixin.py:188} INFO - [2026-08-06T09:54:41.879+0000] {dag.py:3096} INFO - Sync 1 DAGs
[2026-08-06T09:54:41.910+0000] {logging_mixin.py:188} INFO - [2026-08-06T09:54:41.910+0000] {dag.py:3954} INFO - Setting next_dagrun for kafka_batch_to_hdfs to 2026-08-06 09:50:00+00:00, run_after=2026-08-06 09:55:00+00:00
[2026-08-06T09:54:41.934+0000] {processor.py:183} INFO - Processing /opt/airflow/dags/kafka_batch_to_hdfs_dag.py took 0.121 seconds
[2026-08-06T09:55:12.043+0000] {processor.py:161} INFO - Started process (PID=264) to work on /opt/airflow/dags/kafka_batch_to_hdfs_dag.py
[2026-08-06T09:55:12.045+0000] {processor.py:830} INFO - Processing file /opt/airflow/dags/kafka_batch_to_hdfs_dag.py for tasks to queue
[2026-08-06T09:55:12.047+0000] {logging_mixin.py:188} INFO - [2026-08-06T09:55:12.046+0000] {dagbag.py:545} INFO - Filling up the DagBag from /opt/airflow/dags/kafka_batch_to_hdfs_dag.py
[2026-08-06T09:55:12.073+0000] {processor.py:840} INFO - DAG(s) 'kafka_batch_to_hdfs' retrieved from /opt/airflow/dags/kafka_batch_to_hdfs_dag.py
[2026-08-06T09:55:12.167+0000] {logging_mixin.py:188} INFO - [2026-08-06T09:55:12.167+0000] {dag.py:3096} INFO - Sync 1 DAGs
[2026-08-06T09:55:12.239+0000] {logging_mixin.py:188} INFO - [2026-08-06T09:55:12.238+0000] {dag.py:3954} INFO - Setting next_dagrun for kafka_batch_to_hdfs to 2026-08-06 09:55:00+00:00, run_after=2026-08-06 10:00:00+00:00
[2026-08-06T09:55:12.263+0000] {processor.py:183} INFO - Processing /opt/airflow/dags/kafka_batch_to_hdfs_dag.py took 0.225 seconds
[2026-08-06T09:55:42.411+0000] {processor.py:161} INFO - Started process (PID=265) to work on /opt/airflow/dags/kafka_batch_to_hdfs_dag.py
[2026-08-06T09:55:42.413+0000] {processor.py:830} INFO - Processing file /opt/airflow/dags/kafka_batch_to_hdfs_dag.py for tasks to queue
[2026-08-06T09:55:42.415+0000] {logging_mixin.py:188} INFO - [2026-08-06T09:55:42.415+0000] {dagbag.py:545} INFO - Filling up the DagBag from /opt/airflow/dags/kafka_batch_to_hdfs_dag.py
[2026-08-06T09:55:42.439+0000] {processor.py:840} INFO - DAG(s) 'kafka_batch_to_hdfs' retrieved from /opt/airflow/dags/kafka_batch_to_hdfs_dag.py
[2026-08-06T09:55:42.475+0000] {logging_mixin.py:188} INFO - [2026-08-06T09:55:42.474+0000] {dag.py:3096} INFO - Sync 1 DAGs
[2026-08-06T09:55:42.506+0000] {logging_mixin.py:188} INFO - [2026-08-06T09:55:42.505+0000] {dag.py:3954} INFO - Setting next_dagrun for kafka_batch_to_hdfs to 2026-08-06 09:55:00+00:00, run_after=2026-08-06 10:00:00+00:00
[2026-08-06T09:55:42.532+0000] {processor.py:183} INFO - Processing /opt/airflow/dags/kafka_batch_to_hdfs_dag.py took 0.126 seconds
[2026-08-06T09:56:12.635+0000] {processor.py:161} INFO - Started process (PID=266) to work on /opt/airflow/dags/kafka_batch_to_hdfs_dag.py
[2026-08-06T09:56:12.637+0000] {processor.py:830} INFO - Processing file /opt/airflow/dags/kafka_batch_to_hdfs_dag.py for tasks to queue
[2026-08-06T09:56:12.640+0000] {logging_mixin.py:188} INFO - [2026-08-06T09:56:12.639+0000] {dagbag.py:545} INFO - Filling up the DagBag from /opt/airflow/dags/kafka_batch_to_hdfs_dag.py
[2026-08-06T09:56:12.660+0000] {processor.py:840} INFO - DAG(s) 'kafka_batch_to_hdfs' retrieved from /opt/airflow/dags/kafka_batch_to_hdfs_dag.py
[2026-08-06T09:56:12.691+0000] {logging_mixin.py:188} INFO - [2026-08-06T09:56:12.691+0000] {dag.py:3096} INFO - Sync 1 DAGs
[2026-08-06T09:56:12.718+0000] {logging_mixin.py:188} INFO - [2026-08-06T09:56:12.718+0000] {dag.py:3954} INFO - Setting next_dagrun for kafka_batch_to_hdfs to 2026-08-06 09:55:00+00:00, run_after=2026-08-06 10:00:00+00:00
[2026-08-06T09:56:12.752+0000] {processor.py:183} INFO - Processing /opt/airflow/dags/kafka_batch_to_hdfs_dag.py took 0.122 seconds
[2026-08-06T09:56:42.933+0000] {processor.py:161} INFO - Started process (PID=267) to work on /opt/airflow/dags/kafka_batch_to_hdfs_dag.py
[2026-08-06T09:56:42.935+0000] {processor.py:830} INFO - Processing file /opt/airflow/dags/kafka_batch_to_hdfs_dag.py for tasks to queue
[2026-08-06T09:56:42.938+0000] {logging_mixin.py:188} INFO - [2026-08-06T09:56:42.938+0000] {dagbag.py:545} INFO - Filling up the DagBag from /opt/airflow/dags/kafka_batch_to_hdfs_dag.py
[2026-08-06T09:56:42.964+0000] {processor.py:840} INFO - DAG(s) 'kafka_batch_to_hdfs' retrieved from /opt/airflow/dags/kafka_batch_to_hdfs_dag.py
[2026-08-06T09:56:42.994+0000] {logging_mixin.py:188} INFO - [2026-08-06T09:56:42.994+0000] {dag.py:3096} INFO - Sync 1 DAGs
[2026-08-06T09:56:43.019+0000] {logging_mixin.py:188} INFO - [2026-08-06T09:56:43.019+0000] {dag.py:3954} INFO - Setting next_dagrun for kafka_batch_to_hdfs to 2026-08-06 09:55:00+00:00, run_after=2026-08-06 10:00:00+00:00
[2026-08-06T09:56:43.056+0000] {processor.py:183} INFO - Processing /opt/airflow/dags/kafka_batch_to_hdfs_dag.py took 0.129 seconds
[2026-08-06T09:57:13.184+0000] {processor.py:161} INFO - Started process (PID=268) to work on /opt/airflow/dags/kafka_batch_to_hdfs_dag.py
[2026-08-06T09:57:13.186+0000] {processor.py:830} INFO - Processing file /opt/airflow/dags/kafka_batch_to_hdfs_dag.py for tasks to queue
[2026-08-06T09:57:13.188+0000] {logging_mixin.py:188} INFO - [2026-08-06T09:57:13.188+0000] {dagbag.py:545} INFO - Filling up the DagBag from /opt/airflow/dags/kafka_batch_to_hdfs_dag.py
[2026-08-06T09:57:13.206+0000] {processor.py:840} INFO - DAG(s) 'kafka_batch_to_hdfs' retrieved from /opt/airflow/dags/kafka_batch_to_hdfs_dag.py
[2026-08-06T09:57:13.236+0000] {logging_mixin.py:188} INFO - [2026-08-06T09:57:13.235+0000] {dag.py:3096} INFO - Sync 1 DAGs
[2026-08-06T09:57:13.264+0000] {logging_mixin.py:188} INFO - [2026-08-06T09:57:13.263+0000] {dag.py:3954} INFO - Setting next_dagrun for kafka_batch_to_hdfs to 2026-08-06 09:55:00+00:00, run_after=2026-08-06 10:00:00+00:00
[2026-08-06T09:57:13.299+0000] {processor.py:183} INFO - Processing /opt/airflow/dags/kafka_batch_to_hdfs_dag.py took 0.120 seconds
[2026-08-06T09:57:43.526+0000] {processor.py:161} INFO - Started process (PID=269) to work on /opt/airflow/dags/kafka_batch_to_hdfs_dag.py
[2026-08-06T09:57:43.528+0000] {processor.py:830} INFO - Processing file /opt/airflow/dags/kafka_batch_to_hdfs_dag.py for tasks to queue
[2026-08-06T09:57:43.531+0000] {logging_mixin.py:188} INFO - [2026-08-06T09:57:43.530+0000] {dagbag.py:545} INFO - Filling up the DagBag from /opt/airflow/dags/kafka_batch_to_hdfs_dag.py
[2026-08-06T09:57:43.554+0000] {processor.py:840} INFO - DAG(s) 'kafka_batch_to_hdfs' retrieved from /opt/airflow/dags/kafka_batch_to_hdfs_dag.py
[2026-08-06T09:57:43.584+0000] {logging_mixin.py:188} INFO - [2026-08-06T09:57:43.584+0000] {dag.py:3096} INFO - Sync 1 DAGs
[2026-08-06T09:57:43.610+0000] {logging_mixin.py:188} INFO - [2026-08-06T09:57:43.610+0000] {dag.py:3954} INFO - Setting next_dagrun for kafka_batch_to_hdfs to 2026-08-06 09:55:00+00:00, run_after=2026-08-06 10:00:00+00:00
[2026-08-06T09:57:43.651+0000] {processor.py:183} INFO - Processing /opt/airflow/dags/kafka_batch_to_hdfs_dag.py took 0.132 seconds
[2026-08-06T09:58:13.798+0000] {processor.py:161} INFO - Started process (PID=270) to work on /opt/airflow/dags/kafka_batch_to_hdfs_dag.py
[2026-08-06T09:58:13.800+0000] {processor.py:830} INFO - Processing file /opt/airflow/dags/kafka_batch_to_hdfs_dag.py for tasks to queue
[2026-08-06T09:58:13.803+0000] {logging_mixin.py:188} INFO - [2026-08-06T09:58:13.802+0000] {dagbag.py:545} INFO - Filling up the DagBag from /opt/airflow/dags/kafka_batch_to_hdfs_dag.py
[2026-08-06T09:58:13.832+0000] {processor.py:840} INFO - DAG(s) 'kafka_batch_to_hdfs' retrieved from /opt/airflow/dags/kafka_batch_to_hdfs_dag.py
[2026-08-06T09:58:13.871+0000] {logging_mixin.py:188} INFO - [2026-08-06T09:58:13.869+0000] {dag.py:3096} INFO - Sync 1 DAGs
[2026-08-06T09:58:13.905+0000] {logging_mixin.py:188} INFO - [2026-08-06T09:58:13.905+0000] {dag.py:3954} INFO - Setting next_dagrun for kafka_batch_to_hdfs to 2026-08-06 09:55:00+00:00, run_after=2026-08-06 10:00:00+00:00
[2026-08-06T09:58:13.934+0000] {processor.py:183} INFO - Processing /opt/airflow/dags/kafka_batch_to_hdfs_dag.py took 0.143 seconds
[2026-08-06T09:58:44.175+0000] {processor.py:161} INFO - Started process (PID=271) to work on /opt/airflow/dags/kafka_batch_to_hdfs_dag.py
[2026-08-06T09:58:44.176+0000] {processor.py:830} INFO - Processing file /opt/airflow/dags/kafka_batch_to_hdfs_dag.py for tasks to queue
[2026-08-06T09:58:44.179+0000] {logging_mixin.py:188} INFO - [2026-08-06T09:58:44.179+0000] {dagbag.py:545} INFO - Filling up the DagBag from /opt/airflow/dags/kafka_batch_to_hdfs_dag.py
[2026-08-06T09:58:44.200+0000] {processor.py:840} INFO - DAG(s) 'kafka_batch_to_hdfs' retrieved from /opt/airflow/dags/kafka_batch_to_hdfs_dag.py
[2026-08-06T09:58:44.229+0000] {logging_mixin.py:188} INFO - [2026-08-06T09:58:44.229+0000] {dag.py:3096} INFO - Sync 1 DAGs
[2026-08-06T09:58:44.254+0000] {logging_mixin.py:188} INFO - [2026-08-06T09:58:44.254+0000] {dag.py:3954} INFO - Setting next_dagrun for kafka_batch_to_hdfs to 2026-08-06 09:55:00+00:00, run_after=2026-08-06 10:00:00+00:00
[2026-08-06T09:58:44.280+0000] {processor.py:183} INFO - Processing /opt/airflow/dags/kafka_batch_to_hdfs_dag.py took 0.110 seconds
[2026-08-06T09:59:14.412+0000] {processor.py:161} INFO - Started process (PID=272) to work on /opt/airflow/dags/kafka_batch_to_hdfs_dag.py
[2026-08-06T09:59:14.413+0000] {processor.py:830} INFO - Processing file /opt/airflow/dags/kafka_batch_to_hdfs_dag.py for tasks to queue
[2026-08-06T09:59:14.416+0000] {logging_mixin.py:188} INFO - [2026-08-06T09:59:14.416+0000] {dagbag.py:545} INFO - Filling up the DagBag from /opt/airflow/dags/kafka_batch_to_hdfs_dag.py
[2026-08-06T09:59:14.444+0000] {processor.py:840} INFO - DAG(s) 'kafka_batch_to_hdfs' retrieved from /opt/airflow/dags/kafka_batch_to_hdfs_dag.py
[2026-08-06T09:59:14.481+0000] {logging_mixin.py:188} INFO - [2026-08-06T09:59:14.481+0000] {dag.py:3096} INFO - Sync 1 DAGs
[2026-08-06T09:59:14.508+0000] {logging_mixin.py:188} INFO - [2026-08-06T09:59:14.507+0000] {dag.py:3954} INFO - Setting next_dagrun for kafka_batch_to_hdfs to 2026-08-06 09:55:00+00:00, run_after=2026-08-06 10:00:00+00:00
[2026-08-06T09:59:14.532+0000] {processor.py:183} INFO - Processing /opt/airflow/dags/kafka_batch_to_hdfs_dag.py took 0.127 seconds
[2026-08-06T09:59:44.695+0000] {processor.py:161} INFO - Started process (PID=273) to work on /opt/airflow/dags/kafka_batch_to_hdfs_dag.py
[2026-08-06T09:59:44.697+0000] {processor.py:830} INFO - Processing file /opt/airflow/dags/kafka_batch_to_hdfs_dag.py for tasks to queue
[2026-08-06T09:59:44.699+0000] {logging_mixin.py:188} INFO - [2026-08-06T09:59:44.698+0000] {dagbag.py:545} INFO - Filling up the DagBag from /opt/airflow/dags/kafka_batch_to_hdfs_dag.py
[2026-08-06T09:59:44.718+0000] {processor.py:840} INFO - DAG(s) 'kafka_batch_to_hdfs' retrieved from /opt/airflow/dags/kafka_batch_to_hdfs_dag.py
[2026-08-06T09:59:44.746+0000] {logging_mixin.py:188} INFO - [2026-08-06T09:59:44.746+0000] {dag.py:3096} INFO - Sync 1 DAGs
[2026-08-06T09:59:44.769+0000] {logging_mixin.py:188} INFO - [2026-08-06T09:59:44.769+0000] {dag.py:3954} INFO - Setting next_dagrun for kafka_batch_to_hdfs to 2026-08-06 09:55:00+00:00, run_after=2026-08-06 10:00:00+00:00
[2026-08-06T09:59:44.795+0000] {processor.py:183} INFO - Processing /opt/airflow/dags/kafka_batch_to_hdfs_dag.py took 0.106 seconds
[2026-08-06T10:00:14.947+0000] {processor.py:161} INFO - Started process (PID=283) to work on /opt/airflow/dags/kafka_batch_to_hdfs_dag.py
[2026-08-06T10:00:14.949+0000] {processor.py:830} INFO - Processing file /opt/airflow/dags/kafka_batch_to_hdfs_dag.py for tasks to queue
[2026-08-06T10:00:14.951+0000] {logging_mixin.py:188} INFO - [2026-08-06T10:00:14.951+0000] {dagbag.py:545} INFO - Filling up the DagBag from /opt/airflow/dags/kafka_batch_to_hdfs_dag.py
[2026-08-06T10:00:14.977+0000] {processor.py:840} INFO - DAG(s) 'kafka_batch_to_hdfs' retrieved from /opt/airflow/dags/kafka_batch_to_hdfs_dag.py
[2026-08-06T10:00:15.010+0000] {logging_mixin.py:188} INFO - [2026-08-06T10:00:15.010+0000] {dag.py:3096} INFO - Sync 1 DAGs
[2026-08-06T10:00:15.039+0000] {logging_mixin.py:188} INFO - [2026-08-06T10:00:15.039+0000] {dag.py:3954} INFO - Setting next_dagrun for kafka_batch_to_hdfs to 2026-08-06 10:00:00+00:00, run_after=2026-08-06 10:05:00+00:00
[2026-08-06T10:00:15.068+0000] {processor.py:183} INFO - Processing /opt/airflow/dags/kafka_batch_to_hdfs_dag.py took 0.127 seconds
[2026-08-06T10:00:45.200+0000] {processor.py:161} INFO - Started process (PID=284) to work on /opt/airflow/dags/kafka_batch_to_hdfs_dag.py
[2026-08-06T10:00:45.202+0000] {processor.py:830} INFO - Processing file /opt/airflow/dags/kafka_batch_to_hdfs_dag.py for tasks to queue
[2026-08-06T10:00:45.205+0000] {logging_mixin.py:188} INFO - [2026-08-06T10:00:45.205+0000] {dagbag.py:545} INFO - Filling up the DagBag from /opt/airflow/dags/kafka_batch_to_hdfs_dag.py
[2026-08-06T10:00:45.230+0000] {processor.py:840} INFO - DAG(s) 'kafka_batch_to_hdfs' retrieved from /opt/airflow/dags/kafka_batch_to_hdfs_dag.py
[2026-08-06T10:00:45.265+0000] {logging_mixin.py:188} INFO - [2026-08-06T10:00:45.265+0000] {dag.py:3096} INFO - Sync 1 DAGs
[2026-08-06T10:00:45.293+0000] {logging_mixin.py:188} INFO - [2026-08-06T10:00:45.293+0000] {dag.py:3954} INFO - Setting next_dagrun for kafka_batch_to_hdfs to 2026-08-06 10:00:00+00:00, run_after=2026-08-06 10:05:00+00:00
[2026-08-06T10:00:45.319+0000] {processor.py:183} INFO - Processing /opt/airflow/dags/kafka_batch_to_hdfs_dag.py took 0.126 seconds
[2026-08-06T10:01:15.532+0000] {processor.py:161} INFO - Started process (PID=285) to work on /opt/airflow/dags/kafka_batch_to_hdfs_dag.py
[2026-08-06T10:01:15.534+0000] {processor.py:830} INFO - Processing file /opt/airflow/dags/kafka_batch_to_hdfs_dag.py for tasks to queue
[2026-08-06T10:01:15.536+0000] {logging_mixin.py:188} INFO - [2026-08-06T10:01:15.536+0000] {dagbag.py:545} INFO - Filling up the DagBag from /opt/airflow/dags/kafka_batch_to_hdfs_dag.py
[2026-08-06T10:01:15.566+0000] {processor.py:840} INFO - DAG(s) 'kafka_batch_to_hdfs' retrieved from /opt/airflow/dags/kafka_batch_to_hdfs_dag.py
[2026-08-06T10:01:15.602+0000] {logging_mixin.py:188} INFO - [2026-08-06T10:01:15.602+0000] {dag.py:3096} INFO - Sync 1 DAGs
[2026-08-06T10:01:15.634+0000] {logging_mixin.py:188} INFO - [2026-08-06T10:01:15.634+0000] {dag.py:3954} INFO - Setting next_dagrun for kafka_batch_to_hdfs to 2026-08-06 10:00:00+00:00, run_after=2026-08-06 10:05:00+00:00
[2026-08-06T10:01:15.664+0000] {processor.py:183} INFO - Processing /opt/airflow/dags/kafka_batch_to_hdfs_dag.py took 0.139 seconds
[2026-08-06T10:01:45.748+0000] {processor.py:161} INFO - Started process (PID=286) to work on /opt/airflow/dags/kafka_batch_to_hdfs_dag.py
[2026-08-06T10:01:45.750+0000] {processor.py:830} INFO - Processing file /opt/airflow/dags/kafka_batch_to_hdfs_dag.py for tasks to queue
[2026-08-06T10:01:45.752+0000] {logging_mixin.py:188} INFO - [2026-08-06T10:01:45.752+0000] {dagbag.py:545} INFO - Filling up the DagBag from /opt/airflow/dags/kafka_batch_to_hdfs_dag.py
[2026-08-06T10:01:45.773+0000] {processor.py:840} INFO - DAG(s) 'kafka_batch_to_hdfs' retrieved from /opt/airflow/dags/kafka_batch_to_hdfs_dag.py
[2026-08-06T10:01:45.807+0000] {logging_mixin.py:188} INFO - [2026-08-06T10:01:45.807+0000] {dag.py:3096} INFO - Sync 1 DAGs
[2026-08-06T10:01:45.835+0000] {logging_mixin.py:188} INFO - [2026-08-06T10:01:45.835+0000] {dag.py:3954} INFO - Setting next_dagrun for kafka_batch_to_hdfs to 2026-08-06 10:00:00+00:00, run_after=2026-08-06 10:05:00+00:00
[2026-08-06T10:01:45.861+0000] {processor.py:183} INFO - Processing /opt/airflow/dags/kafka_batch_to_hdfs_dag.py took 0.118 seconds
[2026-08-06T10:02:16.084+0000] {processor.py:161} INFO - Started process (PID=287) to work on /opt/airflow/dags/kafka_batch_to_hdfs_dag.py
[2026-08-06T10:02:16.085+0000] {processor.py:830} INFO - Processing file /opt/airflow/dags/kafka_batch_to_hdfs_dag.py for tasks to queue
[2026-08-06T10:02:16.088+0000] {logging_mixin.py:188} INFO - [2026-08-06T10:02:16.088+0000] {dagbag.py:545} INFO - Filling up the DagBag from /opt/airflow/dags/kafka_batch_to_hdfs_dag.py
[2026-08-06T10:02:16.109+0000] {processor.py:840} INFO - DAG(s) 'kafka_batch_to_hdfs' retrieved from /opt/airflow/dags/kafka_batch_to_hdfs_dag.py
[2026-08-06T10:02:16.140+0000] {logging_mixin.py:188} INFO - [2026-08-06T10:02:16.140+0000] {dag.py:3096} INFO - Sync 1 DAGs
[2026-08-06T10:02:16.165+0000] {logging_mixin.py:188} INFO - [2026-08-06T10:02:16.165+0000] {dag.py:3954} INFO - Setting next_dagrun for kafka_batch_to_hdfs to 2026-08-06 10:00:00+00:00, run_after=2026-08-06 10:05:00+00:00
[2026-08-06T10:02:16.189+0000] {processor.py:183} INFO - Processing /opt/airflow/dags/kafka_batch_to_hdfs_dag.py took 0.110 seconds
[2026-08-06T10:02:46.342+0000] {processor.py:161} INFO - Started process (PID=288) to work on /opt/airflow/dags/kafka_batch_to_hdfs_dag.py
[2026-08-06T10:02:46.344+0000] {processor.py:830} INFO - Processing file /opt/airflow/dags/kafka_batch_to_hdfs_dag.py for tasks to queue
[2026-08-06T10:02:46.347+0000] {logging_mixin.py:188} INFO - [2026-08-06T10:02:46.346+0000] {dagbag.py:545} INFO - Filling up the DagBag from /opt/airflow/dags/kafka_batch_to_hdfs_dag.py
[2026-08-06T10:02:46.373+0000] {processor.py:840} INFO - DAG(s) 'kafka_batch_to_hdfs' retrieved from /opt/airflow/dags/kafka_batch_to_hdfs_dag.py
[2026-08-06T10:02:46.412+0000] {logging_mixin.py:188} INFO - [2026-08-06T10:02:46.411+0000] {dag.py:3096} INFO - Sync 1 DAGs
[2026-08-06T10:02:46.444+0000] {logging_mixin.py:188} INFO - [2026-08-06T10:02:46.444+0000] {dag.py:3954} INFO - Setting next_dagrun for kafka_batch_to_hdfs to 2026-08-06 10:00:00+00:00, run_after=2026-08-06 10:05:00+00:00
[2026-08-06T10:02:46.473+0000] {processor.py:183} INFO - Processing /opt/airflow/dags/kafka_batch_to_hdfs_dag.py took 0.137 seconds
[2026-08-06T10:03:16.634+0000] {processor.py:161} INFO - Started process (PID=289) to work on /opt/airflow/dags/kafka_batch_to_hdfs_dag.py
[2026-08-06T10:03:16.636+0000] {processor.py:830} INFO - Processing file /opt/airflow/dags/kafka_batch_to_hdfs_dag.py for tasks to queue
[2026-08-06T10:03:16.638+0000] {logging_mixin.py:188} INFO - [2026-08-06T10:03:16.638+0000] {dagbag.py:545} INFO - Filling up the DagBag from /opt/airflow/dags/kafka_batch_to_hdfs_dag.py
[2026-08-06T10:03:16.663+0000] {processor.py:840} INFO - DAG(s) 'kafka_batch_to_hdfs' retrieved from /opt/airflow/dags/kafka_batch_to_hdfs_dag.py
[2026-08-06T10:03:16.698+0000] {logging_mixin.py:188} INFO - [2026-08-06T10:03:16.697+0000] {dag.py:3096} INFO - Sync 1 DAGs
[2026-08-06T10:03:16.726+0000] {logging_mixin.py:188} INFO - [2026-08-06T10:03:16.726+0000] {dag.py:3954} INFO - Setting next_dagrun for kafka_batch_to_hdfs to 2026-08-06 10:00:00+00:00, run_after=2026-08-06 10:05:00+00:00
[2026-08-06T10:03:16.768+0000] {processor.py:183} INFO - Processing /opt/airflow/dags/kafka_batch_to_hdfs_dag.py took 0.139 seconds
[2026-08-06T10:03:46.949+0000] {processor.py:161} INFO - Started process (PID=290) to work on /opt/airflow/dags/kafka_batch_to_hdfs_dag.py
[2026-08-06T10:03:46.951+0000] {processor.py:830} INFO - Processing file /opt/airflow/dags/kafka_batch_to_hdfs_dag.py for tasks to queue
[2026-08-06T10:03:46.953+0000] {logging_mixin.py:188} INFO - [2026-08-06T10:03:46.953+0000] {dagbag.py:545} INFO - Filling up the DagBag from /opt/airflow/dags/kafka_batch_to_hdfs_dag.py
[2026-08-06T10:03:46.975+0000] {processor.py:840} INFO - DAG(s) 'kafka_batch_to_hdfs' retrieved from /opt/airflow/dags/kafka_batch_to_hdfs_dag.py
[2026-08-06T10:03:47.004+0000] {logging_mixin.py:188} INFO - [2026-08-06T10:03:47.004+0000] {dag.py:3096} INFO - Sync 1 DAGs
[2026-08-06T10:03:47.028+0000] {logging_mixin.py:188} INFO - [2026-08-06T10:03:47.028+0000] {dag.py:3954} INFO - Setting next_dagrun for kafka_batch_to_hdfs to 2026-08-06 10:00:00+00:00, run_after=2026-08-06 10:05:00+00:00
[2026-08-06T10:03:47.055+0000] {processor.py:183} INFO - Processing /opt/airflow/dags/kafka_batch_to_hdfs_dag.py took 0.111 seconds
[2026-08-06T10:04:17.223+0000] {processor.py:161} INFO - Started process (PID=291) to work on /opt/airflow/dags/kafka_batch_to_hdfs_dag.py
[2026-08-06T10:04:17.225+0000] {processor.py:830} INFO - Processing file /opt/airflow/dags/kafka_batch_to_hdfs_dag.py for tasks to queue
[2026-08-06T10:04:17.228+0000] {logging_mixin.py:188} INFO - [2026-08-06T10:04:17.228+0000] {dagbag.py:545} INFO - Filling up the DagBag from /opt/airflow/dags/kafka_batch_to_hdfs_dag.py
[2026-08-06T10:04:17.251+0000] {processor.py:840} INFO - DAG(s) 'kafka_batch_to_hdfs' retrieved from /opt/airflow/dags/kafka_batch_to_hdfs_dag.py
[2026-08-06T10:04:17.283+0000] {logging_mixin.py:188} INFO - [2026-08-06T10:04:17.283+0000] {dag.py:3096} INFO - Sync 1 DAGs
[2026-08-06T10:04:17.310+0000] {logging_mixin.py:188} INFO - [2026-08-06T10:04:17.310+0000] {dag.py:3954} INFO - Setting next_dagrun for kafka_batch_to_hdfs to 2026-08-06 10:00:00+00:00, run_after=2026-08-06 10:05:00+00:00
[2026-08-06T10:04:17.348+0000] {processor.py:183} INFO - Processing /opt/airflow/dags/kafka_batch_to_hdfs_dag.py took 0.131 seconds
[2026-08-06T10:04:47.538+0000] {processor.py:161} INFO - Started process (PID=292) to work on /opt/airflow/dags/kafka_batch_to_hdfs_dag.py
[2026-08-06T10:04:47.539+0000] {processor.py:830} INFO - Processing file /opt/airflow/dags/kafka_batch_to_hdfs_dag.py for tasks to queue
[2026-08-06T10:04:47.542+0000] {logging_mixin.py:188} INFO - [2026-08-06T10:04:47.541+0000] {dagbag.py:545} INFO - Filling up the DagBag from /opt/airflow/dags/kafka_batch_to_hdfs_dag.py
[2026-08-06T10:04:47.564+0000] {processor.py:840} INFO - DAG(s) 'kafka_batch_to_hdfs' retrieved from /opt/airflow/dags/kafka_batch_to_hdfs_dag.py
[2026-08-06T10:04:47.592+0000] {logging_mixin.py:188} INFO - [2026-08-06T10:04:47.592+0000] {dag.py:3096} INFO - Sync 1 DAGs
[2026-08-06T10:04:47.616+0000] {logging_mixin.py:188} INFO - [2026-08-06T10:04:47.616+0000] {dag.py:3954} INFO - Setting next_dagrun for kafka_batch_to_hdfs to 2026-08-06 10:00:00+00:00, run_after=2026-08-06 10:05:00+00:00
[2026-08-06T10:04:47.644+0000] {processor.py:183} INFO - Processing /opt/airflow/dags/kafka_batch_to_hdfs_dag.py took 0.112 seconds
[2026-08-06T10:05:17.813+0000] {processor.py:161} INFO - Started process (PID=302) to work on /opt/airflow/dags/kafka_batch_to_hdfs_dag.py
[2026-08-06T10:05:17.815+0000] {processor.py:830} INFO - Processing file /opt/airflow/dags/kafka_batch_to_hdfs_dag.py for tasks to queue
[2026-08-06T10:05:17.819+0000] {logging_mixin.py:188} INFO - [2026-08-06T10:05:17.818+0000] {dagbag.py:545} INFO - Filling up the DagBag from /opt/airflow/dags/kafka_batch_to_hdfs_dag.py
[2026-08-06T10:05:17.850+0000] {processor.py:840} INFO - DAG(s) 'kafka_batch_to_hdfs' retrieved from /opt/airflow/dags/kafka_batch_to_hdfs_dag.py
[2026-08-06T10:05:17.891+0000] {logging_mixin.py:188} INFO - [2026-08-06T10:05:17.891+0000] {dag.py:3096} INFO - Sync 1 DAGs
[2026-08-06T10:05:17.926+0000] {logging_mixin.py:188} INFO - [2026-08-06T10:05:17.925+0000] {dag.py:3954} INFO - Setting next_dagrun for kafka_batch_to_hdfs to 2026-08-06 10:05:00+00:00, run_after=2026-08-06 10:10:00+00:00
[2026-08-06T10:05:17.959+0000] {processor.py:183} INFO - Processing /opt/airflow/dags/kafka_batch_to_hdfs_dag.py took 0.164 seconds
[2026-08-06T10:05:48.073+0000] {processor.py:161} INFO - Started process (PID=303) to work on /opt/airflow/dags/kafka_batch_to_hdfs_dag.py
[2026-08-06T10:05:48.074+0000] {processor.py:830} INFO - Processing file /opt/airflow/dags/kafka_batch_to_hdfs_dag.py for tasks to queue
[2026-08-06T10:05:48.077+0000] {logging_mixin.py:188} INFO - [2026-08-06T10:05:48.077+0000] {dagbag.py:545} INFO - Filling up the DagBag from /opt/airflow/dags/kafka_batch_to_hdfs_dag.py
[2026-08-06T10:05:48.101+0000] {processor.py:840} INFO - DAG(s) 'kafka_batch_to_hdfs' retrieved from /opt/airflow/dags/kafka_batch_to_hdfs_dag.py
[2026-08-06T10:05:48.142+0000] {logging_mixin.py:188} INFO - [2026-08-06T10:05:48.142+0000] {dag.py:3096} INFO - Sync 1 DAGs
[2026-08-06T10:05:48.177+0000] {logging_mixin.py:188} INFO - [2026-08-06T10:05:48.177+0000] {dag.py:3954} INFO - Setting next_dagrun for kafka_batch_to_hdfs to 2026-08-06 10:05:00+00:00, run_after=2026-08-06 10:10:00+00:00
[2026-08-06T10:05:48.215+0000] {processor.py:183} INFO - Processing /opt/airflow/dags/kafka_batch_to_hdfs_dag.py took 0.148 seconds
[2026-08-06T10:06:18.424+0000] {processor.py:161} INFO - Started process (PID=304) to work on /opt/airflow/dags/kafka_batch_to_hdfs_dag.py
[2026-08-06T10:06:18.425+0000] {processor.py:830} INFO - Processing file /opt/airflow/dags/kafka_batch_to_hdfs_dag.py for tasks to queue
[2026-08-06T10:06:18.428+0000] {logging_mixin.py:188} INFO - [2026-08-06T10:06:18.427+0000] {dagbag.py:545} INFO - Filling up the DagBag from /opt/airflow/dags/kafka_batch_to_hdfs_dag.py
[2026-08-06T10:06:18.454+0000] {processor.py:840} INFO - DAG(s) 'kafka_batch_to_hdfs' retrieved from /opt/airflow/dags/kafka_batch_to_hdfs_dag.py
[2026-08-06T10:06:18.486+0000] {logging_mixin.py:188} INFO - [2026-08-06T10:06:18.485+0000] {dag.py:3096} INFO - Sync 1 DAGs
[2026-08-06T10:06:18.511+0000] {logging_mixin.py:188} INFO - [2026-08-06T10:06:18.510+0000] {dag.py:3954} INFO - Setting next_dagrun for kafka_batch_to_hdfs to 2026-08-06 10:05:00+00:00, run_after=2026-08-06 10:10:00+00:00
[2026-08-06T10:06:18.534+0000] {processor.py:183} INFO - Processing /opt/airflow/dags/kafka_batch_to_hdfs_dag.py took 0.116 seconds
[2026-08-06T10:06:48.696+0000] {processor.py:161} INFO - Started process (PID=305) to work on /opt/airflow/dags/kafka_batch_to_hdfs_dag.py
[2026-08-06T10:06:48.698+0000] {processor.py:830} INFO - Processing file /opt/airflow/dags/kafka_batch_to_hdfs_dag.py for tasks to queue
[2026-08-06T10:06:48.700+0000] {logging_mixin.py:188} INFO - [2026-08-06T10:06:48.700+0000] {dagbag.py:545} INFO - Filling up the DagBag from /opt/airflow/dags/kafka_batch_to_hdfs_dag.py
[2026-08-06T10:06:48.720+0000] {processor.py:840} INFO - DAG(s) 'kafka_batch_to_hdfs' retrieved from /opt/airflow/dags/kafka_batch_to_hdfs_dag.py
[2026-08-06T10:06:48.748+0000] {logging_mixin.py:188} INFO - [2026-08-06T10:06:48.748+0000] {dag.py:3096} INFO - Sync 1 DAGs
[2026-08-06T10:06:48.771+0000] {logging_mixin.py:188} INFO - [2026-08-06T10:06:48.771+0000] {dag.py:3954} INFO - Setting next_dagrun for kafka_batch_to_hdfs to 2026-08-06 10:05:00+00:00, run_after=2026-08-06 10:10:00+00:00
[2026-08-06T10:06:48.799+0000] {processor.py:183} INFO - Processing /opt/airflow/dags/kafka_batch_to_hdfs_dag.py took 0.108 seconds
[2026-08-06T10:07:19.042+0000] {processor.py:161} INFO - Started process (PID=306) to work on /opt/airflow/dags/kafka_batch_to_hdfs_dag.py
[2026-08-06T10:07:19.044+0000] {processor.py:830} INFO - Processing file /opt/airflow/dags/kafka_batch_to_hdfs_dag.py for tasks to queue
[2026-08-06T10:07:19.046+0000] {logging_mixin.py:188} INFO - [2026-08-06T10:07:19.046+0000] {dagbag.py:545} INFO - Filling up the DagBag from /opt/airflow/dags/kafka_batch_to_hdfs_dag.py
[2026-08-06T10:07:19.066+0000] {processor.py:840} INFO - DAG(s) 'kafka_batch_to_hdfs' retrieved from /opt/airflow/dags/kafka_batch_to_hdfs_dag.py
[2026-08-06T10:07:19.094+0000] {logging_mixin.py:188} INFO - [2026-08-06T10:07:19.094+0000] {dag.py:3096} INFO - Sync 1 DAGs
[2026-08-06T10:07:19.121+0000] {logging_mixin.py:188} INFO - [2026-08-06T10:07:19.121+0000] {dag.py:3954} INFO - Setting next_dagrun for kafka_batch_to_hdfs to 2026-08-06 10:05:00+00:00, run_after=2026-08-06 10:10:00+00:00
[2026-08-06T10:07:19.145+0000] {processor.py:183} INFO - Processing /opt/airflow/dags/kafka_batch_to_hdfs_dag.py took 0.108 seconds
[2026-08-06T10:07:49.313+0000] {processor.py:161} INFO - Started process (PID=307) to work on /opt/airflow/dags/kafka_batch_to_hdfs_dag.py
[2026-08-06T10:07:49.314+0000] {processor.py:830} INFO - Processing file /opt/airflow/dags/kafka_batch_to_hdfs_dag.py for tasks to queue
[2026-08-06T10:07:49.317+0000] {logging_mixin.py:188} INFO - [2026-08-06T10:07:49.316+0000] {dagbag.py:545} INFO - Filling up the DagBag from /opt/airflow/dags/kafka_batch_to_hdfs_dag.py
[2026-08-06T10:07:49.341+0000] {processor.py:840} INFO - DAG(s) 'kafka_batch_to_hdfs' retrieved from /opt/airflow/dags/kafka_batch_to_hdfs_dag.py
[2026-08-06T10:07:49.372+0000] {logging_mixin.py:188} INFO - [2026-08-06T10:07:49.371+0000] {dag.py:3096} INFO - Sync 1 DAGs
[2026-08-06T10:07:49.397+0000] {logging_mixin.py:188} INFO - [2026-08-06T10:07:49.397+0000] {dag.py:3954} INFO - Setting next_dagrun for kafka_batch_to_hdfs to 2026-08-06 10:05:00+00:00, run_after=2026-08-06 10:10:00+00:00
[2026-08-06T10:07:49.434+0000] {processor.py:183} INFO - Processing /opt/airflow/dags/kafka_batch_to_hdfs_dag.py took 0.127 seconds
[2026-08-06T10:08:19.634+0000] {processor.py:161} INFO - Started process (PID=308) to work on /opt/airflow/dags/kafka_batch_to_hdfs_dag.py
[2026-08-06T10:08:19.636+0000] {processor.py:830} INFO - Processing file /opt/airflow/dags/kafka_batch_to_hdfs_dag.py for tasks to queue
[2026-08-06T10:08:19.638+0000] {logging_mixin.py:188} INFO - [2026-08-06T10:08:19.638+0000] {dagbag.py:545} INFO - Filling up the DagBag from /opt/airflow/dags/kafka_batch_to_hdfs_dag.py
[2026-08-06T10:08:19.665+0000] {processor.py:840} INFO - DAG(s) 'kafka_batch_to_hdfs' retrieved from /opt/airflow/dags/kafka_batch_to_hdfs_dag.py
[2026-08-06T10:08:19.698+0000] {logging_mixin.py:188} INFO - [2026-08-06T10:08:19.697+0000] {dag.py:3096} INFO - Sync 1 DAGs
[2026-08-06T10:08:19.724+0000] {logging_mixin.py:188} INFO - [2026-08-06T10:08:19.724+0000] {dag.py:3954} INFO - Setting next_dagrun for kafka_batch_to_hdfs to 2026-08-06 10:05:00+00:00, run_after=2026-08-06 10:10:00+00:00
[2026-08-06T10:08:19.750+0000] {processor.py:183} INFO - Processing /opt/airflow/dags/kafka_batch_to_hdfs_dag.py took 0.123 seconds
[2026-08-06T10:08:49.932+0000] {processor.py:161} INFO - Started process (PID=309) to work on /opt/airflow/dags/kafka_batch_to_hdfs_dag.py
[2026-08-06T10:08:49.934+0000] {processor.py:830} INFO - Processing file /opt/airflow/dags/kafka_batch_to_hdfs_dag.py for tasks to queue
[2026-08-06T10:08:49.938+0000] {logging_mixin.py:188} INFO - [2026-08-06T10:08:49.937+0000] {dagbag.py:545} INFO - Filling up the DagBag from /opt/airflow/dags/kafka_batch_to_hdfs_dag.py
[2026-08-06T10:08:49.961+0000] {processor.py:840} INFO - DAG(s) 'kafka_batch_to_hdfs' retrieved from /opt/airflow/dags/kafka_batch_to_hdfs_dag.py
[2026-08-06T10:08:49.992+0000] {logging_mixin.py:188} INFO - [2026-08-06T10:08:49.992+0000] {dag.py:3096} INFO - Sync 1 DAGs
[2026-08-06T10:08:50.017+0000] {logging_mixin.py:188} INFO - [2026-08-06T10:08:50.017+0000] {dag.py:3954} INFO - Setting next_dagrun for kafka_batch_to_hdfs to 2026-08-06 10:05:00+00:00, run_after=2026-08-06 10:10:00+00:00
[2026-08-06T10:08:50.042+0000] {processor.py:183} INFO - Processing /opt/airflow/dags/kafka_batch_to_hdfs_dag.py took 0.117 seconds
[2026-08-06T10:09:20.229+0000] {processor.py:161} INFO - Started process (PID=310) to work on /opt/airflow/dags/kafka_batch_to_hdfs_dag.py
[2026-08-06T10:09:20.230+0000] {processor.py:830} INFO - Processing file /opt/airflow/dags/kafka_batch_to_hdfs_dag.py for tasks to queue
[2026-08-06T10:09:20.233+0000] {logging_mixin.py:188} INFO - [2026-08-06T10:09:20.232+0000] {dagbag.py:545} INFO - Filling up the DagBag from /opt/airflow/dags/kafka_batch_to_hdfs_dag.py
[2026-08-06T10:09:20.258+0000] {processor.py:840} INFO - DAG(s) 'kafka_batch_to_hdfs' retrieved from /opt/airflow/dags/kafka_batch_to_hdfs_dag.py
[2026-08-06T10:09:20.289+0000] {logging_mixin.py:188} INFO - [2026-08-06T10:09:20.289+0000] {dag.py:3096} INFO - Sync 1 DAGs
[2026-08-06T10:09:20.314+0000] {logging_mixin.py:188} INFO - [2026-08-06T10:09:20.313+0000] {dag.py:3954} INFO - Setting next_dagrun for kafka_batch_to_hdfs to 2026-08-06 10:05:00+00:00, run_after=2026-08-06 10:10:00+00:00
[2026-08-06T10:09:20.378+0000] {processor.py:183} INFO - Processing /opt/airflow/dags/kafka_batch_to_hdfs_dag.py took 0.154 seconds
[2026-08-06T10:09:50.452+0000] {processor.py:161} INFO - Started process (PID=311) to work on /opt/airflow/dags/kafka_batch_to_hdfs_dag.py
[2026-08-06T10:09:50.457+0000] {processor.py:830} INFO - Processing file /opt/airflow/dags/kafka_batch_to_hdfs_dag.py for tasks to queue
[2026-08-06T10:09:50.462+0000] {logging_mixin.py:188} INFO - [2026-08-06T10:09:50.461+0000] {dagbag.py:545} INFO - Filling up the DagBag from /opt/airflow/dags/kafka_batch_to_hdfs_dag.py
[2026-08-06T10:09:50.496+0000] {processor.py:840} INFO - DAG(s) 'kafka_batch_to_hdfs' retrieved from /opt/airflow/dags/kafka_batch_to_hdfs_dag.py
[2026-08-06T10:09:50.538+0000] {logging_mixin.py:188} INFO - [2026-08-06T10:09:50.537+0000] {dag.py:3096} INFO - Sync 1 DAGs
[2026-08-06T10:09:50.571+0000] {logging_mixin.py:188} INFO - [2026-08-06T10:09:50.571+0000] {dag.py:3954} INFO - Setting next_dagrun for kafka_batch_to_hdfs to 2026-08-06 10:05:00+00:00, run_after=2026-08-06 10:10:00+00:00
[2026-08-06T10:09:50.618+0000] {processor.py:183} INFO - Processing /opt/airflow/dags/kafka_batch_to_hdfs_dag.py took 0.174 seconds
[2026-08-06T10:10:20.813+0000] {processor.py:161} INFO - Started process (PID=321) to work on /opt/airflow/dags/kafka_batch_to_hdfs_dag.py
[2026-08-06T10:10:20.814+0000] {processor.py:830} INFO - Processing file /opt/airflow/dags/kafka_batch_to_hdfs_dag.py for tasks to queue
[2026-08-06T10:10:20.817+0000] {logging_mixin.py:188} INFO - [2026-08-06T10:10:20.817+0000] {dagbag.py:545} INFO - Filling up the DagBag from /opt/airflow/dags/kafka_batch_to_hdfs_dag.py
[2026-08-06T10:10:20.842+0000] {processor.py:840} INFO - DAG(s) 'kafka_batch_to_hdfs' retrieved from /opt/airflow/dags/kafka_batch_to_hdfs_dag.py
[2026-08-06T10:10:20.873+0000] {logging_mixin.py:188} INFO - [2026-08-06T10:10:20.873+0000] {dag.py:3096} INFO - Sync 1 DAGs
[2026-08-06T10:10:20.904+0000] {logging_mixin.py:188} INFO - [2026-08-06T10:10:20.904+0000] {dag.py:3954} INFO - Setting next_dagrun for kafka_batch_to_hdfs to 2026-08-06 10:10:00+00:00, run_after=2026-08-06 10:15:00+00:00
[2026-08-06T10:10:20.931+0000] {processor.py:183} INFO - Processing /opt/airflow/dags/kafka_batch_to_hdfs_dag.py took 0.126 seconds
[2026-08-06T10:10:51.013+0000] {processor.py:161} INFO - Started process (PID=322) to work on /opt/airflow/dags/kafka_batch_to_hdfs_dag.py
[2026-08-06T10:10:51.016+0000] {processor.py:830} INFO - Processing file /opt/airflow/dags/kafka_batch_to_hdfs_dag.py for tasks to queue
[2026-08-06T10:10:51.019+0000] {logging_mixin.py:188} INFO - [2026-08-06T10:10:51.018+0000] {dagbag.py:545} INFO - Filling up the DagBag from /opt/airflow/dags/kafka_batch_to_hdfs_dag.py
[2026-08-06T10:10:51.044+0000] {processor.py:840} INFO - DAG(s) 'kafka_batch_to_hdfs' retrieved from /opt/airflow/dags/kafka_batch_to_hdfs_dag.py
[2026-08-06T10:10:51.077+0000] {logging_mixin.py:188} INFO - [2026-08-06T10:10:51.076+0000] {dag.py:3096} INFO - Sync 1 DAGs
[2026-08-06T10:10:51.108+0000] {logging_mixin.py:188} INFO - [2026-08-06T10:10:51.108+0000] {dag.py:3954} INFO - Setting next_dagrun for kafka_batch_to_hdfs to 2026-08-06 10:10:00+00:00, run_after=2026-08-06 10:15:00+00:00
[2026-08-06T10:10:51.133+0000] {processor.py:183} INFO - Processing /opt/airflow/dags/kafka_batch_to_hdfs_dag.py took 0.125 seconds
[2026-08-06T10:11:21.330+0000] {processor.py:161} INFO - Started process (PID=323) to work on /opt/airflow/dags/kafka_batch_to_hdfs_dag.py
[2026-08-06T10:11:21.332+0000] {processor.py:830} INFO - Processing file /opt/airflow/dags/kafka_batch_to_hdfs_dag.py for tasks to queue
[2026-08-06T10:11:21.335+0000] {logging_mixin.py:188} INFO - [2026-08-06T10:11:21.335+0000] {dagbag.py:545} INFO - Filling up the DagBag from /opt/airflow/dags/kafka_batch_to_hdfs_dag.py
[2026-08-06T10:11:21.356+0000] {processor.py:840} INFO - DAG(s) 'kafka_batch_to_hdfs' retrieved from /opt/airflow/dags/kafka_batch_to_hdfs_dag.py
[2026-08-06T10:11:21.397+0000] {logging_mixin.py:188} INFO - [2026-08-06T10:11:21.397+0000] {dag.py:3096} INFO - Sync 1 DAGs
[2026-08-06T10:11:21.430+0000] {logging_mixin.py:188} INFO - [2026-08-06T10:11:21.430+0000] {dag.py:3954} INFO - Setting next_dagrun for kafka_batch_to_hdfs to 2026-08-06 10:10:00+00:00, run_after=2026-08-06 10:15:00+00:00
[2026-08-06T10:11:21.463+0000] {processor.py:183} INFO - Processing /opt/airflow/dags/kafka_batch_to_hdfs_dag.py took 0.138 seconds
[2026-08-06T10:11:51.554+0000] {processor.py:161} INFO - Started process (PID=324) to work on /opt/airflow/dags/kafka_batch_to_hdfs_dag.py
[2026-08-06T10:11:51.557+0000] {processor.py:830} INFO - Processing file /opt/airflow/dags/kafka_batch_to_hdfs_dag.py for tasks to queue
[2026-08-06T10:11:51.560+0000] {logging_mixin.py:188} INFO - [2026-08-06T10:11:51.559+0000] {dagbag.py:545} INFO - Filling up the DagBag from /opt/airflow/dags/kafka_batch_to_hdfs_dag.py
[2026-08-06T10:11:51.581+0000] {processor.py:840} INFO - DAG(s) 'kafka_batch_to_hdfs' retrieved from /opt/airflow/dags/kafka_batch_to_hdfs_dag.py
[2026-08-06T10:11:51.613+0000] {logging_mixin.py:188} INFO - [2026-08-06T10:11:51.613+0000] {dag.py:3096} INFO - Sync 1 DAGs
[2026-08-06T10:11:51.638+0000] {logging_mixin.py:188} INFO - [2026-08-06T10:11:51.638+0000] {dag.py:3954} INFO - Setting next_dagrun for kafka_batch_to_hdfs to 2026-08-06 10:10:00+00:00, run_after=2026-08-06 10:15:00+00:00
[2026-08-06T10:11:51.668+0000] {processor.py:183} INFO - Processing /opt/airflow/dags/kafka_batch_to_hdfs_dag.py took 0.120 seconds
[2026-08-06T10:12:21.870+0000] {processor.py:161} INFO - Started process (PID=325) to work on /opt/airflow/dags/kafka_batch_to_hdfs_dag.py
[2026-08-06T10:12:21.872+0000] {processor.py:830} INFO - Processing file /opt/airflow/dags/kafka_batch_to_hdfs_dag.py for tasks to queue
[2026-08-06T10:12:21.875+0000] {logging_mixin.py:188} INFO - [2026-08-06T10:12:21.875+0000] {dagbag.py:545} INFO - Filling up the DagBag from /opt/airflow/dags/kafka_batch_to_hdfs_dag.py
[2026-08-06T10:12:21.897+0000] {processor.py:840} INFO - DAG(s) 'kafka_batch_to_hdfs' retrieved from /opt/airflow/dags/kafka_batch_to_hdfs_dag.py
[2026-08-06T10:12:21.925+0000] {logging_mixin.py:188} INFO - [2026-08-06T10:12:21.925+0000] {dag.py:3096} INFO - Sync 1 DAGs
[2026-08-06T10:12:21.951+0000] {logging_mixin.py:188} INFO - [2026-08-06T10:12:21.950+0000] {dag.py:3954} INFO - Setting next_dagrun for kafka_batch_to_hdfs to 2026-08-06 10:10:00+00:00, run_after=2026-08-06 10:15:00+00:00
[2026-08-06T10:12:21.982+0000] {processor.py:183} INFO - Processing /opt/airflow/dags/kafka_batch_to_hdfs_dag.py took 0.118 seconds
[2026-08-06T11:02:57.616+0000] {processor.py:161} INFO - Started process (PID=326) to work on /opt/airflow/dags/kafka_batch_to_hdfs_dag.py
[2026-08-06T11:02:57.696+0000] {processor.py:830} INFO - Processing file /opt/airflow/dags/kafka_batch_to_hdfs_dag.py for tasks to queue
[2026-08-06T11:02:57.724+0000] {logging_mixin.py:188} INFO - [2026-08-06T11:02:57.723+0000] {dagbag.py:545} INFO - Filling up the DagBag from /opt/airflow/dags/kafka_batch_to_hdfs_dag.py
[2026-08-06T11:02:58.014+0000] {processor.py:840} INFO - DAG(s) 'kafka_batch_to_hdfs' retrieved from /opt/airflow/dags/kafka_batch_to_hdfs_dag.py
[2026-08-06T11:02:58.204+0000] {logging_mixin.py:188} INFO - [2026-08-06T11:02:58.204+0000] {dag.py:3096} INFO - Sync 1 DAGs
[2026-08-06T11:02:58.481+0000] {processor.py:183} INFO - Processing /opt/airflow/dags/kafka_batch_to_hdfs_dag.py took 0.887 seconds
[2026-08-06T11:03:28.742+0000] {processor.py:161} INFO - Started process (PID=345) to work on /opt/airflow/dags/kafka_batch_to_hdfs_dag.py
[2026-08-06T11:03:28.747+0000] {processor.py:830} INFO - Processing file /opt/airflow/dags/kafka_batch_to_hdfs_dag.py for tasks to queue
[2026-08-06T11:03:28.811+0000] {logging_mixin.py:188} INFO - [2026-08-06T11:03:28.809+0000] {dagbag.py:545} INFO - Filling up the DagBag from /opt/airflow/dags/kafka_batch_to_hdfs_dag.py
[2026-08-06T11:03:29.088+0000] {processor.py:840} INFO - DAG(s) 'kafka_batch_to_hdfs' retrieved from /opt/airflow/dags/kafka_batch_to_hdfs_dag.py
[2026-08-06T11:03:29.279+0000] {logging_mixin.py:188} INFO - [2026-08-06T11:03:29.278+0000] {dag.py:3096} INFO - Sync 1 DAGs
[2026-08-06T11:03:29.566+0000] {processor.py:183} INFO - Processing /opt/airflow/dags/kafka_batch_to_hdfs_dag.py took 0.892 seconds
[2026-08-06T11:04:00.097+0000] {processor.py:161} INFO - Started process (PID=346) to work on /opt/airflow/dags/kafka_batch_to_hdfs_dag.py
[2026-08-06T11:04:00.101+0000] {processor.py:830} INFO - Processing file /opt/airflow/dags/kafka_batch_to_hdfs_dag.py for tasks to queue
[2026-08-06T11:04:00.107+0000] {logging_mixin.py:188} INFO - [2026-08-06T11:04:00.106+0000] {dagbag.py:545} INFO - Filling up the DagBag from /opt/airflow/dags/kafka_batch_to_hdfs_dag.py
[2026-08-06T11:04:00.160+0000] {processor.py:840} INFO - DAG(s) 'kafka_batch_to_hdfs' retrieved from /opt/airflow/dags/kafka_batch_to_hdfs_dag.py
[2026-08-06T11:04:00.235+0000] {logging_mixin.py:188} INFO - [2026-08-06T11:04:00.234+0000] {dag.py:3096} INFO - Sync 1 DAGs
[2026-08-06T11:04:00.319+0000] {logging_mixin.py:188} INFO - [2026-08-06T11:04:00.318+0000] {dag.py:3954} INFO - Setting next_dagrun for kafka_batch_to_hdfs to 2026-08-06 11:00:00+00:00, run_after=2026-08-06 11:05:00+00:00
[2026-08-06T11:04:00.377+0000] {processor.py:183} INFO - Processing /opt/airflow/dags/kafka_batch_to_hdfs_dag.py took 0.298 seconds
[2026-08-06T11:04:30.883+0000] {processor.py:161} INFO - Started process (PID=347) to work on /opt/airflow/dags/kafka_batch_to_hdfs_dag.py
[2026-08-06T11:04:30.886+0000] {processor.py:830} INFO - Processing file /opt/airflow/dags/kafka_batch_to_hdfs_dag.py for tasks to queue
[2026-08-06T11:04:30.891+0000] {logging_mixin.py:188} INFO - [2026-08-06T11:04:30.891+0000] {dagbag.py:545} INFO - Filling up the DagBag from /opt/airflow/dags/kafka_batch_to_hdfs_dag.py
[2026-08-06T11:04:30.947+0000] {processor.py:840} INFO - DAG(s) 'kafka_batch_to_hdfs' retrieved from /opt/airflow/dags/kafka_batch_to_hdfs_dag.py
[2026-08-06T11:04:31.003+0000] {logging_mixin.py:188} INFO - [2026-08-06T11:04:31.003+0000] {dag.py:3096} INFO - Sync 1 DAGs
[2026-08-06T11:04:31.050+0000] {logging_mixin.py:188} INFO - [2026-08-06T11:04:31.050+0000] {dag.py:3954} INFO - Setting next_dagrun for kafka_batch_to_hdfs to 2026-08-06 11:00:00+00:00, run_after=2026-08-06 11:05:00+00:00
[2026-08-06T11:04:31.088+0000] {processor.py:183} INFO - Processing /opt/airflow/dags/kafka_batch_to_hdfs_dag.py took 0.213 seconds
[2026-08-06T11:05:01.470+0000] {processor.py:161} INFO - Started process (PID=349) to work on /opt/airflow/dags/kafka_batch_to_hdfs_dag.py
[2026-08-06T11:05:01.473+0000] {processor.py:830} INFO - Processing file /opt/airflow/dags/kafka_batch_to_hdfs_dag.py for tasks to queue
[2026-08-06T11:05:01.478+0000] {logging_mixin.py:188} INFO - [2026-08-06T11:05:01.477+0000] {dagbag.py:545} INFO - Filling up the DagBag from /opt/airflow/dags/kafka_batch_to_hdfs_dag.py
[2026-08-06T11:05:01.516+0000] {processor.py:840} INFO - DAG(s) 'kafka_batch_to_hdfs' retrieved from /opt/airflow/dags/kafka_batch_to_hdfs_dag.py
[2026-08-06T11:05:01.564+0000] {logging_mixin.py:188} INFO - [2026-08-06T11:05:01.564+0000] {dag.py:3096} INFO - Sync 1 DAGs
[2026-08-06T11:05:01.625+0000] {processor.py:183} INFO - Processing /opt/airflow/dags/kafka_batch_to_hdfs_dag.py took 0.164 seconds
[2026-08-06T11:05:31.710+0000] {processor.py:161} INFO - Started process (PID=358) to work on /opt/airflow/dags/kafka_batch_to_hdfs_dag.py
[2026-08-06T11:05:31.712+0000] {processor.py:830} INFO - Processing file /opt/airflow/dags/kafka_batch_to_hdfs_dag.py for tasks to queue
[2026-08-06T11:05:31.716+0000] {logging_mixin.py:188} INFO - [2026-08-06T11:05:31.715+0000] {dagbag.py:545} INFO - Filling up the DagBag from /opt/airflow/dags/kafka_batch_to_hdfs_dag.py
[2026-08-06T11:05:31.754+0000] {processor.py:840} INFO - DAG(s) 'kafka_batch_to_hdfs' retrieved from /opt/airflow/dags/kafka_batch_to_hdfs_dag.py
[2026-08-06T11:05:31.798+0000] {logging_mixin.py:188} INFO - [2026-08-06T11:05:31.798+0000] {dag.py:3096} INFO - Sync 1 DAGs
[2026-08-06T11:05:31.834+0000] {logging_mixin.py:188} INFO - [2026-08-06T11:05:31.833+0000] {dag.py:3954} INFO - Setting next_dagrun for kafka_batch_to_hdfs to 2026-08-06 11:05:00+00:00, run_after=2026-08-06 11:10:00+00:00
[2026-08-06T11:05:31.881+0000] {processor.py:183} INFO - Processing /opt/airflow/dags/kafka_batch_to_hdfs_dag.py took 0.177 seconds
[2026-08-06T11:06:02.068+0000] {processor.py:161} INFO - Started process (PID=359) to work on /opt/airflow/dags/kafka_batch_to_hdfs_dag.py
[2026-08-06T11:06:02.070+0000] {processor.py:830} INFO - Processing file /opt/airflow/dags/kafka_batch_to_hdfs_dag.py for tasks to queue
[2026-08-06T11:06:02.075+0000] {logging_mixin.py:188} INFO - [2026-08-06T11:06:02.074+0000] {dagbag.py:545} INFO - Filling up the DagBag from /opt/airflow/dags/kafka_batch_to_hdfs_dag.py
[2026-08-06T11:06:02.109+0000] {processor.py:840} INFO - DAG(s) 'kafka_batch_to_hdfs' retrieved from /opt/airflow/dags/kafka_batch_to_hdfs_dag.py
[2026-08-06T11:06:02.151+0000] {logging_mixin.py:188} INFO - [2026-08-06T11:06:02.150+0000] {dag.py:3096} INFO - Sync 1 DAGs
[2026-08-06T11:06:02.183+0000] {logging_mixin.py:188} INFO - [2026-08-06T11:06:02.183+0000] {dag.py:3954} INFO - Setting next_dagrun for kafka_batch_to_hdfs to 2026-08-06 11:05:00+00:00, run_after=2026-08-06 11:10:00+00:00
[2026-08-06T11:06:02.224+0000] {processor.py:183} INFO - Processing /opt/airflow/dags/kafka_batch_to_hdfs_dag.py took 0.165 seconds
[2026-08-06T11:06:32.308+0000] {processor.py:161} INFO - Started process (PID=360) to work on /opt/airflow/dags/kafka_batch_to_hdfs_dag.py
[2026-08-06T11:06:32.310+0000] {processor.py:830} INFO - Processing file /opt/airflow/dags/kafka_batch_to_hdfs_dag.py for tasks to queue
[2026-08-06T11:06:32.313+0000] {logging_mixin.py:188} INFO - [2026-08-06T11:06:32.313+0000] {dagbag.py:545} INFO - Filling up the DagBag from /opt/airflow/dags/kafka_batch_to_hdfs_dag.py
[2026-08-06T11:06:32.334+0000] {processor.py:840} INFO - DAG(s) 'kafka_batch_to_hdfs' retrieved from /opt/airflow/dags/kafka_batch_to_hdfs_dag.py
[2026-08-06T11:06:32.379+0000] {logging_mixin.py:188} INFO - [2026-08-06T11:06:32.379+0000] {dag.py:3096} INFO - Sync 1 DAGs
[2026-08-06T11:06:32.419+0000] {logging_mixin.py:188} INFO - [2026-08-06T11:06:32.419+0000] {dag.py:3954} INFO - Setting next_dagrun for kafka_batch_to_hdfs to 2026-08-06 11:05:00+00:00, run_after=2026-08-06 11:10:00+00:00
[2026-08-06T11:06:32.459+0000] {processor.py:183} INFO - Processing /opt/airflow/dags/kafka_batch_to_hdfs_dag.py took 0.156 seconds
[2026-08-06T11:07:02.677+0000] {processor.py:161} INFO - Started process (PID=361) to work on /opt/airflow/dags/kafka_batch_to_hdfs_dag.py
[2026-08-06T11:07:02.680+0000] {processor.py:830} INFO - Processing file /opt/airflow/dags/kafka_batch_to_hdfs_dag.py for tasks to queue
[2026-08-06T11:07:02.685+0000] {logging_mixin.py:188} INFO - [2026-08-06T11:07:02.685+0000] {dagbag.py:545} INFO - Filling up the DagBag from /opt/airflow/dags/kafka_batch_to_hdfs_dag.py
[2026-08-06T11:07:02.722+0000] {processor.py:840} INFO - DAG(s) 'kafka_batch_to_hdfs' retrieved from /opt/airflow/dags/kafka_batch_to_hdfs_dag.py
[2026-08-06T11:07:02.762+0000] {logging_mixin.py:188} INFO - [2026-08-06T11:07:02.762+0000] {dag.py:3096} INFO - Sync 1 DAGs
[2026-08-06T11:07:02.802+0000] {logging_mixin.py:188} INFO - [2026-08-06T11:07:02.802+0000] {dag.py:3954} INFO - Setting next_dagrun for kafka_batch_to_hdfs to 2026-08-06 11:05:00+00:00, run_after=2026-08-06 11:10:00+00:00
[2026-08-06T11:07:02.840+0000] {processor.py:183} INFO - Processing /opt/airflow/dags/kafka_batch_to_hdfs_dag.py took 0.170 seconds
[2026-08-06T11:07:32.935+0000] {processor.py:161} INFO - Started process (PID=362) to work on /opt/airflow/dags/kafka_batch_to_hdfs_dag.py
[2026-08-06T11:07:32.937+0000] {processor.py:830} INFO - Processing file /opt/airflow/dags/kafka_batch_to_hdfs_dag.py for tasks to queue
[2026-08-06T11:07:32.940+0000] {logging_mixin.py:188} INFO - [2026-08-06T11:07:32.940+0000] {dagbag.py:545} INFO - Filling up the DagBag from /opt/airflow/dags/kafka_batch_to_hdfs_dag.py
[2026-08-06T11:07:32.979+0000] {processor.py:840} INFO - DAG(s) 'kafka_batch_to_hdfs' retrieved from /opt/airflow/dags/kafka_batch_to_hdfs_dag.py
[2026-08-06T11:07:33.027+0000] {logging_mixin.py:188} INFO - [2026-08-06T11:07:33.026+0000] {dag.py:3096} INFO - Sync 1 DAGs
[2026-08-06T11:07:33.059+0000] {logging_mixin.py:188} INFO - [2026-08-06T11:07:33.059+0000] {dag.py:3954} INFO - Setting next_dagrun for kafka_batch_to_hdfs to 2026-08-06 11:05:00+00:00, run_after=2026-08-06 11:10:00+00:00
[2026-08-06T11:07:33.100+0000] {processor.py:183} INFO - Processing /opt/airflow/dags/kafka_batch_to_hdfs_dag.py took 0.174 seconds
[2026-08-06T11:08:03.554+0000] {processor.py:161} INFO - Started process (PID=363) to work on /opt/airflow/dags/kafka_batch_to_hdfs_dag.py
[2026-08-06T11:08:03.556+0000] {processor.py:830} INFO - Processing file /opt/airflow/dags/kafka_batch_to_hdfs_dag.py for tasks to queue
[2026-08-06T11:08:03.560+0000] {logging_mixin.py:188} INFO - [2026-08-06T11:08:03.559+0000] {dagbag.py:545} INFO - Filling up the DagBag from /opt/airflow/dags/kafka_batch_to_hdfs_dag.py
[2026-08-06T11:08:03.594+0000] {processor.py:840} INFO - DAG(s) 'kafka_batch_to_hdfs' retrieved from /opt/airflow/dags/kafka_batch_to_hdfs_dag.py
[2026-08-06T11:08:03.630+0000] {logging_mixin.py:188} INFO - [2026-08-06T11:08:03.630+0000] {dag.py:3096} INFO - Sync 1 DAGs
[2026-08-06T11:08:03.663+0000] {logging_mixin.py:188} INFO - [2026-08-06T11:08:03.663+0000] {dag.py:3954} INFO - Setting next_dagrun for kafka_batch_to_hdfs to 2026-08-06 11:05:00+00:00, run_after=2026-08-06 11:10:00+00:00
[2026-08-06T11:08:03.708+0000] {processor.py:183} INFO - Processing /opt/airflow/dags/kafka_batch_to_hdfs_dag.py took 0.159 seconds
[2026-08-06T11:08:33.806+0000] {processor.py:161} INFO - Started process (PID=364) to work on /opt/airflow/dags/kafka_batch_to_hdfs_dag.py
[2026-08-06T11:08:33.809+0000] {processor.py:830} INFO - Processing file /opt/airflow/dags/kafka_batch_to_hdfs_dag.py for tasks to queue
[2026-08-06T11:08:33.814+0000] {logging_mixin.py:188} INFO - [2026-08-06T11:08:33.813+0000] {dagbag.py:545} INFO - Filling up the DagBag from /opt/airflow/dags/kafka_batch_to_hdfs_dag.py
[2026-08-06T11:08:33.858+0000] {processor.py:840} INFO - DAG(s) 'kafka_batch_to_hdfs' retrieved from /opt/airflow/dags/kafka_batch_to_hdfs_dag.py
[2026-08-06T11:08:33.908+0000] {logging_mixin.py:188} INFO - [2026-08-06T11:08:33.908+0000] {dag.py:3096} INFO - Sync 1 DAGs
[2026-08-06T11:08:33.943+0000] {logging_mixin.py:188} INFO - [2026-08-06T11:08:33.943+0000] {dag.py:3954} INFO - Setting next_dagrun for kafka_batch_to_hdfs to 2026-08-06 11:05:00+00:00, run_after=2026-08-06 11:10:00+00:00
[2026-08-06T11:08:33.976+0000] {processor.py:183} INFO - Processing /opt/airflow/dags/kafka_batch_to_hdfs_dag.py took 0.183 seconds
[2026-08-06T11:09:04.149+0000] {processor.py:161} INFO - Started process (PID=365) to work on /opt/airflow/dags/kafka_batch_to_hdfs_dag.py
[2026-08-06T11:09:04.152+0000] {processor.py:830} INFO - Processing file /opt/airflow/dags/kafka_batch_to_hdfs_dag.py for tasks to queue
[2026-08-06T11:09:04.157+0000] {logging_mixin.py:188} INFO - [2026-08-06T11:09:04.156+0000] {dagbag.py:545} INFO - Filling up the DagBag from /opt/airflow/dags/kafka_batch_to_hdfs_dag.py
[2026-08-06T11:09:04.203+0000] {processor.py:840} INFO - DAG(s) 'kafka_batch_to_hdfs' retrieved from /opt/airflow/dags/kafka_batch_to_hdfs_dag.py
[2026-08-06T11:09:04.257+0000] {logging_mixin.py:188} INFO - [2026-08-06T11:09:04.257+0000] {dag.py:3096} INFO - Sync 1 DAGs
[2026-08-06T11:09:04.295+0000] {logging_mixin.py:188} INFO - [2026-08-06T11:09:04.295+0000] {dag.py:3954} INFO - Setting next_dagrun for kafka_batch_to_hdfs to 2026-08-06 11:05:00+00:00, run_after=2026-08-06 11:10:00+00:00
[2026-08-06T11:09:04.330+0000] {processor.py:183} INFO - Processing /opt/airflow/dags/kafka_batch_to_hdfs_dag.py took 0.191 seconds
[2026-08-06T11:09:34.408+0000] {processor.py:161} INFO - Started process (PID=366) to work on /opt/airflow/dags/kafka_batch_to_hdfs_dag.py
[2026-08-06T11:09:34.409+0000] {processor.py:830} INFO - Processing file /opt/airflow/dags/kafka_batch_to_hdfs_dag.py for tasks to queue
[2026-08-06T11:09:34.413+0000] {logging_mixin.py:188} INFO - [2026-08-06T11:09:34.413+0000] {dagbag.py:545} INFO - Filling up the DagBag from /opt/airflow/dags/kafka_batch_to_hdfs_dag.py
[2026-08-06T11:09:34.437+0000] {processor.py:840} INFO - DAG(s) 'kafka_batch_to_hdfs' retrieved from /opt/airflow/dags/kafka_batch_to_hdfs_dag.py
[2026-08-06T11:09:34.474+0000] {logging_mixin.py:188} INFO - [2026-08-06T11:09:34.473+0000] {dag.py:3096} INFO - Sync 1 DAGs
[2026-08-06T11:09:34.505+0000] {logging_mixin.py:188} INFO - [2026-08-06T11:09:34.505+0000] {dag.py:3954} INFO - Setting next_dagrun for kafka_batch_to_hdfs to 2026-08-06 11:05:00+00:00, run_after=2026-08-06 11:10:00+00:00
[2026-08-06T11:09:34.551+0000] {processor.py:183} INFO - Processing /opt/airflow/dags/kafka_batch_to_hdfs_dag.py took 0.149 seconds
[2026-08-06T11:10:04.826+0000] {processor.py:161} INFO - Started process (PID=376) to work on /opt/airflow/dags/kafka_batch_to_hdfs_dag.py
[2026-08-06T11:10:04.832+0000] {processor.py:830} INFO - Processing file /opt/airflow/dags/kafka_batch_to_hdfs_dag.py for tasks to queue
[2026-08-06T11:10:04.846+0000] {logging_mixin.py:188} INFO - [2026-08-06T11:10:04.844+0000] {dagbag.py:545} INFO - Filling up the DagBag from /opt/airflow/dags/kafka_batch_to_hdfs_dag.py
[2026-08-06T11:10:04.900+0000] {processor.py:840} INFO - DAG(s) 'kafka_batch_to_hdfs' retrieved from /opt/airflow/dags/kafka_batch_to_hdfs_dag.py
[2026-08-06T11:10:05.000+0000] {logging_mixin.py:188} INFO - [2026-08-06T11:10:04.999+0000] {dag.py:3096} INFO - Sync 1 DAGs
[2026-08-06T11:10:05.142+0000] {processor.py:183} INFO - Processing /opt/airflow/dags/kafka_batch_to_hdfs_dag.py took 0.331 seconds
[2026-08-06T11:10:35.520+0000] {processor.py:161} INFO - Started process (PID=377) to work on /opt/airflow/dags/kafka_batch_to_hdfs_dag.py
[2026-08-06T11:10:35.524+0000] {processor.py:830} INFO - Processing file /opt/airflow/dags/kafka_batch_to_hdfs_dag.py for tasks to queue
[2026-08-06T11:10:35.538+0000] {logging_mixin.py:188} INFO - [2026-08-06T11:10:35.537+0000] {dagbag.py:545} INFO - Filling up the DagBag from /opt/airflow/dags/kafka_batch_to_hdfs_dag.py
[2026-08-06T11:10:35.601+0000] {processor.py:840} INFO - DAG(s) 'kafka_batch_to_hdfs' retrieved from /opt/airflow/dags/kafka_batch_to_hdfs_dag.py
[2026-08-06T11:10:35.676+0000] {logging_mixin.py:188} INFO - [2026-08-06T11:10:35.675+0000] {dag.py:3096} INFO - Sync 1 DAGs
[2026-08-06T11:10:35.732+0000] {logging_mixin.py:188} INFO - [2026-08-06T11:10:35.732+0000] {dag.py:3954} INFO - Setting next_dagrun for kafka_batch_to_hdfs to 2026-08-06 11:10:00+00:00, run_after=2026-08-06 11:15:00+00:00
[2026-08-06T11:10:35.779+0000] {processor.py:183} INFO - Processing /opt/airflow/dags/kafka_batch_to_hdfs_dag.py took 0.280 seconds
[2026-08-06T11:11:06.072+0000] {processor.py:161} INFO - Started process (PID=378) to work on /opt/airflow/dags/kafka_batch_to_hdfs_dag.py
[2026-08-06T11:11:06.076+0000] {processor.py:830} INFO - Processing file /opt/airflow/dags/kafka_batch_to_hdfs_dag.py for tasks to queue
[2026-08-06T11:11:06.081+0000] {logging_mixin.py:188} INFO - [2026-08-06T11:11:06.081+0000] {dagbag.py:545} INFO - Filling up the DagBag from /opt/airflow/dags/kafka_batch_to_hdfs_dag.py
[2026-08-06T11:11:06.136+0000] {processor.py:840} INFO - DAG(s) 'kafka_batch_to_hdfs' retrieved from /opt/airflow/dags/kafka_batch_to_hdfs_dag.py
[2026-08-06T11:11:06.191+0000] {logging_mixin.py:188} INFO - [2026-08-06T11:11:06.191+0000] {dag.py:3096} INFO - Sync 1 DAGs
[2026-08-06T11:11:06.241+0000] {logging_mixin.py:188} INFO - [2026-08-06T11:11:06.241+0000] {dag.py:3954} INFO - Setting next_dagrun for kafka_batch_to_hdfs to 2026-08-06 11:10:00+00:00, run_after=2026-08-06 11:15:00+00:00
[2026-08-06T11:11:06.313+0000] {processor.py:183} INFO - Processing /opt/airflow/dags/kafka_batch_to_hdfs_dag.py took 0.258 seconds
[2026-08-06T11:11:36.596+0000] {processor.py:161} INFO - Started process (PID=379) to work on /opt/airflow/dags/kafka_batch_to_hdfs_dag.py
[2026-08-06T11:11:36.604+0000] {processor.py:830} INFO - Processing file /opt/airflow/dags/kafka_batch_to_hdfs_dag.py for tasks to queue
[2026-08-06T11:11:36.609+0000] {logging_mixin.py:188} INFO - [2026-08-06T11:11:36.609+0000] {dagbag.py:545} INFO - Filling up the DagBag from /opt/airflow/dags/kafka_batch_to_hdfs_dag.py
[2026-08-06T11:11:36.652+0000] {processor.py:840} INFO - DAG(s) 'kafka_batch_to_hdfs' retrieved from /opt/airflow/dags/kafka_batch_to_hdfs_dag.py
[2026-08-06T11:11:36.695+0000] {logging_mixin.py:188} INFO - [2026-08-06T11:11:36.694+0000] {dag.py:3096} INFO - Sync 1 DAGs
[2026-08-06T11:11:36.731+0000] {logging_mixin.py:188} INFO - [2026-08-06T11:11:36.731+0000] {dag.py:3954} INFO - Setting next_dagrun for kafka_batch_to_hdfs to 2026-08-06 11:10:00+00:00, run_after=2026-08-06 11:15:00+00:00
[2026-08-06T11:11:36.760+0000] {processor.py:183} INFO - Processing /opt/airflow/dags/kafka_batch_to_hdfs_dag.py took 0.173 seconds
[2026-08-06T11:12:06.841+0000] {processor.py:161} INFO - Started process (PID=380) to work on /opt/airflow/dags/kafka_batch_to_hdfs_dag.py
[2026-08-06T11:12:06.844+0000] {processor.py:830} INFO - Processing file /opt/airflow/dags/kafka_batch_to_hdfs_dag.py for tasks to queue
[2026-08-06T11:12:06.849+0000] {logging_mixin.py:188} INFO - [2026-08-06T11:12:06.848+0000] {dagbag.py:545} INFO - Filling up the DagBag from /opt/airflow/dags/kafka_batch_to_hdfs_dag.py
[2026-08-06T11:12:06.893+0000] {processor.py:840} INFO - DAG(s) 'kafka_batch_to_hdfs' retrieved from /opt/airflow/dags/kafka_batch_to_hdfs_dag.py
[2026-08-06T11:12:07.121+0000] {logging_mixin.py:188} INFO - [2026-08-06T11:12:07.120+0000] {dag.py:3096} INFO - Sync 1 DAGs
[2026-08-06T11:12:07.361+0000] {logging_mixin.py:188} INFO - [2026-08-06T11:12:07.361+0000] {dag.py:3954} INFO - Setting next_dagrun for kafka_batch_to_hdfs to 2026-08-06 11:10:00+00:00, run_after=2026-08-06 11:15:00+00:00
[2026-08-06T11:12:07.482+0000] {processor.py:183} INFO - Processing /opt/airflow/dags/kafka_batch_to_hdfs_dag.py took 0.650 seconds
[2026-08-06T11:12:37.809+0000] {processor.py:161} INFO - Started process (PID=381) to work on /opt/airflow/dags/kafka_batch_to_hdfs_dag.py
[2026-08-06T11:12:37.812+0000] {processor.py:830} INFO - Processing file /opt/airflow/dags/kafka_batch_to_hdfs_dag.py for tasks to queue
[2026-08-06T11:12:37.816+0000] {logging_mixin.py:188} INFO - [2026-08-06T11:12:37.816+0000] {dagbag.py:545} INFO - Filling up the DagBag from /opt/airflow/dags/kafka_batch_to_hdfs_dag.py
[2026-08-06T11:12:37.856+0000] {processor.py:840} INFO - DAG(s) 'kafka_batch_to_hdfs' retrieved from /opt/airflow/dags/kafka_batch_to_hdfs_dag.py
[2026-08-06T11:12:37.902+0000] {logging_mixin.py:188} INFO - [2026-08-06T11:12:37.901+0000] {dag.py:3096} INFO - Sync 1 DAGs
[2026-08-06T11:12:37.936+0000] {logging_mixin.py:188} INFO - [2026-08-06T11:12:37.936+0000] {dag.py:3954} INFO - Setting next_dagrun for kafka_batch_to_hdfs to 2026-08-06 11:10:00+00:00, run_after=2026-08-06 11:15:00+00:00
[2026-08-06T11:12:37.982+0000] {processor.py:183} INFO - Processing /opt/airflow/dags/kafka_batch_to_hdfs_dag.py took 0.181 seconds
[2026-08-06T11:13:08.167+0000] {processor.py:161} INFO - Started process (PID=382) to work on /opt/airflow/dags/kafka_batch_to_hdfs_dag.py
[2026-08-06T11:13:08.170+0000] {processor.py:830} INFO - Processing file /opt/airflow/dags/kafka_batch_to_hdfs_dag.py for tasks to queue
[2026-08-06T11:13:08.177+0000] {logging_mixin.py:188} INFO - [2026-08-06T11:13:08.177+0000] {dagbag.py:545} INFO - Filling up the DagBag from /opt/airflow/dags/kafka_batch_to_hdfs_dag.py
[2026-08-06T11:13:08.239+0000] {processor.py:840} INFO - DAG(s) 'kafka_batch_to_hdfs' retrieved from /opt/airflow/dags/kafka_batch_to_hdfs_dag.py
[2026-08-06T11:13:08.292+0000] {logging_mixin.py:188} INFO - [2026-08-06T11:13:08.292+0000] {dag.py:3096} INFO - Sync 1 DAGs
[2026-08-06T11:13:08.351+0000] {logging_mixin.py:188} INFO - [2026-08-06T11:13:08.350+0000] {dag.py:3954} INFO - Setting next_dagrun for kafka_batch_to_hdfs to 2026-08-06 11:10:00+00:00, run_after=2026-08-06 11:15:00+00:00
[2026-08-06T11:13:08.410+0000] {processor.py:183} INFO - Processing /opt/airflow/dags/kafka_batch_to_hdfs_dag.py took 0.253 seconds
[2026-08-06T11:13:38.474+0000] {processor.py:161} INFO - Started process (PID=383) to work on /opt/airflow/dags/kafka_batch_to_hdfs_dag.py
[2026-08-06T11:13:38.477+0000] {processor.py:830} INFO - Processing file /opt/airflow/dags/kafka_batch_to_hdfs_dag.py for tasks to queue
[2026-08-06T11:13:38.482+0000] {logging_mixin.py:188} INFO - [2026-08-06T11:13:38.481+0000] {dagbag.py:545} INFO - Filling up the DagBag from /opt/airflow/dags/kafka_batch_to_hdfs_dag.py
[2026-08-06T11:13:38.515+0000] {processor.py:840} INFO - DAG(s) 'kafka_batch_to_hdfs' retrieved from /opt/airflow/dags/kafka_batch_to_hdfs_dag.py
[2026-08-06T11:13:38.552+0000] {logging_mixin.py:188} INFO - [2026-08-06T11:13:38.551+0000] {dag.py:3096} INFO - Sync 1 DAGs
[2026-08-06T11:13:38.585+0000] {logging_mixin.py:188} INFO - [2026-08-06T11:13:38.585+0000] {dag.py:3954} INFO - Setting next_dagrun for kafka_batch_to_hdfs to 2026-08-06 11:10:00+00:00, run_after=2026-08-06 11:15:00+00:00
[2026-08-06T11:13:38.619+0000] {processor.py:183} INFO - Processing /opt/airflow/dags/kafka_batch_to_hdfs_dag.py took 0.152 seconds
[2026-08-06T11:14:08.720+0000] {processor.py:161} INFO - Started process (PID=384) to work on /opt/airflow/dags/kafka_batch_to_hdfs_dag.py
[2026-08-06T11:14:08.725+0000] {processor.py:830} INFO - Processing file /opt/airflow/dags/kafka_batch_to_hdfs_dag.py for tasks to queue
[2026-08-06T11:14:08.734+0000] {logging_mixin.py:188} INFO - [2026-08-06T11:14:08.733+0000] {dagbag.py:545} INFO - Filling up the DagBag from /opt/airflow/dags/kafka_batch_to_hdfs_dag.py
[2026-08-06T11:14:08.783+0000] {processor.py:840} INFO - DAG(s) 'kafka_batch_to_hdfs' retrieved from /opt/airflow/dags/kafka_batch_to_hdfs_dag.py
[2026-08-06T11:14:08.850+0000] {logging_mixin.py:188} INFO - [2026-08-06T11:14:08.850+0000] {dag.py:3096} INFO - Sync 1 DAGs
[2026-08-06T11:14:08.898+0000] {logging_mixin.py:188} INFO - [2026-08-06T11:14:08.897+0000] {dag.py:3954} INFO - Setting next_dagrun for kafka_batch_to_hdfs to 2026-08-06 11:10:00+00:00, run_after=2026-08-06 11:15:00+00:00
[2026-08-06T11:14:08.942+0000] {processor.py:183} INFO - Processing /opt/airflow/dags/kafka_batch_to_hdfs_dag.py took 0.234 seconds
[2026-08-06T11:14:39.166+0000] {processor.py:161} INFO - Started process (PID=385) to work on /opt/airflow/dags/kafka_batch_to_hdfs_dag.py
[2026-08-06T11:14:39.168+0000] {processor.py:830} INFO - Processing file /opt/airflow/dags/kafka_batch_to_hdfs_dag.py for tasks to queue
[2026-08-06T11:14:39.173+0000] {logging_mixin.py:188} INFO - [2026-08-06T11:14:39.172+0000] {dagbag.py:545} INFO - Filling up the DagBag from /opt/airflow/dags/kafka_batch_to_hdfs_dag.py
[2026-08-06T11:14:39.207+0000] {processor.py:840} INFO - DAG(s) 'kafka_batch_to_hdfs' retrieved from /opt/airflow/dags/kafka_batch_to_hdfs_dag.py
[2026-08-06T11:14:39.254+0000] {logging_mixin.py:188} INFO - [2026-08-06T11:14:39.253+0000] {dag.py:3096} INFO - Sync 1 DAGs
[2026-08-06T11:14:39.287+0000] {logging_mixin.py:188} INFO - [2026-08-06T11:14:39.287+0000] {dag.py:3954} INFO - Setting next_dagrun for kafka_batch_to_hdfs to 2026-08-06 11:10:00+00:00, run_after=2026-08-06 11:15:00+00:00
[2026-08-06T11:14:39.320+0000] {processor.py:183} INFO - Processing /opt/airflow/dags/kafka_batch_to_hdfs_dag.py took 0.160 seconds
[2026-08-06T11:15:09.442+0000] {processor.py:161} INFO - Started process (PID=395) to work on /opt/airflow/dags/kafka_batch_to_hdfs_dag.py
[2026-08-06T11:15:09.453+0000] {processor.py:830} INFO - Processing file /opt/airflow/dags/kafka_batch_to_hdfs_dag.py for tasks to queue
[2026-08-06T11:15:09.477+0000] {logging_mixin.py:188} INFO - [2026-08-06T11:15:09.476+0000] {dagbag.py:545} INFO - Filling up the DagBag from /opt/airflow/dags/kafka_batch_to_hdfs_dag.py
[2026-08-06T11:15:09.578+0000] {processor.py:840} INFO - DAG(s) 'kafka_batch_to_hdfs' retrieved from /opt/airflow/dags/kafka_batch_to_hdfs_dag.py
[2026-08-06T11:15:09.695+0000] {logging_mixin.py:188} INFO - [2026-08-06T11:15:09.695+0000] {dag.py:3096} INFO - Sync 1 DAGs
[2026-08-06T11:15:09.785+0000] {logging_mixin.py:188} INFO - [2026-08-06T11:15:09.785+0000] {dag.py:3954} INFO - Setting next_dagrun for kafka_batch_to_hdfs to 2026-08-06 11:15:00+00:00, run_after=2026-08-06 11:20:00+00:00
[2026-08-06T11:15:09.848+0000] {processor.py:183} INFO - Processing /opt/airflow/dags/kafka_batch_to_hdfs_dag.py took 0.420 seconds
[2026-08-06T11:15:40.244+0000] {processor.py:161} INFO - Started process (PID=396) to work on /opt/airflow/dags/kafka_batch_to_hdfs_dag.py
[2026-08-06T11:15:40.278+0000] {processor.py:830} INFO - Processing file /opt/airflow/dags/kafka_batch_to_hdfs_dag.py for tasks to queue
[2026-08-06T11:15:40.353+0000] {logging_mixin.py:188} INFO - [2026-08-06T11:15:40.352+0000] {dagbag.py:545} INFO - Filling up the DagBag from /opt/airflow/dags/kafka_batch_to_hdfs_dag.py
[2026-08-06T11:15:40.423+0000] {processor.py:840} INFO - DAG(s) 'kafka_batch_to_hdfs' retrieved from /opt/airflow/dags/kafka_batch_to_hdfs_dag.py
[2026-08-06T11:15:40.493+0000] {logging_mixin.py:188} INFO - [2026-08-06T11:15:40.493+0000] {dag.py:3096} INFO - Sync 1 DAGs
[2026-08-06T11:15:40.534+0000] {logging_mixin.py:188} INFO - [2026-08-06T11:15:40.534+0000] {dag.py:3954} INFO - Setting next_dagrun for kafka_batch_to_hdfs to 2026-08-06 11:15:00+00:00, run_after=2026-08-06 11:20:00+00:00
[2026-08-06T11:15:40.579+0000] {processor.py:183} INFO - Processing /opt/airflow/dags/kafka_batch_to_hdfs_dag.py took 0.352 seconds
[2026-08-06T11:16:10.866+0000] {processor.py:161} INFO - Started process (PID=397) to work on /opt/airflow/dags/kafka_batch_to_hdfs_dag.py
[2026-08-06T11:16:10.870+0000] {processor.py:830} INFO - Processing file /opt/airflow/dags/kafka_batch_to_hdfs_dag.py for tasks to queue
[2026-08-06T11:16:10.875+0000] {logging_mixin.py:188} INFO - [2026-08-06T11:16:10.874+0000] {dagbag.py:545} INFO - Filling up the DagBag from /opt/airflow/dags/kafka_batch_to_hdfs_dag.py
[2026-08-06T11:16:10.923+0000] {processor.py:840} INFO - DAG(s) 'kafka_batch_to_hdfs' retrieved from /opt/airflow/dags/kafka_batch_to_hdfs_dag.py
[2026-08-06T11:16:10.987+0000] {logging_mixin.py:188} INFO - [2026-08-06T11:16:10.987+0000] {dag.py:3096} INFO - Sync 1 DAGs
[2026-08-06T11:16:11.060+0000] {logging_mixin.py:188} INFO - [2026-08-06T11:16:11.060+0000] {dag.py:3954} INFO - Setting next_dagrun for kafka_batch_to_hdfs to 2026-08-06 11:15:00+00:00, run_after=2026-08-06 11:20:00+00:00
[2026-08-06T11:16:11.098+0000] {processor.py:183} INFO - Processing /opt/airflow/dags/kafka_batch_to_hdfs_dag.py took 0.243 seconds
[2026-08-06T11:16:41.427+0000] {processor.py:161} INFO - Started process (PID=398) to work on /opt/airflow/dags/kafka_batch_to_hdfs_dag.py
[2026-08-06T11:16:41.429+0000] {processor.py:830} INFO - Processing file /opt/airflow/dags/kafka_batch_to_hdfs_dag.py for tasks to queue
[2026-08-06T11:16:41.432+0000] {logging_mixin.py:188} INFO - [2026-08-06T11:16:41.432+0000] {dagbag.py:545} INFO - Filling up the DagBag from /opt/airflow/dags/kafka_batch_to_hdfs_dag.py
[2026-08-06T11:16:41.465+0000] {processor.py:840} INFO - DAG(s) 'kafka_batch_to_hdfs' retrieved from /opt/airflow/dags/kafka_batch_to_hdfs_dag.py
[2026-08-06T11:16:41.501+0000] {logging_mixin.py:188} INFO - [2026-08-06T11:16:41.500+0000] {dag.py:3096} INFO - Sync 1 DAGs
[2026-08-06T11:16:41.546+0000] {logging_mixin.py:188} INFO - [2026-08-06T11:16:41.546+0000] {dag.py:3954} INFO - Setting next_dagrun for kafka_batch_to_hdfs to 2026-08-06 11:15:00+00:00, run_after=2026-08-06 11:20:00+00:00
[2026-08-06T11:16:41.578+0000] {processor.py:183} INFO - Processing /opt/airflow/dags/kafka_batch_to_hdfs_dag.py took 0.157 seconds
[2026-08-06T11:17:11.649+0000] {processor.py:161} INFO - Started process (PID=399) to work on /opt/airflow/dags/kafka_batch_to_hdfs_dag.py
[2026-08-06T11:17:11.651+0000] {processor.py:830} INFO - Processing file /opt/airflow/dags/kafka_batch_to_hdfs_dag.py for tasks to queue
[2026-08-06T11:17:11.655+0000] {logging_mixin.py:188} INFO - [2026-08-06T11:17:11.654+0000] {dagbag.py:545} INFO - Filling up the DagBag from /opt/airflow/dags/kafka_batch_to_hdfs_dag.py
[2026-08-06T11:17:11.693+0000] {processor.py:840} INFO - DAG(s) 'kafka_batch_to_hdfs' retrieved from /opt/airflow/dags/kafka_batch_to_hdfs_dag.py
[2026-08-06T11:17:11.739+0000] {logging_mixin.py:188} INFO - [2026-08-06T11:17:11.739+0000] {dag.py:3096} INFO - Sync 1 DAGs
[2026-08-06T11:17:11.772+0000] {logging_mixin.py:188} INFO - [2026-08-06T11:17:11.771+0000] {dag.py:3954} INFO - Setting next_dagrun for kafka_batch_to_hdfs to 2026-08-06 11:15:00+00:00, run_after=2026-08-06 11:20:00+00:00
[2026-08-06T11:17:11.805+0000] {processor.py:183} INFO - Processing /opt/airflow/dags/kafka_batch_to_hdfs_dag.py took 0.162 seconds
[2026-08-06T11:17:42.040+0000] {processor.py:161} INFO - Started process (PID=400) to work on /opt/airflow/dags/kafka_batch_to_hdfs_dag.py
[2026-08-06T11:17:42.044+0000] {processor.py:830} INFO - Processing file /opt/airflow/dags/kafka_batch_to_hdfs_dag.py for tasks to queue
[2026-08-06T11:17:42.048+0000] {logging_mixin.py:188} INFO - [2026-08-06T11:17:42.047+0000] {dagbag.py:545} INFO - Filling up the DagBag from /opt/airflow/dags/kafka_batch_to_hdfs_dag.py
[2026-08-06T11:17:42.093+0000] {processor.py:840} INFO - DAG(s) 'kafka_batch_to_hdfs' retrieved from /opt/airflow/dags/kafka_batch_to_hdfs_dag.py
[2026-08-06T11:17:42.137+0000] {logging_mixin.py:188} INFO - [2026-08-06T11:17:42.136+0000] {dag.py:3096} INFO - Sync 1 DAGs
[2026-08-06T11:17:42.172+0000] {logging_mixin.py:188} INFO - [2026-08-06T11:17:42.171+0000] {dag.py:3954} INFO - Setting next_dagrun for kafka_batch_to_hdfs to 2026-08-06 11:15:00+00:00, run_after=2026-08-06 11:20:00+00:00
[2026-08-06T11:17:42.202+0000] {processor.py:183} INFO - Processing /opt/airflow/dags/kafka_batch_to_hdfs_dag.py took 0.170 seconds
[2026-08-06T11:18:12.428+0000] {processor.py:161} INFO - Started process (PID=401) to work on /opt/airflow/dags/kafka_batch_to_hdfs_dag.py
[2026-08-06T11:18:12.432+0000] {processor.py:830} INFO - Processing file /opt/airflow/dags/kafka_batch_to_hdfs_dag.py for tasks to queue
[2026-08-06T11:18:12.436+0000] {logging_mixin.py:188} INFO - [2026-08-06T11:18:12.435+0000] {dagbag.py:545} INFO - Filling up the DagBag from /opt/airflow/dags/kafka_batch_to_hdfs_dag.py
[2026-08-06T11:18:12.470+0000] {processor.py:840} INFO - DAG(s) 'kafka_batch_to_hdfs' retrieved from /opt/airflow/dags/kafka_batch_to_hdfs_dag.py
[2026-08-06T11:18:12.517+0000] {logging_mixin.py:188} INFO - [2026-08-06T11:18:12.517+0000] {dag.py:3096} INFO - Sync 1 DAGs
[2026-08-06T11:18:12.549+0000] {logging_mixin.py:188} INFO - [2026-08-06T11:18:12.549+0000] {dag.py:3954} INFO - Setting next_dagrun for kafka_batch_to_hdfs to 2026-08-06 11:15:00+00:00, run_after=2026-08-06 11:20:00+00:00
[2026-08-06T11:18:12.598+0000] {processor.py:183} INFO - Processing /opt/airflow/dags/kafka_batch_to_hdfs_dag.py took 0.177 seconds
[2026-08-06T11:18:42.739+0000] {processor.py:161} INFO - Started process (PID=402) to work on /opt/airflow/dags/kafka_batch_to_hdfs_dag.py
[2026-08-06T11:18:42.742+0000] {processor.py:830} INFO - Processing file /opt/airflow/dags/kafka_batch_to_hdfs_dag.py for tasks to queue
[2026-08-06T11:18:42.749+0000] {logging_mixin.py:188} INFO - [2026-08-06T11:18:42.748+0000] {dagbag.py:545} INFO - Filling up the DagBag from /opt/airflow/dags/kafka_batch_to_hdfs_dag.py
[2026-08-06T11:18:42.797+0000] {processor.py:840} INFO - DAG(s) 'kafka_batch_to_hdfs' retrieved from /opt/airflow/dags/kafka_batch_to_hdfs_dag.py
[2026-08-06T11:18:42.841+0000] {logging_mixin.py:188} INFO - [2026-08-06T11:18:42.841+0000] {dag.py:3096} INFO - Sync 1 DAGs
[2026-08-06T11:18:42.875+0000] {logging_mixin.py:188} INFO - [2026-08-06T11:18:42.874+0000] {dag.py:3954} INFO - Setting next_dagrun for kafka_batch_to_hdfs to 2026-08-06 11:15:00+00:00, run_after=2026-08-06 11:20:00+00:00
[2026-08-06T11:18:42.915+0000] {processor.py:183} INFO - Processing /opt/airflow/dags/kafka_batch_to_hdfs_dag.py took 0.182 seconds
[2026-08-06T11:19:13.163+0000] {processor.py:161} INFO - Started process (PID=403) to work on /opt/airflow/dags/kafka_batch_to_hdfs_dag.py
[2026-08-06T11:19:13.166+0000] {processor.py:830} INFO - Processing file /opt/airflow/dags/kafka_batch_to_hdfs_dag.py for tasks to queue
[2026-08-06T11:19:13.171+0000] {logging_mixin.py:188} INFO - [2026-08-06T11:19:13.170+0000] {dagbag.py:545} INFO - Filling up the DagBag from /opt/airflow/dags/kafka_batch_to_hdfs_dag.py
[2026-08-06T11:19:13.216+0000] {processor.py:840} INFO - DAG(s) 'kafka_batch_to_hdfs' retrieved from /opt/airflow/dags/kafka_batch_to_hdfs_dag.py
[2026-08-06T11:19:13.282+0000] {logging_mixin.py:188} INFO - [2026-08-06T11:19:13.281+0000] {dag.py:3096} INFO - Sync 1 DAGs
[2026-08-06T11:19:13.328+0000] {logging_mixin.py:188} INFO - [2026-08-06T11:19:13.328+0000] {dag.py:3954} INFO - Setting next_dagrun for kafka_batch_to_hdfs to 2026-08-06 11:15:00+00:00, run_after=2026-08-06 11:20:00+00:00
[2026-08-06T11:19:13.385+0000] {processor.py:183} INFO - Processing /opt/airflow/dags/kafka_batch_to_hdfs_dag.py took 0.234 seconds
[2026-08-06T11:19:43.479+0000] {processor.py:161} INFO - Started process (PID=404) to work on /opt/airflow/dags/kafka_batch_to_hdfs_dag.py
[2026-08-06T11:19:43.483+0000] {processor.py:830} INFO - Processing file /opt/airflow/dags/kafka_batch_to_hdfs_dag.py for tasks to queue
[2026-08-06T11:19:43.487+0000] {logging_mixin.py:188} INFO - [2026-08-06T11:19:43.487+0000] {dagbag.py:545} INFO - Filling up the DagBag from /opt/airflow/dags/kafka_batch_to_hdfs_dag.py
[2026-08-06T11:19:43.539+0000] {processor.py:840} INFO - DAG(s) 'kafka_batch_to_hdfs' retrieved from /opt/airflow/dags/kafka_batch_to_hdfs_dag.py
[2026-08-06T11:19:43.602+0000] {logging_mixin.py:188} INFO - [2026-08-06T11:19:43.602+0000] {dag.py:3096} INFO - Sync 1 DAGs
[2026-08-06T11:19:43.650+0000] {logging_mixin.py:188} INFO - [2026-08-06T11:19:43.649+0000] {dag.py:3954} INFO - Setting next_dagrun for kafka_batch_to_hdfs to 2026-08-06 11:15:00+00:00, run_after=2026-08-06 11:20:00+00:00
[2026-08-06T11:19:43.692+0000] {processor.py:183} INFO - Processing /opt/airflow/dags/kafka_batch_to_hdfs_dag.py took 0.226 seconds
[2026-08-06T11:20:13.999+0000] {processor.py:161} INFO - Started process (PID=414) to work on /opt/airflow/dags/kafka_batch_to_hdfs_dag.py
[2026-08-06T11:20:14.002+0000] {processor.py:830} INFO - Processing file /opt/airflow/dags/kafka_batch_to_hdfs_dag.py for tasks to queue
[2026-08-06T11:20:14.008+0000] {logging_mixin.py:188} INFO - [2026-08-06T11:20:14.006+0000] {dagbag.py:545} INFO - Filling up the DagBag from /opt/airflow/dags/kafka_batch_to_hdfs_dag.py
[2026-08-06T11:20:14.053+0000] {processor.py:840} INFO - DAG(s) 'kafka_batch_to_hdfs' retrieved from /opt/airflow/dags/kafka_batch_to_hdfs_dag.py
[2026-08-06T11:20:14.129+0000] {logging_mixin.py:188} INFO - [2026-08-06T11:20:14.128+0000] {dag.py:3096} INFO - Sync 1 DAGs
[2026-08-06T11:20:14.198+0000] {logging_mixin.py:188} INFO - [2026-08-06T11:20:14.198+0000] {dag.py:3954} INFO - Setting next_dagrun for kafka_batch_to_hdfs to 2026-08-06 11:20:00+00:00, run_after=2026-08-06 11:25:00+00:00
[2026-08-06T11:20:14.256+0000] {processor.py:183} INFO - Processing /opt/airflow/dags/kafka_batch_to_hdfs_dag.py took 0.269 seconds
[2026-08-06T11:20:44.531+0000] {processor.py:161} INFO - Started process (PID=415) to work on /opt/airflow/dags/kafka_batch_to_hdfs_dag.py
[2026-08-06T11:20:44.535+0000] {processor.py:830} INFO - Processing file /opt/airflow/dags/kafka_batch_to_hdfs_dag.py for tasks to queue
[2026-08-06T11:20:44.542+0000] {logging_mixin.py:188} INFO - [2026-08-06T11:20:44.541+0000] {dagbag.py:545} INFO - Filling up the DagBag from /opt/airflow/dags/kafka_batch_to_hdfs_dag.py
[2026-08-06T11:20:44.582+0000] {processor.py:840} INFO - DAG(s) 'kafka_batch_to_hdfs' retrieved from /opt/airflow/dags/kafka_batch_to_hdfs_dag.py
[2026-08-06T11:20:44.629+0000] {logging_mixin.py:188} INFO - [2026-08-06T11:20:44.629+0000] {dag.py:3096} INFO - Sync 1 DAGs
[2026-08-06T11:20:44.661+0000] {logging_mixin.py:188} INFO - [2026-08-06T11:20:44.661+0000] {dag.py:3954} INFO - Setting next_dagrun for kafka_batch_to_hdfs to 2026-08-06 11:20:00+00:00, run_after=2026-08-06 11:25:00+00:00
[2026-08-06T11:20:44.699+0000] {processor.py:183} INFO - Processing /opt/airflow/dags/kafka_batch_to_hdfs_dag.py took 0.179 seconds
[2026-08-06T11:21:14.774+0000] {processor.py:161} INFO - Started process (PID=416) to work on /opt/airflow/dags/kafka_batch_to_hdfs_dag.py
[2026-08-06T11:21:14.776+0000] {processor.py:830} INFO - Processing file /opt/airflow/dags/kafka_batch_to_hdfs_dag.py for tasks to queue
[2026-08-06T11:21:14.779+0000] {logging_mixin.py:188} INFO - [2026-08-06T11:21:14.778+0000] {dagbag.py:545} INFO - Filling up the DagBag from /opt/airflow/dags/kafka_batch_to_hdfs_dag.py
[2026-08-06T11:21:14.815+0000] {processor.py:840} INFO - DAG(s) 'kafka_batch_to_hdfs' retrieved from /opt/airflow/dags/kafka_batch_to_hdfs_dag.py
[2026-08-06T11:21:14.855+0000] {logging_mixin.py:188} INFO - [2026-08-06T11:21:14.855+0000] {dag.py:3096} INFO - Sync 1 DAGs
[2026-08-06T11:21:14.891+0000] {logging_mixin.py:188} INFO - [2026-08-06T11:21:14.891+0000] {dag.py:3954} INFO - Setting next_dagrun for kafka_batch_to_hdfs to 2026-08-06 11:20:00+00:00, run_after=2026-08-06 11:25:00+00:00
[2026-08-06T11:21:14.928+0000] {processor.py:183} INFO - Processing /opt/airflow/dags/kafka_batch_to_hdfs_dag.py took 0.161 seconds
[2026-08-06T11:21:45.158+0000] {processor.py:161} INFO - Started process (PID=417) to work on /opt/airflow/dags/kafka_batch_to_hdfs_dag.py
[2026-08-06T11:21:45.160+0000] {processor.py:830} INFO - Processing file /opt/airflow/dags/kafka_batch_to_hdfs_dag.py for tasks to queue
[2026-08-06T11:21:45.163+0000] {logging_mixin.py:188} INFO - [2026-08-06T11:21:45.163+0000] {dagbag.py:545} INFO - Filling up the DagBag from /opt/airflow/dags/kafka_batch_to_hdfs_dag.py
[2026-08-06T11:21:45.194+0000] {processor.py:840} INFO - DAG(s) 'kafka_batch_to_hdfs' retrieved from /opt/airflow/dags/kafka_batch_to_hdfs_dag.py
[2026-08-06T11:21:45.233+0000] {logging_mixin.py:188} INFO - [2026-08-06T11:21:45.233+0000] {dag.py:3096} INFO - Sync 1 DAGs
[2026-08-06T11:21:45.266+0000] {logging_mixin.py:188} INFO - [2026-08-06T11:21:45.266+0000] {dag.py:3954} INFO - Setting next_dagrun for kafka_batch_to_hdfs to 2026-08-06 11:20:00+00:00, run_after=2026-08-06 11:25:00+00:00
[2026-08-06T11:21:45.308+0000] {processor.py:183} INFO - Processing /opt/airflow/dags/kafka_batch_to_hdfs_dag.py took 0.156 seconds
[2026-08-06T11:22:15.404+0000] {processor.py:161} INFO - Started process (PID=418) to work on /opt/airflow/dags/kafka_batch_to_hdfs_dag.py
[2026-08-06T11:22:15.407+0000] {processor.py:830} INFO - Processing file /opt/airflow/dags/kafka_batch_to_hdfs_dag.py for tasks to queue
[2026-08-06T11:22:15.412+0000] {logging_mixin.py:188} INFO - [2026-08-06T11:22:15.411+0000] {dagbag.py:545} INFO - Filling up the DagBag from /opt/airflow/dags/kafka_batch_to_hdfs_dag.py
[2026-08-06T11:22:15.454+0000] {processor.py:840} INFO - DAG(s) 'kafka_batch_to_hdfs' retrieved from /opt/airflow/dags/kafka_batch_to_hdfs_dag.py
[2026-08-06T11:22:15.494+0000] {logging_mixin.py:188} INFO - [2026-08-06T11:22:15.494+0000] {dag.py:3096} INFO - Sync 1 DAGs
[2026-08-06T11:22:15.530+0000] {logging_mixin.py:188} INFO - [2026-08-06T11:22:15.530+0000] {dag.py:3954} INFO - Setting next_dagrun for kafka_batch_to_hdfs to 2026-08-06 11:20:00+00:00, run_after=2026-08-06 11:25:00+00:00
[2026-08-06T11:22:15.561+0000] {processor.py:183} INFO - Processing /opt/airflow/dags/kafka_batch_to_hdfs_dag.py took 0.163 seconds
[2026-08-06T11:22:45.782+0000] {processor.py:161} INFO - Started process (PID=419) to work on /opt/airflow/dags/kafka_batch_to_hdfs_dag.py
[2026-08-06T11:22:45.786+0000] {processor.py:830} INFO - Processing file /opt/airflow/dags/kafka_batch_to_hdfs_dag.py for tasks to queue
[2026-08-06T11:22:45.790+0000] {logging_mixin.py:188} INFO - [2026-08-06T11:22:45.790+0000] {dagbag.py:545} INFO - Filling up the DagBag from /opt/airflow/dags/kafka_batch_to_hdfs_dag.py
[2026-08-06T11:22:45.841+0000] {processor.py:840} INFO - DAG(s) 'kafka_batch_to_hdfs' retrieved from /opt/airflow/dags/kafka_batch_to_hdfs_dag.py
[2026-08-06T11:22:45.901+0000] {logging_mixin.py:188} INFO - [2026-08-06T11:22:45.901+0000] {dag.py:3096} INFO - Sync 1 DAGs
[2026-08-06T11:22:45.961+0000] {logging_mixin.py:188} INFO - [2026-08-06T11:22:45.960+0000] {dag.py:3954} INFO - Setting next_dagrun for kafka_batch_to_hdfs to 2026-08-06 11:20:00+00:00, run_after=2026-08-06 11:25:00+00:00
[2026-08-06T11:22:46.005+0000] {processor.py:183} INFO - Processing /opt/airflow/dags/kafka_batch_to_hdfs_dag.py took 0.232 seconds
[2026-08-06T11:23:16.086+0000] {processor.py:161} INFO - Started process (PID=420) to work on /opt/airflow/dags/kafka_batch_to_hdfs_dag.py
[2026-08-06T11:23:16.089+0000] {processor.py:830} INFO - Processing file /opt/airflow/dags/kafka_batch_to_hdfs_dag.py for tasks to queue
[2026-08-06T11:23:16.093+0000] {logging_mixin.py:188} INFO - [2026-08-06T11:23:16.092+0000] {dagbag.py:545} INFO - Filling up the DagBag from /opt/airflow/dags/kafka_batch_to_hdfs_dag.py
[2026-08-06T11:23:16.138+0000] {processor.py:840} INFO - DAG(s) 'kafka_batch_to_hdfs' retrieved from /opt/airflow/dags/kafka_batch_to_hdfs_dag.py
[2026-08-06T11:23:16.205+0000] {logging_mixin.py:188} INFO - [2026-08-06T11:23:16.205+0000] {dag.py:3096} INFO - Sync 1 DAGs
[2026-08-06T11:23:16.238+0000] {logging_mixin.py:188} INFO - [2026-08-06T11:23:16.237+0000] {dag.py:3954} INFO - Setting next_dagrun for kafka_batch_to_hdfs to 2026-08-06 11:20:00+00:00, run_after=2026-08-06 11:25:00+00:00
[2026-08-06T11:23:16.270+0000] {processor.py:183} INFO - Processing /opt/airflow/dags/kafka_batch_to_hdfs_dag.py took 0.194 seconds
[2026-08-06T11:23:46.450+0000] {processor.py:161} INFO - Started process (PID=421) to work on /opt/airflow/dags/kafka_batch_to_hdfs_dag.py
[2026-08-06T11:23:46.452+0000] {processor.py:830} INFO - Processing file /opt/airflow/dags/kafka_batch_to_hdfs_dag.py for tasks to queue
[2026-08-06T11:23:46.457+0000] {logging_mixin.py:188} INFO - [2026-08-06T11:23:46.457+0000] {dagbag.py:545} INFO - Filling up the DagBag from /opt/airflow/dags/kafka_batch_to_hdfs_dag.py
[2026-08-06T11:23:46.498+0000] {processor.py:840} INFO - DAG(s) 'kafka_batch_to_hdfs' retrieved from /opt/airflow/dags/kafka_batch_to_hdfs_dag.py
[2026-08-06T11:23:46.541+0000] {logging_mixin.py:188} INFO - [2026-08-06T11:23:46.541+0000] {dag.py:3096} INFO - Sync 1 DAGs
[2026-08-06T11:23:46.587+0000] {logging_mixin.py:188} INFO - [2026-08-06T11:23:46.586+0000] {dag.py:3954} INFO - Setting next_dagrun for kafka_batch_to_hdfs to 2026-08-06 11:20:00+00:00, run_after=2026-08-06 11:25:00+00:00
[2026-08-06T11:23:46.631+0000] {processor.py:183} INFO - Processing /opt/airflow/dags/kafka_batch_to_hdfs_dag.py took 0.190 seconds
[2026-08-06T11:24:16.717+0000] {processor.py:161} INFO - Started process (PID=422) to work on /opt/airflow/dags/kafka_batch_to_hdfs_dag.py
[2026-08-06T11:24:16.719+0000] {processor.py:830} INFO - Processing file /opt/airflow/dags/kafka_batch_to_hdfs_dag.py for tasks to queue
[2026-08-06T11:24:16.723+0000] {logging_mixin.py:188} INFO - [2026-08-06T11:24:16.723+0000] {dagbag.py:545} INFO - Filling up the DagBag from /opt/airflow/dags/kafka_batch_to_hdfs_dag.py
[2026-08-06T11:24:16.761+0000] {processor.py:840} INFO - DAG(s) 'kafka_batch_to_hdfs' retrieved from /opt/airflow/dags/kafka_batch_to_hdfs_dag.py
[2026-08-06T11:24:16.819+0000] {logging_mixin.py:188} INFO - [2026-08-06T11:24:16.818+0000] {dag.py:3096} INFO - Sync 1 DAGs
[2026-08-06T11:24:16.854+0000] {logging_mixin.py:188} INFO - [2026-08-06T11:24:16.854+0000] {dag.py:3954} INFO - Setting next_dagrun for kafka_batch_to_hdfs to 2026-08-06 11:20:00+00:00, run_after=2026-08-06 11:25:00+00:00
[2026-08-06T11:24:16.887+0000] {processor.py:183} INFO - Processing /opt/airflow/dags/kafka_batch_to_hdfs_dag.py took 0.177 seconds
[2026-08-06T11:24:47.085+0000] {processor.py:161} INFO - Started process (PID=423) to work on /opt/airflow/dags/kafka_batch_to_hdfs_dag.py
[2026-08-06T11:24:47.087+0000] {processor.py:830} INFO - Processing file /opt/airflow/dags/kafka_batch_to_hdfs_dag.py for tasks to queue
[2026-08-06T11:24:47.092+0000] {logging_mixin.py:188} INFO - [2026-08-06T11:24:47.091+0000] {dagbag.py:545} INFO - Filling up the DagBag from /opt/airflow/dags/kafka_batch_to_hdfs_dag.py
[2026-08-06T11:24:47.135+0000] {processor.py:840} INFO - DAG(s) 'kafka_batch_to_hdfs' retrieved from /opt/airflow/dags/kafka_batch_to_hdfs_dag.py
[2026-08-06T11:24:47.191+0000] {logging_mixin.py:188} INFO - [2026-08-06T11:24:47.190+0000] {dag.py:3096} INFO - Sync 1 DAGs
[2026-08-06T11:24:47.286+0000] {logging_mixin.py:188} INFO - [2026-08-06T11:24:47.285+0000] {dag.py:3954} INFO - Setting next_dagrun for kafka_batch_to_hdfs to 2026-08-06 11:20:00+00:00, run_after=2026-08-06 11:25:00+00:00
[2026-08-06T11:24:47.339+0000] {processor.py:183} INFO - Processing /opt/airflow/dags/kafka_batch_to_hdfs_dag.py took 0.261 seconds
[2026-08-06T11:25:17.582+0000] {processor.py:161} INFO - Started process (PID=433) to work on /opt/airflow/dags/kafka_batch_to_hdfs_dag.py
[2026-08-06T11:25:17.585+0000] {processor.py:830} INFO - Processing file /opt/airflow/dags/kafka_batch_to_hdfs_dag.py for tasks to queue
[2026-08-06T11:25:17.589+0000] {logging_mixin.py:188} INFO - [2026-08-06T11:25:17.588+0000] {dagbag.py:545} INFO - Filling up the DagBag from /opt/airflow/dags/kafka_batch_to_hdfs_dag.py
[2026-08-06T11:25:17.654+0000] {processor.py:840} INFO - DAG(s) 'kafka_batch_to_hdfs' retrieved from /opt/airflow/dags/kafka_batch_to_hdfs_dag.py
[2026-08-06T11:25:17.735+0000] {logging_mixin.py:188} INFO - [2026-08-06T11:25:17.734+0000] {dag.py:3096} INFO - Sync 1 DAGs
[2026-08-06T11:25:17.818+0000] {logging_mixin.py:188} INFO - [2026-08-06T11:25:17.818+0000] {dag.py:3954} INFO - Setting next_dagrun for kafka_batch_to_hdfs to 2026-08-06 11:25:00+00:00, run_after=2026-08-06 11:30:00+00:00
[2026-08-06T11:25:17.882+0000] {processor.py:183} INFO - Processing /opt/airflow/dags/kafka_batch_to_hdfs_dag.py took 0.310 seconds
[2026-08-06T11:25:48.148+0000] {processor.py:161} INFO - Started process (PID=434) to work on /opt/airflow/dags/kafka_batch_to_hdfs_dag.py
[2026-08-06T11:25:48.151+0000] {processor.py:830} INFO - Processing file /opt/airflow/dags/kafka_batch_to_hdfs_dag.py for tasks to queue
[2026-08-06T11:25:48.157+0000] {logging_mixin.py:188} INFO - [2026-08-06T11:25:48.157+0000] {dagbag.py:545} INFO - Filling up the DagBag from /opt/airflow/dags/kafka_batch_to_hdfs_dag.py
[2026-08-06T11:25:48.205+0000] {processor.py:840} INFO - DAG(s) 'kafka_batch_to_hdfs' retrieved from /opt/airflow/dags/kafka_batch_to_hdfs_dag.py
[2026-08-06T11:25:48.258+0000] {logging_mixin.py:188} INFO - [2026-08-06T11:25:48.258+0000] {dag.py:3096} INFO - Sync 1 DAGs
[2026-08-06T11:25:48.296+0000] {logging_mixin.py:188} INFO - [2026-08-06T11:25:48.296+0000] {dag.py:3954} INFO - Setting next_dagrun for kafka_batch_to_hdfs to 2026-08-06 11:25:00+00:00, run_after=2026-08-06 11:30:00+00:00
[2026-08-06T11:25:48.333+0000] {processor.py:183} INFO - Processing /opt/airflow/dags/kafka_batch_to_hdfs_dag.py took 0.192 seconds
[2026-08-06T11:26:18.606+0000] {processor.py:161} INFO - Started process (PID=435) to work on /opt/airflow/dags/kafka_batch_to_hdfs_dag.py
[2026-08-06T11:26:18.609+0000] {processor.py:830} INFO - Processing file /opt/airflow/dags/kafka_batch_to_hdfs_dag.py for tasks to queue
[2026-08-06T11:26:18.614+0000] {logging_mixin.py:188} INFO - [2026-08-06T11:26:18.613+0000] {dagbag.py:545} INFO - Filling up the DagBag from /opt/airflow/dags/kafka_batch_to_hdfs_dag.py
[2026-08-06T11:26:18.657+0000] {processor.py:840} INFO - DAG(s) 'kafka_batch_to_hdfs' retrieved from /opt/airflow/dags/kafka_batch_to_hdfs_dag.py
[2026-08-06T11:26:18.703+0000] {logging_mixin.py:188} INFO - [2026-08-06T11:26:18.702+0000] {dag.py:3096} INFO - Sync 1 DAGs
[2026-08-06T11:26:18.738+0000] {logging_mixin.py:188} INFO - [2026-08-06T11:26:18.737+0000] {dag.py:3954} INFO - Setting next_dagrun for kafka_batch_to_hdfs to 2026-08-06 11:25:00+00:00, run_after=2026-08-06 11:30:00+00:00
[2026-08-06T11:26:18.773+0000] {processor.py:183} INFO - Processing /opt/airflow/dags/kafka_batch_to_hdfs_dag.py took 0.174 seconds
[2026-08-06T11:26:49.056+0000] {processor.py:161} INFO - Started process (PID=436) to work on /opt/airflow/dags/kafka_batch_to_hdfs_dag.py
[2026-08-06T11:26:49.059+0000] {processor.py:830} INFO - Processing file /opt/airflow/dags/kafka_batch_to_hdfs_dag.py for tasks to queue
[2026-08-06T11:26:49.064+0000] {logging_mixin.py:188} INFO - [2026-08-06T11:26:49.063+0000] {dagbag.py:545} INFO - Filling up the DagBag from /opt/airflow/dags/kafka_batch_to_hdfs_dag.py
[2026-08-06T11:26:49.118+0000] {processor.py:840} INFO - DAG(s) 'kafka_batch_to_hdfs' retrieved from /opt/airflow/dags/kafka_batch_to_hdfs_dag.py
[2026-08-06T11:26:49.161+0000] {logging_mixin.py:188} INFO - [2026-08-06T11:26:49.160+0000] {dag.py:3096} INFO - Sync 1 DAGs
[2026-08-06T11:26:49.194+0000] {logging_mixin.py:188} INFO - [2026-08-06T11:26:49.193+0000] {dag.py:3954} INFO - Setting next_dagrun for kafka_batch_to_hdfs to 2026-08-06 11:25:00+00:00, run_after=2026-08-06 11:30:00+00:00
[2026-08-06T11:26:49.222+0000] {processor.py:183} INFO - Processing /opt/airflow/dags/kafka_batch_to_hdfs_dag.py took 0.172 seconds
[2026-08-06T11:27:19.283+0000] {processor.py:161} INFO - Started process (PID=437) to work on /opt/airflow/dags/kafka_batch_to_hdfs_dag.py
[2026-08-06T11:27:19.285+0000] {processor.py:830} INFO - Processing file /opt/airflow/dags/kafka_batch_to_hdfs_dag.py for tasks to queue
[2026-08-06T11:27:19.289+0000] {logging_mixin.py:188} INFO - [2026-08-06T11:27:19.288+0000] {dagbag.py:545} INFO - Filling up the DagBag from /opt/airflow/dags/kafka_batch_to_hdfs_dag.py
[2026-08-06T11:27:19.327+0000] {processor.py:840} INFO - DAG(s) 'kafka_batch_to_hdfs' retrieved from /opt/airflow/dags/kafka_batch_to_hdfs_dag.py
[2026-08-06T11:27:19.384+0000] {logging_mixin.py:188} INFO - [2026-08-06T11:27:19.383+0000] {dag.py:3096} INFO - Sync 1 DAGs
[2026-08-06T11:27:19.422+0000] {logging_mixin.py:188} INFO - [2026-08-06T11:27:19.421+0000] {dag.py:3954} INFO - Setting next_dagrun for kafka_batch_to_hdfs to 2026-08-06 11:25:00+00:00, run_after=2026-08-06 11:30:00+00:00
[2026-08-06T11:27:19.463+0000] {processor.py:183} INFO - Processing /opt/airflow/dags/kafka_batch_to_hdfs_dag.py took 0.186 seconds
[2026-08-06T11:27:49.686+0000] {processor.py:161} INFO - Started process (PID=438) to work on /opt/airflow/dags/kafka_batch_to_hdfs_dag.py
[2026-08-06T11:27:49.689+0000] {processor.py:830} INFO - Processing file /opt/airflow/dags/kafka_batch_to_hdfs_dag.py for tasks to queue
[2026-08-06T11:27:49.692+0000] {logging_mixin.py:188} INFO - [2026-08-06T11:27:49.692+0000] {dagbag.py:545} INFO - Filling up the DagBag from /opt/airflow/dags/kafka_batch_to_hdfs_dag.py
[2026-08-06T11:27:49.737+0000] {processor.py:840} INFO - DAG(s) 'kafka_batch_to_hdfs' retrieved from /opt/airflow/dags/kafka_batch_to_hdfs_dag.py
[2026-08-06T11:27:49.781+0000] {logging_mixin.py:188} INFO - [2026-08-06T11:27:49.781+0000] {dag.py:3096} INFO - Sync 1 DAGs
[2026-08-06T11:27:49.824+0000] {logging_mixin.py:188} INFO - [2026-08-06T11:27:49.823+0000] {dag.py:3954} INFO - Setting next_dagrun for kafka_batch_to_hdfs to 2026-08-06 11:25:00+00:00, run_after=2026-08-06 11:30:00+00:00
[2026-08-06T11:27:49.860+0000] {processor.py:183} INFO - Processing /opt/airflow/dags/kafka_batch_to_hdfs_dag.py took 0.183 seconds
[2026-08-06T11:28:20.192+0000] {processor.py:161} INFO - Started process (PID=439) to work on /opt/airflow/dags/kafka_batch_to_hdfs_dag.py
[2026-08-06T11:28:20.195+0000] {processor.py:830} INFO - Processing file /opt/airflow/dags/kafka_batch_to_hdfs_dag.py for tasks to queue
[2026-08-06T11:28:20.201+0000] {logging_mixin.py:188} INFO - [2026-08-06T11:28:20.200+0000] {dagbag.py:545} INFO - Filling up the DagBag from /opt/airflow/dags/kafka_batch_to_hdfs_dag.py
[2026-08-06T11:28:20.247+0000] {processor.py:840} INFO - DAG(s) 'kafka_batch_to_hdfs' retrieved from /opt/airflow/dags/kafka_batch_to_hdfs_dag.py
[2026-08-06T11:28:20.292+0000] {logging_mixin.py:188} INFO - [2026-08-06T11:28:20.292+0000] {dag.py:3096} INFO - Sync 1 DAGs
[2026-08-06T11:28:20.323+0000] {logging_mixin.py:188} INFO - [2026-08-06T11:28:20.323+0000] {dag.py:3954} INFO - Setting next_dagrun for kafka_batch_to_hdfs to 2026-08-06 11:25:00+00:00, run_after=2026-08-06 11:30:00+00:00
[2026-08-06T11:28:20.355+0000] {processor.py:183} INFO - Processing /opt/airflow/dags/kafka_batch_to_hdfs_dag.py took 0.172 seconds
[2026-08-06T11:28:50.447+0000] {processor.py:161} INFO - Started process (PID=440) to work on /opt/airflow/dags/kafka_batch_to_hdfs_dag.py
[2026-08-06T11:28:50.450+0000] {processor.py:830} INFO - Processing file /opt/airflow/dags/kafka_batch_to_hdfs_dag.py for tasks to queue
[2026-08-06T11:28:50.454+0000] {logging_mixin.py:188} INFO - [2026-08-06T11:28:50.453+0000] {dagbag.py:545} INFO - Filling up the DagBag from /opt/airflow/dags/kafka_batch_to_hdfs_dag.py
[2026-08-06T11:28:50.489+0000] {processor.py:840} INFO - DAG(s) 'kafka_batch_to_hdfs' retrieved from /opt/airflow/dags/kafka_batch_to_hdfs_dag.py
[2026-08-06T11:28:50.529+0000] {logging_mixin.py:188} INFO - [2026-08-06T11:28:50.528+0000] {dag.py:3096} INFO - Sync 1 DAGs
[2026-08-06T11:28:50.562+0000] {logging_mixin.py:188} INFO - [2026-08-06T11:28:50.561+0000] {dag.py:3954} INFO - Setting next_dagrun for kafka_batch_to_hdfs to 2026-08-06 11:25:00+00:00, run_after=2026-08-06 11:30:00+00:00
[2026-08-06T11:28:50.608+0000] {processor.py:183} INFO - Processing /opt/airflow/dags/kafka_batch_to_hdfs_dag.py took 0.167 seconds
[2026-08-06T11:29:20.825+0000] {processor.py:161} INFO - Started process (PID=441) to work on /opt/airflow/dags/kafka_batch_to_hdfs_dag.py
[2026-08-06T11:29:20.828+0000] {processor.py:830} INFO - Processing file /opt/airflow/dags/kafka_batch_to_hdfs_dag.py for tasks to queue
[2026-08-06T11:29:20.832+0000] {logging_mixin.py:188} INFO - [2026-08-06T11:29:20.831+0000] {dagbag.py:545} INFO - Filling up the DagBag from /opt/airflow/dags/kafka_batch_to_hdfs_dag.py
[2026-08-06T11:29:20.875+0000] {processor.py:840} INFO - DAG(s) 'kafka_batch_to_hdfs' retrieved from /opt/airflow/dags/kafka_batch_to_hdfs_dag.py
[2026-08-06T11:29:20.913+0000] {logging_mixin.py:188} INFO - [2026-08-06T11:29:20.913+0000] {dag.py:3096} INFO - Sync 1 DAGs
[2026-08-06T11:29:20.945+0000] {logging_mixin.py:188} INFO - [2026-08-06T11:29:20.945+0000] {dag.py:3954} INFO - Setting next_dagrun for kafka_batch_to_hdfs to 2026-08-06 11:25:00+00:00, run_after=2026-08-06 11:30:00+00:00
[2026-08-06T11:29:20.989+0000] {processor.py:183} INFO - Processing /opt/airflow/dags/kafka_batch_to_hdfs_dag.py took 0.176 seconds
[2026-08-06T11:29:51.070+0000] {processor.py:161} INFO - Started process (PID=442) to work on /opt/airflow/dags/kafka_batch_to_hdfs_dag.py
[2026-08-06T11:29:51.073+0000] {processor.py:830} INFO - Processing file /opt/airflow/dags/kafka_batch_to_hdfs_dag.py for tasks to queue
[2026-08-06T11:29:51.076+0000] {logging_mixin.py:188} INFO - [2026-08-06T11:29:51.076+0000] {dagbag.py:545} INFO - Filling up the DagBag from /opt/airflow/dags/kafka_batch_to_hdfs_dag.py
[2026-08-06T11:29:51.108+0000] {processor.py:840} INFO - DAG(s) 'kafka_batch_to_hdfs' retrieved from /opt/airflow/dags/kafka_batch_to_hdfs_dag.py
[2026-08-06T11:29:51.145+0000] {logging_mixin.py:188} INFO - [2026-08-06T11:29:51.145+0000] {dag.py:3096} INFO - Sync 1 DAGs
[2026-08-06T11:29:51.181+0000] {logging_mixin.py:188} INFO - [2026-08-06T11:29:51.180+0000] {dag.py:3954} INFO - Setting next_dagrun for kafka_batch_to_hdfs to 2026-08-06 11:25:00+00:00, run_after=2026-08-06 11:30:00+00:00
[2026-08-06T11:29:51.214+0000] {processor.py:183} INFO - Processing /opt/airflow/dags/kafka_batch_to_hdfs_dag.py took 0.149 seconds
[2026-08-06T11:30:21.359+0000] {processor.py:161} INFO - Started process (PID=452) to work on /opt/airflow/dags/kafka_batch_to_hdfs_dag.py
[2026-08-06T11:30:21.363+0000] {processor.py:830} INFO - Processing file /opt/airflow/dags/kafka_batch_to_hdfs_dag.py for tasks to queue
[2026-08-06T11:30:21.382+0000] {logging_mixin.py:188} INFO - [2026-08-06T11:30:21.377+0000] {dagbag.py:545} INFO - Filling up the DagBag from /opt/airflow/dags/kafka_batch_to_hdfs_dag.py
[2026-08-06T11:30:21.453+0000] {processor.py:840} INFO - DAG(s) 'kafka_batch_to_hdfs' retrieved from /opt/airflow/dags/kafka_batch_to_hdfs_dag.py
[2026-08-06T11:30:21.603+0000] {logging_mixin.py:188} INFO - [2026-08-06T11:30:21.603+0000] {dag.py:3096} INFO - Sync 1 DAGs
[2026-08-06T11:30:21.754+0000] {logging_mixin.py:188} INFO - [2026-08-06T11:30:21.754+0000] {dag.py:3954} INFO - Setting next_dagrun for kafka_batch_to_hdfs to 2026-08-06 11:30:00+00:00, run_after=2026-08-06 11:35:00+00:00
[2026-08-06T11:30:21.814+0000] {processor.py:183} INFO - Processing /opt/airflow/dags/kafka_batch_to_hdfs_dag.py took 0.467 seconds
[2026-08-06T11:30:52.084+0000] {processor.py:161} INFO - Started process (PID=453) to work on /opt/airflow/dags/kafka_batch_to_hdfs_dag.py
[2026-08-06T11:30:52.087+0000] {processor.py:830} INFO - Processing file /opt/airflow/dags/kafka_batch_to_hdfs_dag.py for tasks to queue
[2026-08-06T11:30:52.091+0000] {logging_mixin.py:188} INFO - [2026-08-06T11:30:52.090+0000] {dagbag.py:545} INFO - Filling up the DagBag from /opt/airflow/dags/kafka_batch_to_hdfs_dag.py
[2026-08-06T11:30:52.133+0000] {processor.py:840} INFO - DAG(s) 'kafka_batch_to_hdfs' retrieved from /opt/airflow/dags/kafka_batch_to_hdfs_dag.py
[2026-08-06T11:30:52.193+0000] {logging_mixin.py:188} INFO - [2026-08-06T11:30:52.193+0000] {dag.py:3096} INFO - Sync 1 DAGs
[2026-08-06T11:30:52.232+0000] {logging_mixin.py:188} INFO - [2026-08-06T11:30:52.232+0000] {dag.py:3954} INFO - Setting next_dagrun for kafka_batch_to_hdfs to 2026-08-06 11:30:00+00:00, run_after=2026-08-06 11:35:00+00:00
[2026-08-06T11:30:52.268+0000] {processor.py:183} INFO - Processing /opt/airflow/dags/kafka_batch_to_hdfs_dag.py took 0.192 seconds
[2026-08-06T11:31:22.514+0000] {processor.py:161} INFO - Started process (PID=454) to work on /opt/airflow/dags/kafka_batch_to_hdfs_dag.py
[2026-08-06T11:31:22.518+0000] {processor.py:830} INFO - Processing file /opt/airflow/dags/kafka_batch_to_hdfs_dag.py for tasks to queue
[2026-08-06T11:31:22.524+0000] {logging_mixin.py:188} INFO - [2026-08-06T11:31:22.523+0000] {dagbag.py:545} INFO - Filling up the DagBag from /opt/airflow/dags/kafka_batch_to_hdfs_dag.py
[2026-08-06T11:31:22.575+0000] {processor.py:840} INFO - DAG(s) 'kafka_batch_to_hdfs' retrieved from /opt/airflow/dags/kafka_batch_to_hdfs_dag.py
[2026-08-06T11:31:22.622+0000] {logging_mixin.py:188} INFO - [2026-08-06T11:31:22.621+0000] {dag.py:3096} INFO - Sync 1 DAGs
[2026-08-06T11:31:22.672+0000] {logging_mixin.py:188} INFO - [2026-08-06T11:31:22.672+0000] {dag.py:3954} INFO - Setting next_dagrun for kafka_batch_to_hdfs to 2026-08-06 11:30:00+00:00, run_after=2026-08-06 11:35:00+00:00
[2026-08-06T11:31:22.706+0000] {processor.py:183} INFO - Processing /opt/airflow/dags/kafka_batch_to_hdfs_dag.py took 0.201 seconds
[2026-08-06T11:31:52.954+0000] {processor.py:161} INFO - Started process (PID=455) to work on /opt/airflow/dags/kafka_batch_to_hdfs_dag.py
[2026-08-06T11:31:52.957+0000] {processor.py:830} INFO - Processing file /opt/airflow/dags/kafka_batch_to_hdfs_dag.py for tasks to queue
[2026-08-06T11:31:52.960+0000] {logging_mixin.py:188} INFO - [2026-08-06T11:31:52.960+0000] {dagbag.py:545} INFO - Filling up the DagBag from /opt/airflow/dags/kafka_batch_to_hdfs_dag.py
[2026-08-06T11:31:52.995+0000] {processor.py:840} INFO - DAG(s) 'kafka_batch_to_hdfs' retrieved from /opt/airflow/dags/kafka_batch_to_hdfs_dag.py
[2026-08-06T11:31:53.036+0000] {logging_mixin.py:188} INFO - [2026-08-06T11:31:53.035+0000] {dag.py:3096} INFO - Sync 1 DAGs
[2026-08-06T11:31:53.074+0000] {logging_mixin.py:188} INFO - [2026-08-06T11:31:53.073+0000] {dag.py:3954} INFO - Setting next_dagrun for kafka_batch_to_hdfs to 2026-08-06 11:30:00+00:00, run_after=2026-08-06 11:35:00+00:00
[2026-08-06T11:31:53.107+0000] {processor.py:183} INFO - Processing /opt/airflow/dags/kafka_batch_to_hdfs_dag.py took 0.159 seconds
[2026-08-06T11:32:23.161+0000] {processor.py:161} INFO - Started process (PID=456) to work on /opt/airflow/dags/kafka_batch_to_hdfs_dag.py
[2026-08-06T11:32:23.162+0000] {processor.py:830} INFO - Processing file /opt/airflow/dags/kafka_batch_to_hdfs_dag.py for tasks to queue
[2026-08-06T11:32:23.166+0000] {logging_mixin.py:188} INFO - [2026-08-06T11:32:23.165+0000] {dagbag.py:545} INFO - Filling up the DagBag from /opt/airflow/dags/kafka_batch_to_hdfs_dag.py
[2026-08-06T11:32:23.196+0000] {processor.py:840} INFO - DAG(s) 'kafka_batch_to_hdfs' retrieved from /opt/airflow/dags/kafka_batch_to_hdfs_dag.py
[2026-08-06T11:32:23.237+0000] {logging_mixin.py:188} INFO - [2026-08-06T11:32:23.236+0000] {dag.py:3096} INFO - Sync 1 DAGs
[2026-08-06T11:32:23.274+0000] {logging_mixin.py:188} INFO - [2026-08-06T11:32:23.273+0000] {dag.py:3954} INFO - Setting next_dagrun for kafka_batch_to_hdfs to 2026-08-06 11:30:00+00:00, run_after=2026-08-06 11:35:00+00:00
[2026-08-06T11:32:23.305+0000] {processor.py:183} INFO - Processing /opt/airflow/dags/kafka_batch_to_hdfs_dag.py took 0.152 seconds
[2026-08-06T11:32:53.572+0000] {processor.py:161} INFO - Started process (PID=457) to work on /opt/airflow/dags/kafka_batch_to_hdfs_dag.py
[2026-08-06T11:32:53.574+0000] {processor.py:830} INFO - Processing file /opt/airflow/dags/kafka_batch_to_hdfs_dag.py for tasks to queue
[2026-08-06T11:32:53.578+0000] {logging_mixin.py:188} INFO - [2026-08-06T11:32:53.578+0000] {dagbag.py:545} INFO - Filling up the DagBag from /opt/airflow/dags/kafka_batch_to_hdfs_dag.py
[2026-08-06T11:32:53.613+0000] {processor.py:840} INFO - DAG(s) 'kafka_batch_to_hdfs' retrieved from /opt/airflow/dags/kafka_batch_to_hdfs_dag.py
[2026-08-06T11:32:53.648+0000] {logging_mixin.py:188} INFO - [2026-08-06T11:32:53.648+0000] {dag.py:3096} INFO - Sync 1 DAGs
[2026-08-06T11:32:53.679+0000] {logging_mixin.py:188} INFO - [2026-08-06T11:32:53.678+0000] {dag.py:3954} INFO - Setting next_dagrun for kafka_batch_to_hdfs to 2026-08-06 11:30:00+00:00, run_after=2026-08-06 11:35:00+00:00
[2026-08-06T11:32:53.720+0000] {processor.py:183} INFO - Processing /opt/airflow/dags/kafka_batch_to_hdfs_dag.py took 0.155 seconds
[2026-08-06T11:33:23.909+0000] {processor.py:161} INFO - Started process (PID=458) to work on /opt/airflow/dags/kafka_batch_to_hdfs_dag.py
[2026-08-06T11:33:23.912+0000] {processor.py:830} INFO - Processing file /opt/airflow/dags/kafka_batch_to_hdfs_dag.py for tasks to queue
[2026-08-06T11:33:23.918+0000] {logging_mixin.py:188} INFO - [2026-08-06T11:33:23.917+0000] {dagbag.py:545} INFO - Filling up the DagBag from /opt/airflow/dags/kafka_batch_to_hdfs_dag.py
[2026-08-06T11:33:23.961+0000] {processor.py:840} INFO - DAG(s) 'kafka_batch_to_hdfs' retrieved from /opt/airflow/dags/kafka_batch_to_hdfs_dag.py
[2026-08-06T11:33:24.011+0000] {logging_mixin.py:188} INFO - [2026-08-06T11:33:24.011+0000] {dag.py:3096} INFO - Sync 1 DAGs
[2026-08-06T11:33:24.042+0000] {logging_mixin.py:188} INFO - [2026-08-06T11:33:24.042+0000] {dag.py:3954} INFO - Setting next_dagrun for kafka_batch_to_hdfs to 2026-08-06 11:30:00+00:00, run_after=2026-08-06 11:35:00+00:00
[2026-08-06T11:33:24.073+0000] {processor.py:183} INFO - Processing /opt/airflow/dags/kafka_batch_to_hdfs_dag.py took 0.172 seconds
[2026-08-06T11:33:54.167+0000] {processor.py:161} INFO - Started process (PID=459) to work on /opt/airflow/dags/kafka_batch_to_hdfs_dag.py
[2026-08-06T11:33:54.170+0000] {processor.py:830} INFO - Processing file /opt/airflow/dags/kafka_batch_to_hdfs_dag.py for tasks to queue
[2026-08-06T11:33:54.175+0000] {logging_mixin.py:188} INFO - [2026-08-06T11:33:54.175+0000] {dagbag.py:545} INFO - Filling up the DagBag from /opt/airflow/dags/kafka_batch_to_hdfs_dag.py
[2026-08-06T11:33:54.210+0000] {processor.py:840} INFO - DAG(s) 'kafka_batch_to_hdfs' retrieved from /opt/airflow/dags/kafka_batch_to_hdfs_dag.py
[2026-08-06T11:33:54.250+0000] {logging_mixin.py:188} INFO - [2026-08-06T11:33:54.249+0000] {dag.py:3096} INFO - Sync 1 DAGs
[2026-08-06T11:33:54.290+0000] {logging_mixin.py:188} INFO - [2026-08-06T11:33:54.290+0000] {dag.py:3954} INFO - Setting next_dagrun for kafka_batch_to_hdfs to 2026-08-06 11:30:00+00:00, run_after=2026-08-06 11:35:00+00:00
[2026-08-06T11:33:54.326+0000] {processor.py:183} INFO - Processing /opt/airflow/dags/kafka_batch_to_hdfs_dag.py took 0.165 seconds
[2026-08-06T11:34:24.562+0000] {processor.py:161} INFO - Started process (PID=460) to work on /opt/airflow/dags/kafka_batch_to_hdfs_dag.py
[2026-08-06T11:34:24.565+0000] {processor.py:830} INFO - Processing file /opt/airflow/dags/kafka_batch_to_hdfs_dag.py for tasks to queue
[2026-08-06T11:34:24.568+0000] {logging_mixin.py:188} INFO - [2026-08-06T11:34:24.568+0000] {dagbag.py:545} INFO - Filling up the DagBag from /opt/airflow/dags/kafka_batch_to_hdfs_dag.py
[2026-08-06T11:34:24.603+0000] {processor.py:840} INFO - DAG(s) 'kafka_batch_to_hdfs' retrieved from /opt/airflow/dags/kafka_batch_to_hdfs_dag.py
[2026-08-06T11:34:24.648+0000] {logging_mixin.py:188} INFO - [2026-08-06T11:34:24.648+0000] {dag.py:3096} INFO - Sync 1 DAGs
[2026-08-06T11:34:24.685+0000] {logging_mixin.py:188} INFO - [2026-08-06T11:34:24.684+0000] {dag.py:3954} INFO - Setting next_dagrun for kafka_batch_to_hdfs to 2026-08-06 11:30:00+00:00, run_after=2026-08-06 11:35:00+00:00
[2026-08-06T11:34:24.726+0000] {processor.py:183} INFO - Processing /opt/airflow/dags/kafka_batch_to_hdfs_dag.py took 0.171 seconds
[2026-08-06T11:34:54.809+0000] {processor.py:161} INFO - Started process (PID=461) to work on /opt/airflow/dags/kafka_batch_to_hdfs_dag.py
[2026-08-06T11:34:54.811+0000] {processor.py:830} INFO - Processing file /opt/airflow/dags/kafka_batch_to_hdfs_dag.py for tasks to queue
[2026-08-06T11:34:54.816+0000] {logging_mixin.py:188} INFO - [2026-08-06T11:34:54.815+0000] {dagbag.py:545} INFO - Filling up the DagBag from /opt/airflow/dags/kafka_batch_to_hdfs_dag.py
[2026-08-06T11:34:54.859+0000] {processor.py:840} INFO - DAG(s) 'kafka_batch_to_hdfs' retrieved from /opt/airflow/dags/kafka_batch_to_hdfs_dag.py
[2026-08-06T11:34:54.902+0000] {logging_mixin.py:188} INFO - [2026-08-06T11:34:54.902+0000] {dag.py:3096} INFO - Sync 1 DAGs
[2026-08-06T11:34:54.943+0000] {logging_mixin.py:188} INFO - [2026-08-06T11:34:54.943+0000] {dag.py:3954} INFO - Setting next_dagrun for kafka_batch_to_hdfs to 2026-08-06 11:30:00+00:00, run_after=2026-08-06 11:35:00+00:00
[2026-08-06T11:34:54.992+0000] {processor.py:183} INFO - Processing /opt/airflow/dags/kafka_batch_to_hdfs_dag.py took 0.189 seconds
[2026-08-06T11:35:25.175+0000] {processor.py:161} INFO - Started process (PID=471) to work on /opt/airflow/dags/kafka_batch_to_hdfs_dag.py
[2026-08-06T11:35:25.178+0000] {processor.py:830} INFO - Processing file /opt/airflow/dags/kafka_batch_to_hdfs_dag.py for tasks to queue
[2026-08-06T11:35:25.189+0000] {logging_mixin.py:188} INFO - [2026-08-06T11:35:25.181+0000] {dagbag.py:545} INFO - Filling up the DagBag from /opt/airflow/dags/kafka_batch_to_hdfs_dag.py
[2026-08-06T11:35:25.250+0000] {processor.py:840} INFO - DAG(s) 'kafka_batch_to_hdfs' retrieved from /opt/airflow/dags/kafka_batch_to_hdfs_dag.py
[2026-08-06T11:35:25.293+0000] {logging_mixin.py:188} INFO - [2026-08-06T11:35:25.293+0000] {dag.py:3096} INFO - Sync 1 DAGs
[2026-08-06T11:35:25.329+0000] {logging_mixin.py:188} INFO - [2026-08-06T11:35:25.329+0000] {dag.py:3954} INFO - Setting next_dagrun for kafka_batch_to_hdfs to 2026-08-06 11:35:00+00:00, run_after=2026-08-06 11:40:00+00:00
[2026-08-06T11:35:25.365+0000] {processor.py:183} INFO - Processing /opt/airflow/dags/kafka_batch_to_hdfs_dag.py took 0.199 seconds
[2026-08-06T11:35:55.445+0000] {processor.py:161} INFO - Started process (PID=472) to work on /opt/airflow/dags/kafka_batch_to_hdfs_dag.py
[2026-08-06T11:35:55.448+0000] {processor.py:830} INFO - Processing file /opt/airflow/dags/kafka_batch_to_hdfs_dag.py for tasks to queue
[2026-08-06T11:35:55.452+0000] {logging_mixin.py:188} INFO - [2026-08-06T11:35:55.451+0000] {dagbag.py:545} INFO - Filling up the DagBag from /opt/airflow/dags/kafka_batch_to_hdfs_dag.py
[2026-08-06T11:35:55.491+0000] {processor.py:840} INFO - DAG(s) 'kafka_batch_to_hdfs' retrieved from /opt/airflow/dags/kafka_batch_to_hdfs_dag.py
[2026-08-06T11:35:55.549+0000] {logging_mixin.py:188} INFO - [2026-08-06T11:35:55.548+0000] {dag.py:3096} INFO - Sync 1 DAGs
[2026-08-06T11:35:55.581+0000] {logging_mixin.py:188} INFO - [2026-08-06T11:35:55.581+0000] {dag.py:3954} INFO - Setting next_dagrun for kafka_batch_to_hdfs to 2026-08-06 11:35:00+00:00, run_after=2026-08-06 11:40:00+00:00
[2026-08-06T11:35:55.614+0000] {processor.py:183} INFO - Processing /opt/airflow/dags/kafka_batch_to_hdfs_dag.py took 0.175 seconds
[2026-08-06T11:36:25.858+0000] {processor.py:161} INFO - Started process (PID=473) to work on /opt/airflow/dags/kafka_batch_to_hdfs_dag.py
[2026-08-06T11:36:25.861+0000] {processor.py:830} INFO - Processing file /opt/airflow/dags/kafka_batch_to_hdfs_dag.py for tasks to queue
[2026-08-06T11:36:25.865+0000] {logging_mixin.py:188} INFO - [2026-08-06T11:36:25.864+0000] {dagbag.py:545} INFO - Filling up the DagBag from /opt/airflow/dags/kafka_batch_to_hdfs_dag.py
[2026-08-06T11:36:25.902+0000] {processor.py:840} INFO - DAG(s) 'kafka_batch_to_hdfs' retrieved from /opt/airflow/dags/kafka_batch_to_hdfs_dag.py
[2026-08-06T11:36:25.940+0000] {logging_mixin.py:188} INFO - [2026-08-06T11:36:25.939+0000] {dag.py:3096} INFO - Sync 1 DAGs
[2026-08-06T11:36:25.971+0000] {logging_mixin.py:188} INFO - [2026-08-06T11:36:25.971+0000] {dag.py:3954} INFO - Setting next_dagrun for kafka_batch_to_hdfs to 2026-08-06 11:35:00+00:00, run_after=2026-08-06 11:40:00+00:00
[2026-08-06T11:36:26.019+0000] {processor.py:183} INFO - Processing /opt/airflow/dags/kafka_batch_to_hdfs_dag.py took 0.166 seconds
[2026-08-06T11:36:56.084+0000] {processor.py:161} INFO - Started process (PID=474) to work on /opt/airflow/dags/kafka_batch_to_hdfs_dag.py
[2026-08-06T11:36:56.086+0000] {processor.py:830} INFO - Processing file /opt/airflow/dags/kafka_batch_to_hdfs_dag.py for tasks to queue
[2026-08-06T11:36:56.091+0000] {logging_mixin.py:188} INFO - [2026-08-06T11:36:56.090+0000] {dagbag.py:545} INFO - Filling up the DagBag from /opt/airflow/dags/kafka_batch_to_hdfs_dag.py
[2026-08-06T11:36:56.126+0000] {processor.py:840} INFO - DAG(s) 'kafka_batch_to_hdfs' retrieved from /opt/airflow/dags/kafka_batch_to_hdfs_dag.py
[2026-08-06T11:36:56.166+0000] {logging_mixin.py:188} INFO - [2026-08-06T11:36:56.165+0000] {dag.py:3096} INFO - Sync 1 DAGs
[2026-08-06T11:36:56.210+0000] {logging_mixin.py:188} INFO - [2026-08-06T11:36:56.210+0000] {dag.py:3954} INFO - Setting next_dagrun for kafka_batch_to_hdfs to 2026-08-06 11:35:00+00:00, run_after=2026-08-06 11:40:00+00:00
[2026-08-06T11:36:56.242+0000] {processor.py:183} INFO - Processing /opt/airflow/dags/kafka_batch_to_hdfs_dag.py took 0.163 seconds
[2026-08-06T11:37:26.468+0000] {processor.py:161} INFO - Started process (PID=475) to work on /opt/airflow/dags/kafka_batch_to_hdfs_dag.py
[2026-08-06T11:37:26.470+0000] {processor.py:830} INFO - Processing file /opt/airflow/dags/kafka_batch_to_hdfs_dag.py for tasks to queue
[2026-08-06T11:37:26.477+0000] {logging_mixin.py:188} INFO - [2026-08-06T11:37:26.476+0000] {dagbag.py:545} INFO - Filling up the DagBag from /opt/airflow/dags/kafka_batch_to_hdfs_dag.py
[2026-08-06T11:37:26.526+0000] {processor.py:840} INFO - DAG(s) 'kafka_batch_to_hdfs' retrieved from /opt/airflow/dags/kafka_batch_to_hdfs_dag.py
[2026-08-06T11:37:26.581+0000] {logging_mixin.py:188} INFO - [2026-08-06T11:37:26.580+0000] {dag.py:3096} INFO - Sync 1 DAGs
[2026-08-06T11:37:26.622+0000] {logging_mixin.py:188} INFO - [2026-08-06T11:37:26.622+0000] {dag.py:3954} INFO - Setting next_dagrun for kafka_batch_to_hdfs to 2026-08-06 11:35:00+00:00, run_after=2026-08-06 11:40:00+00:00
[2026-08-06T11:37:26.653+0000] {processor.py:183} INFO - Processing /opt/airflow/dags/kafka_batch_to_hdfs_dag.py took 0.197 seconds
[2026-08-06T11:37:56.859+0000] {processor.py:161} INFO - Started process (PID=476) to work on /opt/airflow/dags/kafka_batch_to_hdfs_dag.py
[2026-08-06T11:37:56.861+0000] {processor.py:830} INFO - Processing file /opt/airflow/dags/kafka_batch_to_hdfs_dag.py for tasks to queue
[2026-08-06T11:37:56.866+0000] {logging_mixin.py:188} INFO - [2026-08-06T11:37:56.866+0000] {dagbag.py:545} INFO - Filling up the DagBag from /opt/airflow/dags/kafka_batch_to_hdfs_dag.py
[2026-08-06T11:37:56.902+0000] {processor.py:840} INFO - DAG(s) 'kafka_batch_to_hdfs' retrieved from /opt/airflow/dags/kafka_batch_to_hdfs_dag.py
[2026-08-06T11:37:56.940+0000] {logging_mixin.py:188} INFO - [2026-08-06T11:37:56.939+0000] {dag.py:3096} INFO - Sync 1 DAGs
[2026-08-06T11:37:56.971+0000] {logging_mixin.py:188} INFO - [2026-08-06T11:37:56.971+0000] {dag.py:3954} INFO - Setting next_dagrun for kafka_batch_to_hdfs to 2026-08-06 11:35:00+00:00, run_after=2026-08-06 11:40:00+00:00
[2026-08-06T11:37:57.014+0000] {processor.py:183} INFO - Processing /opt/airflow/dags/kafka_batch_to_hdfs_dag.py took 0.161 seconds
[2026-08-06T11:38:27.119+0000] {processor.py:161} INFO - Started process (PID=477) to work on /opt/airflow/dags/kafka_batch_to_hdfs_dag.py
[2026-08-06T11:38:27.121+0000] {processor.py:830} INFO - Processing file /opt/airflow/dags/kafka_batch_to_hdfs_dag.py for tasks to queue
[2026-08-06T11:38:27.125+0000] {logging_mixin.py:188} INFO - [2026-08-06T11:38:27.124+0000] {dagbag.py:545} INFO - Filling up the DagBag from /opt/airflow/dags/kafka_batch_to_hdfs_dag.py
[2026-08-06T11:38:27.148+0000] {processor.py:840} INFO - DAG(s) 'kafka_batch_to_hdfs' retrieved from /opt/airflow/dags/kafka_batch_to_hdfs_dag.py
[2026-08-06T11:38:27.182+0000] {logging_mixin.py:188} INFO - [2026-08-06T11:38:27.182+0000] {dag.py:3096} INFO - Sync 1 DAGs
[2026-08-06T11:38:27.220+0000] {logging_mixin.py:188} INFO - [2026-08-06T11:38:27.220+0000] {dag.py:3954} INFO - Setting next_dagrun for kafka_batch_to_hdfs to 2026-08-06 11:35:00+00:00, run_after=2026-08-06 11:40:00+00:00
[2026-08-06T11:38:27.250+0000] {processor.py:183} INFO - Processing /opt/airflow/dags/kafka_batch_to_hdfs_dag.py took 0.137 seconds
[2026-08-06T11:38:57.456+0000] {processor.py:161} INFO - Started process (PID=479) to work on /opt/airflow/dags/kafka_batch_to_hdfs_dag.py
[2026-08-06T11:38:57.458+0000] {processor.py:830} INFO - Processing file /opt/airflow/dags/kafka_batch_to_hdfs_dag.py for tasks to queue
[2026-08-06T11:38:57.463+0000] {logging_mixin.py:188} INFO - [2026-08-06T11:38:57.462+0000] {dagbag.py:545} INFO - Filling up the DagBag from /opt/airflow/dags/kafka_batch_to_hdfs_dag.py
[2026-08-06T11:38:57.494+0000] {processor.py:840} INFO - DAG(s) 'kafka_batch_to_hdfs' retrieved from /opt/airflow/dags/kafka_batch_to_hdfs_dag.py
[2026-08-06T11:38:57.528+0000] {logging_mixin.py:188} INFO - [2026-08-06T11:38:57.527+0000] {dag.py:3096} INFO - Sync 1 DAGs
[2026-08-06T11:38:57.560+0000] {logging_mixin.py:188} INFO - [2026-08-06T11:38:57.559+0000] {dag.py:3954} INFO - Setting next_dagrun for kafka_batch_to_hdfs to 2026-08-06 11:35:00+00:00, run_after=2026-08-06 11:40:00+00:00
[2026-08-06T11:38:57.611+0000] {processor.py:183} INFO - Processing /opt/airflow/dags/kafka_batch_to_hdfs_dag.py took 0.162 seconds
[2026-08-06T11:39:30.304+0000] {processor.py:161} INFO - Started process (PID=480) to work on /opt/airflow/dags/kafka_batch_to_hdfs_dag.py
[2026-08-06T11:39:30.319+0000] {processor.py:830} INFO - Processing file /opt/airflow/dags/kafka_batch_to_hdfs_dag.py for tasks to queue
[2026-08-06T11:39:30.330+0000] {logging_mixin.py:188} INFO - [2026-08-06T11:39:30.330+0000] {dagbag.py:545} INFO - Filling up the DagBag from /opt/airflow/dags/kafka_batch_to_hdfs_dag.py
[2026-08-06T11:39:31.036+0000] {processor.py:840} INFO - DAG(s) 'kafka_batch_to_hdfs' retrieved from /opt/airflow/dags/kafka_batch_to_hdfs_dag.py
[2026-08-06T11:44:38.046+0000] {logging_mixin.py:188} INFO - [2026-08-06T11:44:38.045+0000] {dag.py:3096} INFO - Sync 1 DAGs
[2026-08-06T11:44:38.222+0000] {logging_mixin.py:188} INFO - [2026-08-06T11:44:38.221+0000] {dag.py:3954} INFO - Setting next_dagrun for kafka_batch_to_hdfs to 2026-08-06 11:35:00+00:00, run_after=2026-08-06 11:40:00+00:00
[2026-08-06T11:44:38.572+0000] {processor.py:183} INFO - Processing /opt/airflow/dags/kafka_batch_to_hdfs_dag.py took 1.424 seconds
[2026-08-06T11:45:09.122+0000] {processor.py:161} INFO - Started process (PID=499) to work on /opt/airflow/dags/kafka_batch_to_hdfs_dag.py
[2026-08-06T11:45:09.125+0000] {processor.py:830} INFO - Processing file /opt/airflow/dags/kafka_batch_to_hdfs_dag.py for tasks to queue
[2026-08-06T11:45:09.130+0000] {logging_mixin.py:188} INFO - [2026-08-06T11:45:09.129+0000] {dagbag.py:545} INFO - Filling up the DagBag from /opt/airflow/dags/kafka_batch_to_hdfs_dag.py
[2026-08-06T11:45:09.168+0000] {processor.py:840} INFO - DAG(s) 'kafka_batch_to_hdfs' retrieved from /opt/airflow/dags/kafka_batch_to_hdfs_dag.py
[2026-08-06T11:45:09.221+0000] {logging_mixin.py:188} INFO - [2026-08-06T11:45:09.221+0000] {dag.py:3096} INFO - Sync 1 DAGs
[2026-08-06T11:45:09.265+0000] {logging_mixin.py:188} INFO - [2026-08-06T11:45:09.265+0000] {dag.py:3954} INFO - Setting next_dagrun for kafka_batch_to_hdfs to 2026-08-06 11:45:00+00:00, run_after=2026-08-06 11:50:00+00:00
[2026-08-06T11:45:09.314+0000] {processor.py:183} INFO - Processing /opt/airflow/dags/kafka_batch_to_hdfs_dag.py took 0.202 seconds
[2026-08-06T11:45:39.598+0000] {processor.py:161} INFO - Started process (PID=500) to work on /opt/airflow/dags/kafka_batch_to_hdfs_dag.py
[2026-08-06T11:45:39.601+0000] {processor.py:830} INFO - Processing file /opt/airflow/dags/kafka_batch_to_hdfs_dag.py for tasks to queue
[2026-08-06T11:45:39.607+0000] {logging_mixin.py:188} INFO - [2026-08-06T11:45:39.606+0000] {dagbag.py:545} INFO - Filling up the DagBag from /opt/airflow/dags/kafka_batch_to_hdfs_dag.py
[2026-08-06T11:45:39.640+0000] {processor.py:840} INFO - DAG(s) 'kafka_batch_to_hdfs' retrieved from /opt/airflow/dags/kafka_batch_to_hdfs_dag.py
[2026-08-06T11:45:39.693+0000] {logging_mixin.py:188} INFO - [2026-08-06T11:45:39.693+0000] {dag.py:3096} INFO - Sync 1 DAGs
[2026-08-06T11:45:39.743+0000] {logging_mixin.py:188} INFO - [2026-08-06T11:45:39.743+0000] {dag.py:3954} INFO - Setting next_dagrun for kafka_batch_to_hdfs to 2026-08-06 11:45:00+00:00, run_after=2026-08-06 11:50:00+00:00
[2026-08-06T11:45:39.779+0000] {processor.py:183} INFO - Processing /opt/airflow/dags/kafka_batch_to_hdfs_dag.py took 0.188 seconds
[2026-08-06T11:46:10.054+0000] {processor.py:161} INFO - Started process (PID=501) to work on /opt/airflow/dags/kafka_batch_to_hdfs_dag.py
[2026-08-06T11:46:10.057+0000] {processor.py:830} INFO - Processing file /opt/airflow/dags/kafka_batch_to_hdfs_dag.py for tasks to queue
[2026-08-06T11:46:10.062+0000] {logging_mixin.py:188} INFO - [2026-08-06T11:46:10.062+0000] {dagbag.py:545} INFO - Filling up the DagBag from /opt/airflow/dags/kafka_batch_to_hdfs_dag.py
[2026-08-06T11:46:10.092+0000] {processor.py:840} INFO - DAG(s) 'kafka_batch_to_hdfs' retrieved from /opt/airflow/dags/kafka_batch_to_hdfs_dag.py
[2026-08-06T11:46:10.142+0000] {logging_mixin.py:188} INFO - [2026-08-06T11:46:10.141+0000] {dag.py:3096} INFO - Sync 1 DAGs
[2026-08-06T11:46:10.180+0000] {logging_mixin.py:188} INFO - [2026-08-06T11:46:10.180+0000] {dag.py:3954} INFO - Setting next_dagrun for kafka_batch_to_hdfs to 2026-08-06 11:45:00+00:00, run_after=2026-08-06 11:50:00+00:00
[2026-08-06T11:46:10.229+0000] {processor.py:183} INFO - Processing /opt/airflow/dags/kafka_batch_to_hdfs_dag.py took 0.185 seconds
[2026-08-06T11:46:40.472+0000] {processor.py:161} INFO - Started process (PID=502) to work on /opt/airflow/dags/kafka_batch_to_hdfs_dag.py
[2026-08-06T11:46:40.474+0000] {processor.py:830} INFO - Processing file /opt/airflow/dags/kafka_batch_to_hdfs_dag.py for tasks to queue
[2026-08-06T11:46:40.478+0000] {logging_mixin.py:188} INFO - [2026-08-06T11:46:40.477+0000] {dagbag.py:545} INFO - Filling up the DagBag from /opt/airflow/dags/kafka_batch_to_hdfs_dag.py
[2026-08-06T11:46:40.514+0000] {processor.py:840} INFO - DAG(s) 'kafka_batch_to_hdfs' retrieved from /opt/airflow/dags/kafka_batch_to_hdfs_dag.py
[2026-08-06T11:46:40.563+0000] {logging_mixin.py:188} INFO - [2026-08-06T11:46:40.563+0000] {dag.py:3096} INFO - Sync 1 DAGs
[2026-08-06T11:46:40.599+0000] {logging_mixin.py:188} INFO - [2026-08-06T11:46:40.599+0000] {dag.py:3954} INFO - Setting next_dagrun for kafka_batch_to_hdfs to 2026-08-06 11:45:00+00:00, run_after=2026-08-06 11:50:00+00:00
[2026-08-06T11:46:40.641+0000] {processor.py:183} INFO - Processing /opt/airflow/dags/kafka_batch_to_hdfs_dag.py took 0.176 seconds
[2026-08-06T11:47:10.941+0000] {processor.py:161} INFO - Started process (PID=503) to work on /opt/airflow/dags/kafka_batch_to_hdfs_dag.py
[2026-08-06T11:47:10.945+0000] {processor.py:830} INFO - Processing file /opt/airflow/dags/kafka_batch_to_hdfs_dag.py for tasks to queue
[2026-08-06T11:47:10.951+0000] {logging_mixin.py:188} INFO - [2026-08-06T11:47:10.950+0000] {dagbag.py:545} INFO - Filling up the DagBag from /opt/airflow/dags/kafka_batch_to_hdfs_dag.py
[2026-08-06T11:47:10.993+0000] {processor.py:840} INFO - DAG(s) 'kafka_batch_to_hdfs' retrieved from /opt/airflow/dags/kafka_batch_to_hdfs_dag.py
[2026-08-06T11:47:11.034+0000] {logging_mixin.py:188} INFO - [2026-08-06T11:47:11.033+0000] {dag.py:3096} INFO - Sync 1 DAGs
[2026-08-06T11:47:11.071+0000] {logging_mixin.py:188} INFO - [2026-08-06T11:47:11.070+0000] {dag.py:3954} INFO - Setting next_dagrun for kafka_batch_to_hdfs to 2026-08-06 11:45:00+00:00, run_after=2026-08-06 11:50:00+00:00
[2026-08-06T11:47:11.124+0000] {processor.py:183} INFO - Processing /opt/airflow/dags/kafka_batch_to_hdfs_dag.py took 0.193 seconds
[2026-08-06T11:47:41.407+0000] {processor.py:161} INFO - Started process (PID=504) to work on /opt/airflow/dags/kafka_batch_to_hdfs_dag.py
[2026-08-06T11:47:41.411+0000] {processor.py:830} INFO - Processing file /opt/airflow/dags/kafka_batch_to_hdfs_dag.py for tasks to queue
[2026-08-06T11:47:41.418+0000] {logging_mixin.py:188} INFO - [2026-08-06T11:47:41.416+0000] {dagbag.py:545} INFO - Filling up the DagBag from /opt/airflow/dags/kafka_batch_to_hdfs_dag.py
[2026-08-06T11:47:41.469+0000] {processor.py:840} INFO - DAG(s) 'kafka_batch_to_hdfs' retrieved from /opt/airflow/dags/kafka_batch_to_hdfs_dag.py
[2026-08-06T11:47:41.532+0000] {logging_mixin.py:188} INFO - [2026-08-06T11:47:41.531+0000] {dag.py:3096} INFO - Sync 1 DAGs
[2026-08-06T11:47:41.592+0000] {logging_mixin.py:188} INFO - [2026-08-06T11:47:41.592+0000] {dag.py:3954} INFO - Setting next_dagrun for kafka_batch_to_hdfs to 2026-08-06 11:45:00+00:00, run_after=2026-08-06 11:50:00+00:00
[2026-08-06T11:47:41.639+0000] {processor.py:183} INFO - Processing /opt/airflow/dags/kafka_batch_to_hdfs_dag.py took 0.246 seconds
[2026-08-06T11:48:11.915+0000] {processor.py:161} INFO - Started process (PID=505) to work on /opt/airflow/dags/kafka_batch_to_hdfs_dag.py
[2026-08-06T11:48:11.919+0000] {processor.py:830} INFO - Processing file /opt/airflow/dags/kafka_batch_to_hdfs_dag.py for tasks to queue
[2026-08-06T11:48:11.923+0000] {logging_mixin.py:188} INFO - [2026-08-06T11:48:11.923+0000] {dagbag.py:545} INFO - Filling up the DagBag from /opt/airflow/dags/kafka_batch_to_hdfs_dag.py
[2026-08-06T11:48:11.963+0000] {processor.py:840} INFO - DAG(s) 'kafka_batch_to_hdfs' retrieved from /opt/airflow/dags/kafka_batch_to_hdfs_dag.py
[2026-08-06T11:48:12.003+0000] {logging_mixin.py:188} INFO - [2026-08-06T11:48:12.002+0000] {dag.py:3096} INFO - Sync 1 DAGs
[2026-08-06T11:48:12.038+0000] {logging_mixin.py:188} INFO - [2026-08-06T11:48:12.037+0000] {dag.py:3954} INFO - Setting next_dagrun for kafka_batch_to_hdfs to 2026-08-06 11:45:00+00:00, run_after=2026-08-06 11:50:00+00:00
[2026-08-06T11:48:12.077+0000] {processor.py:183} INFO - Processing /opt/airflow/dags/kafka_batch_to_hdfs_dag.py took 0.170 seconds
[2026-08-06T11:48:42.147+0000] {processor.py:161} INFO - Started process (PID=506) to work on /opt/airflow/dags/kafka_batch_to_hdfs_dag.py
[2026-08-06T11:48:42.150+0000] {processor.py:830} INFO - Processing file /opt/airflow/dags/kafka_batch_to_hdfs_dag.py for tasks to queue
[2026-08-06T11:48:42.153+0000] {logging_mixin.py:188} INFO - [2026-08-06T11:48:42.153+0000] {dagbag.py:545} INFO - Filling up the DagBag from /opt/airflow/dags/kafka_batch_to_hdfs_dag.py
[2026-08-06T11:48:42.190+0000] {processor.py:840} INFO - DAG(s) 'kafka_batch_to_hdfs' retrieved from /opt/airflow/dags/kafka_batch_to_hdfs_dag.py
[2026-08-06T11:48:42.235+0000] {logging_mixin.py:188} INFO - [2026-08-06T11:48:42.235+0000] {dag.py:3096} INFO - Sync 1 DAGs
[2026-08-06T11:48:42.270+0000] {logging_mixin.py:188} INFO - [2026-08-06T11:48:42.270+0000] {dag.py:3954} INFO - Setting next_dagrun for kafka_batch_to_hdfs to 2026-08-06 11:45:00+00:00, run_after=2026-08-06 11:50:00+00:00
[2026-08-06T11:48:42.305+0000] {processor.py:183} INFO - Processing /opt/airflow/dags/kafka_batch_to_hdfs_dag.py took 0.164 seconds
[2026-08-06T11:49:12.569+0000] {processor.py:161} INFO - Started process (PID=507) to work on /opt/airflow/dags/kafka_batch_to_hdfs_dag.py
[2026-08-06T11:49:12.571+0000] {processor.py:830} INFO - Processing file /opt/airflow/dags/kafka_batch_to_hdfs_dag.py for tasks to queue
[2026-08-06T11:49:12.575+0000] {logging_mixin.py:188} INFO - [2026-08-06T11:49:12.575+0000] {dagbag.py:545} INFO - Filling up the DagBag from /opt/airflow/dags/kafka_batch_to_hdfs_dag.py
[2026-08-06T11:49:12.607+0000] {processor.py:840} INFO - DAG(s) 'kafka_batch_to_hdfs' retrieved from /opt/airflow/dags/kafka_batch_to_hdfs_dag.py
[2026-08-06T11:49:12.646+0000] {logging_mixin.py:188} INFO - [2026-08-06T11:49:12.645+0000] {dag.py:3096} INFO - Sync 1 DAGs
[2026-08-06T11:49:12.681+0000] {logging_mixin.py:188} INFO - [2026-08-06T11:49:12.681+0000] {dag.py:3954} INFO - Setting next_dagrun for kafka_batch_to_hdfs to 2026-08-06 11:45:00+00:00, run_after=2026-08-06 11:50:00+00:00
[2026-08-06T11:49:12.713+0000] {processor.py:183} INFO - Processing /opt/airflow/dags/kafka_batch_to_hdfs_dag.py took 0.150 seconds
[2026-08-06T11:49:42.908+0000] {processor.py:161} INFO - Started process (PID=508) to work on /opt/airflow/dags/kafka_batch_to_hdfs_dag.py
[2026-08-06T11:49:42.912+0000] {processor.py:830} INFO - Processing file /opt/airflow/dags/kafka_batch_to_hdfs_dag.py for tasks to queue
[2026-08-06T11:49:42.917+0000] {logging_mixin.py:188} INFO - [2026-08-06T11:49:42.917+0000] {dagbag.py:545} INFO - Filling up the DagBag from /opt/airflow/dags/kafka_batch_to_hdfs_dag.py
[2026-08-06T11:49:42.965+0000] {processor.py:840} INFO - DAG(s) 'kafka_batch_to_hdfs' retrieved from /opt/airflow/dags/kafka_batch_to_hdfs_dag.py
[2026-08-06T11:49:43.010+0000] {logging_mixin.py:188} INFO - [2026-08-06T11:49:43.009+0000] {dag.py:3096} INFO - Sync 1 DAGs
[2026-08-06T11:49:43.051+0000] {logging_mixin.py:188} INFO - [2026-08-06T11:49:43.050+0000] {dag.py:3954} INFO - Setting next_dagrun for kafka_batch_to_hdfs to 2026-08-06 11:45:00+00:00, run_after=2026-08-06 11:50:00+00:00
[2026-08-06T11:49:43.086+0000] {processor.py:183} INFO - Processing /opt/airflow/dags/kafka_batch_to_hdfs_dag.py took 0.185 seconds
[2026-08-06T11:50:13.257+0000] {processor.py:161} INFO - Started process (PID=518) to work on /opt/airflow/dags/kafka_batch_to_hdfs_dag.py
[2026-08-06T11:50:13.260+0000] {processor.py:830} INFO - Processing file /opt/airflow/dags/kafka_batch_to_hdfs_dag.py for tasks to queue
[2026-08-06T11:50:13.266+0000] {logging_mixin.py:188} INFO - [2026-08-06T11:50:13.265+0000] {dagbag.py:545} INFO - Filling up the DagBag from /opt/airflow/dags/kafka_batch_to_hdfs_dag.py
[2026-08-06T11:50:13.314+0000] {processor.py:840} INFO - DAG(s) 'kafka_batch_to_hdfs' retrieved from /opt/airflow/dags/kafka_batch_to_hdfs_dag.py
[2026-08-06T11:50:13.407+0000] {logging_mixin.py:188} INFO - [2026-08-06T11:50:13.407+0000] {dag.py:3096} INFO - Sync 1 DAGs
[2026-08-06T11:50:13.497+0000] {logging_mixin.py:188} INFO - [2026-08-06T11:50:13.496+0000] {dag.py:3954} INFO - Setting next_dagrun for kafka_batch_to_hdfs to 2026-08-06 11:50:00+00:00, run_after=2026-08-06 11:55:00+00:00
[2026-08-06T11:50:13.563+0000] {processor.py:183} INFO - Processing /opt/airflow/dags/kafka_batch_to_hdfs_dag.py took 0.323 seconds
[2026-08-06T11:50:43.833+0000] {processor.py:161} INFO - Started process (PID=519) to work on /opt/airflow/dags/kafka_batch_to_hdfs_dag.py
[2026-08-06T11:50:43.835+0000] {processor.py:830} INFO - Processing file /opt/airflow/dags/kafka_batch_to_hdfs_dag.py for tasks to queue
[2026-08-06T11:50:43.839+0000] {logging_mixin.py:188} INFO - [2026-08-06T11:50:43.839+0000] {dagbag.py:545} INFO - Filling up the DagBag from /opt/airflow/dags/kafka_batch_to_hdfs_dag.py
[2026-08-06T11:50:43.871+0000] {processor.py:840} INFO - DAG(s) 'kafka_batch_to_hdfs' retrieved from /opt/airflow/dags/kafka_batch_to_hdfs_dag.py
[2026-08-06T11:50:43.930+0000] {logging_mixin.py:188} INFO - [2026-08-06T11:50:43.929+0000] {dag.py:3096} INFO - Sync 1 DAGs
[2026-08-06T11:50:43.962+0000] {logging_mixin.py:188} INFO - [2026-08-06T11:50:43.962+0000] {dag.py:3954} INFO - Setting next_dagrun for kafka_batch_to_hdfs to 2026-08-06 11:50:00+00:00, run_after=2026-08-06 11:55:00+00:00
[2026-08-06T11:50:43.992+0000] {processor.py:183} INFO - Processing /opt/airflow/dags/kafka_batch_to_hdfs_dag.py took 0.166 seconds
[2026-08-06T11:51:14.079+0000] {processor.py:161} INFO - Started process (PID=520) to work on /opt/airflow/dags/kafka_batch_to_hdfs_dag.py
[2026-08-06T11:51:14.081+0000] {processor.py:830} INFO - Processing file /opt/airflow/dags/kafka_batch_to_hdfs_dag.py for tasks to queue
[2026-08-06T11:51:14.087+0000] {logging_mixin.py:188} INFO - [2026-08-06T11:51:14.087+0000] {dagbag.py:545} INFO - Filling up the DagBag from /opt/airflow/dags/kafka_batch_to_hdfs_dag.py
[2026-08-06T11:51:14.141+0000] {processor.py:840} INFO - DAG(s) 'kafka_batch_to_hdfs' retrieved from /opt/airflow/dags/kafka_batch_to_hdfs_dag.py
[2026-08-06T11:51:14.199+0000] {logging_mixin.py:188} INFO - [2026-08-06T11:51:14.198+0000] {dag.py:3096} INFO - Sync 1 DAGs
[2026-08-06T11:51:14.242+0000] {logging_mixin.py:188} INFO - [2026-08-06T11:51:14.242+0000] {dag.py:3954} INFO - Setting next_dagrun for kafka_batch_to_hdfs to 2026-08-06 11:50:00+00:00, run_after=2026-08-06 11:55:00+00:00
[2026-08-06T11:51:14.286+0000] {processor.py:183} INFO - Processing /opt/airflow/dags/kafka_batch_to_hdfs_dag.py took 0.213 seconds
[2026-08-06T11:51:44.497+0000] {processor.py:161} INFO - Started process (PID=521) to work on /opt/airflow/dags/kafka_batch_to_hdfs_dag.py
[2026-08-06T11:51:44.501+0000] {processor.py:830} INFO - Processing file /opt/airflow/dags/kafka_batch_to_hdfs_dag.py for tasks to queue
[2026-08-06T11:51:44.508+0000] {logging_mixin.py:188} INFO - [2026-08-06T11:51:44.507+0000] {dagbag.py:545} INFO - Filling up the DagBag from /opt/airflow/dags/kafka_batch_to_hdfs_dag.py
[2026-08-06T11:51:44.550+0000] {processor.py:840} INFO - DAG(s) 'kafka_batch_to_hdfs' retrieved from /opt/airflow/dags/kafka_batch_to_hdfs_dag.py
[2026-08-06T11:51:44.609+0000] {logging_mixin.py:188} INFO - [2026-08-06T11:51:44.608+0000] {dag.py:3096} INFO - Sync 1 DAGs
[2026-08-06T11:51:44.656+0000] {logging_mixin.py:188} INFO - [2026-08-06T11:51:44.656+0000] {dag.py:3954} INFO - Setting next_dagrun for kafka_batch_to_hdfs to 2026-08-06 11:50:00+00:00, run_after=2026-08-06 11:55:00+00:00
[2026-08-06T11:51:44.690+0000] {processor.py:183} INFO - Processing /opt/airflow/dags/kafka_batch_to_hdfs_dag.py took 0.203 seconds
[2026-08-06T11:52:14.779+0000] {processor.py:161} INFO - Started process (PID=522) to work on /opt/airflow/dags/kafka_batch_to_hdfs_dag.py
[2026-08-06T11:52:14.782+0000] {processor.py:830} INFO - Processing file /opt/airflow/dags/kafka_batch_to_hdfs_dag.py for tasks to queue
[2026-08-06T11:52:14.787+0000] {logging_mixin.py:188} INFO - [2026-08-06T11:52:14.786+0000] {dagbag.py:545} INFO - Filling up the DagBag from /opt/airflow/dags/kafka_batch_to_hdfs_dag.py
[2026-08-06T11:52:14.829+0000] {processor.py:840} INFO - DAG(s) 'kafka_batch_to_hdfs' retrieved from /opt/airflow/dags/kafka_batch_to_hdfs_dag.py
[2026-08-06T11:52:14.880+0000] {logging_mixin.py:188} INFO - [2026-08-06T11:52:14.880+0000] {dag.py:3096} INFO - Sync 1 DAGs
[2026-08-06T11:52:14.924+0000] {logging_mixin.py:188} INFO - [2026-08-06T11:52:14.923+0000] {dag.py:3954} INFO - Setting next_dagrun for kafka_batch_to_hdfs to 2026-08-06 11:50:00+00:00, run_after=2026-08-06 11:55:00+00:00
[2026-08-06T11:52:14.963+0000] {processor.py:183} INFO - Processing /opt/airflow/dags/kafka_batch_to_hdfs_dag.py took 0.192 seconds
[2026-08-06T11:52:45.157+0000] {processor.py:161} INFO - Started process (PID=523) to work on /opt/airflow/dags/kafka_batch_to_hdfs_dag.py
[2026-08-06T11:52:45.160+0000] {processor.py:830} INFO - Processing file /opt/airflow/dags/kafka_batch_to_hdfs_dag.py for tasks to queue
[2026-08-06T11:52:45.164+0000] {logging_mixin.py:188} INFO - [2026-08-06T11:52:45.163+0000] {dagbag.py:545} INFO - Filling up the DagBag from /opt/airflow/dags/kafka_batch_to_hdfs_dag.py
[2026-08-06T11:52:45.198+0000] {processor.py:840} INFO - DAG(s) 'kafka_batch_to_hdfs' retrieved from /opt/airflow/dags/kafka_batch_to_hdfs_dag.py
[2026-08-06T11:52:45.235+0000] {logging_mixin.py:188} INFO - [2026-08-06T11:52:45.235+0000] {dag.py:3096} INFO - Sync 1 DAGs
[2026-08-06T11:52:45.266+0000] {logging_mixin.py:188} INFO - [2026-08-06T11:52:45.266+0000] {dag.py:3954} INFO - Setting next_dagrun for kafka_batch_to_hdfs to 2026-08-06 11:50:00+00:00, run_after=2026-08-06 11:55:00+00:00
[2026-08-06T11:52:45.305+0000] {processor.py:183} INFO - Processing /opt/airflow/dags/kafka_batch_to_hdfs_dag.py took 0.154 seconds
[2026-08-06T11:53:15.457+0000] {processor.py:161} INFO - Started process (PID=524) to work on /opt/airflow/dags/kafka_batch_to_hdfs_dag.py
[2026-08-06T11:53:15.460+0000] {processor.py:830} INFO - Processing file /opt/airflow/dags/kafka_batch_to_hdfs_dag.py for tasks to queue
[2026-08-06T11:53:15.464+0000] {logging_mixin.py:188} INFO - [2026-08-06T11:53:15.463+0000] {dagbag.py:545} INFO - Filling up the DagBag from /opt/airflow/dags/kafka_batch_to_hdfs_dag.py
[2026-08-06T11:53:15.497+0000] {processor.py:840} INFO - DAG(s) 'kafka_batch_to_hdfs' retrieved from /opt/airflow/dags/kafka_batch_to_hdfs_dag.py
[2026-08-06T11:53:15.547+0000] {logging_mixin.py:188} INFO - [2026-08-06T11:53:15.546+0000] {dag.py:3096} INFO - Sync 1 DAGs
[2026-08-06T11:53:15.595+0000] {logging_mixin.py:188} INFO - [2026-08-06T11:53:15.595+0000] {dag.py:3954} INFO - Setting next_dagrun for kafka_batch_to_hdfs to 2026-08-06 11:50:00+00:00, run_after=2026-08-06 11:55:00+00:00
[2026-08-06T11:53:15.634+0000] {processor.py:183} INFO - Processing /opt/airflow/dags/kafka_batch_to_hdfs_dag.py took 0.189 seconds
[2026-08-06T11:53:45.834+0000] {processor.py:161} INFO - Started process (PID=525) to work on /opt/airflow/dags/kafka_batch_to_hdfs_dag.py
[2026-08-06T11:53:45.838+0000] {processor.py:830} INFO - Processing file /opt/airflow/dags/kafka_batch_to_hdfs_dag.py for tasks to queue
[2026-08-06T11:53:45.844+0000] {logging_mixin.py:188} INFO - [2026-08-06T11:53:45.843+0000] {dagbag.py:545} INFO - Filling up the DagBag from /opt/airflow/dags/kafka_batch_to_hdfs_dag.py
[2026-08-06T11:53:45.903+0000] {processor.py:840} INFO - DAG(s) 'kafka_batch_to_hdfs' retrieved from /opt/airflow/dags/kafka_batch_to_hdfs_dag.py
[2026-08-06T11:53:45.954+0000] {logging_mixin.py:188} INFO - [2026-08-06T11:53:45.954+0000] {dag.py:3096} INFO - Sync 1 DAGs
[2026-08-06T11:53:46.000+0000] {logging_mixin.py:188} INFO - [2026-08-06T11:53:45.999+0000] {dag.py:3954} INFO - Setting next_dagrun for kafka_batch_to_hdfs to 2026-08-06 11:50:00+00:00, run_after=2026-08-06 11:55:00+00:00
[2026-08-06T11:53:46.047+0000] {processor.py:183} INFO - Processing /opt/airflow/dags/kafka_batch_to_hdfs_dag.py took 0.224 seconds
[2026-08-06T11:54:16.152+0000] {processor.py:161} INFO - Started process (PID=526) to work on /opt/airflow/dags/kafka_batch_to_hdfs_dag.py
[2026-08-06T11:54:16.155+0000] {processor.py:830} INFO - Processing file /opt/airflow/dags/kafka_batch_to_hdfs_dag.py for tasks to queue
[2026-08-06T11:54:16.159+0000] {logging_mixin.py:188} INFO - [2026-08-06T11:54:16.159+0000] {dagbag.py:545} INFO - Filling up the DagBag from /opt/airflow/dags/kafka_batch_to_hdfs_dag.py
[2026-08-06T11:54:16.206+0000] {processor.py:840} INFO - DAG(s) 'kafka_batch_to_hdfs' retrieved from /opt/airflow/dags/kafka_batch_to_hdfs_dag.py
[2026-08-06T11:54:16.247+0000] {logging_mixin.py:188} INFO - [2026-08-06T11:54:16.247+0000] {dag.py:3096} INFO - Sync 1 DAGs
[2026-08-06T11:54:16.284+0000] {logging_mixin.py:188} INFO - [2026-08-06T11:54:16.283+0000] {dag.py:3954} INFO - Setting next_dagrun for kafka_batch_to_hdfs to 2026-08-06 11:50:00+00:00, run_after=2026-08-06 11:55:00+00:00
[2026-08-06T11:54:16.327+0000] {processor.py:183} INFO - Processing /opt/airflow/dags/kafka_batch_to_hdfs_dag.py took 0.185 seconds
[2026-08-06T11:54:46.677+0000] {processor.py:161} INFO - Started process (PID=527) to work on /opt/airflow/dags/kafka_batch_to_hdfs_dag.py
[2026-08-06T11:54:46.680+0000] {processor.py:830} INFO - Processing file /opt/airflow/dags/kafka_batch_to_hdfs_dag.py for tasks to queue
[2026-08-06T11:54:46.683+0000] {logging_mixin.py:188} INFO - [2026-08-06T11:54:46.683+0000] {dagbag.py:545} INFO - Filling up the DagBag from /opt/airflow/dags/kafka_batch_to_hdfs_dag.py
[2026-08-06T11:54:46.718+0000] {processor.py:840} INFO - DAG(s) 'kafka_batch_to_hdfs' retrieved from /opt/airflow/dags/kafka_batch_to_hdfs_dag.py
[2026-08-06T11:54:46.758+0000] {logging_mixin.py:188} INFO - [2026-08-06T11:54:46.758+0000] {dag.py:3096} INFO - Sync 1 DAGs
[2026-08-06T11:54:46.798+0000] {logging_mixin.py:188} INFO - [2026-08-06T11:54:46.798+0000] {dag.py:3954} INFO - Setting next_dagrun for kafka_batch_to_hdfs to 2026-08-06 11:50:00+00:00, run_after=2026-08-06 11:55:00+00:00
[2026-08-06T11:54:46.834+0000] {processor.py:183} INFO - Processing /opt/airflow/dags/kafka_batch_to_hdfs_dag.py took 0.164 seconds
[2026-08-06T11:55:16.963+0000] {processor.py:161} INFO - Started process (PID=537) to work on /opt/airflow/dags/kafka_batch_to_hdfs_dag.py
[2026-08-06T11:55:16.967+0000] {processor.py:830} INFO - Processing file /opt/airflow/dags/kafka_batch_to_hdfs_dag.py for tasks to queue
[2026-08-06T11:55:16.975+0000] {logging_mixin.py:188} INFO - [2026-08-06T11:55:16.974+0000] {dagbag.py:545} INFO - Filling up the DagBag from /opt/airflow/dags/kafka_batch_to_hdfs_dag.py
[2026-08-06T11:55:17.017+0000] {processor.py:840} INFO - DAG(s) 'kafka_batch_to_hdfs' retrieved from /opt/airflow/dags/kafka_batch_to_hdfs_dag.py
[2026-08-06T11:55:17.090+0000] {logging_mixin.py:188} INFO - [2026-08-06T11:55:17.090+0000] {dag.py:3096} INFO - Sync 1 DAGs
[2026-08-06T11:55:17.141+0000] {logging_mixin.py:188} INFO - [2026-08-06T11:55:17.141+0000] {dag.py:3954} INFO - Setting next_dagrun for kafka_batch_to_hdfs to 2026-08-06 11:55:00+00:00, run_after=2026-08-06 12:00:00+00:00
[2026-08-06T11:55:17.197+0000] {processor.py:183} INFO - Processing /opt/airflow/dags/kafka_batch_to_hdfs_dag.py took 0.252 seconds
[2026-08-06T11:55:47.376+0000] {processor.py:161} INFO - Started process (PID=538) to work on /opt/airflow/dags/kafka_batch_to_hdfs_dag.py
[2026-08-06T11:55:47.379+0000] {processor.py:830} INFO - Processing file /opt/airflow/dags/kafka_batch_to_hdfs_dag.py for tasks to queue
[2026-08-06T11:55:47.386+0000] {logging_mixin.py:188} INFO - [2026-08-06T11:55:47.385+0000] {dagbag.py:545} INFO - Filling up the DagBag from /opt/airflow/dags/kafka_batch_to_hdfs_dag.py
[2026-08-06T11:55:47.434+0000] {processor.py:840} INFO - DAG(s) 'kafka_batch_to_hdfs' retrieved from /opt/airflow/dags/kafka_batch_to_hdfs_dag.py
[2026-08-06T11:55:47.488+0000] {logging_mixin.py:188} INFO - [2026-08-06T11:55:47.488+0000] {dag.py:3096} INFO - Sync 1 DAGs
[2026-08-06T11:55:47.532+0000] {logging_mixin.py:188} INFO - [2026-08-06T11:55:47.532+0000] {dag.py:3954} INFO - Setting next_dagrun for kafka_batch_to_hdfs to 2026-08-06 11:55:00+00:00, run_after=2026-08-06 12:00:00+00:00
[2026-08-06T11:55:47.571+0000] {processor.py:183} INFO - Processing /opt/airflow/dags/kafka_batch_to_hdfs_dag.py took 0.209 seconds
[2026-08-06T11:56:17.695+0000] {processor.py:161} INFO - Started process (PID=539) to work on /opt/airflow/dags/kafka_batch_to_hdfs_dag.py
[2026-08-06T11:56:17.698+0000] {processor.py:830} INFO - Processing file /opt/airflow/dags/kafka_batch_to_hdfs_dag.py for tasks to queue
[2026-08-06T11:56:17.702+0000] {logging_mixin.py:188} INFO - [2026-08-06T11:56:17.701+0000] {dagbag.py:545} INFO - Filling up the DagBag from /opt/airflow/dags/kafka_batch_to_hdfs_dag.py
[2026-08-06T11:56:17.740+0000] {processor.py:840} INFO - DAG(s) 'kafka_batch_to_hdfs' retrieved from /opt/airflow/dags/kafka_batch_to_hdfs_dag.py
[2026-08-06T11:56:17.789+0000] {logging_mixin.py:188} INFO - [2026-08-06T11:56:17.788+0000] {dag.py:3096} INFO - Sync 1 DAGs
[2026-08-06T11:56:17.828+0000] {logging_mixin.py:188} INFO - [2026-08-06T11:56:17.828+0000] {dag.py:3954} INFO - Setting next_dagrun for kafka_batch_to_hdfs to 2026-08-06 11:55:00+00:00, run_after=2026-08-06 12:00:00+00:00
[2026-08-06T11:56:17.864+0000] {processor.py:183} INFO - Processing /opt/airflow/dags/kafka_batch_to_hdfs_dag.py took 0.176 seconds
[2026-08-06T11:56:48.079+0000] {processor.py:161} INFO - Started process (PID=540) to work on /opt/airflow/dags/kafka_batch_to_hdfs_dag.py
[2026-08-06T11:56:48.082+0000] {processor.py:830} INFO - Processing file /opt/airflow/dags/kafka_batch_to_hdfs_dag.py for tasks to queue
[2026-08-06T11:56:48.086+0000] {logging_mixin.py:188} INFO - [2026-08-06T11:56:48.085+0000] {dagbag.py:545} INFO - Filling up the DagBag from /opt/airflow/dags/kafka_batch_to_hdfs_dag.py
[2026-08-06T11:56:48.130+0000] {processor.py:840} INFO - DAG(s) 'kafka_batch_to_hdfs' retrieved from /opt/airflow/dags/kafka_batch_to_hdfs_dag.py
[2026-08-06T11:56:48.171+0000] {logging_mixin.py:188} INFO - [2026-08-06T11:56:48.170+0000] {dag.py:3096} INFO - Sync 1 DAGs
[2026-08-06T11:56:48.205+0000] {logging_mixin.py:188} INFO - [2026-08-06T11:56:48.205+0000] {dag.py:3954} INFO - Setting next_dagrun for kafka_batch_to_hdfs to 2026-08-06 11:55:00+00:00, run_after=2026-08-06 12:00:00+00:00
[2026-08-06T11:56:48.241+0000] {processor.py:183} INFO - Processing /opt/airflow/dags/kafka_batch_to_hdfs_dag.py took 0.173 seconds
[2026-08-06T11:57:18.371+0000] {processor.py:161} INFO - Started process (PID=541) to work on /opt/airflow/dags/kafka_batch_to_hdfs_dag.py
[2026-08-06T11:57:18.375+0000] {processor.py:830} INFO - Processing file /opt/airflow/dags/kafka_batch_to_hdfs_dag.py for tasks to queue
[2026-08-06T11:57:18.383+0000] {logging_mixin.py:188} INFO - [2026-08-06T11:57:18.383+0000] {dagbag.py:545} INFO - Filling up the DagBag from /opt/airflow/dags/kafka_batch_to_hdfs_dag.py
[2026-08-06T11:57:18.436+0000] {processor.py:840} INFO - DAG(s) 'kafka_batch_to_hdfs' retrieved from /opt/airflow/dags/kafka_batch_to_hdfs_dag.py
[2026-08-06T11:57:18.502+0000] {logging_mixin.py:188} INFO - [2026-08-06T11:57:18.502+0000] {dag.py:3096} INFO - Sync 1 DAGs
[2026-08-06T11:57:18.550+0000] {logging_mixin.py:188} INFO - [2026-08-06T11:57:18.550+0000] {dag.py:3954} INFO - Setting next_dagrun for kafka_batch_to_hdfs to 2026-08-06 11:55:00+00:00, run_after=2026-08-06 12:00:00+00:00
[2026-08-06T11:57:18.596+0000] {processor.py:183} INFO - Processing /opt/airflow/dags/kafka_batch_to_hdfs_dag.py took 0.240 seconds
[2026-08-06T11:57:48.763+0000] {processor.py:161} INFO - Started process (PID=542) to work on /opt/airflow/dags/kafka_batch_to_hdfs_dag.py
[2026-08-06T11:57:48.765+0000] {processor.py:830} INFO - Processing file /opt/airflow/dags/kafka_batch_to_hdfs_dag.py for tasks to queue
[2026-08-06T11:57:48.769+0000] {logging_mixin.py:188} INFO - [2026-08-06T11:57:48.769+0000] {dagbag.py:545} INFO - Filling up the DagBag from /opt/airflow/dags/kafka_batch_to_hdfs_dag.py
[2026-08-06T11:57:48.808+0000] {processor.py:840} INFO - DAG(s) 'kafka_batch_to_hdfs' retrieved from /opt/airflow/dags/kafka_batch_to_hdfs_dag.py
[2026-08-06T11:57:48.851+0000] {logging_mixin.py:188} INFO - [2026-08-06T11:57:48.851+0000] {dag.py:3096} INFO - Sync 1 DAGs
[2026-08-06T11:57:48.889+0000] {logging_mixin.py:188} INFO - [2026-08-06T11:57:48.889+0000] {dag.py:3954} INFO - Setting next_dagrun for kafka_batch_to_hdfs to 2026-08-06 11:55:00+00:00, run_after=2026-08-06 12:00:00+00:00
[2026-08-06T11:57:48.922+0000] {processor.py:183} INFO - Processing /opt/airflow/dags/kafka_batch_to_hdfs_dag.py took 0.166 seconds
[2026-08-06T11:58:19.082+0000] {processor.py:161} INFO - Started process (PID=543) to work on /opt/airflow/dags/kafka_batch_to_hdfs_dag.py
[2026-08-06T11:58:19.085+0000] {processor.py:830} INFO - Processing file /opt/airflow/dags/kafka_batch_to_hdfs_dag.py for tasks to queue
[2026-08-06T11:58:19.089+0000] {logging_mixin.py:188} INFO - [2026-08-06T11:58:19.088+0000] {dagbag.py:545} INFO - Filling up the DagBag from /opt/airflow/dags/kafka_batch_to_hdfs_dag.py
[2026-08-06T11:58:19.125+0000] {processor.py:840} INFO - DAG(s) 'kafka_batch_to_hdfs' retrieved from /opt/airflow/dags/kafka_batch_to_hdfs_dag.py
[2026-08-06T11:58:19.165+0000] {logging_mixin.py:188} INFO - [2026-08-06T11:58:19.164+0000] {dag.py:3096} INFO - Sync 1 DAGs
[2026-08-06T11:58:19.212+0000] {logging_mixin.py:188} INFO - [2026-08-06T11:58:19.211+0000] {dag.py:3954} INFO - Setting next_dagrun for kafka_batch_to_hdfs to 2026-08-06 11:55:00+00:00, run_after=2026-08-06 12:00:00+00:00
[2026-08-06T11:58:19.253+0000] {processor.py:183} INFO - Processing /opt/airflow/dags/kafka_batch_to_hdfs_dag.py took 0.178 seconds
[2026-08-06T11:58:49.426+0000] {processor.py:161} INFO - Started process (PID=544) to work on /opt/airflow/dags/kafka_batch_to_hdfs_dag.py
[2026-08-06T11:58:49.429+0000] {processor.py:830} INFO - Processing file /opt/airflow/dags/kafka_batch_to_hdfs_dag.py for tasks to queue
[2026-08-06T11:58:49.437+0000] {logging_mixin.py:188} INFO - [2026-08-06T11:58:49.436+0000] {dagbag.py:545} INFO - Filling up the DagBag from /opt/airflow/dags/kafka_batch_to_hdfs_dag.py
[2026-08-06T11:58:49.494+0000] {processor.py:840} INFO - DAG(s) 'kafka_batch_to_hdfs' retrieved from /opt/airflow/dags/kafka_batch_to_hdfs_dag.py
[2026-08-06T11:58:49.568+0000] {logging_mixin.py:188} INFO - [2026-08-06T11:58:49.567+0000] {dag.py:3096} INFO - Sync 1 DAGs
[2026-08-06T11:58:49.621+0000] {logging_mixin.py:188} INFO - [2026-08-06T11:58:49.621+0000] {dag.py:3954} INFO - Setting next_dagrun for kafka_batch_to_hdfs to 2026-08-06 11:55:00+00:00, run_after=2026-08-06 12:00:00+00:00
[2026-08-06T11:58:49.655+0000] {processor.py:183} INFO - Processing /opt/airflow/dags/kafka_batch_to_hdfs_dag.py took 0.239 seconds
[2026-08-06T11:59:19.819+0000] {processor.py:161} INFO - Started process (PID=545) to work on /opt/airflow/dags/kafka_batch_to_hdfs_dag.py
[2026-08-06T11:59:19.821+0000] {processor.py:830} INFO - Processing file /opt/airflow/dags/kafka_batch_to_hdfs_dag.py for tasks to queue
[2026-08-06T11:59:19.825+0000] {logging_mixin.py:188} INFO - [2026-08-06T11:59:19.825+0000] {dagbag.py:545} INFO - Filling up the DagBag from /opt/airflow/dags/kafka_batch_to_hdfs_dag.py
[2026-08-06T11:59:19.855+0000] {processor.py:840} INFO - DAG(s) 'kafka_batch_to_hdfs' retrieved from /opt/airflow/dags/kafka_batch_to_hdfs_dag.py
[2026-08-06T11:59:19.892+0000] {logging_mixin.py:188} INFO - [2026-08-06T11:59:19.892+0000] {dag.py:3096} INFO - Sync 1 DAGs
[2026-08-06T11:59:19.926+0000] {logging_mixin.py:188} INFO - [2026-08-06T11:59:19.926+0000] {dag.py:3954} INFO - Setting next_dagrun for kafka_batch_to_hdfs to 2026-08-06 11:55:00+00:00, run_after=2026-08-06 12:00:00+00:00
[2026-08-06T11:59:19.966+0000] {processor.py:183} INFO - Processing /opt/airflow/dags/kafka_batch_to_hdfs_dag.py took 0.152 seconds
[2026-08-06T11:59:51.416+0000] {processor.py:161} INFO - Started process (PID=546) to work on /opt/airflow/dags/kafka_batch_to_hdfs_dag.py
[2026-08-06T11:59:51.419+0000] {processor.py:830} INFO - Processing file /opt/airflow/dags/kafka_batch_to_hdfs_dag.py for tasks to queue
[2026-08-06T11:59:51.424+0000] {logging_mixin.py:188} INFO - [2026-08-06T11:59:51.423+0000] {dagbag.py:545} INFO - Filling up the DagBag from /opt/airflow/dags/kafka_batch_to_hdfs_dag.py
[2026-08-06T11:59:51.467+0000] {processor.py:840} INFO - DAG(s) 'kafka_batch_to_hdfs' retrieved from /opt/airflow/dags/kafka_batch_to_hdfs_dag.py
[2026-08-06T11:59:51.509+0000] {logging_mixin.py:188} INFO - [2026-08-06T11:59:51.508+0000] {dag.py:3096} INFO - Sync 1 DAGs
[2026-08-06T11:59:51.543+0000] {logging_mixin.py:188} INFO - [2026-08-06T11:59:51.543+0000] {dag.py:3954} INFO - Setting next_dagrun for kafka_batch_to_hdfs to 2026-08-06 11:55:00+00:00, run_after=2026-08-06 12:00:00+00:00
[2026-08-06T11:59:51.583+0000] {processor.py:183} INFO - Processing /opt/airflow/dags/kafka_batch_to_hdfs_dag.py took 0.178 seconds
[2026-08-06T12:00:21.912+0000] {processor.py:161} INFO - Started process (PID=556) to work on /opt/airflow/dags/kafka_batch_to_hdfs_dag.py
[2026-08-06T12:00:21.915+0000] {processor.py:830} INFO - Processing file /opt/airflow/dags/kafka_batch_to_hdfs_dag.py for tasks to queue
[2026-08-06T12:00:21.919+0000] {logging_mixin.py:188} INFO - [2026-08-06T12:00:21.918+0000] {dagbag.py:545} INFO - Filling up the DagBag from /opt/airflow/dags/kafka_batch_to_hdfs_dag.py
[2026-08-06T12:00:21.954+0000] {processor.py:840} INFO - DAG(s) 'kafka_batch_to_hdfs' retrieved from /opt/airflow/dags/kafka_batch_to_hdfs_dag.py
[2026-08-06T12:00:21.996+0000] {logging_mixin.py:188} INFO - [2026-08-06T12:00:21.996+0000] {dag.py:3096} INFO - Sync 1 DAGs
[2026-08-06T12:00:22.035+0000] {logging_mixin.py:188} INFO - [2026-08-06T12:00:22.034+0000] {dag.py:3954} INFO - Setting next_dagrun for kafka_batch_to_hdfs to 2026-08-06 12:00:00+00:00, run_after=2026-08-06 12:05:00+00:00
[2026-08-06T12:00:22.085+0000] {processor.py:183} INFO - Processing /opt/airflow/dags/kafka_batch_to_hdfs_dag.py took 0.180 seconds
[2026-08-06T12:00:52.374+0000] {processor.py:161} INFO - Started process (PID=557) to work on /opt/airflow/dags/kafka_batch_to_hdfs_dag.py
[2026-08-06T12:00:52.377+0000] {processor.py:830} INFO - Processing file /opt/airflow/dags/kafka_batch_to_hdfs_dag.py for tasks to queue
[2026-08-06T12:00:52.382+0000] {logging_mixin.py:188} INFO - [2026-08-06T12:00:52.380+0000] {dagbag.py:545} INFO - Filling up the DagBag from /opt/airflow/dags/kafka_batch_to_hdfs_dag.py
[2026-08-06T12:00:52.421+0000] {processor.py:840} INFO - DAG(s) 'kafka_batch_to_hdfs' retrieved from /opt/airflow/dags/kafka_batch_to_hdfs_dag.py
[2026-08-06T12:00:52.465+0000] {logging_mixin.py:188} INFO - [2026-08-06T12:00:52.465+0000] {dag.py:3096} INFO - Sync 1 DAGs
[2026-08-06T12:00:52.498+0000] {logging_mixin.py:188} INFO - [2026-08-06T12:00:52.498+0000] {dag.py:3954} INFO - Setting next_dagrun for kafka_batch_to_hdfs to 2026-08-06 12:00:00+00:00, run_after=2026-08-06 12:05:00+00:00
[2026-08-06T12:00:52.527+0000] {processor.py:183} INFO - Processing /opt/airflow/dags/kafka_batch_to_hdfs_dag.py took 0.162 seconds
[2026-08-06T12:01:22.649+0000] {processor.py:161} INFO - Started process (PID=558) to work on /opt/airflow/dags/kafka_batch_to_hdfs_dag.py
[2026-08-06T12:01:22.651+0000] {processor.py:830} INFO - Processing file /opt/airflow/dags/kafka_batch_to_hdfs_dag.py for tasks to queue
[2026-08-06T12:01:22.656+0000] {logging_mixin.py:188} INFO - [2026-08-06T12:01:22.655+0000] {dagbag.py:545} INFO - Filling up the DagBag from /opt/airflow/dags/kafka_batch_to_hdfs_dag.py
[2026-08-06T12:01:22.686+0000] {processor.py:840} INFO - DAG(s) 'kafka_batch_to_hdfs' retrieved from /opt/airflow/dags/kafka_batch_to_hdfs_dag.py
[2026-08-06T12:01:22.741+0000] {logging_mixin.py:188} INFO - [2026-08-06T12:01:22.740+0000] {dag.py:3096} INFO - Sync 1 DAGs
[2026-08-06T12:01:22.785+0000] {logging_mixin.py:188} INFO - [2026-08-06T12:01:22.784+0000] {dag.py:3954} INFO - Setting next_dagrun for kafka_batch_to_hdfs to 2026-08-06 12:00:00+00:00, run_after=2026-08-06 12:05:00+00:00
[2026-08-06T12:01:22.834+0000] {processor.py:183} INFO - Processing /opt/airflow/dags/kafka_batch_to_hdfs_dag.py took 0.191 seconds
[2026-08-06T12:01:53.096+0000] {processor.py:161} INFO - Started process (PID=559) to work on /opt/airflow/dags/kafka_batch_to_hdfs_dag.py
[2026-08-06T12:01:53.099+0000] {processor.py:830} INFO - Processing file /opt/airflow/dags/kafka_batch_to_hdfs_dag.py for tasks to queue
[2026-08-06T12:01:53.104+0000] {logging_mixin.py:188} INFO - [2026-08-06T12:01:53.103+0000] {dagbag.py:545} INFO - Filling up the DagBag from /opt/airflow/dags/kafka_batch_to_hdfs_dag.py
[2026-08-06T12:01:53.142+0000] {processor.py:840} INFO - DAG(s) 'kafka_batch_to_hdfs' retrieved from /opt/airflow/dags/kafka_batch_to_hdfs_dag.py
[2026-08-06T12:01:53.189+0000] {logging_mixin.py:188} INFO - [2026-08-06T12:01:53.188+0000] {dag.py:3096} INFO - Sync 1 DAGs
[2026-08-06T12:01:53.220+0000] {logging_mixin.py:188} INFO - [2026-08-06T12:01:53.220+0000] {dag.py:3954} INFO - Setting next_dagrun for kafka_batch_to_hdfs to 2026-08-06 12:00:00+00:00, run_after=2026-08-06 12:05:00+00:00
[2026-08-06T12:01:53.249+0000] {processor.py:183} INFO - Processing /opt/airflow/dags/kafka_batch_to_hdfs_dag.py took 0.163 seconds
[2026-08-06T12:02:23.378+0000] {processor.py:161} INFO - Started process (PID=560) to work on /opt/airflow/dags/kafka_batch_to_hdfs_dag.py
[2026-08-06T12:02:23.380+0000] {processor.py:830} INFO - Processing file /opt/airflow/dags/kafka_batch_to_hdfs_dag.py for tasks to queue
[2026-08-06T12:02:23.384+0000] {logging_mixin.py:188} INFO - [2026-08-06T12:02:23.384+0000] {dagbag.py:545} INFO - Filling up the DagBag from /opt/airflow/dags/kafka_batch_to_hdfs_dag.py
[2026-08-06T12:02:23.419+0000] {processor.py:840} INFO - DAG(s) 'kafka_batch_to_hdfs' retrieved from /opt/airflow/dags/kafka_batch_to_hdfs_dag.py
[2026-08-06T12:02:23.460+0000] {logging_mixin.py:188} INFO - [2026-08-06T12:02:23.460+0000] {dag.py:3096} INFO - Sync 1 DAGs
[2026-08-06T12:02:23.489+0000] {logging_mixin.py:188} INFO - [2026-08-06T12:02:23.489+0000] {dag.py:3954} INFO - Setting next_dagrun for kafka_batch_to_hdfs to 2026-08-06 12:00:00+00:00, run_after=2026-08-06 12:05:00+00:00
[2026-08-06T12:02:23.535+0000] {processor.py:183} INFO - Processing /opt/airflow/dags/kafka_batch_to_hdfs_dag.py took 0.163 seconds
[2026-08-06T12:09:42.418+0000] {processor.py:161} INFO - Started process (PID=561) to work on /opt/airflow/dags/kafka_batch_to_hdfs_dag.py
[2026-08-06T12:09:42.421+0000] {processor.py:830} INFO - Processing file /opt/airflow/dags/kafka_batch_to_hdfs_dag.py for tasks to queue
[2026-08-06T12:09:42.434+0000] {logging_mixin.py:188} INFO - [2026-08-06T12:09:42.432+0000] {dagbag.py:545} INFO - Filling up the DagBag from /opt/airflow/dags/kafka_batch_to_hdfs_dag.py
[2026-08-06T12:09:42.493+0000] {processor.py:840} INFO - DAG(s) 'kafka_batch_to_hdfs' retrieved from /opt/airflow/dags/kafka_batch_to_hdfs_dag.py
[2026-08-06T12:09:42.603+0000] {logging_mixin.py:188} INFO - [2026-08-06T12:09:42.603+0000] {dag.py:3096} INFO - Sync 1 DAGs
[2026-08-06T12:09:42.765+0000] {processor.py:183} INFO - Processing /opt/airflow/dags/kafka_batch_to_hdfs_dag.py took 0.363 seconds
[2026-08-06T12:10:13.428+0000] {processor.py:161} INFO - Started process (PID=580) to work on /opt/airflow/dags/kafka_batch_to_hdfs_dag.py
[2026-08-06T12:10:13.443+0000] {processor.py:830} INFO - Processing file /opt/airflow/dags/kafka_batch_to_hdfs_dag.py for tasks to queue
[2026-08-06T12:10:13.467+0000] {logging_mixin.py:188} INFO - [2026-08-06T12:10:13.460+0000] {dagbag.py:545} INFO - Filling up the DagBag from /opt/airflow/dags/kafka_batch_to_hdfs_dag.py
[2026-08-06T12:10:13.585+0000] {processor.py:840} INFO - DAG(s) 'kafka_batch_to_hdfs' retrieved from /opt/airflow/dags/kafka_batch_to_hdfs_dag.py
[2026-08-06T12:10:13.769+0000] {logging_mixin.py:188} INFO - [2026-08-06T12:10:13.768+0000] {dag.py:3096} INFO - Sync 1 DAGs
[2026-08-06T12:10:13.847+0000] {logging_mixin.py:188} INFO - [2026-08-06T12:10:13.846+0000] {dag.py:3954} INFO - Setting next_dagrun for kafka_batch_to_hdfs to 2026-08-06 12:10:00+00:00, run_after=2026-08-06 12:15:00+00:00
[2026-08-06T12:10:13.898+0000] {processor.py:183} INFO - Processing /opt/airflow/dags/kafka_batch_to_hdfs_dag.py took 0.498 seconds
[2026-08-06T12:10:44.209+0000] {processor.py:161} INFO - Started process (PID=581) to work on /opt/airflow/dags/kafka_batch_to_hdfs_dag.py
[2026-08-06T12:10:44.211+0000] {processor.py:830} INFO - Processing file /opt/airflow/dags/kafka_batch_to_hdfs_dag.py for tasks to queue
[2026-08-06T12:10:44.216+0000] {logging_mixin.py:188} INFO - [2026-08-06T12:10:44.216+0000] {dagbag.py:545} INFO - Filling up the DagBag from /opt/airflow/dags/kafka_batch_to_hdfs_dag.py
[2026-08-06T12:10:44.256+0000] {processor.py:840} INFO - DAG(s) 'kafka_batch_to_hdfs' retrieved from /opt/airflow/dags/kafka_batch_to_hdfs_dag.py
[2026-08-06T12:10:44.307+0000] {logging_mixin.py:188} INFO - [2026-08-06T12:10:44.307+0000] {dag.py:3096} INFO - Sync 1 DAGs
[2026-08-06T12:10:44.345+0000] {logging_mixin.py:188} INFO - [2026-08-06T12:10:44.344+0000] {dag.py:3954} INFO - Setting next_dagrun for kafka_batch_to_hdfs to 2026-08-06 12:10:00+00:00, run_after=2026-08-06 12:15:00+00:00
[2026-08-06T12:10:44.375+0000] {processor.py:183} INFO - Processing /opt/airflow/dags/kafka_batch_to_hdfs_dag.py took 0.174 seconds
[2026-08-06T12:11:14.572+0000] {processor.py:161} INFO - Started process (PID=582) to work on /opt/airflow/dags/kafka_batch_to_hdfs_dag.py
[2026-08-06T12:11:14.575+0000] {processor.py:830} INFO - Processing file /opt/airflow/dags/kafka_batch_to_hdfs_dag.py for tasks to queue
[2026-08-06T12:11:14.580+0000] {logging_mixin.py:188} INFO - [2026-08-06T12:11:14.579+0000] {dagbag.py:545} INFO - Filling up the DagBag from /opt/airflow/dags/kafka_batch_to_hdfs_dag.py
[2026-08-06T12:11:14.633+0000] {processor.py:840} INFO - DAG(s) 'kafka_batch_to_hdfs' retrieved from /opt/airflow/dags/kafka_batch_to_hdfs_dag.py
[2026-08-06T12:11:14.709+0000] {logging_mixin.py:188} INFO - [2026-08-06T12:11:14.708+0000] {dag.py:3096} INFO - Sync 1 DAGs
[2026-08-06T12:11:14.759+0000] {logging_mixin.py:188} INFO - [2026-08-06T12:11:14.759+0000] {dag.py:3954} INFO - Setting next_dagrun for kafka_batch_to_hdfs to 2026-08-06 12:10:00+00:00, run_after=2026-08-06 12:15:00+00:00
[2026-08-06T12:11:14.807+0000] {processor.py:183} INFO - Processing /opt/airflow/dags/kafka_batch_to_hdfs_dag.py took 0.245 seconds
[2026-08-06T12:11:44.985+0000] {processor.py:161} INFO - Started process (PID=583) to work on /opt/airflow/dags/kafka_batch_to_hdfs_dag.py
[2026-08-06T12:11:44.988+0000] {processor.py:830} INFO - Processing file /opt/airflow/dags/kafka_batch_to_hdfs_dag.py for tasks to queue
[2026-08-06T12:11:44.992+0000] {logging_mixin.py:188} INFO - [2026-08-06T12:11:44.992+0000] {dagbag.py:545} INFO - Filling up the DagBag from /opt/airflow/dags/kafka_batch_to_hdfs_dag.py
[2026-08-06T12:11:45.034+0000] {processor.py:840} INFO - DAG(s) 'kafka_batch_to_hdfs' retrieved from /opt/airflow/dags/kafka_batch_to_hdfs_dag.py
[2026-08-06T12:11:45.107+0000] {logging_mixin.py:188} INFO - [2026-08-06T12:11:45.106+0000] {dag.py:3096} INFO - Sync 1 DAGs
[2026-08-06T12:11:45.168+0000] {logging_mixin.py:188} INFO - [2026-08-06T12:11:45.167+0000] {dag.py:3954} INFO - Setting next_dagrun for kafka_batch_to_hdfs to 2026-08-06 12:10:00+00:00, run_after=2026-08-06 12:15:00+00:00
[2026-08-06T12:11:45.227+0000] {processor.py:183} INFO - Processing /opt/airflow/dags/kafka_batch_to_hdfs_dag.py took 0.252 seconds
[2026-08-06T12:12:15.394+0000] {processor.py:161} INFO - Started process (PID=584) to work on /opt/airflow/dags/kafka_batch_to_hdfs_dag.py
[2026-08-06T12:12:15.398+0000] {processor.py:830} INFO - Processing file /opt/airflow/dags/kafka_batch_to_hdfs_dag.py for tasks to queue
[2026-08-06T12:12:15.403+0000] {logging_mixin.py:188} INFO - [2026-08-06T12:12:15.402+0000] {dagbag.py:545} INFO - Filling up the DagBag from /opt/airflow/dags/kafka_batch_to_hdfs_dag.py
[2026-08-06T12:12:15.449+0000] {processor.py:840} INFO - DAG(s) 'kafka_batch_to_hdfs' retrieved from /opt/airflow/dags/kafka_batch_to_hdfs_dag.py
[2026-08-06T12:12:15.521+0000] {logging_mixin.py:188} INFO - [2026-08-06T12:12:15.519+0000] {dag.py:3096} INFO - Sync 1 DAGs
[2026-08-06T12:12:15.580+0000] {logging_mixin.py:188} INFO - [2026-08-06T12:12:15.579+0000] {dag.py:3954} INFO - Setting next_dagrun for kafka_batch_to_hdfs to 2026-08-06 12:10:00+00:00, run_after=2026-08-06 12:15:00+00:00
[2026-08-06T12:12:15.653+0000] {processor.py:183} INFO - Processing /opt/airflow/dags/kafka_batch_to_hdfs_dag.py took 0.266 seconds
[2026-08-06T12:12:45.875+0000] {processor.py:161} INFO - Started process (PID=585) to work on /opt/airflow/dags/kafka_batch_to_hdfs_dag.py
[2026-08-06T12:12:45.881+0000] {processor.py:830} INFO - Processing file /opt/airflow/dags/kafka_batch_to_hdfs_dag.py for tasks to queue
[2026-08-06T12:12:45.886+0000] {logging_mixin.py:188} INFO - [2026-08-06T12:12:45.886+0000] {dagbag.py:545} INFO - Filling up the DagBag from /opt/airflow/dags/kafka_batch_to_hdfs_dag.py
[2026-08-06T12:12:45.944+0000] {processor.py:840} INFO - DAG(s) 'kafka_batch_to_hdfs' retrieved from /opt/airflow/dags/kafka_batch_to_hdfs_dag.py
[2026-08-06T12:12:46.015+0000] {logging_mixin.py:188} INFO - [2026-08-06T12:12:46.013+0000] {dag.py:3096} INFO - Sync 1 DAGs
[2026-08-06T12:12:46.069+0000] {logging_mixin.py:188} INFO - [2026-08-06T12:12:46.069+0000] {dag.py:3954} INFO - Setting next_dagrun for kafka_batch_to_hdfs to 2026-08-06 12:10:00+00:00, run_after=2026-08-06 12:15:00+00:00
[2026-08-06T12:12:46.112+0000] {processor.py:183} INFO - Processing /opt/airflow/dags/kafka_batch_to_hdfs_dag.py took 0.251 seconds
[2026-08-06T12:13:16.247+0000] {processor.py:161} INFO - Started process (PID=586) to work on /opt/airflow/dags/kafka_batch_to_hdfs_dag.py
[2026-08-06T12:13:16.250+0000] {processor.py:830} INFO - Processing file /opt/airflow/dags/kafka_batch_to_hdfs_dag.py for tasks to queue
[2026-08-06T12:13:16.256+0000] {logging_mixin.py:188} INFO - [2026-08-06T12:13:16.255+0000] {dagbag.py:545} INFO - Filling up the DagBag from /opt/airflow/dags/kafka_batch_to_hdfs_dag.py
[2026-08-06T12:13:16.307+0000] {processor.py:840} INFO - DAG(s) 'kafka_batch_to_hdfs' retrieved from /opt/airflow/dags/kafka_batch_to_hdfs_dag.py
[2026-08-06T12:13:16.390+0000] {logging_mixin.py:188} INFO - [2026-08-06T12:13:16.390+0000] {dag.py:3096} INFO - Sync 1 DAGs
[2026-08-06T12:13:16.475+0000] {logging_mixin.py:188} INFO - [2026-08-06T12:13:16.475+0000] {dag.py:3954} INFO - Setting next_dagrun for kafka_batch_to_hdfs to 2026-08-06 12:10:00+00:00, run_after=2026-08-06 12:15:00+00:00
[2026-08-06T12:13:16.536+0000] {processor.py:183} INFO - Processing /opt/airflow/dags/kafka_batch_to_hdfs_dag.py took 0.304 seconds
[2026-08-06T12:13:46.711+0000] {processor.py:161} INFO - Started process (PID=587) to work on /opt/airflow/dags/kafka_batch_to_hdfs_dag.py
[2026-08-06T12:13:46.723+0000] {processor.py:830} INFO - Processing file /opt/airflow/dags/kafka_batch_to_hdfs_dag.py for tasks to queue
[2026-08-06T12:13:46.729+0000] {logging_mixin.py:188} INFO - [2026-08-06T12:13:46.728+0000] {dagbag.py:545} INFO - Filling up the DagBag from /opt/airflow/dags/kafka_batch_to_hdfs_dag.py
[2026-08-06T12:13:46.815+0000] {processor.py:840} INFO - DAG(s) 'kafka_batch_to_hdfs' retrieved from /opt/airflow/dags/kafka_batch_to_hdfs_dag.py
[2026-08-06T12:13:46.964+0000] {logging_mixin.py:188} INFO - [2026-08-06T12:13:46.963+0000] {dag.py:3096} INFO - Sync 1 DAGs
[2026-08-06T12:13:47.069+0000] {logging_mixin.py:188} INFO - [2026-08-06T12:13:47.068+0000] {dag.py:3954} INFO - Setting next_dagrun for kafka_batch_to_hdfs to 2026-08-06 12:10:00+00:00, run_after=2026-08-06 12:15:00+00:00
[2026-08-06T12:13:47.158+0000] {processor.py:183} INFO - Processing /opt/airflow/dags/kafka_batch_to_hdfs_dag.py took 0.467 seconds
[2026-08-06T12:14:17.525+0000] {processor.py:161} INFO - Started process (PID=588) to work on /opt/airflow/dags/kafka_batch_to_hdfs_dag.py
[2026-08-06T12:14:17.528+0000] {processor.py:830} INFO - Processing file /opt/airflow/dags/kafka_batch_to_hdfs_dag.py for tasks to queue
[2026-08-06T12:14:17.534+0000] {logging_mixin.py:188} INFO - [2026-08-06T12:14:17.533+0000] {dagbag.py:545} INFO - Filling up the DagBag from /opt/airflow/dags/kafka_batch_to_hdfs_dag.py
[2026-08-06T12:14:17.589+0000] {processor.py:840} INFO - DAG(s) 'kafka_batch_to_hdfs' retrieved from /opt/airflow/dags/kafka_batch_to_hdfs_dag.py
[2026-08-06T12:14:17.658+0000] {logging_mixin.py:188} INFO - [2026-08-06T12:14:17.657+0000] {dag.py:3096} INFO - Sync 1 DAGs
[2026-08-06T12:14:17.714+0000] {logging_mixin.py:188} INFO - [2026-08-06T12:14:17.713+0000] {dag.py:3954} INFO - Setting next_dagrun for kafka_batch_to_hdfs to 2026-08-06 12:10:00+00:00, run_after=2026-08-06 12:15:00+00:00
[2026-08-06T12:14:17.760+0000] {processor.py:183} INFO - Processing /opt/airflow/dags/kafka_batch_to_hdfs_dag.py took 0.244 seconds
[2026-08-06T12:14:48.047+0000] {processor.py:161} INFO - Started process (PID=589) to work on /opt/airflow/dags/kafka_batch_to_hdfs_dag.py
[2026-08-06T12:14:48.050+0000] {processor.py:830} INFO - Processing file /opt/airflow/dags/kafka_batch_to_hdfs_dag.py for tasks to queue
[2026-08-06T12:14:48.055+0000] {logging_mixin.py:188} INFO - [2026-08-06T12:14:48.054+0000] {dagbag.py:545} INFO - Filling up the DagBag from /opt/airflow/dags/kafka_batch_to_hdfs_dag.py
[2026-08-06T12:14:48.105+0000] {processor.py:840} INFO - DAG(s) 'kafka_batch_to_hdfs' retrieved from /opt/airflow/dags/kafka_batch_to_hdfs_dag.py
[2026-08-06T12:14:48.211+0000] {logging_mixin.py:188} INFO - [2026-08-06T12:14:48.210+0000] {dag.py:3096} INFO - Sync 1 DAGs
[2026-08-06T12:14:48.304+0000] {logging_mixin.py:188} INFO - [2026-08-06T12:14:48.304+0000] {dag.py:3954} INFO - Setting next_dagrun for kafka_batch_to_hdfs to 2026-08-06 12:10:00+00:00, run_after=2026-08-06 12:15:00+00:00
[2026-08-06T12:14:48.356+0000] {processor.py:183} INFO - Processing /opt/airflow/dags/kafka_batch_to_hdfs_dag.py took 0.315 seconds
[2026-08-06T12:15:18.483+0000] {processor.py:161} INFO - Started process (PID=599) to work on /opt/airflow/dags/kafka_batch_to_hdfs_dag.py
[2026-08-06T12:15:18.488+0000] {processor.py:830} INFO - Processing file /opt/airflow/dags/kafka_batch_to_hdfs_dag.py for tasks to queue
[2026-08-06T12:15:18.503+0000] {logging_mixin.py:188} INFO - [2026-08-06T12:15:18.501+0000] {dagbag.py:545} INFO - Filling up the DagBag from /opt/airflow/dags/kafka_batch_to_hdfs_dag.py
[2026-08-06T12:15:18.597+0000] {processor.py:840} INFO - DAG(s) 'kafka_batch_to_hdfs' retrieved from /opt/airflow/dags/kafka_batch_to_hdfs_dag.py
[2026-08-06T12:15:18.742+0000] {logging_mixin.py:188} INFO - [2026-08-06T12:15:18.741+0000] {dag.py:3096} INFO - Sync 1 DAGs
[2026-08-06T12:15:18.854+0000] {logging_mixin.py:188} INFO - [2026-08-06T12:15:18.853+0000] {dag.py:3954} INFO - Setting next_dagrun for kafka_batch_to_hdfs to 2026-08-06 12:15:00+00:00, run_after=2026-08-06 12:20:00+00:00
[2026-08-06T12:15:18.945+0000] {processor.py:183} INFO - Processing /opt/airflow/dags/kafka_batch_to_hdfs_dag.py took 0.492 seconds
[2026-08-06T12:15:49.141+0000] {processor.py:161} INFO - Started process (PID=600) to work on /opt/airflow/dags/kafka_batch_to_hdfs_dag.py
[2026-08-06T12:15:49.144+0000] {processor.py:830} INFO - Processing file /opt/airflow/dags/kafka_batch_to_hdfs_dag.py for tasks to queue
[2026-08-06T12:15:49.149+0000] {logging_mixin.py:188} INFO - [2026-08-06T12:15:49.148+0000] {dagbag.py:545} INFO - Filling up the DagBag from /opt/airflow/dags/kafka_batch_to_hdfs_dag.py
[2026-08-06T12:15:49.374+0000] {processor.py:840} INFO - DAG(s) 'kafka_batch_to_hdfs' retrieved from /opt/airflow/dags/kafka_batch_to_hdfs_dag.py
[2026-08-06T12:15:49.443+0000] {logging_mixin.py:188} INFO - [2026-08-06T12:15:49.443+0000] {dag.py:3096} INFO - Sync 1 DAGs
[2026-08-06T12:15:49.488+0000] {logging_mixin.py:188} INFO - [2026-08-06T12:15:49.488+0000] {dag.py:3954} INFO - Setting next_dagrun for kafka_batch_to_hdfs to 2026-08-06 12:15:00+00:00, run_after=2026-08-06 12:20:00+00:00
[2026-08-06T12:15:49.543+0000] {processor.py:183} INFO - Processing /opt/airflow/dags/kafka_batch_to_hdfs_dag.py took 0.411 seconds
[2026-08-06T12:16:20.027+0000] {processor.py:161} INFO - Started process (PID=601) to work on /opt/airflow/dags/kafka_batch_to_hdfs_dag.py
[2026-08-06T12:16:20.030+0000] {processor.py:830} INFO - Processing file /opt/airflow/dags/kafka_batch_to_hdfs_dag.py for tasks to queue
[2026-08-06T12:16:20.041+0000] {logging_mixin.py:188} INFO - [2026-08-06T12:16:20.040+0000] {dagbag.py:545} INFO - Filling up the DagBag from /opt/airflow/dags/kafka_batch_to_hdfs_dag.py
[2026-08-06T12:16:20.079+0000] {processor.py:840} INFO - DAG(s) 'kafka_batch_to_hdfs' retrieved from /opt/airflow/dags/kafka_batch_to_hdfs_dag.py
[2026-08-06T12:16:20.141+0000] {logging_mixin.py:188} INFO - [2026-08-06T12:16:20.141+0000] {dag.py:3096} INFO - Sync 1 DAGs
[2026-08-06T12:16:20.195+0000] {logging_mixin.py:188} INFO - [2026-08-06T12:16:20.194+0000] {dag.py:3954} INFO - Setting next_dagrun for kafka_batch_to_hdfs to 2026-08-06 12:15:00+00:00, run_after=2026-08-06 12:20:00+00:00
[2026-08-06T12:16:20.260+0000] {processor.py:183} INFO - Processing /opt/airflow/dags/kafka_batch_to_hdfs_dag.py took 0.252 seconds
[2026-08-06T12:16:50.549+0000] {processor.py:161} INFO - Started process (PID=602) to work on /opt/airflow/dags/kafka_batch_to_hdfs_dag.py
[2026-08-06T12:16:50.552+0000] {processor.py:830} INFO - Processing file /opt/airflow/dags/kafka_batch_to_hdfs_dag.py for tasks to queue
[2026-08-06T12:16:50.556+0000] {logging_mixin.py:188} INFO - [2026-08-06T12:16:50.556+0000] {dagbag.py:545} INFO - Filling up the DagBag from /opt/airflow/dags/kafka_batch_to_hdfs_dag.py
[2026-08-06T12:16:50.596+0000] {processor.py:840} INFO - DAG(s) 'kafka_batch_to_hdfs' retrieved from /opt/airflow/dags/kafka_batch_to_hdfs_dag.py
[2026-08-06T12:16:50.645+0000] {logging_mixin.py:188} INFO - [2026-08-06T12:16:50.645+0000] {dag.py:3096} INFO - Sync 1 DAGs
[2026-08-06T12:16:50.680+0000] {logging_mixin.py:188} INFO - [2026-08-06T12:16:50.680+0000] {dag.py:3954} INFO - Setting next_dagrun for kafka_batch_to_hdfs to 2026-08-06 12:15:00+00:00, run_after=2026-08-06 12:20:00+00:00
[2026-08-06T12:16:50.726+0000] {processor.py:183} INFO - Processing /opt/airflow/dags/kafka_batch_to_hdfs_dag.py took 0.183 seconds
[2026-08-06T12:17:20.829+0000] {processor.py:161} INFO - Started process (PID=603) to work on /opt/airflow/dags/kafka_batch_to_hdfs_dag.py
[2026-08-06T12:17:20.831+0000] {processor.py:830} INFO - Processing file /opt/airflow/dags/kafka_batch_to_hdfs_dag.py for tasks to queue
[2026-08-06T12:17:20.836+0000] {logging_mixin.py:188} INFO - [2026-08-06T12:17:20.836+0000] {dagbag.py:545} INFO - Filling up the DagBag from /opt/airflow/dags/kafka_batch_to_hdfs_dag.py
[2026-08-06T12:17:20.871+0000] {processor.py:840} INFO - DAG(s) 'kafka_batch_to_hdfs' retrieved from /opt/airflow/dags/kafka_batch_to_hdfs_dag.py
[2026-08-06T12:17:20.916+0000] {logging_mixin.py:188} INFO - [2026-08-06T12:17:20.915+0000] {dag.py:3096} INFO - Sync 1 DAGs
[2026-08-06T12:17:20.955+0000] {logging_mixin.py:188} INFO - [2026-08-06T12:17:20.955+0000] {dag.py:3954} INFO - Setting next_dagrun for kafka_batch_to_hdfs to 2026-08-06 12:15:00+00:00, run_after=2026-08-06 12:20:00+00:00
[2026-08-06T12:17:20.990+0000] {processor.py:183} INFO - Processing /opt/airflow/dags/kafka_batch_to_hdfs_dag.py took 0.169 seconds
[2026-08-06T12:17:51.187+0000] {processor.py:161} INFO - Started process (PID=604) to work on /opt/airflow/dags/kafka_batch_to_hdfs_dag.py
[2026-08-06T12:17:51.190+0000] {processor.py:830} INFO - Processing file /opt/airflow/dags/kafka_batch_to_hdfs_dag.py for tasks to queue
[2026-08-06T12:17:51.197+0000] {logging_mixin.py:188} INFO - [2026-08-06T12:17:51.196+0000] {dagbag.py:545} INFO - Filling up the DagBag from /opt/airflow/dags/kafka_batch_to_hdfs_dag.py
[2026-08-06T12:17:51.219+0000] {processor.py:840} INFO - DAG(s) 'kafka_batch_to_hdfs' retrieved from /opt/airflow/dags/kafka_batch_to_hdfs_dag.py
[2026-08-06T12:17:51.257+0000] {logging_mixin.py:188} INFO - [2026-08-06T12:17:51.257+0000] {dag.py:3096} INFO - Sync 1 DAGs
[2026-08-06T12:17:51.287+0000] {logging_mixin.py:188} INFO - [2026-08-06T12:17:51.287+0000] {dag.py:3954} INFO - Setting next_dagrun for kafka_batch_to_hdfs to 2026-08-06 12:15:00+00:00, run_after=2026-08-06 12:20:00+00:00
[2026-08-06T12:17:51.318+0000] {processor.py:183} INFO - Processing /opt/airflow/dags/kafka_batch_to_hdfs_dag.py took 0.137 seconds
[2026-08-06T12:18:21.469+0000] {processor.py:161} INFO - Started process (PID=605) to work on /opt/airflow/dags/kafka_batch_to_hdfs_dag.py
[2026-08-06T12:18:21.471+0000] {processor.py:830} INFO - Processing file /opt/airflow/dags/kafka_batch_to_hdfs_dag.py for tasks to queue
[2026-08-06T12:18:21.475+0000] {logging_mixin.py:188} INFO - [2026-08-06T12:18:21.475+0000] {dagbag.py:545} INFO - Filling up the DagBag from /opt/airflow/dags/kafka_batch_to_hdfs_dag.py
[2026-08-06T12:18:21.508+0000] {processor.py:840} INFO - DAG(s) 'kafka_batch_to_hdfs' retrieved from /opt/airflow/dags/kafka_batch_to_hdfs_dag.py
[2026-08-06T12:18:21.548+0000] {logging_mixin.py:188} INFO - [2026-08-06T12:18:21.548+0000] {dag.py:3096} INFO - Sync 1 DAGs
[2026-08-06T12:18:21.587+0000] {logging_mixin.py:188} INFO - [2026-08-06T12:18:21.587+0000] {dag.py:3954} INFO - Setting next_dagrun for kafka_batch_to_hdfs to 2026-08-06 12:15:00+00:00, run_after=2026-08-06 12:20:00+00:00
[2026-08-06T12:18:21.617+0000] {processor.py:183} INFO - Processing /opt/airflow/dags/kafka_batch_to_hdfs_dag.py took 0.154 seconds
[2026-08-06T12:18:51.847+0000] {processor.py:161} INFO - Started process (PID=606) to work on /opt/airflow/dags/kafka_batch_to_hdfs_dag.py
[2026-08-06T12:18:51.850+0000] {processor.py:830} INFO - Processing file /opt/airflow/dags/kafka_batch_to_hdfs_dag.py for tasks to queue
[2026-08-06T12:18:51.856+0000] {logging_mixin.py:188} INFO - [2026-08-06T12:18:51.856+0000] {dagbag.py:545} INFO - Filling up the DagBag from /opt/airflow/dags/kafka_batch_to_hdfs_dag.py
[2026-08-06T12:18:51.907+0000] {processor.py:840} INFO - DAG(s) 'kafka_batch_to_hdfs' retrieved from /opt/airflow/dags/kafka_batch_to_hdfs_dag.py
[2026-08-06T12:18:51.971+0000] {logging_mixin.py:188} INFO - [2026-08-06T12:18:51.970+0000] {dag.py:3096} INFO - Sync 1 DAGs
[2026-08-06T12:18:52.026+0000] {logging_mixin.py:188} INFO - [2026-08-06T12:18:52.025+0000] {dag.py:3954} INFO - Setting next_dagrun for kafka_batch_to_hdfs to 2026-08-06 12:15:00+00:00, run_after=2026-08-06 12:20:00+00:00
[2026-08-06T12:18:52.074+0000] {processor.py:183} INFO - Processing /opt/airflow/dags/kafka_batch_to_hdfs_dag.py took 0.241 seconds
[2026-08-06T12:19:22.322+0000] {processor.py:161} INFO - Started process (PID=607) to work on /opt/airflow/dags/kafka_batch_to_hdfs_dag.py
[2026-08-06T12:19:22.324+0000] {processor.py:830} INFO - Processing file /opt/airflow/dags/kafka_batch_to_hdfs_dag.py for tasks to queue
[2026-08-06T12:19:22.327+0000] {logging_mixin.py:188} INFO - [2026-08-06T12:19:22.327+0000] {dagbag.py:545} INFO - Filling up the DagBag from /opt/airflow/dags/kafka_batch_to_hdfs_dag.py
[2026-08-06T12:19:22.364+0000] {processor.py:840} INFO - DAG(s) 'kafka_batch_to_hdfs' retrieved from /opt/airflow/dags/kafka_batch_to_hdfs_dag.py
[2026-08-06T12:19:22.406+0000] {logging_mixin.py:188} INFO - [2026-08-06T12:19:22.406+0000] {dag.py:3096} INFO - Sync 1 DAGs
[2026-08-06T12:19:22.445+0000] {logging_mixin.py:188} INFO - [2026-08-06T12:19:22.445+0000] {dag.py:3954} INFO - Setting next_dagrun for kafka_batch_to_hdfs to 2026-08-06 12:15:00+00:00, run_after=2026-08-06 12:20:00+00:00
[2026-08-06T12:19:22.492+0000] {processor.py:183} INFO - Processing /opt/airflow/dags/kafka_batch_to_hdfs_dag.py took 0.178 seconds
[2026-08-06T12:19:52.630+0000] {processor.py:161} INFO - Started process (PID=608) to work on /opt/airflow/dags/kafka_batch_to_hdfs_dag.py
[2026-08-06T12:19:52.633+0000] {processor.py:830} INFO - Processing file /opt/airflow/dags/kafka_batch_to_hdfs_dag.py for tasks to queue
[2026-08-06T12:19:52.637+0000] {logging_mixin.py:188} INFO - [2026-08-06T12:19:52.636+0000] {dagbag.py:545} INFO - Filling up the DagBag from /opt/airflow/dags/kafka_batch_to_hdfs_dag.py
[2026-08-06T12:19:52.675+0000] {processor.py:840} INFO - DAG(s) 'kafka_batch_to_hdfs' retrieved from /opt/airflow/dags/kafka_batch_to_hdfs_dag.py
[2026-08-06T12:19:52.717+0000] {logging_mixin.py:188} INFO - [2026-08-06T12:19:52.716+0000] {dag.py:3096} INFO - Sync 1 DAGs
[2026-08-06T12:19:52.752+0000] {logging_mixin.py:188} INFO - [2026-08-06T12:19:52.752+0000] {dag.py:3954} INFO - Setting next_dagrun for kafka_batch_to_hdfs to 2026-08-06 12:15:00+00:00, run_after=2026-08-06 12:20:00+00:00
[2026-08-06T12:19:52.781+0000] {processor.py:183} INFO - Processing /opt/airflow/dags/kafka_batch_to_hdfs_dag.py took 0.159 seconds
[2026-08-06T12:20:22.971+0000] {processor.py:161} INFO - Started process (PID=618) to work on /opt/airflow/dags/kafka_batch_to_hdfs_dag.py
[2026-08-06T12:20:22.975+0000] {processor.py:830} INFO - Processing file /opt/airflow/dags/kafka_batch_to_hdfs_dag.py for tasks to queue
[2026-08-06T12:20:22.984+0000] {logging_mixin.py:188} INFO - [2026-08-06T12:20:22.984+0000] {dagbag.py:545} INFO - Filling up the DagBag from /opt/airflow/dags/kafka_batch_to_hdfs_dag.py
[2026-08-06T12:20:23.047+0000] {processor.py:840} INFO - DAG(s) 'kafka_batch_to_hdfs' retrieved from /opt/airflow/dags/kafka_batch_to_hdfs_dag.py
[2026-08-06T12:20:23.123+0000] {logging_mixin.py:188} INFO - [2026-08-06T12:20:23.122+0000] {dag.py:3096} INFO - Sync 1 DAGs
[2026-08-06T12:20:23.168+0000] {logging_mixin.py:188} INFO - [2026-08-06T12:20:23.167+0000] {dag.py:3954} INFO - Setting next_dagrun for kafka_batch_to_hdfs to 2026-08-06 12:20:00+00:00, run_after=2026-08-06 12:25:00+00:00
[2026-08-06T12:20:23.197+0000] {processor.py:183} INFO - Processing /opt/airflow/dags/kafka_batch_to_hdfs_dag.py took 0.239 seconds
[2026-08-06T12:20:53.287+0000] {processor.py:161} INFO - Started process (PID=619) to work on /opt/airflow/dags/kafka_batch_to_hdfs_dag.py
[2026-08-06T12:20:53.291+0000] {processor.py:830} INFO - Processing file /opt/airflow/dags/kafka_batch_to_hdfs_dag.py for tasks to queue
[2026-08-06T12:20:53.296+0000] {logging_mixin.py:188} INFO - [2026-08-06T12:20:53.295+0000] {dagbag.py:545} INFO - Filling up the DagBag from /opt/airflow/dags/kafka_batch_to_hdfs_dag.py
[2026-08-06T12:20:53.341+0000] {processor.py:840} INFO - DAG(s) 'kafka_batch_to_hdfs' retrieved from /opt/airflow/dags/kafka_batch_to_hdfs_dag.py
[2026-08-06T12:20:53.416+0000] {logging_mixin.py:188} INFO - [2026-08-06T12:20:53.415+0000] {dag.py:3096} INFO - Sync 1 DAGs
[2026-08-06T12:20:53.470+0000] {logging_mixin.py:188} INFO - [2026-08-06T12:20:53.470+0000] {dag.py:3954} INFO - Setting next_dagrun for kafka_batch_to_hdfs to 2026-08-06 12:20:00+00:00, run_after=2026-08-06 12:25:00+00:00
[2026-08-06T12:20:53.498+0000] {processor.py:183} INFO - Processing /opt/airflow/dags/kafka_batch_to_hdfs_dag.py took 0.226 seconds
[2026-08-06T12:21:23.686+0000] {processor.py:161} INFO - Started process (PID=620) to work on /opt/airflow/dags/kafka_batch_to_hdfs_dag.py
[2026-08-06T12:21:23.688+0000] {processor.py:830} INFO - Processing file /opt/airflow/dags/kafka_batch_to_hdfs_dag.py for tasks to queue
[2026-08-06T12:21:23.694+0000] {logging_mixin.py:188} INFO - [2026-08-06T12:21:23.694+0000] {dagbag.py:545} INFO - Filling up the DagBag from /opt/airflow/dags/kafka_batch_to_hdfs_dag.py
[2026-08-06T12:21:23.742+0000] {processor.py:840} INFO - DAG(s) 'kafka_batch_to_hdfs' retrieved from /opt/airflow/dags/kafka_batch_to_hdfs_dag.py
[2026-08-06T12:21:23.797+0000] {logging_mixin.py:188} INFO - [2026-08-06T12:21:23.796+0000] {dag.py:3096} INFO - Sync 1 DAGs
[2026-08-06T12:21:23.840+0000] {logging_mixin.py:188} INFO - [2026-08-06T12:21:23.840+0000] {dag.py:3954} INFO - Setting next_dagrun for kafka_batch_to_hdfs to 2026-08-06 12:20:00+00:00, run_after=2026-08-06 12:25:00+00:00
[2026-08-06T12:21:23.893+0000] {processor.py:183} INFO - Processing /opt/airflow/dags/kafka_batch_to_hdfs_dag.py took 0.215 seconds
[2026-08-06T12:21:54.013+0000] {processor.py:161} INFO - Started process (PID=621) to work on /opt/airflow/dags/kafka_batch_to_hdfs_dag.py
[2026-08-06T12:21:54.016+0000] {processor.py:830} INFO - Processing file /opt/airflow/dags/kafka_batch_to_hdfs_dag.py for tasks to queue
[2026-08-06T12:21:54.020+0000] {logging_mixin.py:188} INFO - [2026-08-06T12:21:54.020+0000] {dagbag.py:545} INFO - Filling up the DagBag from /opt/airflow/dags/kafka_batch_to_hdfs_dag.py
[2026-08-06T12:21:54.076+0000] {processor.py:840} INFO - DAG(s) 'kafka_batch_to_hdfs' retrieved from /opt/airflow/dags/kafka_batch_to_hdfs_dag.py
[2026-08-06T12:21:54.135+0000] {logging_mixin.py:188} INFO - [2026-08-06T12:21:54.134+0000] {dag.py:3096} INFO - Sync 1 DAGs
[2026-08-06T12:21:54.180+0000] {logging_mixin.py:188} INFO - [2026-08-06T12:21:54.180+0000] {dag.py:3954} INFO - Setting next_dagrun for kafka_batch_to_hdfs to 2026-08-06 12:20:00+00:00, run_after=2026-08-06 12:25:00+00:00
[2026-08-06T12:21:54.227+0000] {processor.py:183} INFO - Processing /opt/airflow/dags/kafka_batch_to_hdfs_dag.py took 0.226 seconds
[2026-08-06T12:22:24.380+0000] {processor.py:161} INFO - Started process (PID=622) to work on /opt/airflow/dags/kafka_batch_to_hdfs_dag.py
[2026-08-06T12:22:24.383+0000] {processor.py:830} INFO - Processing file /opt/airflow/dags/kafka_batch_to_hdfs_dag.py for tasks to queue
[2026-08-06T12:22:24.387+0000] {logging_mixin.py:188} INFO - [2026-08-06T12:22:24.386+0000] {dagbag.py:545} INFO - Filling up the DagBag from /opt/airflow/dags/kafka_batch_to_hdfs_dag.py
[2026-08-06T12:22:24.422+0000] {processor.py:840} INFO - DAG(s) 'kafka_batch_to_hdfs' retrieved from /opt/airflow/dags/kafka_batch_to_hdfs_dag.py
[2026-08-06T12:22:24.469+0000] {logging_mixin.py:188} INFO - [2026-08-06T12:22:24.469+0000] {dag.py:3096} INFO - Sync 1 DAGs
[2026-08-06T12:22:24.514+0000] {logging_mixin.py:188} INFO - [2026-08-06T12:22:24.514+0000] {dag.py:3954} INFO - Setting next_dagrun for kafka_batch_to_hdfs to 2026-08-06 12:20:00+00:00, run_after=2026-08-06 12:25:00+00:00
[2026-08-06T12:22:24.555+0000] {processor.py:183} INFO - Processing /opt/airflow/dags/kafka_batch_to_hdfs_dag.py took 0.182 seconds
[2026-08-06T12:22:54.771+0000] {processor.py:161} INFO - Started process (PID=623) to work on /opt/airflow/dags/kafka_batch_to_hdfs_dag.py
[2026-08-06T12:22:54.775+0000] {processor.py:830} INFO - Processing file /opt/airflow/dags/kafka_batch_to_hdfs_dag.py for tasks to queue
[2026-08-06T12:22:54.783+0000] {logging_mixin.py:188} INFO - [2026-08-06T12:22:54.782+0000] {dagbag.py:545} INFO - Filling up the DagBag from /opt/airflow/dags/kafka_batch_to_hdfs_dag.py
[2026-08-06T12:22:54.852+0000] {processor.py:840} INFO - DAG(s) 'kafka_batch_to_hdfs' retrieved from /opt/airflow/dags/kafka_batch_to_hdfs_dag.py
[2026-08-06T12:22:54.913+0000] {logging_mixin.py:188} INFO - [2026-08-06T12:22:54.913+0000] {dag.py:3096} INFO - Sync 1 DAGs
[2026-08-06T12:22:54.961+0000] {logging_mixin.py:188} INFO - [2026-08-06T12:22:54.961+0000] {dag.py:3954} INFO - Setting next_dagrun for kafka_batch_to_hdfs to 2026-08-06 12:20:00+00:00, run_after=2026-08-06 12:25:00+00:00
[2026-08-06T12:22:55.003+0000] {processor.py:183} INFO - Processing /opt/airflow/dags/kafka_batch_to_hdfs_dag.py took 0.248 seconds
[2026-08-06T12:23:25.271+0000] {processor.py:161} INFO - Started process (PID=624) to work on /opt/airflow/dags/kafka_batch_to_hdfs_dag.py
[2026-08-06T12:23:25.274+0000] {processor.py:830} INFO - Processing file /opt/airflow/dags/kafka_batch_to_hdfs_dag.py for tasks to queue
[2026-08-06T12:23:25.279+0000] {logging_mixin.py:188} INFO - [2026-08-06T12:23:25.278+0000] {dagbag.py:545} INFO - Filling up the DagBag from /opt/airflow/dags/kafka_batch_to_hdfs_dag.py
[2026-08-06T12:23:25.327+0000] {processor.py:840} INFO - DAG(s) 'kafka_batch_to_hdfs' retrieved from /opt/airflow/dags/kafka_batch_to_hdfs_dag.py
[2026-08-06T12:23:25.375+0000] {logging_mixin.py:188} INFO - [2026-08-06T12:23:25.374+0000] {dag.py:3096} INFO - Sync 1 DAGs
[2026-08-06T12:23:25.415+0000] {logging_mixin.py:188} INFO - [2026-08-06T12:23:25.414+0000] {dag.py:3954} INFO - Setting next_dagrun for kafka_batch_to_hdfs to 2026-08-06 12:20:00+00:00, run_after=2026-08-06 12:25:00+00:00
[2026-08-06T12:23:25.458+0000] {processor.py:183} INFO - Processing /opt/airflow/dags/kafka_batch_to_hdfs_dag.py took 0.193 seconds
[2026-08-06T12:23:55.572+0000] {processor.py:161} INFO - Started process (PID=625) to work on /opt/airflow/dags/kafka_batch_to_hdfs_dag.py
[2026-08-06T12:23:55.575+0000] {processor.py:830} INFO - Processing file /opt/airflow/dags/kafka_batch_to_hdfs_dag.py for tasks to queue
[2026-08-06T12:23:55.579+0000] {logging_mixin.py:188} INFO - [2026-08-06T12:23:55.579+0000] {dagbag.py:545} INFO - Filling up the DagBag from /opt/airflow/dags/kafka_batch_to_hdfs_dag.py
[2026-08-06T12:23:55.602+0000] {processor.py:840} INFO - DAG(s) 'kafka_batch_to_hdfs' retrieved from /opt/airflow/dags/kafka_batch_to_hdfs_dag.py
[2026-08-06T12:23:55.669+0000] {logging_mixin.py:188} INFO - [2026-08-06T12:23:55.669+0000] {dag.py:3096} INFO - Sync 1 DAGs
[2026-08-06T12:23:55.706+0000] {logging_mixin.py:188} INFO - [2026-08-06T12:23:55.706+0000] {dag.py:3954} INFO - Setting next_dagrun for kafka_batch_to_hdfs to 2026-08-06 12:20:00+00:00, run_after=2026-08-06 12:25:00+00:00
[2026-08-06T12:23:55.738+0000] {processor.py:183} INFO - Processing /opt/airflow/dags/kafka_batch_to_hdfs_dag.py took 0.173 seconds
[2026-08-06T12:24:26.023+0000] {processor.py:161} INFO - Started process (PID=626) to work on /opt/airflow/dags/kafka_batch_to_hdfs_dag.py
[2026-08-06T12:24:26.026+0000] {processor.py:830} INFO - Processing file /opt/airflow/dags/kafka_batch_to_hdfs_dag.py for tasks to queue
[2026-08-06T12:24:26.034+0000] {logging_mixin.py:188} INFO - [2026-08-06T12:24:26.032+0000] {dagbag.py:545} INFO - Filling up the DagBag from /opt/airflow/dags/kafka_batch_to_hdfs_dag.py
[2026-08-06T12:24:26.104+0000] {processor.py:840} INFO - DAG(s) 'kafka_batch_to_hdfs' retrieved from /opt/airflow/dags/kafka_batch_to_hdfs_dag.py
[2026-08-06T12:24:26.161+0000] {logging_mixin.py:188} INFO - [2026-08-06T12:24:26.160+0000] {dag.py:3096} INFO - Sync 1 DAGs
[2026-08-06T12:24:26.196+0000] {logging_mixin.py:188} INFO - [2026-08-06T12:24:26.196+0000] {dag.py:3954} INFO - Setting next_dagrun for kafka_batch_to_hdfs to 2026-08-06 12:20:00+00:00, run_after=2026-08-06 12:25:00+00:00
[2026-08-06T12:24:26.244+0000] {processor.py:183} INFO - Processing /opt/airflow/dags/kafka_batch_to_hdfs_dag.py took 0.231 seconds
[2026-08-06T12:24:56.333+0000] {processor.py:161} INFO - Started process (PID=627) to work on /opt/airflow/dags/kafka_batch_to_hdfs_dag.py
[2026-08-06T12:24:56.336+0000] {processor.py:830} INFO - Processing file /opt/airflow/dags/kafka_batch_to_hdfs_dag.py for tasks to queue
[2026-08-06T12:24:56.340+0000] {logging_mixin.py:188} INFO - [2026-08-06T12:24:56.339+0000] {dagbag.py:545} INFO - Filling up the DagBag from /opt/airflow/dags/kafka_batch_to_hdfs_dag.py
[2026-08-06T12:24:56.376+0000] {processor.py:840} INFO - DAG(s) 'kafka_batch_to_hdfs' retrieved from /opt/airflow/dags/kafka_batch_to_hdfs_dag.py
[2026-08-06T12:24:56.422+0000] {logging_mixin.py:188} INFO - [2026-08-06T12:24:56.422+0000] {dag.py:3096} INFO - Sync 1 DAGs
[2026-08-06T12:24:56.473+0000] {logging_mixin.py:188} INFO - [2026-08-06T12:24:56.472+0000] {dag.py:3954} INFO - Setting next_dagrun for kafka_batch_to_hdfs to 2026-08-06 12:20:00+00:00, run_after=2026-08-06 12:25:00+00:00
[2026-08-06T12:24:56.531+0000] {processor.py:183} INFO - Processing /opt/airflow/dags/kafka_batch_to_hdfs_dag.py took 0.204 seconds
[2026-08-06T12:25:26.787+0000] {processor.py:161} INFO - Started process (PID=637) to work on /opt/airflow/dags/kafka_batch_to_hdfs_dag.py
[2026-08-06T12:25:26.790+0000] {processor.py:830} INFO - Processing file /opt/airflow/dags/kafka_batch_to_hdfs_dag.py for tasks to queue
[2026-08-06T12:25:26.794+0000] {logging_mixin.py:188} INFO - [2026-08-06T12:25:26.793+0000] {dagbag.py:545} INFO - Filling up the DagBag from /opt/airflow/dags/kafka_batch_to_hdfs_dag.py
[2026-08-06T12:25:26.834+0000] {processor.py:840} INFO - DAG(s) 'kafka_batch_to_hdfs' retrieved from /opt/airflow/dags/kafka_batch_to_hdfs_dag.py
[2026-08-06T12:25:26.872+0000] {logging_mixin.py:188} INFO - [2026-08-06T12:25:26.872+0000] {dag.py:3096} INFO - Sync 1 DAGs
[2026-08-06T12:25:26.905+0000] {logging_mixin.py:188} INFO - [2026-08-06T12:25:26.905+0000] {dag.py:3954} INFO - Setting next_dagrun for kafka_batch_to_hdfs to 2026-08-06 12:25:00+00:00, run_after=2026-08-06 12:30:00+00:00
[2026-08-06T12:25:26.938+0000] {processor.py:183} INFO - Processing /opt/airflow/dags/kafka_batch_to_hdfs_dag.py took 0.157 seconds
[2026-08-06T12:25:57.117+0000] {processor.py:161} INFO - Started process (PID=638) to work on /opt/airflow/dags/kafka_batch_to_hdfs_dag.py
[2026-08-06T12:25:57.120+0000] {processor.py:830} INFO - Processing file /opt/airflow/dags/kafka_batch_to_hdfs_dag.py for tasks to queue
[2026-08-06T12:25:57.125+0000] {logging_mixin.py:188} INFO - [2026-08-06T12:25:57.124+0000] {dagbag.py:545} INFO - Filling up the DagBag from /opt/airflow/dags/kafka_batch_to_hdfs_dag.py
[2026-08-06T12:25:57.178+0000] {processor.py:840} INFO - DAG(s) 'kafka_batch_to_hdfs' retrieved from /opt/airflow/dags/kafka_batch_to_hdfs_dag.py
[2026-08-06T12:25:57.233+0000] {logging_mixin.py:188} INFO - [2026-08-06T12:25:57.233+0000] {dag.py:3096} INFO - Sync 1 DAGs
[2026-08-06T12:25:57.274+0000] {logging_mixin.py:188} INFO - [2026-08-06T12:25:57.274+0000] {dag.py:3954} INFO - Setting next_dagrun for kafka_batch_to_hdfs to 2026-08-06 12:25:00+00:00, run_after=2026-08-06 12:30:00+00:00
[2026-08-06T12:25:57.322+0000] {processor.py:183} INFO - Processing /opt/airflow/dags/kafka_batch_to_hdfs_dag.py took 0.215 seconds
[2026-08-06T12:26:27.450+0000] {processor.py:161} INFO - Started process (PID=639) to work on /opt/airflow/dags/kafka_batch_to_hdfs_dag.py
[2026-08-06T12:26:27.452+0000] {processor.py:830} INFO - Processing file /opt/airflow/dags/kafka_batch_to_hdfs_dag.py for tasks to queue
[2026-08-06T12:26:27.456+0000] {logging_mixin.py:188} INFO - [2026-08-06T12:26:27.456+0000] {dagbag.py:545} INFO - Filling up the DagBag from /opt/airflow/dags/kafka_batch_to_hdfs_dag.py
[2026-08-06T12:26:27.504+0000] {processor.py:840} INFO - DAG(s) 'kafka_batch_to_hdfs' retrieved from /opt/airflow/dags/kafka_batch_to_hdfs_dag.py
[2026-08-06T12:26:27.553+0000] {logging_mixin.py:188} INFO - [2026-08-06T12:26:27.552+0000] {dag.py:3096} INFO - Sync 1 DAGs
[2026-08-06T12:26:27.597+0000] {logging_mixin.py:188} INFO - [2026-08-06T12:26:27.597+0000] {dag.py:3954} INFO - Setting next_dagrun for kafka_batch_to_hdfs to 2026-08-06 12:25:00+00:00, run_after=2026-08-06 12:30:00+00:00
[2026-08-06T12:26:27.650+0000] {processor.py:183} INFO - Processing /opt/airflow/dags/kafka_batch_to_hdfs_dag.py took 0.209 seconds
[2026-08-06T12:26:57.899+0000] {processor.py:161} INFO - Started process (PID=640) to work on /opt/airflow/dags/kafka_batch_to_hdfs_dag.py
[2026-08-06T12:26:57.904+0000] {processor.py:830} INFO - Processing file /opt/airflow/dags/kafka_batch_to_hdfs_dag.py for tasks to queue
[2026-08-06T12:26:57.909+0000] {logging_mixin.py:188} INFO - [2026-08-06T12:26:57.909+0000] {dagbag.py:545} INFO - Filling up the DagBag from /opt/airflow/dags/kafka_batch_to_hdfs_dag.py
[2026-08-06T12:26:57.959+0000] {processor.py:840} INFO - DAG(s) 'kafka_batch_to_hdfs' retrieved from /opt/airflow/dags/kafka_batch_to_hdfs_dag.py
[2026-08-06T12:26:58.021+0000] {logging_mixin.py:188} INFO - [2026-08-06T12:26:58.021+0000] {dag.py:3096} INFO - Sync 1 DAGs
[2026-08-06T12:26:58.064+0000] {logging_mixin.py:188} INFO - [2026-08-06T12:26:58.064+0000] {dag.py:3954} INFO - Setting next_dagrun for kafka_batch_to_hdfs to 2026-08-06 12:25:00+00:00, run_after=2026-08-06 12:30:00+00:00
[2026-08-06T12:26:58.105+0000] {processor.py:183} INFO - Processing /opt/airflow/dags/kafka_batch_to_hdfs_dag.py took 0.220 seconds
[2026-08-06T12:27:28.238+0000] {processor.py:161} INFO - Started process (PID=641) to work on /opt/airflow/dags/kafka_batch_to_hdfs_dag.py
[2026-08-06T12:27:28.241+0000] {processor.py:830} INFO - Processing file /opt/airflow/dags/kafka_batch_to_hdfs_dag.py for tasks to queue
[2026-08-06T12:27:28.249+0000] {logging_mixin.py:188} INFO - [2026-08-06T12:27:28.248+0000] {dagbag.py:545} INFO - Filling up the DagBag from /opt/airflow/dags/kafka_batch_to_hdfs_dag.py
[2026-08-06T12:27:28.301+0000] {processor.py:840} INFO - DAG(s) 'kafka_batch_to_hdfs' retrieved from /opt/airflow/dags/kafka_batch_to_hdfs_dag.py
[2026-08-06T12:27:28.357+0000] {logging_mixin.py:188} INFO - [2026-08-06T12:27:28.357+0000] {dag.py:3096} INFO - Sync 1 DAGs
[2026-08-06T12:27:28.415+0000] {logging_mixin.py:188} INFO - [2026-08-06T12:27:28.414+0000] {dag.py:3954} INFO - Setting next_dagrun for kafka_batch_to_hdfs to 2026-08-06 12:25:00+00:00, run_after=2026-08-06 12:30:00+00:00
[2026-08-06T12:27:28.463+0000] {processor.py:183} INFO - Processing /opt/airflow/dags/kafka_batch_to_hdfs_dag.py took 0.239 seconds
[2026-08-06T12:27:58.623+0000] {processor.py:161} INFO - Started process (PID=642) to work on /opt/airflow/dags/kafka_batch_to_hdfs_dag.py
[2026-08-06T12:27:58.626+0000] {processor.py:830} INFO - Processing file /opt/airflow/dags/kafka_batch_to_hdfs_dag.py for tasks to queue
[2026-08-06T12:27:58.630+0000] {logging_mixin.py:188} INFO - [2026-08-06T12:27:58.630+0000] {dagbag.py:545} INFO - Filling up the DagBag from /opt/airflow/dags/kafka_batch_to_hdfs_dag.py
[2026-08-06T12:27:58.665+0000] {processor.py:840} INFO - DAG(s) 'kafka_batch_to_hdfs' retrieved from /opt/airflow/dags/kafka_batch_to_hdfs_dag.py
[2026-08-06T12:27:58.706+0000] {logging_mixin.py:188} INFO - [2026-08-06T12:27:58.706+0000] {dag.py:3096} INFO - Sync 1 DAGs
[2026-08-06T12:27:58.737+0000] {logging_mixin.py:188} INFO - [2026-08-06T12:27:58.737+0000] {dag.py:3954} INFO - Setting next_dagrun for kafka_batch_to_hdfs to 2026-08-06 12:25:00+00:00, run_after=2026-08-06 12:30:00+00:00
[2026-08-06T12:27:58.781+0000] {processor.py:183} INFO - Processing /opt/airflow/dags/kafka_batch_to_hdfs_dag.py took 0.164 seconds
[2026-08-06T12:28:29.012+0000] {processor.py:161} INFO - Started process (PID=643) to work on /opt/airflow/dags/kafka_batch_to_hdfs_dag.py
[2026-08-06T12:28:29.015+0000] {processor.py:830} INFO - Processing file /opt/airflow/dags/kafka_batch_to_hdfs_dag.py for tasks to queue
[2026-08-06T12:28:29.020+0000] {logging_mixin.py:188} INFO - [2026-08-06T12:28:29.019+0000] {dagbag.py:545} INFO - Filling up the DagBag from /opt/airflow/dags/kafka_batch_to_hdfs_dag.py
[2026-08-06T12:28:29.077+0000] {processor.py:840} INFO - DAG(s) 'kafka_batch_to_hdfs' retrieved from /opt/airflow/dags/kafka_batch_to_hdfs_dag.py
[2026-08-06T12:28:29.131+0000] {logging_mixin.py:188} INFO - [2026-08-06T12:28:29.131+0000] {dag.py:3096} INFO - Sync 1 DAGs
[2026-08-06T12:28:29.168+0000] {logging_mixin.py:188} INFO - [2026-08-06T12:28:29.167+0000] {dag.py:3954} INFO - Setting next_dagrun for kafka_batch_to_hdfs to 2026-08-06 12:25:00+00:00, run_after=2026-08-06 12:30:00+00:00
[2026-08-06T12:28:29.224+0000] {processor.py:183} INFO - Processing /opt/airflow/dags/kafka_batch_to_hdfs_dag.py took 0.223 seconds
[2026-08-06T12:28:59.352+0000] {processor.py:161} INFO - Started process (PID=644) to work on /opt/airflow/dags/kafka_batch_to_hdfs_dag.py
[2026-08-06T12:28:59.355+0000] {processor.py:830} INFO - Processing file /opt/airflow/dags/kafka_batch_to_hdfs_dag.py for tasks to queue
[2026-08-06T12:28:59.359+0000] {logging_mixin.py:188} INFO - [2026-08-06T12:28:59.359+0000] {dagbag.py:545} INFO - Filling up the DagBag from /opt/airflow/dags/kafka_batch_to_hdfs_dag.py
[2026-08-06T12:28:59.416+0000] {processor.py:840} INFO - DAG(s) 'kafka_batch_to_hdfs' retrieved from /opt/airflow/dags/kafka_batch_to_hdfs_dag.py
[2026-08-06T12:28:59.474+0000] {logging_mixin.py:188} INFO - [2026-08-06T12:28:59.473+0000] {dag.py:3096} INFO - Sync 1 DAGs
[2026-08-06T12:28:59.537+0000] {logging_mixin.py:188} INFO - [2026-08-06T12:28:59.535+0000] {dag.py:3954} INFO - Setting next_dagrun for kafka_batch_to_hdfs to 2026-08-06 12:25:00+00:00, run_after=2026-08-06 12:30:00+00:00
[2026-08-06T12:28:59.584+0000] {processor.py:183} INFO - Processing /opt/airflow/dags/kafka_batch_to_hdfs_dag.py took 0.242 seconds
[2026-08-06T12:29:29.737+0000] {processor.py:161} INFO - Started process (PID=645) to work on /opt/airflow/dags/kafka_batch_to_hdfs_dag.py
[2026-08-06T12:29:29.739+0000] {processor.py:830} INFO - Processing file /opt/airflow/dags/kafka_batch_to_hdfs_dag.py for tasks to queue
[2026-08-06T12:29:29.742+0000] {logging_mixin.py:188} INFO - [2026-08-06T12:29:29.742+0000] {dagbag.py:545} INFO - Filling up the DagBag from /opt/airflow/dags/kafka_batch_to_hdfs_dag.py
[2026-08-06T12:29:29.777+0000] {processor.py:840} INFO - DAG(s) 'kafka_batch_to_hdfs' retrieved from /opt/airflow/dags/kafka_batch_to_hdfs_dag.py
[2026-08-06T12:29:29.819+0000] {logging_mixin.py:188} INFO - [2026-08-06T12:29:29.819+0000] {dag.py:3096} INFO - Sync 1 DAGs
[2026-08-06T12:29:29.852+0000] {logging_mixin.py:188} INFO - [2026-08-06T12:29:29.852+0000] {dag.py:3954} INFO - Setting next_dagrun for kafka_batch_to_hdfs to 2026-08-06 12:25:00+00:00, run_after=2026-08-06 12:30:00+00:00
[2026-08-06T12:29:29.900+0000] {processor.py:183} INFO - Processing /opt/airflow/dags/kafka_batch_to_hdfs_dag.py took 0.170 seconds
[2026-08-06T12:30:00.216+0000] {processor.py:161} INFO - Started process (PID=646) to work on /opt/airflow/dags/kafka_batch_to_hdfs_dag.py
[2026-08-06T12:30:00.218+0000] {processor.py:830} INFO - Processing file /opt/airflow/dags/kafka_batch_to_hdfs_dag.py for tasks to queue
[2026-08-06T12:30:00.226+0000] {logging_mixin.py:188} INFO - [2026-08-06T12:30:00.225+0000] {dagbag.py:545} INFO - Filling up the DagBag from /opt/airflow/dags/kafka_batch_to_hdfs_dag.py
[2026-08-06T12:30:00.321+0000] {processor.py:840} INFO - DAG(s) 'kafka_batch_to_hdfs' retrieved from /opt/airflow/dags/kafka_batch_to_hdfs_dag.py
[2026-08-06T12:30:00.430+0000] {logging_mixin.py:188} INFO - [2026-08-06T12:30:00.430+0000] {dag.py:3096} INFO - Sync 1 DAGs
[2026-08-06T12:30:00.553+0000] {processor.py:183} INFO - Processing /opt/airflow/dags/kafka_batch_to_hdfs_dag.py took 0.343 seconds
[2026-08-06T12:30:30.898+0000] {processor.py:161} INFO - Started process (PID=656) to work on /opt/airflow/dags/kafka_batch_to_hdfs_dag.py
[2026-08-06T12:30:30.901+0000] {processor.py:830} INFO - Processing file /opt/airflow/dags/kafka_batch_to_hdfs_dag.py for tasks to queue
[2026-08-06T12:30:30.904+0000] {logging_mixin.py:188} INFO - [2026-08-06T12:30:30.904+0000] {dagbag.py:545} INFO - Filling up the DagBag from /opt/airflow/dags/kafka_batch_to_hdfs_dag.py
[2026-08-06T12:30:30.989+0000] {processor.py:840} INFO - DAG(s) 'kafka_batch_to_hdfs' retrieved from /opt/airflow/dags/kafka_batch_to_hdfs_dag.py
[2026-08-06T12:30:31.056+0000] {logging_mixin.py:188} INFO - [2026-08-06T12:30:31.056+0000] {dag.py:3096} INFO - Sync 1 DAGs
[2026-08-06T12:30:31.135+0000] {logging_mixin.py:188} INFO - [2026-08-06T12:30:31.134+0000] {dag.py:3954} INFO - Setting next_dagrun for kafka_batch_to_hdfs to 2026-08-06 12:30:00+00:00, run_after=2026-08-06 12:35:00+00:00
[2026-08-06T12:30:31.184+0000] {processor.py:183} INFO - Processing /opt/airflow/dags/kafka_batch_to_hdfs_dag.py took 0.299 seconds
[2026-08-06T12:31:01.491+0000] {processor.py:161} INFO - Started process (PID=657) to work on /opt/airflow/dags/kafka_batch_to_hdfs_dag.py
[2026-08-06T12:31:01.494+0000] {processor.py:830} INFO - Processing file /opt/airflow/dags/kafka_batch_to_hdfs_dag.py for tasks to queue
[2026-08-06T12:31:01.499+0000] {logging_mixin.py:188} INFO - [2026-08-06T12:31:01.498+0000] {dagbag.py:545} INFO - Filling up the DagBag from /opt/airflow/dags/kafka_batch_to_hdfs_dag.py
[2026-08-06T12:31:01.541+0000] {processor.py:840} INFO - DAG(s) 'kafka_batch_to_hdfs' retrieved from /opt/airflow/dags/kafka_batch_to_hdfs_dag.py
[2026-08-06T12:31:01.596+0000] {logging_mixin.py:188} INFO - [2026-08-06T12:31:01.595+0000] {dag.py:3096} INFO - Sync 1 DAGs
[2026-08-06T12:31:01.656+0000] {logging_mixin.py:188} INFO - [2026-08-06T12:31:01.656+0000] {dag.py:3954} INFO - Setting next_dagrun for kafka_batch_to_hdfs to 2026-08-06 12:30:00+00:00, run_after=2026-08-06 12:35:00+00:00
[2026-08-06T12:31:01.702+0000] {processor.py:183} INFO - Processing /opt/airflow/dags/kafka_batch_to_hdfs_dag.py took 0.222 seconds
[2026-08-06T12:31:32.124+0000] {processor.py:161} INFO - Started process (PID=658) to work on /opt/airflow/dags/kafka_batch_to_hdfs_dag.py
[2026-08-06T12:31:32.127+0000] {processor.py:830} INFO - Processing file /opt/airflow/dags/kafka_batch_to_hdfs_dag.py for tasks to queue
[2026-08-06T12:31:32.132+0000] {logging_mixin.py:188} INFO - [2026-08-06T12:31:32.131+0000] {dagbag.py:545} INFO - Filling up the DagBag from /opt/airflow/dags/kafka_batch_to_hdfs_dag.py
[2026-08-06T12:31:32.165+0000] {processor.py:840} INFO - DAG(s) 'kafka_batch_to_hdfs' retrieved from /opt/airflow/dags/kafka_batch_to_hdfs_dag.py
[2026-08-06T12:31:32.206+0000] {logging_mixin.py:188} INFO - [2026-08-06T12:31:32.205+0000] {dag.py:3096} INFO - Sync 1 DAGs
[2026-08-06T12:31:32.244+0000] {logging_mixin.py:188} INFO - [2026-08-06T12:31:32.244+0000] {dag.py:3954} INFO - Setting next_dagrun for kafka_batch_to_hdfs to 2026-08-06 12:30:00+00:00, run_after=2026-08-06 12:35:00+00:00
[2026-08-06T12:31:32.284+0000] {processor.py:183} INFO - Processing /opt/airflow/dags/kafka_batch_to_hdfs_dag.py took 0.169 seconds
[2026-08-06T12:32:02.481+0000] {processor.py:161} INFO - Started process (PID=659) to work on /opt/airflow/dags/kafka_batch_to_hdfs_dag.py
[2026-08-06T12:32:02.484+0000] {processor.py:830} INFO - Processing file /opt/airflow/dags/kafka_batch_to_hdfs_dag.py for tasks to queue
[2026-08-06T12:32:02.490+0000] {logging_mixin.py:188} INFO - [2026-08-06T12:32:02.489+0000] {dagbag.py:545} INFO - Filling up the DagBag from /opt/airflow/dags/kafka_batch_to_hdfs_dag.py
[2026-08-06T12:32:02.536+0000] {processor.py:840} INFO - DAG(s) 'kafka_batch_to_hdfs' retrieved from /opt/airflow/dags/kafka_batch_to_hdfs_dag.py
[2026-08-06T12:32:02.585+0000] {logging_mixin.py:188} INFO - [2026-08-06T12:32:02.583+0000] {dag.py:3096} INFO - Sync 1 DAGs
[2026-08-06T12:32:02.624+0000] {logging_mixin.py:188} INFO - [2026-08-06T12:32:02.624+0000] {dag.py:3954} INFO - Setting next_dagrun for kafka_batch_to_hdfs to 2026-08-06 12:30:00+00:00, run_after=2026-08-06 12:35:00+00:00
[2026-08-06T12:32:02.674+0000] {processor.py:183} INFO - Processing /opt/airflow/dags/kafka_batch_to_hdfs_dag.py took 0.201 seconds
[2026-08-06T12:32:32.851+0000] {processor.py:161} INFO - Started process (PID=660) to work on /opt/airflow/dags/kafka_batch_to_hdfs_dag.py
[2026-08-06T12:32:32.853+0000] {processor.py:830} INFO - Processing file /opt/airflow/dags/kafka_batch_to_hdfs_dag.py for tasks to queue
[2026-08-06T12:32:32.856+0000] {logging_mixin.py:188} INFO - [2026-08-06T12:32:32.855+0000] {dagbag.py:545} INFO - Filling up the DagBag from /opt/airflow/dags/kafka_batch_to_hdfs_dag.py
[2026-08-06T12:32:32.882+0000] {processor.py:840} INFO - DAG(s) 'kafka_batch_to_hdfs' retrieved from /opt/airflow/dags/kafka_batch_to_hdfs_dag.py
[2026-08-06T12:32:32.916+0000] {logging_mixin.py:188} INFO - [2026-08-06T12:32:32.916+0000] {dag.py:3096} INFO - Sync 1 DAGs
[2026-08-06T12:32:32.950+0000] {logging_mixin.py:188} INFO - [2026-08-06T12:32:32.950+0000] {dag.py:3954} INFO - Setting next_dagrun for kafka_batch_to_hdfs to 2026-08-06 12:30:00+00:00, run_after=2026-08-06 12:35:00+00:00
[2026-08-06T12:32:32.990+0000] {processor.py:183} INFO - Processing /opt/airflow/dags/kafka_batch_to_hdfs_dag.py took 0.145 seconds
[2026-08-06T12:33:03.142+0000] {processor.py:161} INFO - Started process (PID=661) to work on /opt/airflow/dags/kafka_batch_to_hdfs_dag.py
[2026-08-06T12:33:03.144+0000] {processor.py:830} INFO - Processing file /opt/airflow/dags/kafka_batch_to_hdfs_dag.py for tasks to queue
[2026-08-06T12:33:03.148+0000] {logging_mixin.py:188} INFO - [2026-08-06T12:33:03.147+0000] {dagbag.py:545} INFO - Filling up the DagBag from /opt/airflow/dags/kafka_batch_to_hdfs_dag.py
[2026-08-06T12:33:03.194+0000] {processor.py:840} INFO - DAG(s) 'kafka_batch_to_hdfs' retrieved from /opt/airflow/dags/kafka_batch_to_hdfs_dag.py
[2026-08-06T12:33:03.247+0000] {logging_mixin.py:188} INFO - [2026-08-06T12:33:03.246+0000] {dag.py:3096} INFO - Sync 1 DAGs
[2026-08-06T12:33:03.288+0000] {logging_mixin.py:188} INFO - [2026-08-06T12:33:03.288+0000] {dag.py:3954} INFO - Setting next_dagrun for kafka_batch_to_hdfs to 2026-08-06 12:30:00+00:00, run_after=2026-08-06 12:35:00+00:00
[2026-08-06T12:33:03.318+0000] {processor.py:183} INFO - Processing /opt/airflow/dags/kafka_batch_to_hdfs_dag.py took 0.184 seconds
[2026-08-06T12:33:33.457+0000] {processor.py:161} INFO - Started process (PID=662) to work on /opt/airflow/dags/kafka_batch_to_hdfs_dag.py
[2026-08-06T12:33:33.459+0000] {processor.py:830} INFO - Processing file /opt/airflow/dags/kafka_batch_to_hdfs_dag.py for tasks to queue
[2026-08-06T12:33:33.465+0000] {logging_mixin.py:188} INFO - [2026-08-06T12:33:33.464+0000] {dagbag.py:545} INFO - Filling up the DagBag from /opt/airflow/dags/kafka_batch_to_hdfs_dag.py
[2026-08-06T12:33:33.509+0000] {processor.py:840} INFO - DAG(s) 'kafka_batch_to_hdfs' retrieved from /opt/airflow/dags/kafka_batch_to_hdfs_dag.py
[2026-08-06T12:33:33.561+0000] {logging_mixin.py:188} INFO - [2026-08-06T12:33:33.560+0000] {dag.py:3096} INFO - Sync 1 DAGs
[2026-08-06T12:33:33.596+0000] {logging_mixin.py:188} INFO - [2026-08-06T12:33:33.596+0000] {dag.py:3954} INFO - Setting next_dagrun for kafka_batch_to_hdfs to 2026-08-06 12:30:00+00:00, run_after=2026-08-06 12:35:00+00:00
[2026-08-06T12:33:33.629+0000] {processor.py:183} INFO - Processing /opt/airflow/dags/kafka_batch_to_hdfs_dag.py took 0.177 seconds
[2026-08-06T12:34:03.802+0000] {processor.py:161} INFO - Started process (PID=663) to work on /opt/airflow/dags/kafka_batch_to_hdfs_dag.py
[2026-08-06T12:34:03.806+0000] {processor.py:830} INFO - Processing file /opt/airflow/dags/kafka_batch_to_hdfs_dag.py for tasks to queue
[2026-08-06T12:34:03.815+0000] {logging_mixin.py:188} INFO - [2026-08-06T12:34:03.814+0000] {dagbag.py:545} INFO - Filling up the DagBag from /opt/airflow/dags/kafka_batch_to_hdfs_dag.py
[2026-08-06T12:34:03.871+0000] {processor.py:840} INFO - DAG(s) 'kafka_batch_to_hdfs' retrieved from /opt/airflow/dags/kafka_batch_to_hdfs_dag.py
[2026-08-06T12:34:03.932+0000] {logging_mixin.py:188} INFO - [2026-08-06T12:34:03.931+0000] {dag.py:3096} INFO - Sync 1 DAGs
[2026-08-06T12:34:03.982+0000] {logging_mixin.py:188} INFO - [2026-08-06T12:34:03.982+0000] {dag.py:3954} INFO - Setting next_dagrun for kafka_batch_to_hdfs to 2026-08-06 12:30:00+00:00, run_after=2026-08-06 12:35:00+00:00
[2026-08-06T12:34:04.021+0000] {processor.py:183} INFO - Processing /opt/airflow/dags/kafka_batch_to_hdfs_dag.py took 0.227 seconds
[2026-08-06T12:34:34.137+0000] {processor.py:161} INFO - Started process (PID=664) to work on /opt/airflow/dags/kafka_batch_to_hdfs_dag.py
[2026-08-06T12:34:34.140+0000] {processor.py:830} INFO - Processing file /opt/airflow/dags/kafka_batch_to_hdfs_dag.py for tasks to queue
[2026-08-06T12:34:34.144+0000] {logging_mixin.py:188} INFO - [2026-08-06T12:34:34.144+0000] {dagbag.py:545} INFO - Filling up the DagBag from /opt/airflow/dags/kafka_batch_to_hdfs_dag.py
[2026-08-06T12:34:34.187+0000] {processor.py:840} INFO - DAG(s) 'kafka_batch_to_hdfs' retrieved from /opt/airflow/dags/kafka_batch_to_hdfs_dag.py
[2026-08-06T12:34:34.230+0000] {logging_mixin.py:188} INFO - [2026-08-06T12:34:34.230+0000] {dag.py:3096} INFO - Sync 1 DAGs
[2026-08-06T12:34:34.265+0000] {logging_mixin.py:188} INFO - [2026-08-06T12:34:34.265+0000] {dag.py:3954} INFO - Setting next_dagrun for kafka_batch_to_hdfs to 2026-08-06 12:30:00+00:00, run_after=2026-08-06 12:35:00+00:00
[2026-08-06T12:34:34.309+0000] {processor.py:183} INFO - Processing /opt/airflow/dags/kafka_batch_to_hdfs_dag.py took 0.181 seconds
[2026-08-06T12:35:04.545+0000] {processor.py:161} INFO - Started process (PID=674) to work on /opt/airflow/dags/kafka_batch_to_hdfs_dag.py
[2026-08-06T12:35:04.548+0000] {processor.py:830} INFO - Processing file /opt/airflow/dags/kafka_batch_to_hdfs_dag.py for tasks to queue
[2026-08-06T12:35:04.552+0000] {logging_mixin.py:188} INFO - [2026-08-06T12:35:04.551+0000] {dagbag.py:545} INFO - Filling up the DagBag from /opt/airflow/dags/kafka_batch_to_hdfs_dag.py
[2026-08-06T12:35:04.612+0000] {processor.py:840} INFO - DAG(s) 'kafka_batch_to_hdfs' retrieved from /opt/airflow/dags/kafka_batch_to_hdfs_dag.py
[2026-08-06T12:35:04.679+0000] {logging_mixin.py:188} INFO - [2026-08-06T12:35:04.679+0000] {dag.py:3096} INFO - Sync 1 DAGs
[2026-08-06T12:35:04.730+0000] {logging_mixin.py:188} INFO - [2026-08-06T12:35:04.729+0000] {dag.py:3954} INFO - Setting next_dagrun for kafka_batch_to_hdfs to 2026-08-06 12:35:00+00:00, run_after=2026-08-06 12:40:00+00:00
[2026-08-06T12:35:04.766+0000] {processor.py:183} INFO - Processing /opt/airflow/dags/kafka_batch_to_hdfs_dag.py took 0.238 seconds
[2026-08-06T12:35:35.106+0000] {processor.py:161} INFO - Started process (PID=675) to work on /opt/airflow/dags/kafka_batch_to_hdfs_dag.py
[2026-08-06T12:35:35.109+0000] {processor.py:830} INFO - Processing file /opt/airflow/dags/kafka_batch_to_hdfs_dag.py for tasks to queue
[2026-08-06T12:35:35.114+0000] {logging_mixin.py:188} INFO - [2026-08-06T12:35:35.113+0000] {dagbag.py:545} INFO - Filling up the DagBag from /opt/airflow/dags/kafka_batch_to_hdfs_dag.py
[2026-08-06T12:35:35.159+0000] {processor.py:840} INFO - DAG(s) 'kafka_batch_to_hdfs' retrieved from /opt/airflow/dags/kafka_batch_to_hdfs_dag.py
[2026-08-06T12:35:35.209+0000] {logging_mixin.py:188} INFO - [2026-08-06T12:35:35.209+0000] {dag.py:3096} INFO - Sync 1 DAGs
[2026-08-06T12:35:35.243+0000] {logging_mixin.py:188} INFO - [2026-08-06T12:35:35.243+0000] {dag.py:3954} INFO - Setting next_dagrun for kafka_batch_to_hdfs to 2026-08-06 12:35:00+00:00, run_after=2026-08-06 12:40:00+00:00
[2026-08-06T12:35:35.296+0000] {processor.py:183} INFO - Processing /opt/airflow/dags/kafka_batch_to_hdfs_dag.py took 0.199 seconds
[2026-08-06T12:36:05.602+0000] {processor.py:161} INFO - Started process (PID=676) to work on /opt/airflow/dags/kafka_batch_to_hdfs_dag.py
[2026-08-06T12:36:05.606+0000] {processor.py:830} INFO - Processing file /opt/airflow/dags/kafka_batch_to_hdfs_dag.py for tasks to queue
[2026-08-06T12:36:05.615+0000] {logging_mixin.py:188} INFO - [2026-08-06T12:36:05.613+0000] {dagbag.py:545} INFO - Filling up the DagBag from /opt/airflow/dags/kafka_batch_to_hdfs_dag.py
[2026-08-06T12:36:05.669+0000] {processor.py:840} INFO - DAG(s) 'kafka_batch_to_hdfs' retrieved from /opt/airflow/dags/kafka_batch_to_hdfs_dag.py
[2026-08-06T12:36:05.733+0000] {logging_mixin.py:188} INFO - [2026-08-06T12:36:05.733+0000] {dag.py:3096} INFO - Sync 1 DAGs
[2026-08-06T12:36:05.785+0000] {logging_mixin.py:188} INFO - [2026-08-06T12:36:05.785+0000] {dag.py:3954} INFO - Setting next_dagrun for kafka_batch_to_hdfs to 2026-08-06 12:35:00+00:00, run_after=2026-08-06 12:40:00+00:00
[2026-08-06T12:36:05.833+0000] {processor.py:183} INFO - Processing /opt/airflow/dags/kafka_batch_to_hdfs_dag.py took 0.243 seconds
[2026-08-06T12:36:36.192+0000] {processor.py:161} INFO - Started process (PID=677) to work on /opt/airflow/dags/kafka_batch_to_hdfs_dag.py
[2026-08-06T12:36:36.196+0000] {processor.py:830} INFO - Processing file /opt/airflow/dags/kafka_batch_to_hdfs_dag.py for tasks to queue
[2026-08-06T12:36:36.203+0000] {logging_mixin.py:188} INFO - [2026-08-06T12:36:36.201+0000] {dagbag.py:545} INFO - Filling up the DagBag from /opt/airflow/dags/kafka_batch_to_hdfs_dag.py
[2026-08-06T12:36:36.267+0000] {processor.py:840} INFO - DAG(s) 'kafka_batch_to_hdfs' retrieved from /opt/airflow/dags/kafka_batch_to_hdfs_dag.py
[2026-08-06T12:36:36.362+0000] {logging_mixin.py:188} INFO - [2026-08-06T12:36:36.361+0000] {dag.py:3096} INFO - Sync 1 DAGs
[2026-08-06T12:36:36.408+0000] {logging_mixin.py:188} INFO - [2026-08-06T12:36:36.407+0000] {dag.py:3954} INFO - Setting next_dagrun for kafka_batch_to_hdfs to 2026-08-06 12:35:00+00:00, run_after=2026-08-06 12:40:00+00:00
[2026-08-06T12:36:36.448+0000] {processor.py:183} INFO - Processing /opt/airflow/dags/kafka_batch_to_hdfs_dag.py took 0.270 seconds
[2026-08-06T12:37:06.675+0000] {processor.py:161} INFO - Started process (PID=678) to work on /opt/airflow/dags/kafka_batch_to_hdfs_dag.py
[2026-08-06T12:37:06.680+0000] {processor.py:830} INFO - Processing file /opt/airflow/dags/kafka_batch_to_hdfs_dag.py for tasks to queue
[2026-08-06T12:37:06.687+0000] {logging_mixin.py:188} INFO - [2026-08-06T12:37:06.686+0000] {dagbag.py:545} INFO - Filling up the DagBag from /opt/airflow/dags/kafka_batch_to_hdfs_dag.py
[2026-08-06T12:37:06.754+0000] {processor.py:840} INFO - DAG(s) 'kafka_batch_to_hdfs' retrieved from /opt/airflow/dags/kafka_batch_to_hdfs_dag.py
[2026-08-06T12:37:06.824+0000] {logging_mixin.py:188} INFO - [2026-08-06T12:37:06.824+0000] {dag.py:3096} INFO - Sync 1 DAGs
[2026-08-06T12:37:06.894+0000] {logging_mixin.py:188} INFO - [2026-08-06T12:37:06.894+0000] {dag.py:3954} INFO - Setting next_dagrun for kafka_batch_to_hdfs to 2026-08-06 12:35:00+00:00, run_after=2026-08-06 12:40:00+00:00
[2026-08-06T12:37:06.947+0000] {processor.py:183} INFO - Processing /opt/airflow/dags/kafka_batch_to_hdfs_dag.py took 0.282 seconds
[2026-08-06T12:37:37.092+0000] {processor.py:161} INFO - Started process (PID=679) to work on /opt/airflow/dags/kafka_batch_to_hdfs_dag.py
[2026-08-06T12:37:37.095+0000] {processor.py:830} INFO - Processing file /opt/airflow/dags/kafka_batch_to_hdfs_dag.py for tasks to queue
[2026-08-06T12:37:37.100+0000] {logging_mixin.py:188} INFO - [2026-08-06T12:37:37.099+0000] {dagbag.py:545} INFO - Filling up the DagBag from /opt/airflow/dags/kafka_batch_to_hdfs_dag.py
[2026-08-06T12:37:37.149+0000] {processor.py:840} INFO - DAG(s) 'kafka_batch_to_hdfs' retrieved from /opt/airflow/dags/kafka_batch_to_hdfs_dag.py
[2026-08-06T12:37:37.217+0000] {logging_mixin.py:188} INFO - [2026-08-06T12:37:37.217+0000] {dag.py:3096} INFO - Sync 1 DAGs
[2026-08-06T12:37:37.271+0000] {logging_mixin.py:188} INFO - [2026-08-06T12:37:37.271+0000] {dag.py:3954} INFO - Setting next_dagrun for kafka_batch_to_hdfs to 2026-08-06 12:35:00+00:00, run_after=2026-08-06 12:40:00+00:00
[2026-08-06T12:37:37.331+0000] {processor.py:183} INFO - Processing /opt/airflow/dags/kafka_batch_to_hdfs_dag.py took 0.248 seconds
