[2026-08-06T07:51:23.226+0000] {manager.py:470} INFO - Processing files using up to 2 processes at a time 
[2026-08-06T07:51:23.230+0000] {manager.py:471} INFO - Process each file at most once every 30 seconds
[2026-08-06T07:51:23.235+0000] {manager.py:472} INFO - Checking for new files in /opt/airflow/dags every 300 seconds
[2026-08-06T07:51:23.243+0000] {manager.py:737} INFO - Searching for files in /opt/airflow/dags
[2026-08-06T07:51:23.258+0000] {manager.py:740} INFO - There are 1 files in /opt/airflow/dags
[2026-08-06T07:51:23.414+0000] {manager.py:878} INFO - 
================================================================================
DAG File Processing Stats

File Path                                       PID  Runtime      # DAGs    # Errors  Last Runtime    Last Run
--------------------------------------------  -----  ---------  --------  ----------  --------------  ----------
/opt/airflow/dags/kafka_batch_to_hdfs_dag.py     49  0.06s             0           0
================================================================================
[2026-08-06T07:51:53.568+0000] {manager.py:878} INFO - 
================================================================================
DAG File Processing Stats

File Path                                     PID    Runtime      # DAGs    # Errors  Last Runtime    Last Run
--------------------------------------------  -----  ---------  --------  ----------  --------------  -------------------
/opt/airflow/dags/kafka_batch_to_hdfs_dag.py                           1           0  0.35s           2026-08-06T07:51:23
================================================================================
[2026-08-06T07:52:24.077+0000] {manager.py:878} INFO - 
================================================================================
DAG File Processing Stats

File Path                                     PID    Runtime      # DAGs    # Errors  Last Runtime    Last Run
--------------------------------------------  -----  ---------  --------  ----------  --------------  -------------------
/opt/airflow/dags/kafka_batch_to_hdfs_dag.py                           1           0  0.24s           2026-08-06T07:51:54
================================================================================
[2026-08-06T07:52:54.488+0000] {manager.py:878} INFO - 
================================================================================
DAG File Processing Stats

File Path                                       PID  Runtime      # DAGs    # Errors  Last Runtime    Last Run
--------------------------------------------  -----  ---------  --------  ----------  --------------  -------------------
/opt/airflow/dags/kafka_batch_to_hdfs_dag.py     84  0.01s             1           0  0.16s           2026-08-06T07:52:24
================================================================================
[2026-08-06T07:53:24.774+0000] {manager.py:878} INFO - 
================================================================================
DAG File Processing Stats

File Path                                       PID  Runtime      # DAGs    # Errors  Last Runtime    Last Run
--------------------------------------------  -----  ---------  --------  ----------  --------------  -------------------
/opt/airflow/dags/kafka_batch_to_hdfs_dag.py     85  0.01s             1           0  0.14s           2026-08-06T07:52:54
================================================================================
[2026-08-06T07:53:54.979+0000] {manager.py:878} INFO - 
================================================================================
DAG File Processing Stats

File Path                                       PID  Runtime      # DAGs    # Errors  Last Runtime    Last Run
--------------------------------------------  -----  ---------  --------  ----------  --------------  -------------------
/opt/airflow/dags/kafka_batch_to_hdfs_dag.py     95  0.00s             1           0  0.16s           2026-08-06T07:53:24
================================================================================
[2026-08-06T08:07:59.930+0000] {manager.py:470} INFO - Processing files using up to 2 processes at a time 
[2026-08-06T08:07:59.931+0000] {manager.py:471} INFO - Process each file at most once every 30 seconds
[2026-08-06T08:07:59.933+0000] {manager.py:472} INFO - Checking for new files in /opt/airflow/dags every 300 seconds
[2026-08-06T08:07:59.935+0000] {manager.py:737} INFO - Searching for files in /opt/airflow/dags
[2026-08-06T08:07:59.954+0000] {manager.py:740} INFO - There are 1 files in /opt/airflow/dags
[2026-08-06T08:08:00.081+0000] {manager.py:878} INFO - 
================================================================================
DAG File Processing Stats

File Path                                       PID  Runtime      # DAGs    # Errors  Last Runtime    Last Run
--------------------------------------------  -----  ---------  --------  ----------  --------------  ----------
/opt/airflow/dags/kafka_batch_to_hdfs_dag.py     53  0.07s             0           0
================================================================================
[2026-08-06T08:08:30.255+0000] {manager.py:878} INFO - 
================================================================================
DAG File Processing Stats

File Path                                     PID    Runtime      # DAGs    # Errors  Last Runtime    Last Run
--------------------------------------------  -----  ---------  --------  ----------  --------------  -------------------
/opt/airflow/dags/kafka_batch_to_hdfs_dag.py                           1           0  0.35s           2026-08-06T08:08:00
================================================================================
[2026-08-06T08:09:00.704+0000] {manager.py:878} INFO - 
================================================================================
DAG File Processing Stats

File Path                                     PID    Runtime      # DAGs    # Errors  Last Runtime    Last Run
--------------------------------------------  -----  ---------  --------  ----------  --------------  -------------------
/opt/airflow/dags/kafka_batch_to_hdfs_dag.py                           1           0  0.22s           2026-08-06T08:08:30
================================================================================
[2026-08-06T08:09:31.110+0000] {manager.py:878} INFO - 
================================================================================
DAG File Processing Stats

File Path                                       PID  Runtime      # DAGs    # Errors  Last Runtime    Last Run
--------------------------------------------  -----  ---------  --------  ----------  --------------  -------------------
/opt/airflow/dags/kafka_batch_to_hdfs_dag.py     84  0.00s             1           0  0.15s           2026-08-06T08:09:01
================================================================================
[2026-08-06T08:10:01.415+0000] {manager.py:878} INFO - 
================================================================================
DAG File Processing Stats

File Path                                       PID  Runtime      # DAGs    # Errors  Last Runtime    Last Run
--------------------------------------------  -----  ---------  --------  ----------  --------------  -------------------
/opt/airflow/dags/kafka_batch_to_hdfs_dag.py     85  0.01s             1           0  0.12s           2026-08-06T08:09:31
================================================================================
[2026-08-06T08:10:31.709+0000] {manager.py:878} INFO - 
================================================================================
DAG File Processing Stats

File Path                                       PID  Runtime      # DAGs    # Errors  Last Runtime    Last Run
--------------------------------------------  -----  ---------  --------  ----------  --------------  -------------------
/opt/airflow/dags/kafka_batch_to_hdfs_dag.py    104  0.00s             1           0  0.18s           2026-08-06T08:10:01
================================================================================
[2026-08-06T08:11:02.031+0000] {manager.py:878} INFO - 
================================================================================
DAG File Processing Stats

File Path                                       PID  Runtime      # DAGs    # Errors  Last Runtime    Last Run
--------------------------------------------  -----  ---------  --------  ----------  --------------  -------------------
/opt/airflow/dags/kafka_batch_to_hdfs_dag.py    105  0.01s             1           0  0.14s           2026-08-06T08:10:31
================================================================================
[2026-08-06T08:11:41.905+0000] {manager.py:470} INFO - Processing files using up to 2 processes at a time 
[2026-08-06T08:11:41.907+0000] {manager.py:471} INFO - Process each file at most once every 30 seconds
[2026-08-06T08:11:41.915+0000] {manager.py:472} INFO - Checking for new files in /opt/airflow/dags every 300 seconds
[2026-08-06T08:11:41.917+0000] {manager.py:737} INFO - Searching for files in /opt/airflow/dags
[2026-08-06T08:11:41.936+0000] {manager.py:740} INFO - There are 1 files in /opt/airflow/dags
[2026-08-06T08:11:42.051+0000] {manager.py:878} INFO - 
================================================================================
DAG File Processing Stats

File Path                                       PID  Runtime      # DAGs    # Errors  Last Runtime    Last Run
--------------------------------------------  -----  ---------  --------  ----------  --------------  ----------
/opt/airflow/dags/kafka_batch_to_hdfs_dag.py     50  0.05s             0           0
================================================================================
[2026-08-06T08:12:12.213+0000] {manager.py:878} INFO - 
================================================================================
DAG File Processing Stats

File Path                                     PID    Runtime      # DAGs    # Errors  Last Runtime    Last Run
--------------------------------------------  -----  ---------  --------  ----------  --------------  -------------------
/opt/airflow/dags/kafka_batch_to_hdfs_dag.py                           1           0  0.32s           2026-08-06T08:11:42
================================================================================
[2026-08-06T08:12:42.715+0000] {manager.py:878} INFO - 
================================================================================
DAG File Processing Stats

File Path                                       PID  Runtime      # DAGs    # Errors  Last Runtime    Last Run
--------------------------------------------  -----  ---------  --------  ----------  --------------  -------------------
/opt/airflow/dags/kafka_batch_to_hdfs_dag.py     82  0.00s             1           0  0.14s           2026-08-06T08:12:12
================================================================================
[2026-08-06T08:13:12.974+0000] {manager.py:878} INFO - 
================================================================================
DAG File Processing Stats

File Path                                       PID  Runtime      # DAGs    # Errors  Last Runtime    Last Run
--------------------------------------------  -----  ---------  --------  ----------  --------------  -------------------
/opt/airflow/dags/kafka_batch_to_hdfs_dag.py     83  0.01s             1           0  0.20s           2026-08-06T08:12:42
================================================================================
[2026-08-06T08:13:43.306+0000] {manager.py:878} INFO - 
================================================================================
DAG File Processing Stats

File Path                                       PID  Runtime      # DAGs    # Errors  Last Runtime    Last Run
--------------------------------------------  -----  ---------  --------  ----------  --------------  -------------------
/opt/airflow/dags/kafka_batch_to_hdfs_dag.py     84  0.01s             1           0  0.18s           2026-08-06T08:13:13
================================================================================
[2026-08-06T08:14:13.545+0000] {manager.py:878} INFO - 
================================================================================
DAG File Processing Stats

File Path                                       PID  Runtime      # DAGs    # Errors  Last Runtime    Last Run
--------------------------------------------  -----  ---------  --------  ----------  --------------  -------------------
/opt/airflow/dags/kafka_batch_to_hdfs_dag.py     94  0.01s             1           0  0.19s           2026-08-06T08:13:43
================================================================================
[2026-08-06T08:14:43.905+0000] {manager.py:878} INFO - 
================================================================================
DAG File Processing Stats

File Path                                       PID  Runtime      # DAGs    # Errors  Last Runtime    Last Run
--------------------------------------------  -----  ---------  --------  ----------  --------------  -------------------
/opt/airflow/dags/kafka_batch_to_hdfs_dag.py     95  0.00s             1           0  0.18s           2026-08-06T08:14:13
================================================================================
[2026-08-06T08:15:47.094+0000] {manager.py:470} INFO - Processing files using up to 2 processes at a time 
[2026-08-06T08:15:47.097+0000] {manager.py:471} INFO - Process each file at most once every 30 seconds
[2026-08-06T08:15:47.100+0000] {manager.py:472} INFO - Checking for new files in /opt/airflow/dags every 300 seconds
[2026-08-06T08:15:47.102+0000] {manager.py:737} INFO - Searching for files in /opt/airflow/dags
[2026-08-06T08:15:47.127+0000] {manager.py:740} INFO - There are 1 files in /opt/airflow/dags
[2026-08-06T08:15:47.280+0000] {manager.py:878} INFO - 
================================================================================
DAG File Processing Stats

File Path                                       PID  Runtime      # DAGs    # Errors  Last Runtime    Last Run
--------------------------------------------  -----  ---------  --------  ----------  --------------  ----------
/opt/airflow/dags/kafka_batch_to_hdfs_dag.py     52  0.06s             0           0
================================================================================
[2026-08-06T08:16:17.484+0000] {manager.py:878} INFO - 
================================================================================
DAG File Processing Stats

File Path                                     PID    Runtime      # DAGs    # Errors  Last Runtime    Last Run
--------------------------------------------  -----  ---------  --------  ----------  --------------  -------------------
/opt/airflow/dags/kafka_batch_to_hdfs_dag.py                           1           0  0.35s           2026-08-06T08:15:47
================================================================================
[2026-08-06T08:16:47.933+0000] {manager.py:878} INFO - 
================================================================================
DAG File Processing Stats

File Path                                       PID  Runtime      # DAGs    # Errors  Last Runtime    Last Run
--------------------------------------------  -----  ---------  --------  ----------  --------------  -------------------
/opt/airflow/dags/kafka_batch_to_hdfs_dag.py     83  0.01s             1           0  0.16s           2026-08-06T08:16:17
================================================================================
[2026-08-06T08:17:18.290+0000] {manager.py:878} INFO - 
================================================================================
DAG File Processing Stats

File Path                                       PID  Runtime      # DAGs    # Errors  Last Runtime    Last Run
--------------------------------------------  -----  ---------  --------  ----------  --------------  -------------------
/opt/airflow/dags/kafka_batch_to_hdfs_dag.py     84  0.01s             1           0  0.15s           2026-08-06T08:16:48
================================================================================
[2026-08-06T08:18:12.062+0000] {manager.py:470} INFO - Processing files using up to 2 processes at a time 
[2026-08-06T08:18:12.064+0000] {manager.py:471} INFO - Process each file at most once every 30 seconds
[2026-08-06T08:18:12.066+0000] {manager.py:472} INFO - Checking for new files in /opt/airflow/dags every 300 seconds
[2026-08-06T08:18:12.068+0000] {manager.py:737} INFO - Searching for files in /opt/airflow/dags
[2026-08-06T08:18:12.087+0000] {manager.py:740} INFO - There are 1 files in /opt/airflow/dags
[2026-08-06T08:18:12.205+0000] {manager.py:878} INFO - 
================================================================================
DAG File Processing Stats

File Path                                       PID  Runtime      # DAGs    # Errors  Last Runtime    Last Run
--------------------------------------------  -----  ---------  --------  ----------  --------------  ----------
/opt/airflow/dags/kafka_batch_to_hdfs_dag.py     52  0.05s             0           0
================================================================================
[2026-08-06T08:18:42.383+0000] {manager.py:878} INFO - 
================================================================================
DAG File Processing Stats

File Path                                     PID    Runtime      # DAGs    # Errors  Last Runtime    Last Run
--------------------------------------------  -----  ---------  --------  ----------  --------------  -------------------
/opt/airflow/dags/kafka_batch_to_hdfs_dag.py                           1           0  0.30s           2026-08-06T08:18:12
================================================================================
[2026-08-06T08:19:12.826+0000] {manager.py:878} INFO - 
================================================================================
DAG File Processing Stats

File Path                                       PID  Runtime      # DAGs    # Errors  Last Runtime    Last Run
--------------------------------------------  -----  ---------  --------  ----------  --------------  -------------------
/opt/airflow/dags/kafka_batch_to_hdfs_dag.py     83  0.00s             1           0  0.14s           2026-08-06T08:18:42
================================================================================
[2026-08-06T08:19:43.142+0000] {manager.py:878} INFO - 
================================================================================
DAG File Processing Stats

File Path                                       PID  Runtime      # DAGs    # Errors  Last Runtime    Last Run
--------------------------------------------  -----  ---------  --------  ----------  --------------  -------------------
/opt/airflow/dags/kafka_batch_to_hdfs_dag.py     84  0.00s             1           0  0.14s           2026-08-06T08:19:12
================================================================================
[2026-08-06T08:20:13.372+0000] {manager.py:878} INFO - 
================================================================================
DAG File Processing Stats

File Path                                       PID  Runtime      # DAGs    # Errors  Last Runtime    Last Run
--------------------------------------------  -----  ---------  --------  ----------  --------------  -------------------
/opt/airflow/dags/kafka_batch_to_hdfs_dag.py     85  0.01s             1           0  0.14s           2026-08-06T08:19:43
================================================================================
[2026-08-06T08:20:43.650+0000] {manager.py:878} INFO - 
================================================================================
DAG File Processing Stats

File Path                                       PID  Runtime      # DAGs    # Errors  Last Runtime    Last Run
--------------------------------------------  -----  ---------  --------  ----------  --------------  -------------------
/opt/airflow/dags/kafka_batch_to_hdfs_dag.py    104  0.00s             1           0  0.19s           2026-08-06T08:20:13
================================================================================
[2026-08-06T08:21:13.941+0000] {manager.py:878} INFO - 
================================================================================
DAG File Processing Stats

File Path                                       PID  Runtime      # DAGs    # Errors  Last Runtime    Last Run
--------------------------------------------  -----  ---------  --------  ----------  --------------  -------------------
/opt/airflow/dags/kafka_batch_to_hdfs_dag.py    105  0.00s             1           0  0.15s           2026-08-06T08:20:43
================================================================================
[2026-08-06T08:21:44.264+0000] {manager.py:878} INFO - 
================================================================================
DAG File Processing Stats

File Path                                     PID    Runtime      # DAGs    # Errors  Last Runtime    Last Run
--------------------------------------------  -----  ---------  --------  ----------  --------------  -------------------
/opt/airflow/dags/kafka_batch_to_hdfs_dag.py                           1           0  0.37s           2026-08-06T08:21:40
================================================================================
[2026-08-06T08:22:14.763+0000] {manager.py:878} INFO - 
================================================================================
DAG File Processing Stats

File Path                                     PID    Runtime      # DAGs    # Errors  Last Runtime    Last Run
--------------------------------------------  -----  ---------  --------  ----------  --------------  -------------------
/opt/airflow/dags/kafka_batch_to_hdfs_dag.py                           1           0  0.15s           2026-08-06T08:22:10
================================================================================
[2026-08-06T08:22:45.055+0000] {manager.py:878} INFO - 
================================================================================
DAG File Processing Stats

File Path                                     PID    Runtime      # DAGs    # Errors  Last Runtime    Last Run
--------------------------------------------  -----  ---------  --------  ----------  --------------  -------------------
/opt/airflow/dags/kafka_batch_to_hdfs_dag.py                           1           0  0.14s           2026-08-06T08:22:41
================================================================================
[2026-08-06T08:23:12.247+0000] {manager.py:737} INFO - Searching for files in /opt/airflow/dags
[2026-08-06T08:23:12.322+0000] {manager.py:740} INFO - There are 1 files in /opt/airflow/dags
[2026-08-06T08:23:15.358+0000] {manager.py:878} INFO - 
================================================================================
DAG File Processing Stats

File Path                                     PID    Runtime      # DAGs    # Errors  Last Runtime    Last Run
--------------------------------------------  -----  ---------  --------  ----------  --------------  -------------------
/opt/airflow/dags/kafka_batch_to_hdfs_dag.py                           1           0  0.18s           2026-08-06T08:23:11
================================================================================
[2026-08-06T08:23:45.589+0000] {manager.py:878} INFO - 
================================================================================
DAG File Processing Stats

File Path                                     PID    Runtime      # DAGs    # Errors  Last Runtime    Last Run
--------------------------------------------  -----  ---------  --------  ----------  --------------  -------------------
/opt/airflow/dags/kafka_batch_to_hdfs_dag.py                           1           0  0.13s           2026-08-06T08:23:41
================================================================================
[2026-08-06T08:24:15.829+0000] {manager.py:878} INFO - 
================================================================================
DAG File Processing Stats

File Path                                     PID    Runtime      # DAGs    # Errors  Last Runtime    Last Run
--------------------------------------------  -----  ---------  --------  ----------  --------------  -------------------
/opt/airflow/dags/kafka_batch_to_hdfs_dag.py                           1           0  0.14s           2026-08-06T08:24:11
================================================================================
[2026-08-06T08:24:46.072+0000] {manager.py:878} INFO - 
================================================================================
DAG File Processing Stats

File Path                                     PID    Runtime      # DAGs    # Errors  Last Runtime    Last Run
--------------------------------------------  -----  ---------  --------  ----------  --------------  -------------------
/opt/airflow/dags/kafka_batch_to_hdfs_dag.py                           1           0  0.15s           2026-08-06T08:24:42
================================================================================
[2026-08-06T08:25:16.313+0000] {manager.py:878} INFO - 
================================================================================
DAG File Processing Stats

File Path                                     PID    Runtime      # DAGs    # Errors  Last Runtime    Last Run
--------------------------------------------  -----  ---------  --------  ----------  --------------  -------------------
/opt/airflow/dags/kafka_batch_to_hdfs_dag.py                           1           0  0.18s           2026-08-06T08:25:12
================================================================================
[2026-08-06T08:25:46.597+0000] {manager.py:878} INFO - 
================================================================================
DAG File Processing Stats

File Path                                     PID    Runtime      # DAGs    # Errors  Last Runtime    Last Run
--------------------------------------------  -----  ---------  --------  ----------  --------------  -------------------
/opt/airflow/dags/kafka_batch_to_hdfs_dag.py                           1           0  0.15s           2026-08-06T08:25:42
================================================================================
[2026-08-06T08:26:16.855+0000] {manager.py:878} INFO - 
================================================================================
DAG File Processing Stats

File Path                                     PID    Runtime      # DAGs    # Errors  Last Runtime    Last Run
--------------------------------------------  -----  ---------  --------  ----------  --------------  -------------------
/opt/airflow/dags/kafka_batch_to_hdfs_dag.py                           1           0  0.13s           2026-08-06T08:26:12
================================================================================
[2026-08-06T08:26:47.101+0000] {manager.py:878} INFO - 
================================================================================
DAG File Processing Stats

File Path                                     PID    Runtime      # DAGs    # Errors  Last Runtime    Last Run
--------------------------------------------  -----  ---------  --------  ----------  --------------  -------------------
/opt/airflow/dags/kafka_batch_to_hdfs_dag.py                           1           0  0.12s           2026-08-06T08:26:43
================================================================================
[2026-08-06T08:27:17.375+0000] {manager.py:878} INFO - 
================================================================================
DAG File Processing Stats

File Path                                     PID    Runtime      # DAGs    # Errors  Last Runtime    Last Run
--------------------------------------------  -----  ---------  --------  ----------  --------------  -------------------
/opt/airflow/dags/kafka_batch_to_hdfs_dag.py                           1           0  0.15s           2026-08-06T08:27:13
================================================================================
[2026-08-06T08:27:47.574+0000] {manager.py:878} INFO - 
================================================================================
DAG File Processing Stats

File Path                                     PID    Runtime      # DAGs    # Errors  Last Runtime    Last Run
--------------------------------------------  -----  ---------  --------  ----------  --------------  -------------------
/opt/airflow/dags/kafka_batch_to_hdfs_dag.py                           1           0  0.16s           2026-08-06T08:27:43
================================================================================
[2026-08-06T08:28:12.717+0000] {manager.py:737} INFO - Searching for files in /opt/airflow/dags
[2026-08-06T08:28:12.736+0000] {manager.py:740} INFO - There are 1 files in /opt/airflow/dags
[2026-08-06T08:28:17.907+0000] {manager.py:878} INFO - 
================================================================================
DAG File Processing Stats

File Path                                     PID    Runtime      # DAGs    # Errors  Last Runtime    Last Run
--------------------------------------------  -----  ---------  --------  ----------  --------------  -------------------
/opt/airflow/dags/kafka_batch_to_hdfs_dag.py                           1           0  0.13s           2026-08-06T08:28:13
================================================================================
[2026-08-06T08:28:48.133+0000] {manager.py:878} INFO - 
================================================================================
DAG File Processing Stats

File Path                                     PID    Runtime      # DAGs    # Errors  Last Runtime    Last Run
--------------------------------------------  -----  ---------  --------  ----------  --------------  -------------------
/opt/airflow/dags/kafka_batch_to_hdfs_dag.py                           1           0  0.17s           2026-08-06T08:28:44
================================================================================
[2026-08-06T08:29:18.451+0000] {manager.py:878} INFO - 
================================================================================
DAG File Processing Stats

File Path                                     PID    Runtime      # DAGs    # Errors  Last Runtime    Last Run
--------------------------------------------  -----  ---------  --------  ----------  --------------  -------------------
/opt/airflow/dags/kafka_batch_to_hdfs_dag.py                           1           0  0.15s           2026-08-06T08:29:14
================================================================================
[2026-08-06T08:29:48.672+0000] {manager.py:878} INFO - 
================================================================================
DAG File Processing Stats

File Path                                     PID    Runtime      # DAGs    # Errors  Last Runtime    Last Run
--------------------------------------------  -----  ---------  --------  ----------  --------------  -------------------
/opt/airflow/dags/kafka_batch_to_hdfs_dag.py                           1           0  0.14s           2026-08-06T08:29:44
================================================================================
[2026-08-06T08:30:18.939+0000] {manager.py:878} INFO - 
================================================================================
DAG File Processing Stats

File Path                                     PID    Runtime      # DAGs    # Errors  Last Runtime    Last Run
--------------------------------------------  -----  ---------  --------  ----------  --------------  -------------------
/opt/airflow/dags/kafka_batch_to_hdfs_dag.py                           1           0  0.17s           2026-08-06T08:30:15
================================================================================
[2026-08-06T08:30:49.325+0000] {manager.py:878} INFO - 
================================================================================
DAG File Processing Stats

File Path                                     PID    Runtime      # DAGs    # Errors  Last Runtime    Last Run
--------------------------------------------  -----  ---------  --------  ----------  --------------  -------------------
/opt/airflow/dags/kafka_batch_to_hdfs_dag.py                           1           0  0.27s           2026-08-06T08:30:45
================================================================================
[2026-08-06T08:31:19.585+0000] {manager.py:878} INFO - 
================================================================================
DAG File Processing Stats

File Path                                     PID    Runtime      # DAGs    # Errors  Last Runtime    Last Run
--------------------------------------------  -----  ---------  --------  ----------  --------------  -------------------
/opt/airflow/dags/kafka_batch_to_hdfs_dag.py                           1           0  0.14s           2026-08-06T08:31:15
================================================================================
[2026-08-06T08:31:49.836+0000] {manager.py:878} INFO - 
================================================================================
DAG File Processing Stats

File Path                                     PID    Runtime      # DAGs    # Errors  Last Runtime    Last Run
--------------------------------------------  -----  ---------  --------  ----------  --------------  -------------------
/opt/airflow/dags/kafka_batch_to_hdfs_dag.py                           1           0  0.14s           2026-08-06T08:31:45
================================================================================
[2026-08-06T08:32:20.114+0000] {manager.py:878} INFO - 
================================================================================
DAG File Processing Stats

File Path                                     PID    Runtime      # DAGs    # Errors  Last Runtime    Last Run
--------------------------------------------  -----  ---------  --------  ----------  --------------  -------------------
/opt/airflow/dags/kafka_batch_to_hdfs_dag.py                           1           0  0.22s           2026-08-06T08:32:16
================================================================================
[2026-08-06T08:32:50.392+0000] {manager.py:878} INFO - 
================================================================================
DAG File Processing Stats

File Path                                     PID    Runtime      # DAGs    # Errors  Last Runtime    Last Run
--------------------------------------------  -----  ---------  --------  ----------  --------------  -------------------
/opt/airflow/dags/kafka_batch_to_hdfs_dag.py                           1           0  0.16s           2026-08-06T08:32:46
================================================================================
[2026-08-06T08:33:13.499+0000] {manager.py:737} INFO - Searching for files in /opt/airflow/dags
[2026-08-06T08:33:13.519+0000] {manager.py:740} INFO - There are 1 files in /opt/airflow/dags
[2026-08-06T08:33:20.610+0000] {manager.py:878} INFO - 
================================================================================
DAG File Processing Stats

File Path                                     PID    Runtime      # DAGs    # Errors  Last Runtime    Last Run
--------------------------------------------  -----  ---------  --------  ----------  --------------  -------------------
/opt/airflow/dags/kafka_batch_to_hdfs_dag.py                           1           0  0.15s           2026-08-06T08:33:16
================================================================================
[2026-08-06T08:33:50.854+0000] {manager.py:878} INFO - 
================================================================================
DAG File Processing Stats

File Path                                     PID    Runtime      # DAGs    # Errors  Last Runtime    Last Run
--------------------------------------------  -----  ---------  --------  ----------  --------------  -------------------
/opt/airflow/dags/kafka_batch_to_hdfs_dag.py                           1           0  0.13s           2026-08-06T08:33:46
================================================================================
[2026-08-06T08:34:32.932+0000] {manager.py:470} INFO - Processing files using up to 2 processes at a time 
[2026-08-06T08:34:32.934+0000] {manager.py:471} INFO - Process each file at most once every 30 seconds
[2026-08-06T08:34:32.935+0000] {manager.py:472} INFO - Checking for new files in /opt/airflow/dags every 300 seconds
[2026-08-06T08:34:32.937+0000] {manager.py:737} INFO - Searching for files in /opt/airflow/dags
[2026-08-06T08:34:32.961+0000] {manager.py:740} INFO - There are 1 files in /opt/airflow/dags
[2026-08-06T08:34:33.118+0000] {manager.py:878} INFO - 
================================================================================
DAG File Processing Stats

File Path                                       PID  Runtime      # DAGs    # Errors  Last Runtime    Last Run
--------------------------------------------  -----  ---------  --------  ----------  --------------  ----------
/opt/airflow/dags/kafka_batch_to_hdfs_dag.py     51  0.07s             0           0
================================================================================
[2026-08-06T08:35:03.300+0000] {manager.py:878} INFO - 
================================================================================
DAG File Processing Stats

File Path                                       PID  Runtime      # DAGs    # Errors  Last Runtime    Last Run
--------------------------------------------  -----  ---------  --------  ----------  --------------  -------------------
/opt/airflow/dags/kafka_batch_to_hdfs_dag.py     60  0.01s             1           0  0.22s           2026-08-06T08:34:33
================================================================================
[2026-08-06T08:35:33.668+0000] {manager.py:878} INFO - 
================================================================================
DAG File Processing Stats

File Path                                       PID  Runtime      # DAGs    # Errors  Last Runtime    Last Run
--------------------------------------------  -----  ---------  --------  ----------  --------------  -------------------
/opt/airflow/dags/kafka_batch_to_hdfs_dag.py     79  0.01s             1           0  0.23s           2026-08-06T08:35:03
================================================================================
[2026-08-06T08:36:03.989+0000] {manager.py:878} INFO - 
================================================================================
DAG File Processing Stats

File Path                                       PID  Runtime      # DAGs    # Errors  Last Runtime    Last Run
--------------------------------------------  -----  ---------  --------  ----------  --------------  -------------------
/opt/airflow/dags/kafka_batch_to_hdfs_dag.py     80  0.00s             1           0  0.15s           2026-08-06T08:35:33
================================================================================
[2026-08-06T08:36:34.193+0000] {manager.py:878} INFO - 
================================================================================
DAG File Processing Stats

File Path                                       PID  Runtime      # DAGs    # Errors  Last Runtime    Last Run
--------------------------------------------  -----  ---------  --------  ----------  --------------  -------------------
/opt/airflow/dags/kafka_batch_to_hdfs_dag.py     81  0.01s             1           0  0.15s           2026-08-06T08:36:04
================================================================================
[2026-08-06T08:37:04.501+0000] {manager.py:878} INFO - 
================================================================================
DAG File Processing Stats

File Path                                       PID  Runtime      # DAGs    # Errors  Last Runtime    Last Run
--------------------------------------------  -----  ---------  --------  ----------  --------------  -------------------
/opt/airflow/dags/kafka_batch_to_hdfs_dag.py     82  0.01s             1           0  0.18s           2026-08-06T08:36:34
================================================================================
[2026-08-06T08:37:34.718+0000] {manager.py:878} INFO - 
================================================================================
DAG File Processing Stats

File Path                                       PID  Runtime      # DAGs    # Errors  Last Runtime    Last Run
--------------------------------------------  -----  ---------  --------  ----------  --------------  -------------------
/opt/airflow/dags/kafka_batch_to_hdfs_dag.py    101  0.01s             1           0  0.19s           2026-08-06T08:37:04
================================================================================
[2026-08-06T08:38:05.063+0000] {manager.py:878} INFO - 
================================================================================
DAG File Processing Stats

File Path                                       PID  Runtime      # DAGs    # Errors  Last Runtime    Last Run
--------------------------------------------  -----  ---------  --------  ----------  --------------  -------------------
/opt/airflow/dags/kafka_batch_to_hdfs_dag.py    102  0.01s             1           0  0.17s           2026-08-06T08:37:34
================================================================================
[2026-08-06T08:38:35.263+0000] {manager.py:878} INFO - 
================================================================================
DAG File Processing Stats

File Path                                       PID  Runtime      # DAGs    # Errors  Last Runtime    Last Run
--------------------------------------------  -----  ---------  --------  ----------  --------------  -------------------
/opt/airflow/dags/kafka_batch_to_hdfs_dag.py    103  0.00s             1           0  0.13s           2026-08-06T08:38:05
================================================================================
[2026-08-06T08:39:05.543+0000] {manager.py:878} INFO - 
================================================================================
DAG File Processing Stats

File Path                                       PID  Runtime      # DAGs    # Errors  Last Runtime    Last Run
--------------------------------------------  -----  ---------  --------  ----------  --------------  -------------------
/opt/airflow/dags/kafka_batch_to_hdfs_dag.py    104  0.00s             1           0  0.13s           2026-08-06T08:38:35
================================================================================
[2026-08-06T08:39:33.705+0000] {manager.py:737} INFO - Searching for files in /opt/airflow/dags
[2026-08-06T08:39:33.724+0000] {manager.py:740} INFO - There are 1 files in /opt/airflow/dags
[2026-08-06T08:39:35.760+0000] {manager.py:878} INFO - 
================================================================================
DAG File Processing Stats

File Path                                       PID  Runtime      # DAGs    # Errors  Last Runtime    Last Run
--------------------------------------------  -----  ---------  --------  ----------  --------------  -------------------
/opt/airflow/dags/kafka_batch_to_hdfs_dag.py    113  0.01s             1           0  0.14s           2026-08-06T08:39:05
================================================================================
[2026-08-06T08:40:06.037+0000] {manager.py:878} INFO - 
================================================================================
DAG File Processing Stats

File Path                                       PID  Runtime      # DAGs    # Errors  Last Runtime    Last Run
--------------------------------------------  -----  ---------  --------  ----------  --------------  -------------------
/opt/airflow/dags/kafka_batch_to_hdfs_dag.py    124  0.01s             1           0  0.14s           2026-08-06T08:39:35
================================================================================
[2026-08-06T08:40:36.240+0000] {manager.py:878} INFO - 
================================================================================
DAG File Processing Stats

File Path                                       PID  Runtime      # DAGs    # Errors  Last Runtime    Last Run
--------------------------------------------  -----  ---------  --------  ----------  --------------  -------------------
/opt/airflow/dags/kafka_batch_to_hdfs_dag.py    125  0.01s             1           0  0.14s           2026-08-06T08:40:06
================================================================================
[2026-08-06T08:41:06.577+0000] {manager.py:878} INFO - 
================================================================================
DAG File Processing Stats

File Path                                       PID  Runtime      # DAGs    # Errors  Last Runtime    Last Run
--------------------------------------------  -----  ---------  --------  ----------  --------------  -------------------
/opt/airflow/dags/kafka_batch_to_hdfs_dag.py    126  0.01s             1           0  0.16s           2026-08-06T08:40:36
================================================================================
[2026-08-06T08:41:36.805+0000] {manager.py:878} INFO - 
================================================================================
DAG File Processing Stats

File Path                                       PID  Runtime      # DAGs    # Errors  Last Runtime    Last Run
--------------------------------------------  -----  ---------  --------  ----------  --------------  -------------------
/opt/airflow/dags/kafka_batch_to_hdfs_dag.py    127  0.01s             1           0  0.15s           2026-08-06T08:41:06
================================================================================
[2026-08-06T08:42:07.086+0000] {manager.py:878} INFO - 
================================================================================
DAG File Processing Stats

File Path                                       PID  Runtime      # DAGs    # Errors  Last Runtime    Last Run
--------------------------------------------  -----  ---------  --------  ----------  --------------  -------------------
/opt/airflow/dags/kafka_batch_to_hdfs_dag.py    146  0.01s             1           0  0.14s           2026-08-06T08:41:36
================================================================================
[2026-08-06T08:42:37.352+0000] {manager.py:878} INFO - 
================================================================================
DAG File Processing Stats

File Path                                       PID  Runtime      # DAGs    # Errors  Last Runtime    Last Run
--------------------------------------------  -----  ---------  --------  ----------  --------------  -------------------
/opt/airflow/dags/kafka_batch_to_hdfs_dag.py    147  0.01s             1           0  0.13s           2026-08-06T08:42:07
================================================================================
[2026-08-06T08:43:07.647+0000] {manager.py:878} INFO - 
================================================================================
DAG File Processing Stats

File Path                                       PID  Runtime      # DAGs    # Errors  Last Runtime    Last Run
--------------------------------------------  -----  ---------  --------  ----------  --------------  -------------------
/opt/airflow/dags/kafka_batch_to_hdfs_dag.py    148  0.01s             1           0  0.14s           2026-08-06T08:42:37
================================================================================
[2026-08-06T08:43:37.899+0000] {manager.py:878} INFO - 
================================================================================
DAG File Processing Stats

File Path                                       PID  Runtime      # DAGs    # Errors  Last Runtime    Last Run
--------------------------------------------  -----  ---------  --------  ----------  --------------  -------------------
/opt/airflow/dags/kafka_batch_to_hdfs_dag.py    149  0.00s             1           0  0.16s           2026-08-06T08:43:07
================================================================================
[2026-08-06T08:44:08.231+0000] {manager.py:878} INFO - 
================================================================================
DAG File Processing Stats

File Path                                       PID  Runtime      # DAGs    # Errors  Last Runtime    Last Run
--------------------------------------------  -----  ---------  --------  ----------  --------------  -------------------
/opt/airflow/dags/kafka_batch_to_hdfs_dag.py    168  0.00s             1           0  0.14s           2026-08-06T08:43:38
================================================================================
[2026-08-06T08:44:34.415+0000] {manager.py:737} INFO - Searching for files in /opt/airflow/dags
[2026-08-06T08:44:34.437+0000] {manager.py:740} INFO - There are 1 files in /opt/airflow/dags
[2026-08-06T08:44:38.489+0000] {manager.py:878} INFO - 
================================================================================
DAG File Processing Stats

File Path                                       PID  Runtime      # DAGs    # Errors  Last Runtime    Last Run
--------------------------------------------  -----  ---------  --------  ----------  --------------  -------------------
/opt/airflow/dags/kafka_batch_to_hdfs_dag.py    169  0.01s             1           0  0.12s           2026-08-06T08:44:08
================================================================================
[2026-08-06T08:45:23.177+0000] {manager.py:470} INFO - Processing files using up to 2 processes at a time 
[2026-08-06T08:45:23.178+0000] {manager.py:471} INFO - Process each file at most once every 30 seconds
[2026-08-06T08:45:23.180+0000] {manager.py:472} INFO - Checking for new files in /opt/airflow/dags every 300 seconds
[2026-08-06T08:45:23.182+0000] {manager.py:737} INFO - Searching for files in /opt/airflow/dags
[2026-08-06T08:45:23.209+0000] {manager.py:740} INFO - There are 1 files in /opt/airflow/dags
[2026-08-06T08:45:23.314+0000] {manager.py:878} INFO - 
================================================================================
DAG File Processing Stats

File Path                                       PID  Runtime      # DAGs    # Errors  Last Runtime    Last Run
--------------------------------------------  -----  ---------  --------  ----------  --------------  ----------
/opt/airflow/dags/kafka_batch_to_hdfs_dag.py     52  0.05s             0           0
================================================================================
[2026-08-06T08:45:53.576+0000] {manager.py:878} INFO - 
================================================================================
DAG File Processing Stats

File Path                                       PID  Runtime      # DAGs    # Errors  Last Runtime    Last Run
--------------------------------------------  -----  ---------  --------  ----------  --------------  -------------------
/opt/airflow/dags/kafka_batch_to_hdfs_dag.py     61  0.01s             1           0  0.15s           2026-08-06T08:45:23
================================================================================
[2026-08-06T08:46:23.769+0000] {manager.py:878} INFO - 
================================================================================
DAG File Processing Stats

File Path                                     PID    Runtime      # DAGs    # Errors  Last Runtime    Last Run
--------------------------------------------  -----  ---------  --------  ----------  --------------  -------------------
/opt/airflow/dags/kafka_batch_to_hdfs_dag.py                           1           0  0.22s           2026-08-06T08:45:53
================================================================================
[2026-08-06T08:46:54.161+0000] {manager.py:878} INFO - 
================================================================================
DAG File Processing Stats

File Path                                       PID  Runtime      # DAGs    # Errors  Last Runtime    Last Run
--------------------------------------------  -----  ---------  --------  ----------  --------------  -------------------
/opt/airflow/dags/kafka_batch_to_hdfs_dag.py     81  0.01s             1           0  0.17s           2026-08-06T08:46:24
================================================================================
[2026-08-06T08:47:24.361+0000] {manager.py:878} INFO - 
================================================================================
DAG File Processing Stats

File Path                                       PID  Runtime      # DAGs    # Errors  Last Runtime    Last Run
--------------------------------------------  -----  ---------  --------  ----------  --------------  -------------------
/opt/airflow/dags/kafka_batch_to_hdfs_dag.py     82  0.01s             1           0  0.15s           2026-08-06T08:46:54
================================================================================
[2026-08-06T08:47:54.632+0000] {manager.py:878} INFO - 
================================================================================
DAG File Processing Stats

File Path                                       PID  Runtime      # DAGs    # Errors  Last Runtime    Last Run
--------------------------------------------  -----  ---------  --------  ----------  --------------  -------------------
/opt/airflow/dags/kafka_batch_to_hdfs_dag.py     83  0.01s             1           0  0.14s           2026-08-06T08:47:24
================================================================================
[2026-08-06T08:48:24.839+0000] {manager.py:878} INFO - 
================================================================================
DAG File Processing Stats

File Path                                       PID  Runtime      # DAGs    # Errors  Last Runtime    Last Run
--------------------------------------------  -----  ---------  --------  ----------  --------------  -------------------
/opt/airflow/dags/kafka_batch_to_hdfs_dag.py    102  0.01s             1           0  0.13s           2026-08-06T08:47:54
================================================================================
[2026-08-06T08:48:55.105+0000] {manager.py:878} INFO - 
================================================================================
DAG File Processing Stats

File Path                                       PID  Runtime      # DAGs    # Errors  Last Runtime    Last Run
--------------------------------------------  -----  ---------  --------  ----------  --------------  -------------------
/opt/airflow/dags/kafka_batch_to_hdfs_dag.py    103  0.01s             1           0  0.14s           2026-08-06T08:48:24
================================================================================
[2026-08-06T08:49:25.328+0000] {manager.py:878} INFO - 
================================================================================
DAG File Processing Stats

File Path                                       PID  Runtime      # DAGs    # Errors  Last Runtime    Last Run
--------------------------------------------  -----  ---------  --------  ----------  --------------  -------------------
/opt/airflow/dags/kafka_batch_to_hdfs_dag.py    104  0.01s             1           0  0.14s           2026-08-06T08:48:55
================================================================================
[2026-08-06T08:49:55.564+0000] {manager.py:878} INFO - 
================================================================================
DAG File Processing Stats

File Path                                       PID  Runtime      # DAGs    # Errors  Last Runtime    Last Run
--------------------------------------------  -----  ---------  --------  ----------  --------------  -------------------
/opt/airflow/dags/kafka_batch_to_hdfs_dag.py    105  0.01s             1           0  0.19s           2026-08-06T08:49:25
================================================================================
[2026-08-06T08:50:23.835+0000] {manager.py:737} INFO - Searching for files in /opt/airflow/dags
[2026-08-06T08:50:23.854+0000] {manager.py:740} INFO - There are 1 files in /opt/airflow/dags
[2026-08-06T08:50:25.892+0000] {manager.py:878} INFO - 
================================================================================
DAG File Processing Stats

File Path                                       PID  Runtime      # DAGs    # Errors  Last Runtime    Last Run
--------------------------------------------  -----  ---------  --------  ----------  --------------  -------------------
/opt/airflow/dags/kafka_batch_to_hdfs_dag.py    124  0.00s             1           0  0.18s           2026-08-06T08:49:55
================================================================================
[2026-08-06T08:50:56.087+0000] {manager.py:878} INFO - 
================================================================================
DAG File Processing Stats

File Path                                       PID  Runtime      # DAGs    # Errors  Last Runtime    Last Run
--------------------------------------------  -----  ---------  --------  ----------  --------------  -------------------
/opt/airflow/dags/kafka_batch_to_hdfs_dag.py    125  0.01s             1           0  0.14s           2026-08-06T08:50:26
================================================================================
[2026-08-06T08:51:26.262+0000] {manager.py:878} INFO - 
================================================================================
DAG File Processing Stats

File Path                                       PID  Runtime      # DAGs    # Errors  Last Runtime    Last Run
--------------------------------------------  -----  ---------  --------  ----------  --------------  -------------------
/opt/airflow/dags/kafka_batch_to_hdfs_dag.py    126  0.01s             1           0  0.13s           2026-08-06T08:50:56
================================================================================
[2026-08-06T08:51:56.570+0000] {manager.py:878} INFO - 
================================================================================
DAG File Processing Stats

File Path                                       PID  Runtime      # DAGs    # Errors  Last Runtime    Last Run
--------------------------------------------  -----  ---------  --------  ----------  --------------  -------------------
/opt/airflow/dags/kafka_batch_to_hdfs_dag.py    127  0.00s             1           0  0.13s           2026-08-06T08:51:26
================================================================================
[2026-08-06T08:52:26.775+0000] {manager.py:878} INFO - 
================================================================================
DAG File Processing Stats

File Path                                       PID  Runtime      # DAGs    # Errors  Last Runtime    Last Run
--------------------------------------------  -----  ---------  --------  ----------  --------------  -------------------
/opt/airflow/dags/kafka_batch_to_hdfs_dag.py    146  0.00s             1           0  0.14s           2026-08-06T08:51:56
================================================================================
[2026-08-06T08:52:57.036+0000] {manager.py:878} INFO - 
================================================================================
DAG File Processing Stats

File Path                                       PID  Runtime      # DAGs    # Errors  Last Runtime    Last Run
--------------------------------------------  -----  ---------  --------  ----------  --------------  -------------------
/opt/airflow/dags/kafka_batch_to_hdfs_dag.py    147  0.00s             1           0  0.13s           2026-08-06T08:52:26
================================================================================
[2026-08-06T08:53:27.234+0000] {manager.py:878} INFO - 
================================================================================
DAG File Processing Stats

File Path                                       PID  Runtime      # DAGs    # Errors  Last Runtime    Last Run
--------------------------------------------  -----  ---------  --------  ----------  --------------  -------------------
/opt/airflow/dags/kafka_batch_to_hdfs_dag.py    148  0.01s             1           0  0.13s           2026-08-06T08:52:57
================================================================================
[2026-08-06T08:53:57.494+0000] {manager.py:878} INFO - 
================================================================================
DAG File Processing Stats

File Path                                       PID  Runtime      # DAGs    # Errors  Last Runtime    Last Run
--------------------------------------------  -----  ---------  --------  ----------  --------------  -------------------
/opt/airflow/dags/kafka_batch_to_hdfs_dag.py    149  0.00s             1           0  0.14s           2026-08-06T08:53:27
================================================================================
[2026-08-06T08:54:27.778+0000] {manager.py:878} INFO - 
================================================================================
DAG File Processing Stats

File Path                                       PID  Runtime      # DAGs    # Errors  Last Runtime    Last Run
--------------------------------------------  -----  ---------  --------  ----------  --------------  -------------------
/opt/airflow/dags/kafka_batch_to_hdfs_dag.py    168  0.01s             1           0  0.12s           2026-08-06T08:53:57
================================================================================
[2026-08-06T08:54:58.010+0000] {manager.py:878} INFO - 
================================================================================
DAG File Processing Stats

File Path                                       PID  Runtime      # DAGs    # Errors  Last Runtime    Last Run
--------------------------------------------  -----  ---------  --------  ----------  --------------  -------------------
/opt/airflow/dags/kafka_batch_to_hdfs_dag.py    169  0.01s             1           0  0.16s           2026-08-06T08:54:27
================================================================================
[2026-08-06T08:55:24.311+0000] {manager.py:737} INFO - Searching for files in /opt/airflow/dags
[2026-08-06T08:55:24.330+0000] {manager.py:740} INFO - There are 1 files in /opt/airflow/dags
[2026-08-06T08:55:28.377+0000] {manager.py:878} INFO - 
================================================================================
DAG File Processing Stats

File Path                                       PID  Runtime      # DAGs    # Errors  Last Runtime    Last Run
--------------------------------------------  -----  ---------  --------  ----------  --------------  -------------------
/opt/airflow/dags/kafka_batch_to_hdfs_dag.py    170  0.01s             1           0  0.16s           2026-08-06T08:54:58
================================================================================
[2026-08-06T08:55:58.581+0000] {manager.py:878} INFO - 
================================================================================
DAG File Processing Stats

File Path                                       PID  Runtime      # DAGs    # Errors  Last Runtime    Last Run
--------------------------------------------  -----  ---------  --------  ----------  --------------  -------------------
/opt/airflow/dags/kafka_batch_to_hdfs_dag.py    171  0.01s             1           0  0.14s           2026-08-06T08:55:28
================================================================================
[2026-08-06T08:56:28.940+0000] {manager.py:878} INFO - 
================================================================================
DAG File Processing Stats

File Path                                     PID    Runtime      # DAGs    # Errors  Last Runtime    Last Run
--------------------------------------------  -----  ---------  --------  ----------  --------------  -------------------
/opt/airflow/dags/kafka_batch_to_hdfs_dag.py                           1           0  0.30s           2026-08-06T08:56:24
================================================================================
[2026-08-06T08:56:54.539+0000] {manager.py:470} INFO - Processing files using up to 2 processes at a time 
[2026-08-06T08:56:54.541+0000] {manager.py:471} INFO - Process each file at most once every 30 seconds
[2026-08-06T08:56:54.548+0000] {manager.py:472} INFO - Checking for new files in /opt/airflow/dags every 300 seconds
[2026-08-06T08:56:54.550+0000] {manager.py:737} INFO - Searching for files in /opt/airflow/dags
[2026-08-06T08:56:54.573+0000] {manager.py:740} INFO - There are 1 files in /opt/airflow/dags
[2026-08-06T08:56:54.732+0000] {manager.py:878} INFO - 
================================================================================
DAG File Processing Stats

File Path                                       PID  Runtime      # DAGs    # Errors  Last Runtime    Last Run
--------------------------------------------  -----  ---------  --------  ----------  --------------  ----------
/opt/airflow/dags/kafka_batch_to_hdfs_dag.py     52  0.05s             0           0
================================================================================
[2026-08-06T08:57:24.936+0000] {manager.py:878} INFO - 
================================================================================
DAG File Processing Stats

File Path                                       PID  Runtime      # DAGs    # Errors  Last Runtime    Last Run
--------------------------------------------  -----  ---------  --------  ----------  --------------  -------------------
/opt/airflow/dags/kafka_batch_to_hdfs_dag.py     72  0.01s             1           0  0.16s           2026-08-06T08:56:54
================================================================================
[2026-08-06T08:57:55.192+0000] {manager.py:878} INFO - 
================================================================================
DAG File Processing Stats

File Path                                     PID    Runtime      # DAGs    # Errors  Last Runtime    Last Run
--------------------------------------------  -----  ---------  --------  ----------  --------------  -------------------
/opt/airflow/dags/kafka_batch_to_hdfs_dag.py                           1           0  0.31s           2026-08-06T08:57:25
================================================================================
[2026-08-06T08:58:25.650+0000] {manager.py:878} INFO - 
================================================================================
DAG File Processing Stats

File Path                                       PID  Runtime      # DAGs    # Errors  Last Runtime    Last Run
--------------------------------------------  -----  ---------  --------  ----------  --------------  -------------------
/opt/airflow/dags/kafka_batch_to_hdfs_dag.py     90  0.00s             1           0  0.15s           2026-08-06T08:57:55
================================================================================
[2026-08-06T08:58:55.989+0000] {manager.py:878} INFO - 
================================================================================
DAG File Processing Stats

File Path                                       PID  Runtime      # DAGs    # Errors  Last Runtime    Last Run
--------------------------------------------  -----  ---------  --------  ----------  --------------  -------------------
/opt/airflow/dags/kafka_batch_to_hdfs_dag.py     92  0.00s             1           0  0.16s           2026-08-06T08:58:25
================================================================================
[2026-08-06T08:59:26.212+0000] {manager.py:878} INFO - 
================================================================================
DAG File Processing Stats

File Path                                       PID  Runtime      # DAGs    # Errors  Last Runtime    Last Run
--------------------------------------------  -----  ---------  --------  ----------  --------------  -------------------
/opt/airflow/dags/kafka_batch_to_hdfs_dag.py    100  0.01s             1           0  0.13s           2026-08-06T08:58:56
================================================================================
[2026-08-06T08:59:56.589+0000] {manager.py:878} INFO - 
================================================================================
DAG File Processing Stats

File Path                                     PID    Runtime      # DAGs    # Errors  Last Runtime    Last Run
--------------------------------------------  -----  ---------  --------  ----------  --------------  -------------------
/opt/airflow/dags/kafka_batch_to_hdfs_dag.py                           1           0  0.23s           2026-08-06T08:59:54
================================================================================
[2026-08-06T09:00:26.796+0000] {manager.py:878} INFO - 
================================================================================
DAG File Processing Stats

File Path                                     PID    Runtime      # DAGs    # Errors  Last Runtime    Last Run
--------------------------------------------  -----  ---------  --------  ----------  --------------  -------------------
/opt/airflow/dags/kafka_batch_to_hdfs_dag.py                           1           0  0.17s           2026-08-06T09:00:04
================================================================================
[2026-08-06T09:00:57.162+0000] {manager.py:878} INFO - 
================================================================================
DAG File Processing Stats

File Path                                     PID    Runtime      # DAGs    # Errors  Last Runtime    Last Run
--------------------------------------------  -----  ---------  --------  ----------  --------------  -------------------
/opt/airflow/dags/kafka_batch_to_hdfs_dag.py                           1           0  0.13s           2026-08-06T09:00:35
================================================================================
[2026-08-06T09:01:27.447+0000] {manager.py:878} INFO - 
================================================================================
DAG File Processing Stats

File Path                                     PID    Runtime      # DAGs    # Errors  Last Runtime    Last Run
--------------------------------------------  -----  ---------  --------  ----------  --------------  -------------------
/opt/airflow/dags/kafka_batch_to_hdfs_dag.py                           1           0  0.20s           2026-08-06T09:01:05
================================================================================
[2026-08-06T09:01:54.785+0000] {manager.py:737} INFO - Searching for files in /opt/airflow/dags
[2026-08-06T09:01:54.806+0000] {manager.py:740} INFO - There are 1 files in /opt/airflow/dags
[2026-08-06T09:01:57.892+0000] {manager.py:878} INFO - 
================================================================================
DAG File Processing Stats

File Path                                     PID    Runtime      # DAGs    # Errors  Last Runtime    Last Run
--------------------------------------------  -----  ---------  --------  ----------  --------------  -------------------
/opt/airflow/dags/kafka_batch_to_hdfs_dag.py                           1           0  0.15s           2026-08-06T09:01:35
================================================================================
[2026-08-06T09:02:28.129+0000] {manager.py:878} INFO - 
================================================================================
DAG File Processing Stats

File Path                                     PID    Runtime      # DAGs    # Errors  Last Runtime    Last Run
--------------------------------------------  -----  ---------  --------  ----------  --------------  -------------------
/opt/airflow/dags/kafka_batch_to_hdfs_dag.py                           1           0  0.28s           2026-08-06T09:02:06
================================================================================
[2026-08-06T09:02:58.621+0000] {manager.py:878} INFO - 
================================================================================
DAG File Processing Stats

File Path                                     PID    Runtime      # DAGs    # Errors  Last Runtime    Last Run
--------------------------------------------  -----  ---------  --------  ----------  --------------  -------------------
/opt/airflow/dags/kafka_batch_to_hdfs_dag.py                           1           0  0.15s           2026-08-06T09:02:36
================================================================================
[2026-08-06T09:03:28.988+0000] {manager.py:878} INFO - 
================================================================================
DAG File Processing Stats

File Path                                     PID    Runtime      # DAGs    # Errors  Last Runtime    Last Run
--------------------------------------------  -----  ---------  --------  ----------  --------------  -------------------
/opt/airflow/dags/kafka_batch_to_hdfs_dag.py                           1           0  0.15s           2026-08-06T09:03:06
================================================================================
[2026-08-06T09:03:59.269+0000] {manager.py:878} INFO - 
================================================================================
DAG File Processing Stats

File Path                                     PID    Runtime      # DAGs    # Errors  Last Runtime    Last Run
--------------------------------------------  -----  ---------  --------  ----------  --------------  -------------------
/opt/airflow/dags/kafka_batch_to_hdfs_dag.py                           1           0  0.22s           2026-08-06T09:03:37
================================================================================
[2026-08-06T09:04:29.499+0000] {manager.py:878} INFO - 
================================================================================
DAG File Processing Stats

File Path                                     PID    Runtime      # DAGs    # Errors  Last Runtime    Last Run
--------------------------------------------  -----  ---------  --------  ----------  --------------  -------------------
/opt/airflow/dags/kafka_batch_to_hdfs_dag.py                           1           0  0.15s           2026-08-06T09:04:07
================================================================================
[2026-08-06T09:04:59.804+0000] {manager.py:878} INFO - 
================================================================================
DAG File Processing Stats

File Path                                     PID    Runtime      # DAGs    # Errors  Last Runtime    Last Run
--------------------------------------------  -----  ---------  --------  ----------  --------------  -------------------
/opt/airflow/dags/kafka_batch_to_hdfs_dag.py                           1           0  0.14s           2026-08-06T09:04:37
================================================================================
[2026-08-06T09:05:30.038+0000] {manager.py:878} INFO - 
================================================================================
DAG File Processing Stats

File Path                                     PID    Runtime      # DAGs    # Errors  Last Runtime    Last Run
--------------------------------------------  -----  ---------  --------  ----------  --------------  -------------------
/opt/airflow/dags/kafka_batch_to_hdfs_dag.py                           1           0  0.33s           2026-08-06T09:05:08
================================================================================
[2026-08-06T09:06:00.577+0000] {manager.py:878} INFO - 
================================================================================
DAG File Processing Stats

File Path                                     PID    Runtime      # DAGs    # Errors  Last Runtime    Last Run
--------------------------------------------  -----  ---------  --------  ----------  --------------  -------------------
/opt/airflow/dags/kafka_batch_to_hdfs_dag.py                           1           0  0.15s           2026-08-06T09:05:38
================================================================================
[2026-08-06T09:06:30.897+0000] {manager.py:878} INFO - 
================================================================================
DAG File Processing Stats

File Path                                     PID    Runtime      # DAGs    # Errors  Last Runtime    Last Run
--------------------------------------------  -----  ---------  --------  ----------  --------------  -------------------
/opt/airflow/dags/kafka_batch_to_hdfs_dag.py                           1           0  0.14s           2026-08-06T09:06:08
================================================================================
[2026-08-06T09:06:55.088+0000] {manager.py:737} INFO - Searching for files in /opt/airflow/dags
[2026-08-06T09:06:55.107+0000] {manager.py:740} INFO - There are 1 files in /opt/airflow/dags
[2026-08-06T09:07:01.162+0000] {manager.py:878} INFO - 
================================================================================
DAG File Processing Stats

File Path                                     PID    Runtime      # DAGs    # Errors  Last Runtime    Last Run
--------------------------------------------  -----  ---------  --------  ----------  --------------  -------------------
/opt/airflow/dags/kafka_batch_to_hdfs_dag.py                           1           0  0.27s           2026-08-06T09:06:39
================================================================================
[2026-08-06T09:08:15.727+0000] {manager.py:470} INFO - Processing files using up to 2 processes at a time 
[2026-08-06T09:08:15.729+0000] {manager.py:471} INFO - Process each file at most once every 30 seconds
[2026-08-06T09:08:15.730+0000] {manager.py:472} INFO - Checking for new files in /opt/airflow/dags every 300 seconds
[2026-08-06T09:08:15.732+0000] {manager.py:737} INFO - Searching for files in /opt/airflow/dags
[2026-08-06T09:08:15.751+0000] {manager.py:740} INFO - There are 1 files in /opt/airflow/dags
[2026-08-06T09:08:15.906+0000] {manager.py:878} INFO - 
================================================================================
DAG File Processing Stats

File Path                                       PID  Runtime      # DAGs    # Errors  Last Runtime    Last Run
--------------------------------------------  -----  ---------  --------  ----------  --------------  ----------
/opt/airflow/dags/kafka_batch_to_hdfs_dag.py     52  0.06s             0           0
================================================================================
[2026-08-06T09:08:46.188+0000] {manager.py:878} INFO - 
================================================================================
DAG File Processing Stats

File Path                                     PID    Runtime      # DAGs    # Errors  Last Runtime    Last Run
--------------------------------------------  -----  ---------  --------  ----------  --------------  -------------------
/opt/airflow/dags/kafka_batch_to_hdfs_dag.py                           1           0  0.43s           2026-08-06T09:08:16
================================================================================
[2026-08-06T09:09:16.625+0000] {manager.py:878} INFO - 
================================================================================
DAG File Processing Stats

File Path                                     PID    Runtime      # DAGs    # Errors  Last Runtime    Last Run
--------------------------------------------  -----  ---------  --------  ----------  --------------  -------------------
/opt/airflow/dags/kafka_batch_to_hdfs_dag.py                           1           0  0.17s           2026-08-06T09:08:46
================================================================================
[2026-08-06T09:09:46.988+0000] {manager.py:878} INFO - 
================================================================================
DAG File Processing Stats

File Path                                       PID  Runtime      # DAGs    # Errors  Last Runtime    Last Run
--------------------------------------------  -----  ---------  --------  ----------  --------------  -------------------
/opt/airflow/dags/kafka_batch_to_hdfs_dag.py     83  0.00s             1           0  0.14s           2026-08-06T09:09:16
================================================================================
[2026-08-06T09:10:17.483+0000] {manager.py:878} INFO - 
================================================================================
DAG File Processing Stats

File Path                                       PID  Runtime      # DAGs    # Errors  Last Runtime    Last Run
--------------------------------------------  -----  ---------  --------  ----------  --------------  -------------------
/opt/airflow/dags/kafka_batch_to_hdfs_dag.py     94  0.01s             1           0  0.17s           2026-08-06T09:09:47
================================================================================
[2026-08-06T09:10:47.687+0000] {manager.py:878} INFO - 
================================================================================
DAG File Processing Stats

File Path                                     PID    Runtime      # DAGs    # Errors  Last Runtime    Last Run
--------------------------------------------  -----  ---------  --------  ----------  --------------  -------------------
/opt/airflow/dags/kafka_batch_to_hdfs_dag.py                           1           0  0.27s           2026-08-06T09:10:17
================================================================================
[2026-08-06T09:11:18.150+0000] {manager.py:878} INFO - 
================================================================================
DAG File Processing Stats

File Path                                       PID  Runtime      # DAGs    # Errors  Last Runtime    Last Run
--------------------------------------------  -----  ---------  --------  ----------  --------------  -------------------
/opt/airflow/dags/kafka_batch_to_hdfs_dag.py     96  0.00s             1           0  0.15s           2026-08-06T09:10:48
================================================================================
[2026-08-06T09:11:48.366+0000] {manager.py:878} INFO - 
================================================================================
DAG File Processing Stats

File Path                                       PID  Runtime      # DAGs    # Errors  Last Runtime    Last Run
--------------------------------------------  -----  ---------  --------  ----------  --------------  -------------------
/opt/airflow/dags/kafka_batch_to_hdfs_dag.py     97  0.02s             1           0  0.13s           2026-08-06T09:11:18
================================================================================
[2026-08-06T09:12:18.684+0000] {manager.py:878} INFO - 
================================================================================
DAG File Processing Stats

File Path                                       PID  Runtime      # DAGs    # Errors  Last Runtime    Last Run
--------------------------------------------  -----  ---------  --------  ----------  --------------  -------------------
/opt/airflow/dags/kafka_batch_to_hdfs_dag.py     98  0.00s             1           0  0.16s           2026-08-06T09:11:48
================================================================================
[2026-08-06T09:12:48.903+0000] {manager.py:878} INFO - 
================================================================================
DAG File Processing Stats

File Path                                       PID  Runtime      # DAGs    # Errors  Last Runtime    Last Run
--------------------------------------------  -----  ---------  --------  ----------  --------------  -------------------
/opt/airflow/dags/kafka_batch_to_hdfs_dag.py     99  0.00s             1           0  0.17s           2026-08-06T09:12:18
================================================================================
[2026-08-06T09:13:16.194+0000] {manager.py:737} INFO - Searching for files in /opt/airflow/dags
[2026-08-06T09:13:16.233+0000] {manager.py:740} INFO - There are 1 files in /opt/airflow/dags
[2026-08-06T09:13:19.283+0000] {manager.py:878} INFO - 
================================================================================
DAG File Processing Stats

File Path                                       PID  Runtime      # DAGs    # Errors  Last Runtime    Last Run
--------------------------------------------  -----  ---------  --------  ----------  --------------  -------------------
/opt/airflow/dags/kafka_batch_to_hdfs_dag.py    100  0.00s             1           0  0.12s           2026-08-06T09:12:49
================================================================================
[2026-08-06T09:13:49.499+0000] {manager.py:878} INFO - 
================================================================================
DAG File Processing Stats

File Path                                       PID  Runtime      # DAGs    # Errors  Last Runtime    Last Run
--------------------------------------------  -----  ---------  --------  ----------  --------------  -------------------
/opt/airflow/dags/kafka_batch_to_hdfs_dag.py    101  0.00s             1           0  0.14s           2026-08-06T09:13:19
================================================================================
[2026-08-06T09:14:19.741+0000] {manager.py:878} INFO - 
================================================================================
DAG File Processing Stats

File Path                                       PID  Runtime      # DAGs    # Errors  Last Runtime    Last Run
--------------------------------------------  -----  ---------  --------  ----------  --------------  -------------------
/opt/airflow/dags/kafka_batch_to_hdfs_dag.py    102  0.00s             1           0  0.19s           2026-08-06T09:13:49
================================================================================
[2026-08-06T09:14:49.907+0000] {manager.py:878} INFO - 
================================================================================
DAG File Processing Stats

File Path                                       PID  Runtime      # DAGs    # Errors  Last Runtime    Last Run
--------------------------------------------  -----  ---------  --------  ----------  --------------  -------------------
/opt/airflow/dags/kafka_batch_to_hdfs_dag.py    103  0.00s             1           0  0.14s           2026-08-06T09:14:19
================================================================================
[2026-08-06T09:15:20.274+0000] {manager.py:878} INFO - 
================================================================================
DAG File Processing Stats

File Path                                       PID  Runtime      # DAGs    # Errors  Last Runtime    Last Run
--------------------------------------------  -----  ---------  --------  ----------  --------------  -------------------
/opt/airflow/dags/kafka_batch_to_hdfs_dag.py    113  0.01s             1           0  0.13s           2026-08-06T09:14:50
================================================================================
[2026-08-06T09:15:50.490+0000] {manager.py:878} INFO - 
================================================================================
DAG File Processing Stats

File Path                                       PID  Runtime      # DAGs    # Errors  Last Runtime    Last Run
--------------------------------------------  -----  ---------  --------  ----------  --------------  -------------------
/opt/airflow/dags/kafka_batch_to_hdfs_dag.py    114  0.01s             1           0  0.15s           2026-08-06T09:15:20
================================================================================
[2026-08-06T09:16:20.831+0000] {manager.py:878} INFO - 
================================================================================
DAG File Processing Stats

File Path                                       PID  Runtime      # DAGs    # Errors  Last Runtime    Last Run
--------------------------------------------  -----  ---------  --------  ----------  --------------  -------------------
/opt/airflow/dags/kafka_batch_to_hdfs_dag.py    115  0.00s             1           0  0.16s           2026-08-06T09:15:50
================================================================================
[2026-08-06T09:16:51.031+0000] {manager.py:878} INFO - 
================================================================================
DAG File Processing Stats

File Path                                       PID  Runtime      # DAGs    # Errors  Last Runtime    Last Run
--------------------------------------------  -----  ---------  --------  ----------  --------------  -------------------
/opt/airflow/dags/kafka_batch_to_hdfs_dag.py    116  0.00s             1           0  0.15s           2026-08-06T09:16:20
================================================================================
[2026-08-06T09:17:21.362+0000] {manager.py:878} INFO - 
================================================================================
DAG File Processing Stats

File Path                                       PID  Runtime      # DAGs    # Errors  Last Runtime    Last Run
--------------------------------------------  -----  ---------  --------  ----------  --------------  -------------------
/opt/airflow/dags/kafka_batch_to_hdfs_dag.py    117  0.00s             1           0  0.14s           2026-08-06T09:16:51
================================================================================
[2026-08-06T09:17:51.581+0000] {manager.py:878} INFO - 
================================================================================
DAG File Processing Stats

File Path                                       PID  Runtime      # DAGs    # Errors  Last Runtime    Last Run
--------------------------------------------  -----  ---------  --------  ----------  --------------  -------------------
/opt/airflow/dags/kafka_batch_to_hdfs_dag.py    118  0.01s             1           0  0.15s           2026-08-06T09:17:21
================================================================================
[2026-08-06T09:18:16.870+0000] {manager.py:737} INFO - Searching for files in /opt/airflow/dags
[2026-08-06T09:18:16.898+0000] {manager.py:740} INFO - There are 1 files in /opt/airflow/dags
[2026-08-06T09:18:21.955+0000] {manager.py:878} INFO - 
================================================================================
DAG File Processing Stats

File Path                                       PID  Runtime      # DAGs    # Errors  Last Runtime    Last Run
--------------------------------------------  -----  ---------  --------  ----------  --------------  -------------------
/opt/airflow/dags/kafka_batch_to_hdfs_dag.py    119  0.00s             1           0  0.14s           2026-08-06T09:17:51
================================================================================
[2026-08-06T09:18:52.137+0000] {manager.py:878} INFO - 
================================================================================
DAG File Processing Stats

File Path                                       PID  Runtime      # DAGs    # Errors  Last Runtime    Last Run
--------------------------------------------  -----  ---------  --------  ----------  --------------  -------------------
/opt/airflow/dags/kafka_batch_to_hdfs_dag.py    120  0.01s             1           0  0.16s           2026-08-06T09:18:22
================================================================================
[2026-08-06T09:19:22.465+0000] {manager.py:878} INFO - 
================================================================================
DAG File Processing Stats

File Path                                       PID  Runtime      # DAGs    # Errors  Last Runtime    Last Run
--------------------------------------------  -----  ---------  --------  ----------  --------------  -------------------
/opt/airflow/dags/kafka_batch_to_hdfs_dag.py    121  0.00s             1           0  0.15s           2026-08-06T09:18:52
================================================================================
[2026-08-06T09:19:52.663+0000] {manager.py:878} INFO - 
================================================================================
DAG File Processing Stats

File Path                                       PID  Runtime      # DAGs    # Errors  Last Runtime    Last Run
--------------------------------------------  -----  ---------  --------  ----------  --------------  -------------------
/opt/airflow/dags/kafka_batch_to_hdfs_dag.py    122  0.00s             1           0  0.14s           2026-08-06T09:19:22
================================================================================
[2026-08-06T09:20:22.981+0000] {manager.py:878} INFO - 
================================================================================
DAG File Processing Stats

File Path                                       PID  Runtime      # DAGs    # Errors  Last Runtime    Last Run
--------------------------------------------  -----  ---------  --------  ----------  --------------  -------------------
/opt/airflow/dags/kafka_batch_to_hdfs_dag.py    132  0.00s             1           0  0.13s           2026-08-06T09:19:52
================================================================================
[2026-08-06T09:20:53.182+0000] {manager.py:878} INFO - 
================================================================================
DAG File Processing Stats

File Path                                       PID  Runtime      # DAGs    # Errors  Last Runtime    Last Run
--------------------------------------------  -----  ---------  --------  ----------  --------------  -------------------
/opt/airflow/dags/kafka_batch_to_hdfs_dag.py    133  0.00s             1           0  0.13s           2026-08-06T09:20:23
================================================================================
[2026-08-06T09:21:23.512+0000] {manager.py:878} INFO - 
================================================================================
DAG File Processing Stats

File Path                                       PID  Runtime      # DAGs    # Errors  Last Runtime    Last Run
--------------------------------------------  -----  ---------  --------  ----------  --------------  -------------------
/opt/airflow/dags/kafka_batch_to_hdfs_dag.py    134  0.01s             1           0  0.17s           2026-08-06T09:20:53
================================================================================
[2026-08-06T09:21:53.798+0000] {manager.py:878} INFO - 
================================================================================
DAG File Processing Stats

File Path                                       PID  Runtime      # DAGs    # Errors  Last Runtime    Last Run
--------------------------------------------  -----  ---------  --------  ----------  --------------  -------------------
/opt/airflow/dags/kafka_batch_to_hdfs_dag.py    135  0.00s             1           0  0.14s           2026-08-06T09:21:23
================================================================================
[2026-08-06T09:22:24.064+0000] {manager.py:878} INFO - 
================================================================================
DAG File Processing Stats

File Path                                       PID  Runtime      # DAGs    # Errors  Last Runtime    Last Run
--------------------------------------------  -----  ---------  --------  ----------  --------------  -------------------
/opt/airflow/dags/kafka_batch_to_hdfs_dag.py    136  0.00s             1           0  0.14s           2026-08-06T09:21:53
================================================================================
[2026-08-06T09:22:54.396+0000] {manager.py:878} INFO - 
================================================================================
DAG File Processing Stats

File Path                                       PID  Runtime      # DAGs    # Errors  Last Runtime    Last Run
--------------------------------------------  -----  ---------  --------  ----------  --------------  -------------------
/opt/airflow/dags/kafka_batch_to_hdfs_dag.py    137  0.00s             1           0  0.14s           2026-08-06T09:22:24
================================================================================
[2026-08-06T09:23:17.547+0000] {manager.py:737} INFO - Searching for files in /opt/airflow/dags
[2026-08-06T09:23:17.565+0000] {manager.py:740} INFO - There are 1 files in /opt/airflow/dags
[2026-08-06T09:23:24.630+0000] {manager.py:878} INFO - 
================================================================================
DAG File Processing Stats

File Path                                       PID  Runtime      # DAGs    # Errors  Last Runtime    Last Run
--------------------------------------------  -----  ---------  --------  ----------  --------------  -------------------
/opt/airflow/dags/kafka_batch_to_hdfs_dag.py    138  0.00s             1           0  0.13s           2026-08-06T09:22:54
================================================================================
[2026-08-06T09:23:54.978+0000] {manager.py:878} INFO - 
================================================================================
DAG File Processing Stats

File Path                                       PID  Runtime      # DAGs    # Errors  Last Runtime    Last Run
--------------------------------------------  -----  ---------  --------  ----------  --------------  -------------------
/opt/airflow/dags/kafka_batch_to_hdfs_dag.py    139  0.01s             1           0  0.12s           2026-08-06T09:23:24
================================================================================
[2026-08-06T09:24:25.244+0000] {manager.py:878} INFO - 
================================================================================
DAG File Processing Stats

File Path                                       PID  Runtime      # DAGs    # Errors  Last Runtime    Last Run
--------------------------------------------  -----  ---------  --------  ----------  --------------  -------------------
/opt/airflow/dags/kafka_batch_to_hdfs_dag.py    140  0.00s             1           0  0.13s           2026-08-06T09:23:55
================================================================================
[2026-08-06T09:24:55.538+0000] {manager.py:878} INFO - 
================================================================================
DAG File Processing Stats

File Path                                       PID  Runtime      # DAGs    # Errors  Last Runtime    Last Run
--------------------------------------------  -----  ---------  --------  ----------  --------------  -------------------
/opt/airflow/dags/kafka_batch_to_hdfs_dag.py    141  0.00s             1           0  0.12s           2026-08-06T09:24:25
================================================================================
[2026-08-06T09:25:25.756+0000] {manager.py:878} INFO - 
================================================================================
DAG File Processing Stats

File Path                                       PID  Runtime      # DAGs    # Errors  Last Runtime    Last Run
--------------------------------------------  -----  ---------  --------  ----------  --------------  -------------------
/opt/airflow/dags/kafka_batch_to_hdfs_dag.py    151  0.00s             1           0  0.14s           2026-08-06T09:24:55
================================================================================
[2026-08-06T09:25:56.059+0000] {manager.py:878} INFO - 
================================================================================
DAG File Processing Stats

File Path                                       PID  Runtime      # DAGs    # Errors  Last Runtime    Last Run
--------------------------------------------  -----  ---------  --------  ----------  --------------  -------------------
/opt/airflow/dags/kafka_batch_to_hdfs_dag.py    152  0.00s             1           0  0.14s           2026-08-06T09:25:25
================================================================================
[2026-08-06T09:26:26.300+0000] {manager.py:878} INFO - 
================================================================================
DAG File Processing Stats

File Path                                       PID  Runtime      # DAGs    # Errors  Last Runtime    Last Run
--------------------------------------------  -----  ---------  --------  ----------  --------------  -------------------
/opt/airflow/dags/kafka_batch_to_hdfs_dag.py    153  0.01s             1           0  0.15s           2026-08-06T09:25:56
================================================================================
[2026-08-06T09:26:56.568+0000] {manager.py:878} INFO - 
================================================================================
DAG File Processing Stats

File Path                                       PID  Runtime      # DAGs    # Errors  Last Runtime    Last Run
--------------------------------------------  -----  ---------  --------  ----------  --------------  -------------------
/opt/airflow/dags/kafka_batch_to_hdfs_dag.py    154  0.01s             1           0  0.15s           2026-08-06T09:26:26
================================================================================
[2026-08-06T09:27:26.881+0000] {manager.py:878} INFO - 
================================================================================
DAG File Processing Stats

File Path                                       PID  Runtime      # DAGs    # Errors  Last Runtime    Last Run
--------------------------------------------  -----  ---------  --------  ----------  --------------  -------------------
/opt/airflow/dags/kafka_batch_to_hdfs_dag.py    155  0.00s             1           0  0.18s           2026-08-06T09:26:56
================================================================================
[2026-08-06T09:27:57.198+0000] {manager.py:878} INFO - 
================================================================================
DAG File Processing Stats

File Path                                     PID    Runtime      # DAGs    # Errors  Last Runtime    Last Run
--------------------------------------------  -----  ---------  --------  ----------  --------------  -------------------
/opt/airflow/dags/kafka_batch_to_hdfs_dag.py                           1           0  0.24s           2026-08-06T09:27:56
================================================================================
[2026-08-06T09:28:17.707+0000] {manager.py:737} INFO - Searching for files in /opt/airflow/dags
[2026-08-06T09:28:17.741+0000] {manager.py:740} INFO - There are 1 files in /opt/airflow/dags
[2026-08-06T09:28:27.920+0000] {manager.py:878} INFO - 
================================================================================
DAG File Processing Stats

File Path                                     PID    Runtime      # DAGs    # Errors  Last Runtime    Last Run
--------------------------------------------  -----  ---------  --------  ----------  --------------  -------------------
/opt/airflow/dags/kafka_batch_to_hdfs_dag.py                           1           0  0.26s           2026-08-06T09:28:27
================================================================================
[2026-08-06T09:28:58.244+0000] {manager.py:878} INFO - 
================================================================================
DAG File Processing Stats

File Path                                     PID    Runtime      # DAGs    # Errors  Last Runtime    Last Run
--------------------------------------------  -----  ---------  --------  ----------  --------------  -------------------
/opt/airflow/dags/kafka_batch_to_hdfs_dag.py                           1           0  0.16s           2026-08-06T09:28:57
================================================================================
[2026-08-06T09:29:28.472+0000] {manager.py:878} INFO - 
================================================================================
DAG File Processing Stats

File Path                                     PID    Runtime      # DAGs    # Errors  Last Runtime    Last Run
--------------------------------------------  -----  ---------  --------  ----------  --------------  -------------------
/opt/airflow/dags/kafka_batch_to_hdfs_dag.py                           1           0  0.14s           2026-08-06T09:29:27
================================================================================
[2026-08-06T09:29:58.791+0000] {manager.py:878} INFO - 
================================================================================
DAG File Processing Stats

File Path                                     PID    Runtime      # DAGs    # Errors  Last Runtime    Last Run
--------------------------------------------  -----  ---------  --------  ----------  --------------  -------------------
/opt/airflow/dags/kafka_batch_to_hdfs_dag.py                           1           0  0.17s           2026-08-06T09:29:57
================================================================================
[2026-08-06T09:30:29.026+0000] {manager.py:878} INFO - 
================================================================================
DAG File Processing Stats

File Path                                     PID    Runtime      # DAGs    # Errors  Last Runtime    Last Run
--------------------------------------------  -----  ---------  --------  ----------  --------------  -------------------
/opt/airflow/dags/kafka_batch_to_hdfs_dag.py                           1           0  0.16s           2026-08-06T09:30:28
================================================================================
[2026-08-06T09:30:59.338+0000] {manager.py:878} INFO - 
================================================================================
DAG File Processing Stats

File Path                                     PID    Runtime      # DAGs    # Errors  Last Runtime    Last Run
--------------------------------------------  -----  ---------  --------  ----------  --------------  -------------------
/opt/airflow/dags/kafka_batch_to_hdfs_dag.py                           1           0  0.21s           2026-08-06T09:30:58
================================================================================
[2026-08-06T09:31:29.639+0000] {manager.py:878} INFO - 
================================================================================
DAG File Processing Stats

File Path                                     PID    Runtime      # DAGs    # Errors  Last Runtime    Last Run
--------------------------------------------  -----  ---------  --------  ----------  --------------  -------------------
/opt/airflow/dags/kafka_batch_to_hdfs_dag.py                           1           0  0.18s           2026-08-06T09:31:28
================================================================================
[2026-08-06T09:31:59.958+0000] {manager.py:878} INFO - 
================================================================================
DAG File Processing Stats

File Path                                     PID    Runtime      # DAGs    # Errors  Last Runtime    Last Run
--------------------------------------------  -----  ---------  --------  ----------  --------------  -------------------
/opt/airflow/dags/kafka_batch_to_hdfs_dag.py                           1           0  0.18s           2026-08-06T09:31:58
================================================================================
[2026-08-06T09:32:30.188+0000] {manager.py:878} INFO - 
================================================================================
DAG File Processing Stats

File Path                                     PID    Runtime      # DAGs    # Errors  Last Runtime    Last Run
--------------------------------------------  -----  ---------  --------  ----------  --------------  -------------------
/opt/airflow/dags/kafka_batch_to_hdfs_dag.py                           1           0  0.13s           2026-08-06T09:32:29
================================================================================
[2026-08-06T09:33:00.493+0000] {manager.py:878} INFO - 
================================================================================
DAG File Processing Stats

File Path                                     PID    Runtime      # DAGs    # Errors  Last Runtime    Last Run
--------------------------------------------  -----  ---------  --------  ----------  --------------  -------------------
/opt/airflow/dags/kafka_batch_to_hdfs_dag.py                           1           0  0.13s           2026-08-06T09:32:59
================================================================================
[2026-08-06T09:33:18.604+0000] {manager.py:737} INFO - Searching for files in /opt/airflow/dags
[2026-08-06T09:33:18.628+0000] {manager.py:740} INFO - There are 1 files in /opt/airflow/dags
[2026-08-06T09:33:30.795+0000] {manager.py:878} INFO - 
================================================================================
DAG File Processing Stats

File Path                                     PID    Runtime      # DAGs    # Errors  Last Runtime    Last Run
--------------------------------------------  -----  ---------  --------  ----------  --------------  -------------------
/opt/airflow/dags/kafka_batch_to_hdfs_dag.py                           1           0  0.20s           2026-08-06T09:33:29
================================================================================
[2026-08-06T09:34:01.120+0000] {manager.py:878} INFO - 
================================================================================
DAG File Processing Stats

File Path                                     PID    Runtime      # DAGs    # Errors  Last Runtime    Last Run
--------------------------------------------  -----  ---------  --------  ----------  --------------  -------------------
/opt/airflow/dags/kafka_batch_to_hdfs_dag.py                           1           0  0.17s           2026-08-06T09:34:00
================================================================================
[2026-08-06T09:34:31.536+0000] {manager.py:878} INFO - 
================================================================================
DAG File Processing Stats

File Path                                     PID    Runtime      # DAGs    # Errors  Last Runtime    Last Run
--------------------------------------------  -----  ---------  --------  ----------  --------------  -------------------
/opt/airflow/dags/kafka_batch_to_hdfs_dag.py                           1           0  0.17s           2026-08-06T09:34:30
================================================================================
[2026-08-06T09:35:01.853+0000] {manager.py:878} INFO - 
================================================================================
DAG File Processing Stats

File Path                                     PID    Runtime      # DAGs    # Errors  Last Runtime    Last Run
--------------------------------------------  -----  ---------  --------  ----------  --------------  -------------------
/opt/airflow/dags/kafka_batch_to_hdfs_dag.py                           1           0  0.15s           2026-08-06T09:35:00
================================================================================
[2026-08-06T09:35:32.173+0000] {manager.py:878} INFO - 
================================================================================
DAG File Processing Stats

File Path                                     PID    Runtime      # DAGs    # Errors  Last Runtime    Last Run
--------------------------------------------  -----  ---------  --------  ----------  --------------  -------------------
/opt/airflow/dags/kafka_batch_to_hdfs_dag.py                           1           0  0.16s           2026-08-06T09:35:31
================================================================================
[2026-08-06T09:36:02.418+0000] {manager.py:878} INFO - 
================================================================================
DAG File Processing Stats

File Path                                     PID    Runtime      # DAGs    # Errors  Last Runtime    Last Run
--------------------------------------------  -----  ---------  --------  ----------  --------------  -------------------
/opt/airflow/dags/kafka_batch_to_hdfs_dag.py                           1           0  0.16s           2026-08-06T09:36:01
================================================================================
[2026-08-06T09:36:32.739+0000] {manager.py:878} INFO - 
================================================================================
DAG File Processing Stats

File Path                                     PID    Runtime      # DAGs    # Errors  Last Runtime    Last Run
--------------------------------------------  -----  ---------  --------  ----------  --------------  -------------------
/opt/airflow/dags/kafka_batch_to_hdfs_dag.py                           1           0  0.15s           2026-08-06T09:36:31
================================================================================
[2026-08-06T09:37:02.949+0000] {manager.py:878} INFO - 
================================================================================
DAG File Processing Stats

File Path                                     PID    Runtime      # DAGs    # Errors  Last Runtime    Last Run
--------------------------------------------  -----  ---------  --------  ----------  --------------  -------------------
/opt/airflow/dags/kafka_batch_to_hdfs_dag.py                           1           0  0.16s           2026-08-06T09:37:02
================================================================================
[2026-08-06T09:37:33.264+0000] {manager.py:878} INFO - 
================================================================================
DAG File Processing Stats

File Path                                     PID    Runtime      # DAGs    # Errors  Last Runtime    Last Run
--------------------------------------------  -----  ---------  --------  ----------  --------------  -------------------
/opt/airflow/dags/kafka_batch_to_hdfs_dag.py                           1           0  0.16s           2026-08-06T09:37:32
================================================================================
[2026-08-06T09:38:03.506+0000] {manager.py:878} INFO - 
================================================================================
DAG File Processing Stats

File Path                                     PID    Runtime      # DAGs    # Errors  Last Runtime    Last Run
--------------------------------------------  -----  ---------  --------  ----------  --------------  -------------------
/opt/airflow/dags/kafka_batch_to_hdfs_dag.py                           1           0  0.13s           2026-08-06T09:38:02
================================================================================
[2026-08-06T09:38:18.609+0000] {manager.py:737} INFO - Searching for files in /opt/airflow/dags
[2026-08-06T09:38:18.633+0000] {manager.py:740} INFO - There are 1 files in /opt/airflow/dags
[2026-08-06T09:38:33.791+0000] {manager.py:878} INFO - 
================================================================================
DAG File Processing Stats

File Path                                     PID    Runtime      # DAGs    # Errors  Last Runtime    Last Run
--------------------------------------------  -----  ---------  --------  ----------  --------------  -------------------
/opt/airflow/dags/kafka_batch_to_hdfs_dag.py                           1           0  0.14s           2026-08-06T09:38:32
================================================================================
[2026-08-06T09:39:04.107+0000] {manager.py:878} INFO - 
================================================================================
DAG File Processing Stats

File Path                                     PID    Runtime      # DAGs    # Errors  Last Runtime    Last Run
--------------------------------------------  -----  ---------  --------  ----------  --------------  -------------------
/opt/airflow/dags/kafka_batch_to_hdfs_dag.py                           1           0  0.14s           2026-08-06T09:39:03
================================================================================
[2026-08-06T09:39:34.353+0000] {manager.py:878} INFO - 
================================================================================
DAG File Processing Stats

File Path                                     PID    Runtime      # DAGs    # Errors  Last Runtime    Last Run
--------------------------------------------  -----  ---------  --------  ----------  --------------  -------------------
/opt/airflow/dags/kafka_batch_to_hdfs_dag.py                           1           0  0.13s           2026-08-06T09:39:33
================================================================================
[2026-08-06T09:40:04.652+0000] {manager.py:878} INFO - 
================================================================================
DAG File Processing Stats

File Path                                     PID    Runtime      # DAGs    # Errors  Last Runtime    Last Run
--------------------------------------------  -----  ---------  --------  ----------  --------------  -------------------
/opt/airflow/dags/kafka_batch_to_hdfs_dag.py                           1           0  0.19s           2026-08-06T09:40:03
================================================================================
[2026-08-06T09:40:34.977+0000] {manager.py:878} INFO - 
================================================================================
DAG File Processing Stats

File Path                                     PID    Runtime      # DAGs    # Errors  Last Runtime    Last Run
--------------------------------------------  -----  ---------  --------  ----------  --------------  -------------------
/opt/airflow/dags/kafka_batch_to_hdfs_dag.py                           1           0  0.17s           2026-08-06T09:40:34
================================================================================
[2026-08-06T09:41:05.245+0000] {manager.py:878} INFO - 
================================================================================
DAG File Processing Stats

File Path                                     PID    Runtime      # DAGs    # Errors  Last Runtime    Last Run
--------------------------------------------  -----  ---------  --------  ----------  --------------  -------------------
/opt/airflow/dags/kafka_batch_to_hdfs_dag.py                           1           0  0.14s           2026-08-06T09:41:04
================================================================================
[2026-08-06T09:41:35.505+0000] {manager.py:878} INFO - 
================================================================================
DAG File Processing Stats

File Path                                     PID    Runtime      # DAGs    # Errors  Last Runtime    Last Run
--------------------------------------------  -----  ---------  --------  ----------  --------------  -------------------
/opt/airflow/dags/kafka_batch_to_hdfs_dag.py                           1           0  0.14s           2026-08-06T09:41:34
================================================================================
[2026-08-06T09:42:05.852+0000] {manager.py:878} INFO - 
================================================================================
DAG File Processing Stats

File Path                                     PID    Runtime      # DAGs    # Errors  Last Runtime    Last Run
--------------------------------------------  -----  ---------  --------  ----------  --------------  -------------------
/opt/airflow/dags/kafka_batch_to_hdfs_dag.py                           1           0  0.14s           2026-08-06T09:42:04
================================================================================
[2026-08-06T09:42:36.091+0000] {manager.py:878} INFO - 
================================================================================
DAG File Processing Stats

File Path                                     PID    Runtime      # DAGs    # Errors  Last Runtime    Last Run
--------------------------------------------  -----  ---------  --------  ----------  --------------  -------------------
/opt/airflow/dags/kafka_batch_to_hdfs_dag.py                           1           0  0.14s           2026-08-06T09:42:35
================================================================================
[2026-08-06T09:43:06.417+0000] {manager.py:878} INFO - 
================================================================================
DAG File Processing Stats

File Path                                     PID    Runtime      # DAGs    # Errors  Last Runtime    Last Run
--------------------------------------------  -----  ---------  --------  ----------  --------------  -------------------
/opt/airflow/dags/kafka_batch_to_hdfs_dag.py                           1           0  0.14s           2026-08-06T09:43:05
================================================================================
[2026-08-06T09:43:19.507+0000] {manager.py:737} INFO - Searching for files in /opt/airflow/dags
[2026-08-06T09:43:19.537+0000] {manager.py:740} INFO - There are 1 files in /opt/airflow/dags
[2026-08-06T09:43:36.705+0000] {manager.py:878} INFO - 
================================================================================
DAG File Processing Stats

File Path                                     PID    Runtime      # DAGs    # Errors  Last Runtime    Last Run
--------------------------------------------  -----  ---------  --------  ----------  --------------  -------------------
/opt/airflow/dags/kafka_batch_to_hdfs_dag.py                           1           0  0.14s           2026-08-06T09:43:35
================================================================================
[2026-08-06T09:44:07.020+0000] {manager.py:878} INFO - 
================================================================================
DAG File Processing Stats

File Path                                     PID    Runtime      # DAGs    # Errors  Last Runtime    Last Run
--------------------------------------------  -----  ---------  --------  ----------  --------------  -------------------
/opt/airflow/dags/kafka_batch_to_hdfs_dag.py                           1           0  0.16s           2026-08-06T09:44:06
================================================================================
[2026-08-06T09:44:37.287+0000] {manager.py:878} INFO - 
================================================================================
DAG File Processing Stats

File Path                                     PID    Runtime      # DAGs    # Errors  Last Runtime    Last Run
--------------------------------------------  -----  ---------  --------  ----------  --------------  -------------------
/opt/airflow/dags/kafka_batch_to_hdfs_dag.py                           1           0  0.13s           2026-08-06T09:44:36
================================================================================
[2026-08-06T09:45:07.548+0000] {manager.py:878} INFO - 
================================================================================
DAG File Processing Stats

File Path                                     PID    Runtime      # DAGs    # Errors  Last Runtime    Last Run
--------------------------------------------  -----  ---------  --------  ----------  --------------  -------------------
/opt/airflow/dags/kafka_batch_to_hdfs_dag.py                           1           0  0.24s           2026-08-06T09:45:06
================================================================================
[2026-08-06T09:45:37.930+0000] {manager.py:878} INFO - 
================================================================================
DAG File Processing Stats

File Path                                     PID    Runtime      # DAGs    # Errors  Last Runtime    Last Run
--------------------------------------------  -----  ---------  --------  ----------  --------------  -------------------
/opt/airflow/dags/kafka_batch_to_hdfs_dag.py                           1           0  0.18s           2026-08-06T09:45:36
================================================================================
[2026-08-06T09:46:08.163+0000] {manager.py:878} INFO - 
================================================================================
DAG File Processing Stats

File Path                                     PID    Runtime      # DAGs    # Errors  Last Runtime    Last Run
--------------------------------------------  -----  ---------  --------  ----------  --------------  -------------------
/opt/airflow/dags/kafka_batch_to_hdfs_dag.py                           1           0  0.16s           2026-08-06T09:46:07
================================================================================
[2026-08-06T09:46:38.491+0000] {manager.py:878} INFO - 
================================================================================
DAG File Processing Stats

File Path                                     PID    Runtime      # DAGs    # Errors  Last Runtime    Last Run
--------------------------------------------  -----  ---------  --------  ----------  --------------  -------------------
/opt/airflow/dags/kafka_batch_to_hdfs_dag.py                           1           0  0.17s           2026-08-06T09:46:37
================================================================================
[2026-08-06T09:47:08.763+0000] {manager.py:878} INFO - 
================================================================================
DAG File Processing Stats

File Path                                     PID    Runtime      # DAGs    # Errors  Last Runtime    Last Run
--------------------------------------------  -----  ---------  --------  ----------  --------------  -------------------
/opt/airflow/dags/kafka_batch_to_hdfs_dag.py                           1           0  0.15s           2026-08-06T09:47:07
================================================================================
[2026-08-06T09:47:39.070+0000] {manager.py:878} INFO - 
================================================================================
DAG File Processing Stats

File Path                                     PID    Runtime      # DAGs    # Errors  Last Runtime    Last Run
--------------------------------------------  -----  ---------  --------  ----------  --------------  -------------------
/opt/airflow/dags/kafka_batch_to_hdfs_dag.py                           1           0  0.14s           2026-08-06T09:47:38
================================================================================
[2026-08-06T09:48:09.342+0000] {manager.py:878} INFO - 
================================================================================
DAG File Processing Stats

File Path                                     PID    Runtime      # DAGs    # Errors  Last Runtime    Last Run
--------------------------------------------  -----  ---------  --------  ----------  --------------  -------------------
/opt/airflow/dags/kafka_batch_to_hdfs_dag.py                           1           0  0.19s           2026-08-06T09:48:08
================================================================================
[2026-08-06T09:48:19.560+0000] {manager.py:737} INFO - Searching for files in /opt/airflow/dags
[2026-08-06T09:48:19.586+0000] {manager.py:740} INFO - There are 1 files in /opt/airflow/dags
[2026-08-06T09:48:39.553+0000] {manager.py:878} INFO - 
================================================================================
DAG File Processing Stats

File Path                                     PID    Runtime      # DAGs    # Errors  Last Runtime    Last Run
--------------------------------------------  -----  ---------  --------  ----------  --------------  -------------------
/opt/airflow/dags/kafka_batch_to_hdfs_dag.py                           1           0  0.15s           2026-08-06T09:48:38
================================================================================
[2026-08-06T09:49:09.884+0000] {manager.py:878} INFO - 
================================================================================
DAG File Processing Stats

File Path                                     PID    Runtime      # DAGs    # Errors  Last Runtime    Last Run
--------------------------------------------  -----  ---------  --------  ----------  --------------  -------------------
/opt/airflow/dags/kafka_batch_to_hdfs_dag.py                           1           0  0.16s           2026-08-06T09:49:08
================================================================================
[2026-08-06T09:49:40.106+0000] {manager.py:878} INFO - 
================================================================================
DAG File Processing Stats

File Path                                     PID    Runtime      # DAGs    # Errors  Last Runtime    Last Run
--------------------------------------------  -----  ---------  --------  ----------  --------------  -------------------
/opt/airflow/dags/kafka_batch_to_hdfs_dag.py                           1           0  0.15s           2026-08-06T09:49:39
================================================================================
[2026-08-06T09:50:10.446+0000] {manager.py:878} INFO - 
================================================================================
DAG File Processing Stats

File Path                                     PID    Runtime      # DAGs    # Errors  Last Runtime    Last Run
--------------------------------------------  -----  ---------  --------  ----------  --------------  -------------------
/opt/airflow/dags/kafka_batch_to_hdfs_dag.py                           1           0  0.21s           2026-08-06T09:50:09
================================================================================
[2026-08-06T09:50:40.643+0000] {manager.py:878} INFO - 
================================================================================
DAG File Processing Stats

File Path                                     PID    Runtime      # DAGs    # Errors  Last Runtime    Last Run
--------------------------------------------  -----  ---------  --------  ----------  --------------  -------------------
/opt/airflow/dags/kafka_batch_to_hdfs_dag.py                           1           0  0.17s           2026-08-06T09:50:39
================================================================================
[2026-08-06T09:51:10.991+0000] {manager.py:878} INFO - 
================================================================================
DAG File Processing Stats

File Path                                     PID    Runtime      # DAGs    # Errors  Last Runtime    Last Run
--------------------------------------------  -----  ---------  --------  ----------  --------------  -------------------
/opt/airflow/dags/kafka_batch_to_hdfs_dag.py                           1           0  0.17s           2026-08-06T09:51:10
================================================================================
[2026-08-06T09:51:41.235+0000] {manager.py:878} INFO - 
================================================================================
DAG File Processing Stats

File Path                                     PID    Runtime      # DAGs    # Errors  Last Runtime    Last Run
--------------------------------------------  -----  ---------  --------  ----------  --------------  -------------------
/opt/airflow/dags/kafka_batch_to_hdfs_dag.py                           1           0  0.15s           2026-08-06T09:51:40
================================================================================
[2026-08-06T09:52:11.529+0000] {manager.py:878} INFO - 
================================================================================
DAG File Processing Stats

File Path                                     PID    Runtime      # DAGs    # Errors  Last Runtime    Last Run
--------------------------------------------  -----  ---------  --------  ----------  --------------  -------------------
/opt/airflow/dags/kafka_batch_to_hdfs_dag.py                           1           0  0.17s           2026-08-06T09:52:10
================================================================================
[2026-08-06T09:52:41.776+0000] {manager.py:878} INFO - 
================================================================================
DAG File Processing Stats

File Path                                     PID    Runtime      # DAGs    # Errors  Last Runtime    Last Run
--------------------------------------------  -----  ---------  --------  ----------  --------------  -------------------
/opt/airflow/dags/kafka_batch_to_hdfs_dag.py                           1           0  0.15s           2026-08-06T09:52:40
================================================================================
[2026-08-06T09:53:12.071+0000] {manager.py:878} INFO - 
================================================================================
DAG File Processing Stats

File Path                                     PID    Runtime      # DAGs    # Errors  Last Runtime    Last Run
--------------------------------------------  -----  ---------  --------  ----------  --------------  -------------------
/opt/airflow/dags/kafka_batch_to_hdfs_dag.py                           1           0  0.16s           2026-08-06T09:53:11
================================================================================
[2026-08-06T09:53:20.122+0000] {manager.py:737} INFO - Searching for files in /opt/airflow/dags
[2026-08-06T09:53:20.147+0000] {manager.py:740} INFO - There are 1 files in /opt/airflow/dags
[2026-08-06T09:53:42.330+0000] {manager.py:878} INFO - 
================================================================================
DAG File Processing Stats

File Path                                     PID    Runtime      # DAGs    # Errors  Last Runtime    Last Run
--------------------------------------------  -----  ---------  --------  ----------  --------------  -------------------
/opt/airflow/dags/kafka_batch_to_hdfs_dag.py                           1           0  0.14s           2026-08-06T09:53:41
================================================================================
[2026-08-06T09:54:12.597+0000] {manager.py:878} INFO - 
================================================================================
DAG File Processing Stats

File Path                                     PID    Runtime      # DAGs    # Errors  Last Runtime    Last Run
--------------------------------------------  -----  ---------  --------  ----------  --------------  -------------------
/opt/airflow/dags/kafka_batch_to_hdfs_dag.py                           1           0  0.14s           2026-08-06T09:54:11
================================================================================
[2026-08-06T09:54:42.834+0000] {manager.py:878} INFO - 
================================================================================
DAG File Processing Stats

File Path                                     PID    Runtime      # DAGs    # Errors  Last Runtime    Last Run
--------------------------------------------  -----  ---------  --------  ----------  --------------  -------------------
/opt/airflow/dags/kafka_batch_to_hdfs_dag.py                           1           0  0.15s           2026-08-06T09:54:41
================================================================================
[2026-08-06T09:55:13.189+0000] {manager.py:878} INFO - 
================================================================================
DAG File Processing Stats

File Path                                     PID    Runtime      # DAGs    # Errors  Last Runtime    Last Run
--------------------------------------------  -----  ---------  --------  ----------  --------------  -------------------
/opt/airflow/dags/kafka_batch_to_hdfs_dag.py                           1           0  0.25s           2026-08-06T09:55:12
================================================================================
[2026-08-06T09:55:43.435+0000] {manager.py:878} INFO - 
================================================================================
DAG File Processing Stats

File Path                                     PID    Runtime      # DAGs    # Errors  Last Runtime    Last Run
--------------------------------------------  -----  ---------  --------  ----------  --------------  -------------------
/opt/airflow/dags/kafka_batch_to_hdfs_dag.py                           1           0  0.15s           2026-08-06T09:55:42
================================================================================
[2026-08-06T09:56:13.708+0000] {manager.py:878} INFO - 
================================================================================
DAG File Processing Stats

File Path                                     PID    Runtime      # DAGs    # Errors  Last Runtime    Last Run
--------------------------------------------  -----  ---------  --------  ----------  --------------  -------------------
/opt/airflow/dags/kafka_batch_to_hdfs_dag.py                           1           0  0.14s           2026-08-06T09:56:12
================================================================================
[2026-08-06T09:56:43.929+0000] {manager.py:878} INFO - 
================================================================================
DAG File Processing Stats

File Path                                     PID    Runtime      # DAGs    # Errors  Last Runtime    Last Run
--------------------------------------------  -----  ---------  --------  ----------  --------------  -------------------
/opt/airflow/dags/kafka_batch_to_hdfs_dag.py                           1           0  0.15s           2026-08-06T09:56:43
================================================================================
[2026-08-06T09:57:14.282+0000] {manager.py:878} INFO - 
================================================================================
DAG File Processing Stats

File Path                                     PID    Runtime      # DAGs    # Errors  Last Runtime    Last Run
--------------------------------------------  -----  ---------  --------  ----------  --------------  -------------------
/opt/airflow/dags/kafka_batch_to_hdfs_dag.py                           1           0  0.14s           2026-08-06T09:57:13
================================================================================
[2026-08-06T09:57:44.525+0000] {manager.py:878} INFO - 
================================================================================
DAG File Processing Stats

File Path                                     PID    Runtime      # DAGs    # Errors  Last Runtime    Last Run
--------------------------------------------  -----  ---------  --------  ----------  --------------  -------------------
/opt/airflow/dags/kafka_batch_to_hdfs_dag.py                           1           0  0.15s           2026-08-06T09:57:43
================================================================================
[2026-08-06T09:58:14.878+0000] {manager.py:878} INFO - 
================================================================================
DAG File Processing Stats

File Path                                     PID    Runtime      # DAGs    # Errors  Last Runtime    Last Run
--------------------------------------------  -----  ---------  --------  ----------  --------------  -------------------
/opt/airflow/dags/kafka_batch_to_hdfs_dag.py                           1           0  0.17s           2026-08-06T09:58:13
================================================================================
[2026-08-06T09:58:20.930+0000] {manager.py:737} INFO - Searching for files in /opt/airflow/dags
[2026-08-06T09:58:20.956+0000] {manager.py:740} INFO - There are 1 files in /opt/airflow/dags
[2026-08-06T09:58:45.170+0000] {manager.py:878} INFO - 
================================================================================
DAG File Processing Stats

File Path                                     PID    Runtime      # DAGs    # Errors  Last Runtime    Last Run
--------------------------------------------  -----  ---------  --------  ----------  --------------  -------------------
/opt/airflow/dags/kafka_batch_to_hdfs_dag.py                           1           0  0.14s           2026-08-06T09:58:44
================================================================================
[2026-08-06T09:59:15.478+0000] {manager.py:878} INFO - 
================================================================================
DAG File Processing Stats

File Path                                     PID    Runtime      # DAGs    # Errors  Last Runtime    Last Run
--------------------------------------------  -----  ---------  --------  ----------  --------------  -------------------
/opt/airflow/dags/kafka_batch_to_hdfs_dag.py                           1           0  0.15s           2026-08-06T09:59:14
================================================================================
[2026-08-06T09:59:45.732+0000] {manager.py:878} INFO - 
================================================================================
DAG File Processing Stats

File Path                                     PID    Runtime      # DAGs    # Errors  Last Runtime    Last Run
--------------------------------------------  -----  ---------  --------  ----------  --------------  -------------------
/opt/airflow/dags/kafka_batch_to_hdfs_dag.py                           1           0  0.13s           2026-08-06T09:59:44
================================================================================
[2026-08-06T10:00:15.970+0000] {manager.py:878} INFO - 
================================================================================
DAG File Processing Stats

File Path                                     PID    Runtime      # DAGs    # Errors  Last Runtime    Last Run
--------------------------------------------  -----  ---------  --------  ----------  --------------  -------------------
/opt/airflow/dags/kafka_batch_to_hdfs_dag.py                           1           0  0.15s           2026-08-06T10:00:15
================================================================================
[2026-08-06T10:00:46.292+0000] {manager.py:878} INFO - 
================================================================================
DAG File Processing Stats

File Path                                     PID    Runtime      # DAGs    # Errors  Last Runtime    Last Run
--------------------------------------------  -----  ---------  --------  ----------  --------------  -------------------
/opt/airflow/dags/kafka_batch_to_hdfs_dag.py                           1           0  0.15s           2026-08-06T10:00:45
================================================================================
[2026-08-06T10:01:16.527+0000] {manager.py:878} INFO - 
================================================================================
DAG File Processing Stats

File Path                                     PID    Runtime      # DAGs    # Errors  Last Runtime    Last Run
--------------------------------------------  -----  ---------  --------  ----------  --------------  -------------------
/opt/airflow/dags/kafka_batch_to_hdfs_dag.py                           1           0  0.16s           2026-08-06T10:01:15
================================================================================
[2026-08-06T10:01:46.849+0000] {manager.py:878} INFO - 
================================================================================
DAG File Processing Stats

File Path                                     PID    Runtime      # DAGs    # Errors  Last Runtime    Last Run
--------------------------------------------  -----  ---------  --------  ----------  --------------  -------------------
/opt/airflow/dags/kafka_batch_to_hdfs_dag.py                           1           0  0.14s           2026-08-06T10:01:45
================================================================================
[2026-08-06T10:02:17.100+0000] {manager.py:878} INFO - 
================================================================================
DAG File Processing Stats

File Path                                     PID    Runtime      # DAGs    # Errors  Last Runtime    Last Run
--------------------------------------------  -----  ---------  --------  ----------  --------------  -------------------
/opt/airflow/dags/kafka_batch_to_hdfs_dag.py                           1           0  0.13s           2026-08-06T10:02:16
================================================================================
[2026-08-06T10:02:47.399+0000] {manager.py:878} INFO - 
================================================================================
DAG File Processing Stats

File Path                                     PID    Runtime      # DAGs    # Errors  Last Runtime    Last Run
--------------------------------------------  -----  ---------  --------  ----------  --------------  -------------------
/opt/airflow/dags/kafka_batch_to_hdfs_dag.py                           1           0  0.16s           2026-08-06T10:02:46
================================================================================
[2026-08-06T10:03:17.656+0000] {manager.py:878} INFO - 
================================================================================
DAG File Processing Stats

File Path                                     PID    Runtime      # DAGs    # Errors  Last Runtime    Last Run
--------------------------------------------  -----  ---------  --------  ----------  --------------  -------------------
/opt/airflow/dags/kafka_batch_to_hdfs_dag.py                           1           0  0.16s           2026-08-06T10:03:16
================================================================================
[2026-08-06T10:03:21.680+0000] {manager.py:737} INFO - Searching for files in /opt/airflow/dags
[2026-08-06T10:03:21.702+0000] {manager.py:740} INFO - There are 1 files in /opt/airflow/dags
[2026-08-06T10:03:47.979+0000] {manager.py:878} INFO - 
================================================================================
DAG File Processing Stats

File Path                                     PID    Runtime      # DAGs    # Errors  Last Runtime    Last Run
--------------------------------------------  -----  ---------  --------  ----------  --------------  -------------------
/opt/airflow/dags/kafka_batch_to_hdfs_dag.py                           1           0  0.13s           2026-08-06T10:03:47
================================================================================
[2026-08-06T10:04:18.266+0000] {manager.py:878} INFO - 
================================================================================
DAG File Processing Stats

File Path                                     PID    Runtime      # DAGs    # Errors  Last Runtime    Last Run
--------------------------------------------  -----  ---------  --------  ----------  --------------  -------------------
/opt/airflow/dags/kafka_batch_to_hdfs_dag.py                           1           0  0.15s           2026-08-06T10:04:17
================================================================================
[2026-08-06T10:04:48.567+0000] {manager.py:878} INFO - 
================================================================================
DAG File Processing Stats

File Path                                     PID    Runtime      # DAGs    # Errors  Last Runtime    Last Run
--------------------------------------------  -----  ---------  --------  ----------  --------------  -------------------
/opt/airflow/dags/kafka_batch_to_hdfs_dag.py                           1           0  0.13s           2026-08-06T10:04:47
================================================================================
[2026-08-06T10:05:18.852+0000] {manager.py:878} INFO - 
================================================================================
DAG File Processing Stats

File Path                                     PID    Runtime      # DAGs    # Errors  Last Runtime    Last Run
--------------------------------------------  -----  ---------  --------  ----------  --------------  -------------------
/opt/airflow/dags/kafka_batch_to_hdfs_dag.py                           1           0  0.19s           2026-08-06T10:05:17
================================================================================
[2026-08-06T10:05:49.150+0000] {manager.py:878} INFO - 
================================================================================
DAG File Processing Stats

File Path                                     PID    Runtime      # DAGs    # Errors  Last Runtime    Last Run
--------------------------------------------  -----  ---------  --------  ----------  --------------  -------------------
/opt/airflow/dags/kafka_batch_to_hdfs_dag.py                           1           0  0.18s           2026-08-06T10:05:48
================================================================================
[2026-08-06T10:06:19.423+0000] {manager.py:878} INFO - 
================================================================================
DAG File Processing Stats

File Path                                     PID    Runtime      # DAGs    # Errors  Last Runtime    Last Run
--------------------------------------------  -----  ---------  --------  ----------  --------------  -------------------
/opt/airflow/dags/kafka_batch_to_hdfs_dag.py                           1           0  0.14s           2026-08-06T10:06:18
================================================================================
[2026-08-06T10:06:49.765+0000] {manager.py:878} INFO - 
================================================================================
DAG File Processing Stats

File Path                                     PID    Runtime      # DAGs    # Errors  Last Runtime    Last Run
--------------------------------------------  -----  ---------  --------  ----------  --------------  -------------------
/opt/airflow/dags/kafka_batch_to_hdfs_dag.py                           1           0  0.13s           2026-08-06T10:06:48
================================================================================
[2026-08-06T10:07:20.042+0000] {manager.py:878} INFO - 
================================================================================
DAG File Processing Stats

File Path                                     PID    Runtime      # DAGs    # Errors  Last Runtime    Last Run
--------------------------------------------  -----  ---------  --------  ----------  --------------  -------------------
/opt/airflow/dags/kafka_batch_to_hdfs_dag.py                           1           0  0.13s           2026-08-06T10:07:19
================================================================================
[2026-08-06T10:07:50.374+0000] {manager.py:878} INFO - 
================================================================================
DAG File Processing Stats

File Path                                     PID    Runtime      # DAGs    # Errors  Last Runtime    Last Run
--------------------------------------------  -----  ---------  --------  ----------  --------------  -------------------
/opt/airflow/dags/kafka_batch_to_hdfs_dag.py                           1           0  0.15s           2026-08-06T10:07:49
================================================================================
[2026-08-06T10:08:20.653+0000] {manager.py:878} INFO - 
================================================================================
DAG File Processing Stats

File Path                                     PID    Runtime      # DAGs    # Errors  Last Runtime    Last Run
--------------------------------------------  -----  ---------  --------  ----------  --------------  -------------------
/opt/airflow/dags/kafka_batch_to_hdfs_dag.py                           1           0  0.14s           2026-08-06T10:08:19
================================================================================
[2026-08-06T10:08:21.772+0000] {manager.py:737} INFO - Searching for files in /opt/airflow/dags
[2026-08-06T10:08:21.799+0000] {manager.py:740} INFO - There are 1 files in /opt/airflow/dags
[2026-08-06T10:08:51.016+0000] {manager.py:878} INFO - 
================================================================================
DAG File Processing Stats

File Path                                     PID    Runtime      # DAGs    # Errors  Last Runtime    Last Run
--------------------------------------------  -----  ---------  --------  ----------  --------------  -------------------
/opt/airflow/dags/kafka_batch_to_hdfs_dag.py                           1           0  0.14s           2026-08-06T10:08:50
================================================================================
[2026-08-06T10:09:21.227+0000] {manager.py:878} INFO - 
================================================================================
DAG File Processing Stats

File Path                                     PID    Runtime      # DAGs    # Errors  Last Runtime    Last Run
--------------------------------------------  -----  ---------  --------  ----------  --------------  -------------------
/opt/airflow/dags/kafka_batch_to_hdfs_dag.py                           1           0  0.18s           2026-08-06T10:09:20
================================================================================
[2026-08-06T10:09:51.588+0000] {manager.py:878} INFO - 
================================================================================
DAG File Processing Stats

File Path                                     PID    Runtime      # DAGs    # Errors  Last Runtime    Last Run
--------------------------------------------  -----  ---------  --------  ----------  --------------  -------------------
/opt/airflow/dags/kafka_batch_to_hdfs_dag.py                           1           0  0.21s           2026-08-06T10:09:50
================================================================================
[2026-08-06T10:10:21.810+0000] {manager.py:878} INFO - 
================================================================================
DAG File Processing Stats

File Path                                     PID    Runtime      # DAGs    # Errors  Last Runtime    Last Run
--------------------------------------------  -----  ---------  --------  ----------  --------------  -------------------
/opt/airflow/dags/kafka_batch_to_hdfs_dag.py                           1           0  0.15s           2026-08-06T10:10:20
================================================================================
[2026-08-06T10:10:52.112+0000] {manager.py:878} INFO - 
================================================================================
DAG File Processing Stats

File Path                                     PID    Runtime      # DAGs    # Errors  Last Runtime    Last Run
--------------------------------------------  -----  ---------  --------  ----------  --------------  -------------------
/opt/airflow/dags/kafka_batch_to_hdfs_dag.py                           1           0  0.15s           2026-08-06T10:10:51
================================================================================
[2026-08-06T10:11:22.325+0000] {manager.py:878} INFO - 
================================================================================
DAG File Processing Stats

File Path                                     PID    Runtime      # DAGs    # Errors  Last Runtime    Last Run
--------------------------------------------  -----  ---------  --------  ----------  --------------  -------------------
/opt/airflow/dags/kafka_batch_to_hdfs_dag.py                           1           0  0.17s           2026-08-06T10:11:21
================================================================================
[2026-08-06T10:11:52.639+0000] {manager.py:878} INFO - 
================================================================================
DAG File Processing Stats

File Path                                     PID    Runtime      # DAGs    # Errors  Last Runtime    Last Run
--------------------------------------------  -----  ---------  --------  ----------  --------------  -------------------
/opt/airflow/dags/kafka_batch_to_hdfs_dag.py                           1           0  0.14s           2026-08-06T10:11:51
================================================================================
[2026-08-06T10:12:22.897+0000] {manager.py:878} INFO - 
================================================================================
DAG File Processing Stats

File Path                                     PID    Runtime      # DAGs    # Errors  Last Runtime    Last Run
--------------------------------------------  -----  ---------  --------  ----------  --------------  -------------------
/opt/airflow/dags/kafka_batch_to_hdfs_dag.py                           1           0  0.14s           2026-08-06T10:12:21
================================================================================
[2026-08-06T11:02:56.479+0000] {manager.py:737} INFO - Searching for files in /opt/airflow/dags
[2026-08-06T11:02:57.181+0000] {manager.py:740} INFO - There are 1 files in /opt/airflow/dags
[2026-08-06T11:03:11.809+0000] {manager.py:878} INFO - 
================================================================================
DAG File Processing Stats

File Path                                     PID    Runtime      # DAGs    # Errors  Last Runtime    Last Run
--------------------------------------------  -----  ---------  --------  ----------  --------------  -------------------
/opt/airflow/dags/kafka_batch_to_hdfs_dag.py                           1           0  1.07s           2026-08-06T11:02:58
================================================================================
[2026-08-06T11:03:42.820+0000] {manager.py:878} INFO - 
================================================================================
DAG File Processing Stats

File Path                                     PID    Runtime      # DAGs    # Errors  Last Runtime    Last Run
--------------------------------------------  -----  ---------  --------  ----------  --------------  -------------------
/opt/airflow/dags/kafka_batch_to_hdfs_dag.py                           1           0  0.99s           2026-08-06T11:03:29
================================================================================
[2026-08-06T11:04:13.144+0000] {manager.py:878} INFO - 
================================================================================
DAG File Processing Stats

File Path                                     PID    Runtime      # DAGs    # Errors  Last Runtime    Last Run
--------------------------------------------  -----  ---------  --------  ----------  --------------  -------------------
/opt/airflow/dags/kafka_batch_to_hdfs_dag.py                           1           0  0.38s           2026-08-06T11:04:00
================================================================================
[2026-08-06T11:04:43.257+0000] {manager.py:878} INFO - 
================================================================================
DAG File Processing Stats

File Path                                     PID    Runtime      # DAGs    # Errors  Last Runtime    Last Run
--------------------------------------------  -----  ---------  --------  ----------  --------------  -------------------
/opt/airflow/dags/kafka_batch_to_hdfs_dag.py                           1           0  0.27s           2026-08-06T11:04:31
================================================================================
[2026-08-06T11:05:13.524+0000] {manager.py:878} INFO - 
================================================================================
DAG File Processing Stats

File Path                                     PID    Runtime      # DAGs    # Errors  Last Runtime    Last Run
--------------------------------------------  -----  ---------  --------  ----------  --------------  -------------------
/opt/airflow/dags/kafka_batch_to_hdfs_dag.py                           1           0  0.20s           2026-08-06T11:05:01
================================================================================
[2026-08-06T11:05:43.900+0000] {manager.py:878} INFO - 
================================================================================
DAG File Processing Stats

File Path                                     PID    Runtime      # DAGs    # Errors  Last Runtime    Last Run
--------------------------------------------  -----  ---------  --------  ----------  --------------  -------------------
/opt/airflow/dags/kafka_batch_to_hdfs_dag.py                           1           0  0.23s           2026-08-06T11:05:31
================================================================================
[2026-08-06T11:06:14.154+0000] {manager.py:878} INFO - 
================================================================================
DAG File Processing Stats

File Path                                     PID    Runtime      # DAGs    # Errors  Last Runtime    Last Run
--------------------------------------------  -----  ---------  --------  ----------  --------------  -------------------
/opt/airflow/dags/kafka_batch_to_hdfs_dag.py                           1           0  0.21s           2026-08-06T11:06:02
================================================================================
[2026-08-06T11:06:44.499+0000] {manager.py:878} INFO - 
================================================================================
DAG File Processing Stats

File Path                                     PID    Runtime      # DAGs    # Errors  Last Runtime    Last Run
--------------------------------------------  -----  ---------  --------  ----------  --------------  -------------------
/opt/airflow/dags/kafka_batch_to_hdfs_dag.py                           1           0  0.18s           2026-08-06T11:06:32
================================================================================
[2026-08-06T11:07:14.750+0000] {manager.py:878} INFO - 
================================================================================
DAG File Processing Stats

File Path                                     PID    Runtime      # DAGs    # Errors  Last Runtime    Last Run
--------------------------------------------  -----  ---------  --------  ----------  --------------  -------------------
/opt/airflow/dags/kafka_batch_to_hdfs_dag.py                           1           0  0.21s           2026-08-06T11:07:02
================================================================================
[2026-08-06T11:07:45.175+0000] {manager.py:878} INFO - 
================================================================================
DAG File Processing Stats

File Path                                     PID    Runtime      # DAGs    # Errors  Last Runtime    Last Run
--------------------------------------------  -----  ---------  --------  ----------  --------------  -------------------
/opt/airflow/dags/kafka_batch_to_hdfs_dag.py                           1           0  0.21s           2026-08-06T11:07:33
================================================================================
[2026-08-06T11:07:57.386+0000] {manager.py:737} INFO - Searching for files in /opt/airflow/dags
[2026-08-06T11:07:57.432+0000] {manager.py:740} INFO - There are 1 files in /opt/airflow/dags
[2026-08-06T11:08:15.617+0000] {manager.py:878} INFO - 
================================================================================
DAG File Processing Stats

File Path                                     PID    Runtime      # DAGs    # Errors  Last Runtime    Last Run
--------------------------------------------  -----  ---------  --------  ----------  --------------  -------------------
/opt/airflow/dags/kafka_batch_to_hdfs_dag.py                           1           0  0.20s           2026-08-06T11:08:03
================================================================================
[2026-08-06T11:08:45.969+0000] {manager.py:878} INFO - 
================================================================================
DAG File Processing Stats

File Path                                     PID    Runtime      # DAGs    # Errors  Last Runtime    Last Run
--------------------------------------------  -----  ---------  --------  ----------  --------------  -------------------
/opt/airflow/dags/kafka_batch_to_hdfs_dag.py                           1           0  0.23s           2026-08-06T11:08:33
================================================================================
[2026-08-06T11:09:16.242+0000] {manager.py:878} INFO - 
================================================================================
DAG File Processing Stats

File Path                                     PID    Runtime      # DAGs    # Errors  Last Runtime    Last Run
--------------------------------------------  -----  ---------  --------  ----------  --------------  -------------------
/opt/airflow/dags/kafka_batch_to_hdfs_dag.py                           1           0  0.23s           2026-08-06T11:09:04
================================================================================
[2026-08-06T11:09:46.640+0000] {manager.py:878} INFO - 
================================================================================
DAG File Processing Stats

File Path                                     PID    Runtime      # DAGs    # Errors  Last Runtime    Last Run
--------------------------------------------  -----  ---------  --------  ----------  --------------  -------------------
/opt/airflow/dags/kafka_batch_to_hdfs_dag.py                           1           0  0.18s           2026-08-06T11:09:34
================================================================================
[2026-08-06T11:10:16.916+0000] {manager.py:878} INFO - 
================================================================================
DAG File Processing Stats

File Path                                     PID    Runtime      # DAGs    # Errors  Last Runtime    Last Run
--------------------------------------------  -----  ---------  --------  ----------  --------------  -------------------
/opt/airflow/dags/kafka_batch_to_hdfs_dag.py                           1           0  0.38s           2026-08-06T11:10:05
================================================================================
[2026-08-06T11:10:47.548+0000] {manager.py:878} INFO - 
================================================================================
DAG File Processing Stats

File Path                                     PID    Runtime      # DAGs    # Errors  Last Runtime    Last Run
--------------------------------------------  -----  ---------  --------  ----------  --------------  -------------------
/opt/airflow/dags/kafka_batch_to_hdfs_dag.py                           1           0  0.36s           2026-08-06T11:10:35
================================================================================
[2026-08-06T11:11:18.113+0000] {manager.py:878} INFO - 
================================================================================
DAG File Processing Stats

File Path                                     PID    Runtime      # DAGs    # Errors  Last Runtime    Last Run
--------------------------------------------  -----  ---------  --------  ----------  --------------  -------------------
/opt/airflow/dags/kafka_batch_to_hdfs_dag.py                           1           0  0.31s           2026-08-06T11:11:06
================================================================================
[2026-08-06T11:11:48.654+0000] {manager.py:878} INFO - 
================================================================================
DAG File Processing Stats

File Path                                     PID    Runtime      # DAGs    # Errors  Last Runtime    Last Run
--------------------------------------------  -----  ---------  --------  ----------  --------------  -------------------
/opt/airflow/dags/kafka_batch_to_hdfs_dag.py                           1           0  0.21s           2026-08-06T11:11:36
================================================================================
[2026-08-06T11:12:19.054+0000] {manager.py:878} INFO - 
================================================================================
DAG File Processing Stats

File Path                                     PID    Runtime      # DAGs    # Errors  Last Runtime    Last Run
--------------------------------------------  -----  ---------  --------  ----------  --------------  -------------------
/opt/airflow/dags/kafka_batch_to_hdfs_dag.py                           1           0  0.71s           2026-08-06T11:12:07
================================================================================
[2026-08-06T11:12:49.074+0000] {manager.py:878} INFO - 
================================================================================
DAG File Processing Stats

File Path                                     PID    Runtime      # DAGs    # Errors  Last Runtime    Last Run
--------------------------------------------  -----  ---------  --------  ----------  --------------  -------------------
/opt/airflow/dags/kafka_batch_to_hdfs_dag.py                           1           0  0.22s           2026-08-06T11:12:37
================================================================================
[2026-08-06T11:12:57.920+0000] {manager.py:737} INFO - Searching for files in /opt/airflow/dags
[2026-08-06T11:12:57.961+0000] {manager.py:740} INFO - There are 1 files in /opt/airflow/dags
[2026-08-06T11:13:19.293+0000] {manager.py:878} INFO - 
================================================================================
DAG File Processing Stats

File Path                                     PID    Runtime      # DAGs    # Errors  Last Runtime    Last Run
--------------------------------------------  -----  ---------  --------  ----------  --------------  -------------------
/opt/airflow/dags/kafka_batch_to_hdfs_dag.py                           1           0  0.33s           2026-08-06T11:13:08
================================================================================
[2026-08-06T11:13:49.513+0000] {manager.py:878} INFO - 
================================================================================
DAG File Processing Stats

File Path                                     PID    Runtime      # DAGs    # Errors  Last Runtime    Last Run
--------------------------------------------  -----  ---------  --------  ----------  --------------  -------------------
/opt/airflow/dags/kafka_batch_to_hdfs_dag.py                           1           0  0.19s           2026-08-06T11:13:38
================================================================================
[2026-08-06T11:14:19.975+0000] {manager.py:878} INFO - 
================================================================================
DAG File Processing Stats

File Path                                     PID    Runtime      # DAGs    # Errors  Last Runtime    Last Run
--------------------------------------------  -----  ---------  --------  ----------  --------------  -------------------
/opt/airflow/dags/kafka_batch_to_hdfs_dag.py                           1           0  0.28s           2026-08-06T11:14:08
================================================================================
[2026-08-06T11:14:50.222+0000] {manager.py:878} INFO - 
================================================================================
DAG File Processing Stats

File Path                                     PID    Runtime      # DAGs    # Errors  Last Runtime    Last Run
--------------------------------------------  -----  ---------  --------  ----------  --------------  -------------------
/opt/airflow/dags/kafka_batch_to_hdfs_dag.py                           1           0  0.20s           2026-08-06T11:14:39
================================================================================
[2026-08-06T11:15:20.666+0000] {manager.py:878} INFO - 
================================================================================
DAG File Processing Stats

File Path                                     PID    Runtime      # DAGs    # Errors  Last Runtime    Last Run
--------------------------------------------  -----  ---------  --------  ----------  --------------  -------------------
/opt/airflow/dags/kafka_batch_to_hdfs_dag.py                           1           0  0.48s           2026-08-06T11:15:09
================================================================================
[2026-08-06T11:15:51.278+0000] {manager.py:878} INFO - 
================================================================================
DAG File Processing Stats

File Path                                     PID    Runtime      # DAGs    # Errors  Last Runtime    Last Run
--------------------------------------------  -----  ---------  --------  ----------  --------------  -------------------
/opt/airflow/dags/kafka_batch_to_hdfs_dag.py                           1           0  0.40s           2026-08-06T11:15:40
================================================================================
[2026-08-06T11:16:21.918+0000] {manager.py:878} INFO - 
================================================================================
DAG File Processing Stats

File Path                                     PID    Runtime      # DAGs    # Errors  Last Runtime    Last Run
--------------------------------------------  -----  ---------  --------  ----------  --------------  -------------------
/opt/airflow/dags/kafka_batch_to_hdfs_dag.py                           1           0  0.28s           2026-08-06T11:16:11
================================================================================
[2026-08-06T11:16:52.468+0000] {manager.py:878} INFO - 
================================================================================
DAG File Processing Stats

File Path                                     PID    Runtime      # DAGs    # Errors  Last Runtime    Last Run
--------------------------------------------  -----  ---------  --------  ----------  --------------  -------------------
/opt/airflow/dags/kafka_batch_to_hdfs_dag.py                           1           0  0.19s           2026-08-06T11:16:41
================================================================================
[2026-08-06T11:17:22.852+0000] {manager.py:878} INFO - 
================================================================================
DAG File Processing Stats

File Path                                     PID    Runtime      # DAGs    # Errors  Last Runtime    Last Run
--------------------------------------------  -----  ---------  --------  ----------  --------------  -------------------
/opt/airflow/dags/kafka_batch_to_hdfs_dag.py                           1           0  0.20s           2026-08-06T11:17:11
================================================================================
[2026-08-06T11:17:53.091+0000] {manager.py:878} INFO - 
================================================================================
DAG File Processing Stats

File Path                                     PID    Runtime      # DAGs    # Errors  Last Runtime    Last Run
--------------------------------------------  -----  ---------  --------  ----------  --------------  -------------------
/opt/airflow/dags/kafka_batch_to_hdfs_dag.py                           1           0  0.21s           2026-08-06T11:17:42
================================================================================
[2026-08-06T11:17:58.125+0000] {manager.py:737} INFO - Searching for files in /opt/airflow/dags
[2026-08-06T11:17:58.180+0000] {manager.py:740} INFO - There are 1 files in /opt/airflow/dags
[2026-08-06T11:18:23.554+0000] {manager.py:878} INFO - 
================================================================================
DAG File Processing Stats

File Path                                     PID    Runtime      # DAGs    # Errors  Last Runtime    Last Run
--------------------------------------------  -----  ---------  --------  ----------  --------------  -------------------
/opt/airflow/dags/kafka_batch_to_hdfs_dag.py                           1           0  0.22s           2026-08-06T11:18:12
================================================================================
[2026-08-06T11:18:53.928+0000] {manager.py:878} INFO - 
================================================================================
DAG File Processing Stats

File Path                                     PID    Runtime      # DAGs    # Errors  Last Runtime    Last Run
--------------------------------------------  -----  ---------  --------  ----------  --------------  -------------------
/opt/airflow/dags/kafka_batch_to_hdfs_dag.py                           1           0  0.22s           2026-08-06T11:18:42
================================================================================
[2026-08-06T11:19:24.269+0000] {manager.py:878} INFO - 
================================================================================
DAG File Processing Stats

File Path                                     PID    Runtime      # DAGs    # Errors  Last Runtime    Last Run
--------------------------------------------  -----  ---------  --------  ----------  --------------  -------------------
/opt/airflow/dags/kafka_batch_to_hdfs_dag.py                           1           0  0.28s           2026-08-06T11:19:13
================================================================================
[2026-08-06T11:19:54.779+0000] {manager.py:878} INFO - 
================================================================================
DAG File Processing Stats

File Path                                     PID    Runtime      # DAGs    # Errors  Last Runtime    Last Run
--------------------------------------------  -----  ---------  --------  ----------  --------------  -------------------
/opt/airflow/dags/kafka_batch_to_hdfs_dag.py                           1           0  0.28s           2026-08-06T11:19:43
================================================================================
[2026-08-06T11:20:25.062+0000] {manager.py:878} INFO - 
================================================================================
DAG File Processing Stats

File Path                                     PID    Runtime      # DAGs    # Errors  Last Runtime    Last Run
--------------------------------------------  -----  ---------  --------  ----------  --------------  -------------------
/opt/airflow/dags/kafka_batch_to_hdfs_dag.py                           1           0  0.32s           2026-08-06T11:20:14
================================================================================
[2026-08-06T11:20:55.588+0000] {manager.py:878} INFO - 
================================================================================
DAG File Processing Stats

File Path                                     PID    Runtime      # DAGs    # Errors  Last Runtime    Last Run
--------------------------------------------  -----  ---------  --------  ----------  --------------  -------------------
/opt/airflow/dags/kafka_batch_to_hdfs_dag.py                           1           0  0.21s           2026-08-06T11:20:44
================================================================================
[2026-08-06T11:21:26.004+0000] {manager.py:878} INFO - 
================================================================================
DAG File Processing Stats

File Path                                     PID    Runtime      # DAGs    # Errors  Last Runtime    Last Run
--------------------------------------------  -----  ---------  --------  ----------  --------------  -------------------
/opt/airflow/dags/kafka_batch_to_hdfs_dag.py                           1           0  0.20s           2026-08-06T11:21:14
================================================================================
[2026-08-06T11:21:56.222+0000] {manager.py:878} INFO - 
================================================================================
DAG File Processing Stats

File Path                                     PID    Runtime      # DAGs    # Errors  Last Runtime    Last Run
--------------------------------------------  -----  ---------  --------  ----------  --------------  -------------------
/opt/airflow/dags/kafka_batch_to_hdfs_dag.py                           1           0  0.19s           2026-08-06T11:21:45
================================================================================
[2026-08-06T11:22:26.593+0000] {manager.py:878} INFO - 
================================================================================
DAG File Processing Stats

File Path                                     PID    Runtime      # DAGs    # Errors  Last Runtime    Last Run
--------------------------------------------  -----  ---------  --------  ----------  --------------  -------------------
/opt/airflow/dags/kafka_batch_to_hdfs_dag.py                           1           0  0.21s           2026-08-06T11:22:15
================================================================================
[2026-08-06T11:22:56.840+0000] {manager.py:878} INFO - 
================================================================================
DAG File Processing Stats

File Path                                     PID    Runtime      # DAGs    # Errors  Last Runtime    Last Run
--------------------------------------------  -----  ---------  --------  ----------  --------------  -------------------
/opt/airflow/dags/kafka_batch_to_hdfs_dag.py                           1           0  0.28s           2026-08-06T11:22:46
================================================================================
[2026-08-06T11:22:58.854+0000] {manager.py:737} INFO - Searching for files in /opt/airflow/dags
[2026-08-06T11:22:58.904+0000] {manager.py:740} INFO - There are 1 files in /opt/airflow/dags
[2026-08-06T11:23:27.279+0000] {manager.py:878} INFO - 
================================================================================
DAG File Processing Stats

File Path                                     PID    Runtime      # DAGs    # Errors  Last Runtime    Last Run
--------------------------------------------  -----  ---------  --------  ----------  --------------  -------------------
/opt/airflow/dags/kafka_batch_to_hdfs_dag.py                           1           0  0.23s           2026-08-06T11:23:16
================================================================================
[2026-08-06T11:23:57.535+0000] {manager.py:878} INFO - 
================================================================================
DAG File Processing Stats

File Path                                     PID    Runtime      # DAGs    # Errors  Last Runtime    Last Run
--------------------------------------------  -----  ---------  --------  ----------  --------------  -------------------
/opt/airflow/dags/kafka_batch_to_hdfs_dag.py                           1           0  0.23s           2026-08-06T11:23:46
================================================================================
[2026-08-06T11:24:27.907+0000] {manager.py:878} INFO - 
================================================================================
DAG File Processing Stats

File Path                                     PID    Runtime      # DAGs    # Errors  Last Runtime    Last Run
--------------------------------------------  -----  ---------  --------  ----------  --------------  -------------------
/opt/airflow/dags/kafka_batch_to_hdfs_dag.py                           1           0  0.21s           2026-08-06T11:24:16
================================================================================
[2026-08-06T11:24:58.175+0000] {manager.py:878} INFO - 
================================================================================
DAG File Processing Stats

File Path                                     PID    Runtime      # DAGs    # Errors  Last Runtime    Last Run
--------------------------------------------  -----  ---------  --------  ----------  --------------  -------------------
/opt/airflow/dags/kafka_batch_to_hdfs_dag.py                           1           0  0.30s           2026-08-06T11:24:47
================================================================================
[2026-08-06T11:25:28.662+0000] {manager.py:878} INFO - 
================================================================================
DAG File Processing Stats

File Path                                     PID    Runtime      # DAGs    # Errors  Last Runtime    Last Run
--------------------------------------------  -----  ---------  --------  ----------  --------------  -------------------
/opt/airflow/dags/kafka_batch_to_hdfs_dag.py                           1           0  0.35s           2026-08-06T11:25:17
================================================================================
[2026-08-06T11:25:59.193+0000] {manager.py:878} INFO - 
================================================================================
DAG File Processing Stats

File Path                                     PID    Runtime      # DAGs    # Errors  Last Runtime    Last Run
--------------------------------------------  -----  ---------  --------  ----------  --------------  -------------------
/opt/airflow/dags/kafka_batch_to_hdfs_dag.py                           1           0  0.24s           2026-08-06T11:25:48
================================================================================
[2026-08-06T11:26:29.654+0000] {manager.py:878} INFO - 
================================================================================
DAG File Processing Stats

File Path                                     PID    Runtime      # DAGs    # Errors  Last Runtime    Last Run
--------------------------------------------  -----  ---------  --------  ----------  --------------  -------------------
/opt/airflow/dags/kafka_batch_to_hdfs_dag.py                           1           0  0.21s           2026-08-06T11:26:18
================================================================================
[2026-08-06T11:27:00.100+0000] {manager.py:878} INFO - 
================================================================================
DAG File Processing Stats

File Path                                     PID    Runtime      # DAGs    # Errors  Last Runtime    Last Run
--------------------------------------------  -----  ---------  --------  ----------  --------------  -------------------
/opt/airflow/dags/kafka_batch_to_hdfs_dag.py                           1           0  0.21s           2026-08-06T11:26:49
================================================================================
[2026-08-06T11:27:30.501+0000] {manager.py:878} INFO - 
================================================================================
DAG File Processing Stats

File Path                                     PID    Runtime      # DAGs    # Errors  Last Runtime    Last Run
--------------------------------------------  -----  ---------  --------  ----------  --------------  -------------------
/opt/airflow/dags/kafka_batch_to_hdfs_dag.py                           1           0  0.22s           2026-08-06T11:27:19
================================================================================
[2026-08-06T11:27:58.934+0000] {manager.py:737} INFO - Searching for files in /opt/airflow/dags
[2026-08-06T11:27:58.981+0000] {manager.py:740} INFO - There are 1 files in /opt/airflow/dags
[2026-08-06T11:28:00.741+0000] {manager.py:878} INFO - 
================================================================================
DAG File Processing Stats

File Path                                     PID    Runtime      # DAGs    # Errors  Last Runtime    Last Run
--------------------------------------------  -----  ---------  --------  ----------  --------------  -------------------
/opt/airflow/dags/kafka_batch_to_hdfs_dag.py                           1           0  0.22s           2026-08-06T11:27:49
================================================================================
[2026-08-06T11:28:31.252+0000] {manager.py:878} INFO - 
================================================================================
DAG File Processing Stats

File Path                                     PID    Runtime      # DAGs    # Errors  Last Runtime    Last Run
--------------------------------------------  -----  ---------  --------  ----------  --------------  -------------------
/opt/airflow/dags/kafka_batch_to_hdfs_dag.py                           1           0  0.22s           2026-08-06T11:28:20
================================================================================
[2026-08-06T11:29:01.644+0000] {manager.py:878} INFO - 
================================================================================
DAG File Processing Stats

File Path                                     PID    Runtime      # DAGs    # Errors  Last Runtime    Last Run
--------------------------------------------  -----  ---------  --------  ----------  --------------  -------------------
/opt/airflow/dags/kafka_batch_to_hdfs_dag.py                           1           0  0.21s           2026-08-06T11:28:50
================================================================================
[2026-08-06T11:29:31.885+0000] {manager.py:878} INFO - 
================================================================================
DAG File Processing Stats

File Path                                     PID    Runtime      # DAGs    # Errors  Last Runtime    Last Run
--------------------------------------------  -----  ---------  --------  ----------  --------------  -------------------
/opt/airflow/dags/kafka_batch_to_hdfs_dag.py                           1           0  0.21s           2026-08-06T11:29:20
================================================================================
[2026-08-06T11:30:02.117+0000] {manager.py:878} INFO - 
================================================================================
DAG File Processing Stats

File Path                                     PID    Runtime      # DAGs    # Errors  Last Runtime    Last Run
--------------------------------------------  -----  ---------  --------  ----------  --------------  -------------------
/opt/airflow/dags/kafka_batch_to_hdfs_dag.py                           1           0  0.19s           2026-08-06T11:29:51
================================================================================
[2026-08-06T11:30:32.543+0000] {manager.py:878} INFO - 
================================================================================
DAG File Processing Stats

File Path                                     PID    Runtime      # DAGs    # Errors  Last Runtime    Last Run
--------------------------------------------  -----  ---------  --------  ----------  --------------  -------------------
/opt/airflow/dags/kafka_batch_to_hdfs_dag.py                           1           0  0.53s           2026-08-06T11:30:21
================================================================================
[2026-08-06T11:31:03.126+0000] {manager.py:878} INFO - 
================================================================================
DAG File Processing Stats

File Path                                     PID    Runtime      # DAGs    # Errors  Last Runtime    Last Run
--------------------------------------------  -----  ---------  --------  ----------  --------------  -------------------
/opt/airflow/dags/kafka_batch_to_hdfs_dag.py                           1           0  0.23s           2026-08-06T11:30:52
================================================================================
[2026-08-06T11:31:33.563+0000] {manager.py:878} INFO - 
================================================================================
DAG File Processing Stats

File Path                                     PID    Runtime      # DAGs    # Errors  Last Runtime    Last Run
--------------------------------------------  -----  ---------  --------  ----------  --------------  -------------------
/opt/airflow/dags/kafka_batch_to_hdfs_dag.py                           1           0  0.24s           2026-08-06T11:31:22
================================================================================
[2026-08-06T11:32:04.005+0000] {manager.py:878} INFO - 
================================================================================
DAG File Processing Stats

File Path                                     PID    Runtime      # DAGs    # Errors  Last Runtime    Last Run
--------------------------------------------  -----  ---------  --------  ----------  --------------  -------------------
/opt/airflow/dags/kafka_batch_to_hdfs_dag.py                           1           0  0.19s           2026-08-06T11:31:53
================================================================================
[2026-08-06T11:32:34.382+0000] {manager.py:878} INFO - 
================================================================================
DAG File Processing Stats

File Path                                     PID    Runtime      # DAGs    # Errors  Last Runtime    Last Run
--------------------------------------------  -----  ---------  --------  ----------  --------------  -------------------
/opt/airflow/dags/kafka_batch_to_hdfs_dag.py                           1           0  0.18s           2026-08-06T11:32:23
================================================================================
[2026-08-06T11:32:59.614+0000] {manager.py:737} INFO - Searching for files in /opt/airflow/dags
[2026-08-06T11:32:59.659+0000] {manager.py:740} INFO - There are 1 files in /opt/airflow/dags
[2026-08-06T11:33:04.720+0000] {manager.py:878} INFO - 
================================================================================
DAG File Processing Stats

File Path                                     PID    Runtime      # DAGs    # Errors  Last Runtime    Last Run
--------------------------------------------  -----  ---------  --------  ----------  --------------  -------------------
/opt/airflow/dags/kafka_batch_to_hdfs_dag.py                           1           0  0.18s           2026-08-06T11:32:53
================================================================================
[2026-08-06T11:33:34.996+0000] {manager.py:878} INFO - 
================================================================================
DAG File Processing Stats

File Path                                     PID    Runtime      # DAGs    # Errors  Last Runtime    Last Run
--------------------------------------------  -----  ---------  --------  ----------  --------------  -------------------
/opt/airflow/dags/kafka_batch_to_hdfs_dag.py                           1           0  0.21s           2026-08-06T11:33:24
================================================================================
[2026-08-06T11:34:05.380+0000] {manager.py:878} INFO - 
================================================================================
DAG File Processing Stats

File Path                                     PID    Runtime      # DAGs    # Errors  Last Runtime    Last Run
--------------------------------------------  -----  ---------  --------  ----------  --------------  -------------------
/opt/airflow/dags/kafka_batch_to_hdfs_dag.py                           1           0  0.20s           2026-08-06T11:33:54
================================================================================
[2026-08-06T11:34:35.626+0000] {manager.py:878} INFO - 
================================================================================
DAG File Processing Stats

File Path                                     PID    Runtime      # DAGs    # Errors  Last Runtime    Last Run
--------------------------------------------  -----  ---------  --------  ----------  --------------  -------------------
/opt/airflow/dags/kafka_batch_to_hdfs_dag.py                           1           0  0.21s           2026-08-06T11:34:24
================================================================================
[2026-08-06T11:35:05.999+0000] {manager.py:878} INFO - 
================================================================================
DAG File Processing Stats

File Path                                     PID    Runtime      # DAGs    # Errors  Last Runtime    Last Run
--------------------------------------------  -----  ---------  --------  ----------  --------------  -------------------
/opt/airflow/dags/kafka_batch_to_hdfs_dag.py                           1           0  0.23s           2026-08-06T11:34:55
================================================================================
[2026-08-06T11:35:36.271+0000] {manager.py:878} INFO - 
================================================================================
DAG File Processing Stats

File Path                                     PID    Runtime      # DAGs    # Errors  Last Runtime    Last Run
--------------------------------------------  -----  ---------  --------  ----------  --------------  -------------------
/opt/airflow/dags/kafka_batch_to_hdfs_dag.py                           1           0  0.24s           2026-08-06T11:35:25
================================================================================
[2026-08-06T11:36:06.681+0000] {manager.py:878} INFO - 
================================================================================
DAG File Processing Stats

File Path                                     PID    Runtime      # DAGs    # Errors  Last Runtime    Last Run
--------------------------------------------  -----  ---------  --------  ----------  --------------  -------------------
/opt/airflow/dags/kafka_batch_to_hdfs_dag.py                           1           0  0.21s           2026-08-06T11:35:55
================================================================================
[2026-08-06T11:36:36.916+0000] {manager.py:878} INFO - 
================================================================================
DAG File Processing Stats

File Path                                     PID    Runtime      # DAGs    # Errors  Last Runtime    Last Run
--------------------------------------------  -----  ---------  --------  ----------  --------------  -------------------
/opt/airflow/dags/kafka_batch_to_hdfs_dag.py                           1           0  0.20s           2026-08-06T11:36:26
================================================================================
[2026-08-06T11:37:07.285+0000] {manager.py:878} INFO - 
================================================================================
DAG File Processing Stats

File Path                                     PID    Runtime      # DAGs    # Errors  Last Runtime    Last Run
--------------------------------------------  -----  ---------  --------  ----------  --------------  -------------------
/opt/airflow/dags/kafka_batch_to_hdfs_dag.py                           1           0  0.20s           2026-08-06T11:36:56
================================================================================
[2026-08-06T11:37:37.525+0000] {manager.py:878} INFO - 
================================================================================
DAG File Processing Stats

File Path                                     PID    Runtime      # DAGs    # Errors  Last Runtime    Last Run
--------------------------------------------  -----  ---------  --------  ----------  --------------  -------------------
/opt/airflow/dags/kafka_batch_to_hdfs_dag.py                           1           0  0.24s           2026-08-06T11:37:26
================================================================================
[2026-08-06T11:37:59.861+0000] {manager.py:737} INFO - Searching for files in /opt/airflow/dags
[2026-08-06T11:37:59.895+0000] {manager.py:740} INFO - There are 1 files in /opt/airflow/dags
[2026-08-06T11:38:07.977+0000] {manager.py:878} INFO - 
================================================================================
DAG File Processing Stats

File Path                                     PID    Runtime      # DAGs    # Errors  Last Runtime    Last Run
--------------------------------------------  -----  ---------  --------  ----------  --------------  -------------------
/opt/airflow/dags/kafka_batch_to_hdfs_dag.py                           1           0  0.19s           2026-08-06T11:37:57
================================================================================
[2026-08-06T11:38:38.300+0000] {manager.py:878} INFO - 
================================================================================
DAG File Processing Stats

File Path                                     PID    Runtime      # DAGs    # Errors  Last Runtime    Last Run
--------------------------------------------  -----  ---------  --------  ----------  --------------  -------------------
/opt/airflow/dags/kafka_batch_to_hdfs_dag.py                           1           0  0.16s           2026-08-06T11:38:27
================================================================================
[2026-08-06T11:39:08.519+0000] {manager.py:878} INFO - 
================================================================================
DAG File Processing Stats

File Path                                     PID    Runtime      # DAGs    # Errors  Last Runtime    Last Run
--------------------------------------------  -----  ---------  --------  ----------  --------------  -------------------
/opt/airflow/dags/kafka_batch_to_hdfs_dag.py                           1           0  0.19s           2026-08-06T11:38:57
================================================================================
[2026-08-06T11:44:38.691+0000] {manager.py:737} INFO - Searching for files in /opt/airflow/dags
[2026-08-06T11:44:38.843+0000] {manager.py:740} INFO - There are 1 files in /opt/airflow/dags
[2026-08-06T11:44:38.886+0000] {manager.py:1203} ERROR - Processor for /opt/airflow/dags/kafka_batch_to_hdfs_dag.py with PID 480 started at 2026-08-06T11:39:29.827690+00:00 has timed out, killing it.
[2026-08-06T11:44:45.954+0000] {manager.py:878} INFO - 
================================================================================
DAG File Processing Stats

File Path                                     PID    Runtime      # DAGs    # Errors  Last Runtime    Last Run
--------------------------------------------  -----  ---------  --------  ----------  --------------  -------------------
/opt/airflow/dags/kafka_batch_to_hdfs_dag.py                           0           1  309.06s         2026-08-06T11:44:38
================================================================================
[2026-08-06T11:45:16.157+0000] {manager.py:878} INFO - 
================================================================================
DAG File Processing Stats

File Path                                     PID    Runtime      # DAGs    # Errors  Last Runtime    Last Run
--------------------------------------------  -----  ---------  --------  ----------  --------------  -------------------
/opt/airflow/dags/kafka_batch_to_hdfs_dag.py                           1           0  0.25s           2026-08-06T11:45:09
================================================================================
[2026-08-06T11:45:46.623+0000] {manager.py:878} INFO - 
================================================================================
DAG File Processing Stats

File Path                                     PID    Runtime      # DAGs    # Errors  Last Runtime    Last Run
--------------------------------------------  -----  ---------  --------  ----------  --------------  -------------------
/opt/airflow/dags/kafka_batch_to_hdfs_dag.py                           1           0  0.23s           2026-08-06T11:45:39
================================================================================
[2026-08-06T11:46:17.065+0000] {manager.py:878} INFO - 
================================================================================
DAG File Processing Stats

File Path                                     PID    Runtime      # DAGs    # Errors  Last Runtime    Last Run
--------------------------------------------  -----  ---------  --------  ----------  --------------  -------------------
/opt/airflow/dags/kafka_batch_to_hdfs_dag.py                           1           0  0.23s           2026-08-06T11:46:10
================================================================================
[2026-08-06T11:46:47.498+0000] {manager.py:878} INFO - 
================================================================================
DAG File Processing Stats

File Path                                     PID    Runtime      # DAGs    # Errors  Last Runtime    Last Run
--------------------------------------------  -----  ---------  --------  ----------  --------------  -------------------
/opt/airflow/dags/kafka_batch_to_hdfs_dag.py                           1           0  0.21s           2026-08-06T11:46:40
================================================================================
[2026-08-06T11:47:17.886+0000] {manager.py:878} INFO - 
================================================================================
DAG File Processing Stats

File Path                                     PID    Runtime      # DAGs    # Errors  Last Runtime    Last Run
--------------------------------------------  -----  ---------  --------  ----------  --------------  -------------------
/opt/airflow/dags/kafka_batch_to_hdfs_dag.py                           1           0  0.31s           2026-08-06T11:47:11
================================================================================
[2026-08-06T11:47:48.424+0000] {manager.py:878} INFO - 
================================================================================
DAG File Processing Stats

File Path                                     PID    Runtime      # DAGs    # Errors  Last Runtime    Last Run
--------------------------------------------  -----  ---------  --------  ----------  --------------  -------------------
/opt/airflow/dags/kafka_batch_to_hdfs_dag.py                           1           0  0.29s           2026-08-06T11:47:41
================================================================================
[2026-08-06T11:48:18.933+0000] {manager.py:878} INFO - 
================================================================================
DAG File Processing Stats

File Path                                     PID    Runtime      # DAGs    # Errors  Last Runtime    Last Run
--------------------------------------------  -----  ---------  --------  ----------  --------------  -------------------
/opt/airflow/dags/kafka_batch_to_hdfs_dag.py                           1           0  0.21s           2026-08-06T11:48:12
================================================================================
[2026-08-06T11:48:49.352+0000] {manager.py:878} INFO - 
================================================================================
DAG File Processing Stats

File Path                                     PID    Runtime      # DAGs    # Errors  Last Runtime    Last Run
--------------------------------------------  -----  ---------  --------  ----------  --------------  -------------------
/opt/airflow/dags/kafka_batch_to_hdfs_dag.py                           1           0  0.20s           2026-08-06T11:48:42
================================================================================
[2026-08-06T11:49:19.603+0000] {manager.py:878} INFO - 
================================================================================
DAG File Processing Stats

File Path                                     PID    Runtime      # DAGs    # Errors  Last Runtime    Last Run
--------------------------------------------  -----  ---------  --------  ----------  --------------  -------------------
/opt/airflow/dags/kafka_batch_to_hdfs_dag.py                           1           0  0.19s           2026-08-06T11:49:12
================================================================================
[2026-08-06T11:49:38.756+0000] {manager.py:737} INFO - Searching for files in /opt/airflow/dags
[2026-08-06T11:49:38.793+0000] {manager.py:740} INFO - There are 1 files in /opt/airflow/dags
[2026-08-06T11:49:49.982+0000] {manager.py:878} INFO - 
================================================================================
DAG File Processing Stats

File Path                                     PID    Runtime      # DAGs    # Errors  Last Runtime    Last Run
--------------------------------------------  -----  ---------  --------  ----------  --------------  -------------------
/opt/airflow/dags/kafka_batch_to_hdfs_dag.py                           1           0  0.23s           2026-08-06T11:49:43
================================================================================
[2026-08-06T11:50:20.350+0000] {manager.py:878} INFO - 
================================================================================
DAG File Processing Stats

File Path                                     PID    Runtime      # DAGs    # Errors  Last Runtime    Last Run
--------------------------------------------  -----  ---------  --------  ----------  --------------  -------------------
/opt/airflow/dags/kafka_batch_to_hdfs_dag.py                           1           0  0.37s           2026-08-06T11:50:13
================================================================================
[2026-08-06T11:50:50.852+0000] {manager.py:878} INFO - 
================================================================================
DAG File Processing Stats

File Path                                     PID    Runtime      # DAGs    # Errors  Last Runtime    Last Run
--------------------------------------------  -----  ---------  --------  ----------  --------------  -------------------
/opt/airflow/dags/kafka_batch_to_hdfs_dag.py                           1           0  0.20s           2026-08-06T11:50:44
================================================================================
[2026-08-06T11:51:21.252+0000] {manager.py:878} INFO - 
================================================================================
DAG File Processing Stats

File Path                                     PID    Runtime      # DAGs    # Errors  Last Runtime    Last Run
--------------------------------------------  -----  ---------  --------  ----------  --------------  -------------------
/opt/airflow/dags/kafka_batch_to_hdfs_dag.py                           1           0  0.26s           2026-08-06T11:51:14
================================================================================
[2026-08-06T11:51:51.555+0000] {manager.py:878} INFO - 
================================================================================
DAG File Processing Stats

File Path                                     PID    Runtime      # DAGs    # Errors  Last Runtime    Last Run
--------------------------------------------  -----  ---------  --------  ----------  --------------  -------------------
/opt/airflow/dags/kafka_batch_to_hdfs_dag.py                           1           0  0.25s           2026-08-06T11:51:44
================================================================================
[2026-08-06T11:52:21.949+0000] {manager.py:878} INFO - 
================================================================================
DAG File Processing Stats

File Path                                     PID    Runtime      # DAGs    # Errors  Last Runtime    Last Run
--------------------------------------------  -----  ---------  --------  ----------  --------------  -------------------
/opt/airflow/dags/kafka_batch_to_hdfs_dag.py                           1           0  0.24s           2026-08-06T11:52:14
================================================================================
[2026-08-06T11:52:52.224+0000] {manager.py:878} INFO - 
================================================================================
DAG File Processing Stats

File Path                                     PID    Runtime      # DAGs    # Errors  Last Runtime    Last Run
--------------------------------------------  -----  ---------  --------  ----------  --------------  -------------------
/opt/airflow/dags/kafka_batch_to_hdfs_dag.py                           1           0  0.19s           2026-08-06T11:52:45
================================================================================
[2026-08-06T11:53:22.570+0000] {manager.py:878} INFO - 
================================================================================
DAG File Processing Stats

File Path                                     PID    Runtime      # DAGs    # Errors  Last Runtime    Last Run
--------------------------------------------  -----  ---------  --------  ----------  --------------  -------------------
/opt/airflow/dags/kafka_batch_to_hdfs_dag.py                           1           0  0.23s           2026-08-06T11:53:15
================================================================================
[2026-08-06T11:53:52.925+0000] {manager.py:878} INFO - 
================================================================================
DAG File Processing Stats

File Path                                     PID    Runtime      # DAGs    # Errors  Last Runtime    Last Run
--------------------------------------------  -----  ---------  --------  ----------  --------------  -------------------
/opt/airflow/dags/kafka_batch_to_hdfs_dag.py                           1           0  0.30s           2026-08-06T11:53:46
================================================================================
[2026-08-06T11:54:23.387+0000] {manager.py:878} INFO - 
================================================================================
DAG File Processing Stats

File Path                                     PID    Runtime      # DAGs    # Errors  Last Runtime    Last Run
--------------------------------------------  -----  ---------  --------  ----------  --------------  -------------------
/opt/airflow/dags/kafka_batch_to_hdfs_dag.py                           1           0  0.22s           2026-08-06T11:54:16
================================================================================
[2026-08-06T11:54:39.505+0000] {manager.py:737} INFO - Searching for files in /opt/airflow/dags
[2026-08-06T11:54:39.560+0000] {manager.py:740} INFO - There are 1 files in /opt/airflow/dags
[2026-08-06T11:54:53.715+0000] {manager.py:878} INFO - 
================================================================================
DAG File Processing Stats

File Path                                     PID    Runtime      # DAGs    # Errors  Last Runtime    Last Run
--------------------------------------------  -----  ---------  --------  ----------  --------------  -------------------
/opt/airflow/dags/kafka_batch_to_hdfs_dag.py                           1           0  0.20s           2026-08-06T11:54:46
================================================================================
[2026-08-06T11:55:24.118+0000] {manager.py:878} INFO - 
================================================================================
DAG File Processing Stats

File Path                                     PID    Runtime      # DAGs    # Errors  Last Runtime    Last Run
--------------------------------------------  -----  ---------  --------  ----------  --------------  -------------------
/opt/airflow/dags/kafka_batch_to_hdfs_dag.py                           1           0  0.30s           2026-08-06T11:55:17
================================================================================
[2026-08-06T11:55:54.481+0000] {manager.py:878} INFO - 
================================================================================
DAG File Processing Stats

File Path                                     PID    Runtime      # DAGs    # Errors  Last Runtime    Last Run
--------------------------------------------  -----  ---------  --------  ----------  --------------  -------------------
/opt/airflow/dags/kafka_batch_to_hdfs_dag.py                           1           0  0.26s           2026-08-06T11:55:47
================================================================================
[2026-08-06T11:56:24.842+0000] {manager.py:878} INFO - 
================================================================================
DAG File Processing Stats

File Path                                     PID    Runtime      # DAGs    # Errors  Last Runtime    Last Run
--------------------------------------------  -----  ---------  --------  ----------  --------------  -------------------
/opt/airflow/dags/kafka_batch_to_hdfs_dag.py                           1           0  0.21s           2026-08-06T11:56:17
================================================================================
[2026-08-06T11:56:55.130+0000] {manager.py:878} INFO - 
================================================================================
DAG File Processing Stats

File Path                                     PID    Runtime      # DAGs    # Errors  Last Runtime    Last Run
--------------------------------------------  -----  ---------  --------  ----------  --------------  -------------------
/opt/airflow/dags/kafka_batch_to_hdfs_dag.py                           1           0  0.22s           2026-08-06T11:56:48
================================================================================
[2026-08-06T11:57:25.540+0000] {manager.py:878} INFO - 
================================================================================
DAG File Processing Stats

File Path                                     PID    Runtime      # DAGs    # Errors  Last Runtime    Last Run
--------------------------------------------  -----  ---------  --------  ----------  --------------  -------------------
/opt/airflow/dags/kafka_batch_to_hdfs_dag.py                           1           0  0.29s           2026-08-06T11:57:18
================================================================================
[2026-08-06T11:57:55.866+0000] {manager.py:878} INFO - 
================================================================================
DAG File Processing Stats

File Path                                     PID    Runtime      # DAGs    # Errors  Last Runtime    Last Run
--------------------------------------------  -----  ---------  --------  ----------  --------------  -------------------
/opt/airflow/dags/kafka_batch_to_hdfs_dag.py                           1           0  0.20s           2026-08-06T11:57:48
================================================================================
[2026-08-06T11:58:26.170+0000] {manager.py:878} INFO - 
================================================================================
DAG File Processing Stats

File Path                                     PID    Runtime      # DAGs    # Errors  Last Runtime    Last Run
--------------------------------------------  -----  ---------  --------  ----------  --------------  -------------------
/opt/airflow/dags/kafka_batch_to_hdfs_dag.py                           1           0  0.22s           2026-08-06T11:58:19
================================================================================
[2026-08-06T11:58:56.596+0000] {manager.py:878} INFO - 
================================================================================
DAG File Processing Stats

File Path                                     PID    Runtime      # DAGs    # Errors  Last Runtime    Last Run
--------------------------------------------  -----  ---------  --------  ----------  --------------  -------------------
/opt/airflow/dags/kafka_batch_to_hdfs_dag.py                           1           0  0.29s           2026-08-06T11:58:49
================================================================================
[2026-08-06T11:59:25.703+0000] {manager.py:878} INFO - 
================================================================================
DAG File Processing Stats

File Path                                     PID    Runtime      # DAGs    # Errors  Last Runtime    Last Run
--------------------------------------------  -----  ---------  --------  ----------  --------------  -------------------
/opt/airflow/dags/kafka_batch_to_hdfs_dag.py                           1           0  0.18s           2026-08-06T11:59:19
================================================================================
[2026-08-06T11:59:39.886+0000] {manager.py:737} INFO - Searching for files in /opt/airflow/dags
[2026-08-06T11:59:39.907+0000] {manager.py:740} INFO - There are 1 files in /opt/airflow/dags
[2026-08-06T11:59:57.439+0000] {manager.py:878} INFO - 
================================================================================
DAG File Processing Stats

File Path                                     PID    Runtime      # DAGs    # Errors  Last Runtime    Last Run
--------------------------------------------  -----  ---------  --------  ----------  --------------  -------------------
/opt/airflow/dags/kafka_batch_to_hdfs_dag.py                           1           0  0.22s           2026-08-06T11:59:51
================================================================================
[2026-08-06T12:00:28.066+0000] {manager.py:878} INFO - 
================================================================================
DAG File Processing Stats

File Path                                     PID    Runtime      # DAGs    # Errors  Last Runtime    Last Run
--------------------------------------------  -----  ---------  --------  ----------  --------------  -------------------
/opt/airflow/dags/kafka_batch_to_hdfs_dag.py                           1           0  0.22s           2026-08-06T12:00:22
================================================================================
[2026-08-06T12:00:58.409+0000] {manager.py:878} INFO - 
================================================================================
DAG File Processing Stats

File Path                                     PID    Runtime      # DAGs    # Errors  Last Runtime    Last Run
--------------------------------------------  -----  ---------  --------  ----------  --------------  -------------------
/opt/airflow/dags/kafka_batch_to_hdfs_dag.py                           1           0  0.20s           2026-08-06T12:00:52
================================================================================
[2026-08-06T12:01:28.805+0000] {manager.py:878} INFO - 
================================================================================
DAG File Processing Stats

File Path                                     PID    Runtime      # DAGs    # Errors  Last Runtime    Last Run
--------------------------------------------  -----  ---------  --------  ----------  --------------  -------------------
/opt/airflow/dags/kafka_batch_to_hdfs_dag.py                           1           0  0.23s           2026-08-06T12:01:22
================================================================================
[2026-08-06T12:01:59.143+0000] {manager.py:878} INFO - 
================================================================================
DAG File Processing Stats

File Path                                     PID    Runtime      # DAGs    # Errors  Last Runtime    Last Run
--------------------------------------------  -----  ---------  --------  ----------  --------------  -------------------
/opt/airflow/dags/kafka_batch_to_hdfs_dag.py                           1           0  0.20s           2026-08-06T12:01:53
================================================================================
[2026-08-06T12:02:29.489+0000] {manager.py:878} INFO - 
================================================================================
DAG File Processing Stats

File Path                                     PID    Runtime      # DAGs    # Errors  Last Runtime    Last Run
--------------------------------------------  -----  ---------  --------  ----------  --------------  -------------------
/opt/airflow/dags/kafka_batch_to_hdfs_dag.py                           1           0  0.20s           2026-08-06T12:02:23
================================================================================
[2026-08-06T12:09:42.019+0000] {manager.py:737} INFO - Searching for files in /opt/airflow/dags
[2026-08-06T12:09:42.209+0000] {manager.py:740} INFO - There are 1 files in /opt/airflow/dags
[2026-08-06T12:09:51.467+0000] {manager.py:878} INFO - 
================================================================================
DAG File Processing Stats

File Path                                     PID    Runtime      # DAGs    # Errors  Last Runtime    Last Run
--------------------------------------------  -----  ---------  --------  ----------  --------------  -------------------
/opt/airflow/dags/kafka_batch_to_hdfs_dag.py                           1           0  0.48s           2026-08-06T12:09:42
================================================================================
[2026-08-06T12:10:21.972+0000] {manager.py:878} INFO - 
================================================================================
DAG File Processing Stats

File Path                                     PID    Runtime      # DAGs    # Errors  Last Runtime    Last Run
--------------------------------------------  -----  ---------  --------  ----------  --------------  -------------------
/opt/airflow/dags/kafka_batch_to_hdfs_dag.py                           1           0  0.64s           2026-08-06T12:10:13
================================================================================
[2026-08-06T12:10:52.296+0000] {manager.py:878} INFO - 
================================================================================
DAG File Processing Stats

File Path                                     PID    Runtime      # DAGs    # Errors  Last Runtime    Last Run
--------------------------------------------  -----  ---------  --------  ----------  --------------  -------------------
/opt/airflow/dags/kafka_batch_to_hdfs_dag.py                           1           0  0.21s           2026-08-06T12:10:44
================================================================================
[2026-08-06T12:11:22.674+0000] {manager.py:878} INFO - 
================================================================================
DAG File Processing Stats

File Path                                     PID    Runtime      # DAGs    # Errors  Last Runtime    Last Run
--------------------------------------------  -----  ---------  --------  ----------  --------------  -------------------
/opt/airflow/dags/kafka_batch_to_hdfs_dag.py                           1           0  0.30s           2026-08-06T12:11:14
================================================================================
[2026-08-06T12:11:53.128+0000] {manager.py:878} INFO - 
================================================================================
DAG File Processing Stats

File Path                                     PID    Runtime      # DAGs    # Errors  Last Runtime    Last Run
--------------------------------------------  -----  ---------  --------  ----------  --------------  -------------------
/opt/airflow/dags/kafka_batch_to_hdfs_dag.py                           1           0  0.32s           2026-08-06T12:11:45
================================================================================
[2026-08-06T12:12:23.621+0000] {manager.py:878} INFO - 
================================================================================
DAG File Processing Stats

File Path                                     PID    Runtime      # DAGs    # Errors  Last Runtime    Last Run
--------------------------------------------  -----  ---------  --------  ----------  --------------  -------------------
/opt/airflow/dags/kafka_batch_to_hdfs_dag.py                           1           0  0.31s           2026-08-06T12:12:15
================================================================================
[2026-08-06T12:12:53.995+0000] {manager.py:878} INFO - 
================================================================================
DAG File Processing Stats

File Path                                     PID    Runtime      # DAGs    # Errors  Last Runtime    Last Run
--------------------------------------------  -----  ---------  --------  ----------  --------------  -------------------
/opt/airflow/dags/kafka_batch_to_hdfs_dag.py                           1           0  0.30s           2026-08-06T12:12:46
================================================================================
[2026-08-06T12:13:24.449+0000] {manager.py:878} INFO - 
================================================================================
DAG File Processing Stats

File Path                                     PID    Runtime      # DAGs    # Errors  Last Runtime    Last Run
--------------------------------------------  -----  ---------  --------  ----------  --------------  -------------------
/opt/airflow/dags/kafka_batch_to_hdfs_dag.py                           1           0  0.35s           2026-08-06T12:13:16
================================================================================
[2026-08-06T12:13:54.879+0000] {manager.py:878} INFO - 
================================================================================
DAG File Processing Stats

File Path                                     PID    Runtime      # DAGs    # Errors  Last Runtime    Last Run
--------------------------------------------  -----  ---------  --------  ----------  --------------  -------------------
/opt/airflow/dags/kafka_batch_to_hdfs_dag.py                           1           0  0.53s           2026-08-06T12:13:47
================================================================================
[2026-08-06T12:14:25.530+0000] {manager.py:878} INFO - 
================================================================================
DAG File Processing Stats

File Path                                     PID    Runtime      # DAGs    # Errors  Last Runtime    Last Run
--------------------------------------------  -----  ---------  --------  ----------  --------------  -------------------
/opt/airflow/dags/kafka_batch_to_hdfs_dag.py                           1           0  0.31s           2026-08-06T12:14:17
================================================================================
[2026-08-06T12:14:42.661+0000] {manager.py:737} INFO - Searching for files in /opt/airflow/dags
[2026-08-06T12:14:42.706+0000] {manager.py:740} INFO - There are 1 files in /opt/airflow/dags
[2026-08-06T12:14:56.089+0000] {manager.py:878} INFO - 
================================================================================
DAG File Processing Stats

File Path                                     PID    Runtime      # DAGs    # Errors  Last Runtime    Last Run
--------------------------------------------  -----  ---------  --------  ----------  --------------  -------------------
/opt/airflow/dags/kafka_batch_to_hdfs_dag.py                           1           0  0.36s           2026-08-06T12:14:48
================================================================================
[2026-08-06T12:15:26.835+0000] {manager.py:878} INFO - 
================================================================================
DAG File Processing Stats

File Path                                     PID    Runtime      # DAGs    # Errors  Last Runtime    Last Run
--------------------------------------------  -----  ---------  --------  ----------  --------------  -------------------
/opt/airflow/dags/kafka_batch_to_hdfs_dag.py                           1           0  0.57s           2026-08-06T12:15:18
================================================================================
[2026-08-06T12:15:57.264+0000] {manager.py:878} INFO - 
================================================================================
DAG File Processing Stats

File Path                                     PID    Runtime      # DAGs    # Errors  Last Runtime    Last Run
--------------------------------------------  -----  ---------  --------  ----------  --------------  -------------------
/opt/airflow/dags/kafka_batch_to_hdfs_dag.py                           1           0  0.46s           2026-08-06T12:15:49
================================================================================
[2026-08-06T12:16:27.334+0000] {manager.py:878} INFO - 
================================================================================
DAG File Processing Stats

File Path                                     PID    Runtime      # DAGs    # Errors  Last Runtime    Last Run
--------------------------------------------  -----  ---------  --------  ----------  --------------  -------------------
/opt/airflow/dags/kafka_batch_to_hdfs_dag.py                           1           0  0.30s           2026-08-06T12:16:20
================================================================================
[2026-08-06T12:16:57.572+0000] {manager.py:878} INFO - 
================================================================================
DAG File Processing Stats

File Path                                     PID    Runtime      # DAGs    # Errors  Last Runtime    Last Run
--------------------------------------------  -----  ---------  --------  ----------  --------------  -------------------
/opt/airflow/dags/kafka_batch_to_hdfs_dag.py                           1           0  0.22s           2026-08-06T12:16:50
================================================================================
[2026-08-06T12:17:27.993+0000] {manager.py:878} INFO - 
================================================================================
DAG File Processing Stats

File Path                                     PID    Runtime      # DAGs    # Errors  Last Runtime    Last Run
--------------------------------------------  -----  ---------  --------  ----------  --------------  -------------------
/opt/airflow/dags/kafka_batch_to_hdfs_dag.py                           1           0  0.20s           2026-08-06T12:17:20
================================================================================
[2026-08-06T12:17:58.240+0000] {manager.py:878} INFO - 
================================================================================
DAG File Processing Stats

File Path                                     PID    Runtime      # DAGs    # Errors  Last Runtime    Last Run
--------------------------------------------  -----  ---------  --------  ----------  --------------  -------------------
/opt/airflow/dags/kafka_batch_to_hdfs_dag.py                           1           0  0.16s           2026-08-06T12:17:51
================================================================================
[2026-08-06T12:18:28.578+0000] {manager.py:878} INFO - 
================================================================================
DAG File Processing Stats

File Path                                     PID    Runtime      # DAGs    # Errors  Last Runtime    Last Run
--------------------------------------------  -----  ---------  --------  ----------  --------------  -------------------
/opt/airflow/dags/kafka_batch_to_hdfs_dag.py                           1           0  0.19s           2026-08-06T12:18:21
================================================================================
[2026-08-06T12:18:58.893+0000] {manager.py:878} INFO - 
================================================================================
DAG File Processing Stats

File Path                                     PID    Runtime      # DAGs    # Errors  Last Runtime    Last Run
--------------------------------------------  -----  ---------  --------  ----------  --------------  -------------------
/opt/airflow/dags/kafka_batch_to_hdfs_dag.py                           1           0  0.29s           2026-08-06T12:18:52
================================================================================
[2026-08-06T12:19:29.348+0000] {manager.py:878} INFO - 
================================================================================
DAG File Processing Stats

File Path                                     PID    Runtime      # DAGs    # Errors  Last Runtime    Last Run
--------------------------------------------  -----  ---------  --------  ----------  --------------  -------------------
/opt/airflow/dags/kafka_batch_to_hdfs_dag.py                           1           0  0.21s           2026-08-06T12:19:22
================================================================================
[2026-08-06T12:19:43.447+0000] {manager.py:737} INFO - Searching for files in /opt/airflow/dags
[2026-08-06T12:19:43.502+0000] {manager.py:740} INFO - There are 1 files in /opt/airflow/dags
[2026-08-06T12:19:59.751+0000] {manager.py:878} INFO - 
================================================================================
DAG File Processing Stats

File Path                                     PID    Runtime      # DAGs    # Errors  Last Runtime    Last Run
--------------------------------------------  -----  ---------  --------  ----------  --------------  -------------------
/opt/airflow/dags/kafka_batch_to_hdfs_dag.py                           1           0  0.20s           2026-08-06T12:19:52
================================================================================
[2026-08-06T12:20:30.064+0000] {manager.py:878} INFO - 
================================================================================
DAG File Processing Stats

File Path                                     PID    Runtime      # DAGs    # Errors  Last Runtime    Last Run
--------------------------------------------  -----  ---------  --------  ----------  --------------  -------------------
/opt/airflow/dags/kafka_batch_to_hdfs_dag.py                           1           0  0.27s           2026-08-06T12:20:23
================================================================================
[2026-08-06T12:21:00.457+0000] {manager.py:878} INFO - 
================================================================================
DAG File Processing Stats

File Path                                     PID    Runtime      # DAGs    # Errors  Last Runtime    Last Run
--------------------------------------------  -----  ---------  --------  ----------  --------------  -------------------
/opt/airflow/dags/kafka_batch_to_hdfs_dag.py                           1           0  0.27s           2026-08-06T12:20:53
================================================================================
[2026-08-06T12:21:30.780+0000] {manager.py:878} INFO - 
================================================================================
DAG File Processing Stats

File Path                                     PID    Runtime      # DAGs    # Errors  Last Runtime    Last Run
--------------------------------------------  -----  ---------  --------  ----------  --------------  -------------------
/opt/airflow/dags/kafka_batch_to_hdfs_dag.py                           1           0  0.26s           2026-08-06T12:21:23
================================================================================
[2026-08-06T12:22:01.187+0000] {manager.py:878} INFO - 
================================================================================
DAG File Processing Stats

File Path                                     PID    Runtime      # DAGs    # Errors  Last Runtime    Last Run
--------------------------------------------  -----  ---------  --------  ----------  --------------  -------------------
/opt/airflow/dags/kafka_batch_to_hdfs_dag.py                           1           0  0.27s           2026-08-06T12:21:54
================================================================================
[2026-08-06T12:22:31.490+0000] {manager.py:878} INFO - 
================================================================================
DAG File Processing Stats

File Path                                     PID    Runtime      # DAGs    # Errors  Last Runtime    Last Run
--------------------------------------------  -----  ---------  --------  ----------  --------------  -------------------
/opt/airflow/dags/kafka_batch_to_hdfs_dag.py                           1           0  0.22s           2026-08-06T12:22:24
================================================================================
[2026-08-06T12:23:01.831+0000] {manager.py:878} INFO - 
================================================================================
DAG File Processing Stats

File Path                                     PID    Runtime      # DAGs    # Errors  Last Runtime    Last Run
--------------------------------------------  -----  ---------  --------  ----------  --------------  -------------------
/opt/airflow/dags/kafka_batch_to_hdfs_dag.py                           1           0  0.30s           2026-08-06T12:22:55
================================================================================
[2026-08-06T12:23:32.301+0000] {manager.py:878} INFO - 
================================================================================
DAG File Processing Stats

File Path                                     PID    Runtime      # DAGs    # Errors  Last Runtime    Last Run
--------------------------------------------  -----  ---------  --------  ----------  --------------  -------------------
/opt/airflow/dags/kafka_batch_to_hdfs_dag.py                           1           0  0.23s           2026-08-06T12:23:25
================================================================================
[2026-08-06T12:24:02.776+0000] {manager.py:878} INFO - 
================================================================================
DAG File Processing Stats

File Path                                     PID    Runtime      # DAGs    # Errors  Last Runtime    Last Run
--------------------------------------------  -----  ---------  --------  ----------  --------------  -------------------
/opt/airflow/dags/kafka_batch_to_hdfs_dag.py                           1           0  0.20s           2026-08-06T12:23:55
================================================================================
[2026-08-06T12:24:33.050+0000] {manager.py:878} INFO - 
================================================================================
DAG File Processing Stats

File Path                                     PID    Runtime      # DAGs    # Errors  Last Runtime    Last Run
--------------------------------------------  -----  ---------  --------  ----------  --------------  -------------------
/opt/airflow/dags/kafka_batch_to_hdfs_dag.py                           1           0  0.28s           2026-08-06T12:24:26
================================================================================
[2026-08-06T12:24:44.133+0000] {manager.py:737} INFO - Searching for files in /opt/airflow/dags
[2026-08-06T12:24:44.171+0000] {manager.py:740} INFO - There are 1 files in /opt/airflow/dags
[2026-08-06T12:25:03.525+0000] {manager.py:878} INFO - 
================================================================================
DAG File Processing Stats

File Path                                     PID    Runtime      # DAGs    # Errors  Last Runtime    Last Run
--------------------------------------------  -----  ---------  --------  ----------  --------------  -------------------
/opt/airflow/dags/kafka_batch_to_hdfs_dag.py                           1           0  0.24s           2026-08-06T12:24:56
================================================================================
[2026-08-06T12:25:33.825+0000] {manager.py:878} INFO - 
================================================================================
DAG File Processing Stats

File Path                                     PID    Runtime      # DAGs    # Errors  Last Runtime    Last Run
--------------------------------------------  -----  ---------  --------  ----------  --------------  -------------------
/opt/airflow/dags/kafka_batch_to_hdfs_dag.py                           1           0  0.19s           2026-08-06T12:25:26
================================================================================
[2026-08-06T12:26:04.223+0000] {manager.py:878} INFO - 
================================================================================
DAG File Processing Stats

File Path                                     PID    Runtime      # DAGs    # Errors  Last Runtime    Last Run
--------------------------------------------  -----  ---------  --------  ----------  --------------  -------------------
/opt/airflow/dags/kafka_batch_to_hdfs_dag.py                           1           0  0.26s           2026-08-06T12:25:57
================================================================================
[2026-08-06T12:26:34.621+0000] {manager.py:878} INFO - 
================================================================================
DAG File Processing Stats

File Path                                     PID    Runtime      # DAGs    # Errors  Last Runtime    Last Run
--------------------------------------------  -----  ---------  --------  ----------  --------------  -------------------
/opt/airflow/dags/kafka_batch_to_hdfs_dag.py                           1           0  0.25s           2026-08-06T12:26:27
================================================================================
[2026-08-06T12:27:04.966+0000] {manager.py:878} INFO - 
================================================================================
DAG File Processing Stats

File Path                                     PID    Runtime      # DAGs    # Errors  Last Runtime    Last Run
--------------------------------------------  -----  ---------  --------  ----------  --------------  -------------------
/opt/airflow/dags/kafka_batch_to_hdfs_dag.py                           1           0  0.27s           2026-08-06T12:26:58
================================================================================
[2026-08-06T12:27:35.383+0000] {manager.py:878} INFO - 
================================================================================
DAG File Processing Stats

File Path                                     PID    Runtime      # DAGs    # Errors  Last Runtime    Last Run
--------------------------------------------  -----  ---------  --------  ----------  --------------  -------------------
/opt/airflow/dags/kafka_batch_to_hdfs_dag.py                           1           0  0.29s           2026-08-06T12:27:28
================================================================================
[2026-08-06T12:28:05.750+0000] {manager.py:878} INFO - 
================================================================================
DAG File Processing Stats

File Path                                     PID    Runtime      # DAGs    # Errors  Last Runtime    Last Run
--------------------------------------------  -----  ---------  --------  ----------  --------------  -------------------
/opt/airflow/dags/kafka_batch_to_hdfs_dag.py                           1           0  0.21s           2026-08-06T12:27:58
================================================================================
[2026-08-06T12:28:36.108+0000] {manager.py:878} INFO - 
================================================================================
DAG File Processing Stats

File Path                                     PID    Runtime      # DAGs    # Errors  Last Runtime    Last Run
--------------------------------------------  -----  ---------  --------  ----------  --------------  -------------------
/opt/airflow/dags/kafka_batch_to_hdfs_dag.py                           1           0  0.28s           2026-08-06T12:28:29
================================================================================
[2026-08-06T12:29:06.519+0000] {manager.py:878} INFO - 
================================================================================
DAG File Processing Stats

File Path                                     PID    Runtime      # DAGs    # Errors  Last Runtime    Last Run
--------------------------------------------  -----  ---------  --------  ----------  --------------  -------------------
/opt/airflow/dags/kafka_batch_to_hdfs_dag.py                           1           0  0.29s           2026-08-06T12:28:59
================================================================================
[2026-08-06T12:29:36.853+0000] {manager.py:878} INFO - 
================================================================================
DAG File Processing Stats

File Path                                     PID    Runtime      # DAGs    # Errors  Last Runtime    Last Run
--------------------------------------------  -----  ---------  --------  ----------  --------------  -------------------
/opt/airflow/dags/kafka_batch_to_hdfs_dag.py                           1           0  0.21s           2026-08-06T12:29:29
================================================================================
[2026-08-06T12:29:44.915+0000] {manager.py:737} INFO - Searching for files in /opt/airflow/dags
[2026-08-06T12:29:44.981+0000] {manager.py:740} INFO - There are 1 files in /opt/airflow/dags
[2026-08-06T12:30:07.251+0000] {manager.py:878} INFO - 
================================================================================
DAG File Processing Stats

File Path                                     PID    Runtime      # DAGs    # Errors  Last Runtime    Last Run
--------------------------------------------  -----  ---------  --------  ----------  --------------  -------------------
/opt/airflow/dags/kafka_batch_to_hdfs_dag.py                           1           0  0.39s           2026-08-06T12:30:00
================================================================================
[2026-08-06T12:30:37.912+0000] {manager.py:878} INFO - 
================================================================================
DAG File Processing Stats

File Path                                     PID    Runtime      # DAGs    # Errors  Last Runtime    Last Run
--------------------------------------------  -----  ---------  --------  ----------  --------------  -------------------
/opt/airflow/dags/kafka_batch_to_hdfs_dag.py                           1           0  0.34s           2026-08-06T12:30:31
================================================================================
[2026-08-06T12:31:08.509+0000] {manager.py:878} INFO - 
================================================================================
DAG File Processing Stats

File Path                                     PID    Runtime      # DAGs    # Errors  Last Runtime    Last Run
--------------------------------------------  -----  ---------  --------  ----------  --------------  -------------------
/opt/airflow/dags/kafka_batch_to_hdfs_dag.py                           1           0  0.28s           2026-08-06T12:31:01
================================================================================
[2026-08-06T12:31:39.145+0000] {manager.py:878} INFO - 
================================================================================
DAG File Processing Stats

File Path                                     PID    Runtime      # DAGs    # Errors  Last Runtime    Last Run
--------------------------------------------  -----  ---------  --------  ----------  --------------  -------------------
/opt/airflow/dags/kafka_batch_to_hdfs_dag.py                           1           0  0.20s           2026-08-06T12:31:32
================================================================================
[2026-08-06T12:32:09.661+0000] {manager.py:878} INFO - 
================================================================================
DAG File Processing Stats

File Path                                     PID    Runtime      # DAGs    # Errors  Last Runtime    Last Run
--------------------------------------------  -----  ---------  --------  ----------  --------------  -------------------
/opt/airflow/dags/kafka_batch_to_hdfs_dag.py                           1           0  0.24s           2026-08-06T12:32:02
================================================================================
[2026-08-06T12:32:39.938+0000] {manager.py:878} INFO - 
================================================================================
DAG File Processing Stats

File Path                                     PID    Runtime      # DAGs    # Errors  Last Runtime    Last Run
--------------------------------------------  -----  ---------  --------  ----------  --------------  -------------------
/opt/airflow/dags/kafka_batch_to_hdfs_dag.py                           1           0  0.17s           2026-08-06T12:32:32
================================================================================
[2026-08-06T12:33:10.243+0000] {manager.py:878} INFO - 
================================================================================
DAG File Processing Stats

File Path                                     PID    Runtime      # DAGs    # Errors  Last Runtime    Last Run
--------------------------------------------  -----  ---------  --------  ----------  --------------  -------------------
/opt/airflow/dags/kafka_batch_to_hdfs_dag.py                           1           0  0.22s           2026-08-06T12:33:03
================================================================================
[2026-08-06T12:33:40.580+0000] {manager.py:878} INFO - 
================================================================================
DAG File Processing Stats

File Path                                     PID    Runtime      # DAGs    # Errors  Last Runtime    Last Run
--------------------------------------------  -----  ---------  --------  ----------  --------------  -------------------
/opt/airflow/dags/kafka_batch_to_hdfs_dag.py                           1           0  0.21s           2026-08-06T12:33:33
================================================================================
[2026-08-06T12:34:10.913+0000] {manager.py:878} INFO - 
================================================================================
DAG File Processing Stats

File Path                                     PID    Runtime      # DAGs    # Errors  Last Runtime    Last Run
--------------------------------------------  -----  ---------  --------  ----------  --------------  -------------------
/opt/airflow/dags/kafka_batch_to_hdfs_dag.py                           1           0  0.27s           2026-08-06T12:34:04
================================================================================
[2026-08-06T12:34:41.264+0000] {manager.py:878} INFO - 
================================================================================
DAG File Processing Stats

File Path                                     PID    Runtime      # DAGs    # Errors  Last Runtime    Last Run
--------------------------------------------  -----  ---------  --------  ----------  --------------  -------------------
/opt/airflow/dags/kafka_batch_to_hdfs_dag.py                           1           0  0.22s           2026-08-06T12:34:34
================================================================================
[2026-08-06T12:34:45.289+0000] {manager.py:737} INFO - Searching for files in /opt/airflow/dags
[2026-08-06T12:34:45.334+0000] {manager.py:740} INFO - There are 1 files in /opt/airflow/dags
[2026-08-06T12:35:11.603+0000] {manager.py:878} INFO - 
================================================================================
DAG File Processing Stats

File Path                                     PID    Runtime      # DAGs    # Errors  Last Runtime    Last Run
--------------------------------------------  -----  ---------  --------  ----------  --------------  -------------------
/opt/airflow/dags/kafka_batch_to_hdfs_dag.py                           1           0  0.28s           2026-08-06T12:35:04
================================================================================
[2026-08-06T12:35:42.117+0000] {manager.py:878} INFO - 
================================================================================
DAG File Processing Stats

File Path                                     PID    Runtime      # DAGs    # Errors  Last Runtime    Last Run
--------------------------------------------  -----  ---------  --------  ----------  --------------  -------------------
/opt/airflow/dags/kafka_batch_to_hdfs_dag.py                           1           0  0.26s           2026-08-06T12:35:35
================================================================================
[2026-08-06T12:36:12.624+0000] {manager.py:878} INFO - 
================================================================================
DAG File Processing Stats

File Path                                     PID    Runtime      # DAGs    # Errors  Last Runtime    Last Run
--------------------------------------------  -----  ---------  --------  ----------  --------------  -------------------
/opt/airflow/dags/kafka_batch_to_hdfs_dag.py                           1           0  0.29s           2026-08-06T12:36:05
================================================================================
[2026-08-06T12:36:43.323+0000] {manager.py:878} INFO - 
================================================================================
DAG File Processing Stats

File Path                                     PID    Runtime      # DAGs    # Errors  Last Runtime    Last Run
--------------------------------------------  -----  ---------  --------  ----------  --------------  -------------------
/opt/airflow/dags/kafka_batch_to_hdfs_dag.py                           1           0  0.32s           2026-08-06T12:36:36
================================================================================
[2026-08-06T12:37:13.827+0000] {manager.py:878} INFO - 
================================================================================
DAG File Processing Stats

File Path                                     PID    Runtime      # DAGs    # Errors  Last Runtime    Last Run
--------------------------------------------  -----  ---------  --------  ----------  --------------  -------------------
/opt/airflow/dags/kafka_batch_to_hdfs_dag.py                           1           0  0.35s           2026-08-06T12:37:06
================================================================================
[2026-08-06T12:37:44.335+0000] {manager.py:878} INFO - 
================================================================================
DAG File Processing Stats

File Path                                     PID    Runtime      # DAGs    # Errors  Last Runtime    Last Run
--------------------------------------------  -----  ---------  --------  ----------  --------------  -------------------
/opt/airflow/dags/kafka_batch_to_hdfs_dag.py                           1           0  0.30s           2026-08-06T12:37:37
================================================================================
[2026-08-06T12:37:52.408+0000] {manager.py:1128} WARNING - Skipping processing of missing file: /opt/airflow/dags/kafka_batch_to_hdfs_dag.py
[2026-08-06T12:39:46.059+0000] {manager.py:737} INFO - Searching for files in /opt/airflow/dags
[2026-08-06T12:39:46.112+0000] {manager.py:740} INFO - There are 1 files in /opt/airflow/dags
[2026-08-06T12:40:15.527+0000] {manager.py:878} INFO - 
================================================================================
DAG File Processing Stats

File Path                              PID    Runtime      # DAGs    # Errors  Last Runtime    Last Run
-------------------------------------  -----  ---------  --------  ----------  --------------  -------------------
/opt/airflow/dags/json_to_hdfs_dag.py                           1           0  1.10s           2026-08-06T12:39:47
================================================================================
[2026-08-06T12:40:46.068+0000] {manager.py:878} INFO - 
================================================================================
DAG File Processing Stats

File Path                              PID    Runtime      # DAGs    # Errors  Last Runtime    Last Run
-------------------------------------  -----  ---------  --------  ----------  --------------  -------------------
/opt/airflow/dags/json_to_hdfs_dag.py                           1           0  1.12s           2026-08-06T12:40:18
================================================================================
[2026-08-06T12:41:16.426+0000] {manager.py:878} INFO - 
================================================================================
DAG File Processing Stats

File Path                              PID    Runtime      # DAGs    # Errors  Last Runtime    Last Run
-------------------------------------  -----  ---------  --------  ----------  --------------  -------------------
/opt/airflow/dags/json_to_hdfs_dag.py                           1           0  0.40s           2026-08-06T12:40:49
================================================================================
[2026-08-06T12:41:46.998+0000] {manager.py:878} INFO - 
================================================================================
DAG File Processing Stats

File Path                              PID    Runtime      # DAGs    # Errors  Last Runtime    Last Run
-------------------------------------  -----  ---------  --------  ----------  --------------  -------------------
/opt/airflow/dags/json_to_hdfs_dag.py                           1           0  0.30s           2026-08-06T12:41:20
================================================================================
[2026-08-06T12:42:17.601+0000] {manager.py:878} INFO - 
================================================================================
DAG File Processing Stats

File Path                              PID    Runtime      # DAGs    # Errors  Last Runtime    Last Run
-------------------------------------  -----  ---------  --------  ----------  --------------  -------------------
/opt/airflow/dags/json_to_hdfs_dag.py                           1           0  0.26s           2026-08-06T12:41:50
================================================================================
[2026-08-06T12:42:48.103+0000] {manager.py:878} INFO - 
================================================================================
DAG File Processing Stats

File Path                              PID    Runtime      # DAGs    # Errors  Last Runtime    Last Run
-------------------------------------  -----  ---------  --------  ----------  --------------  -------------------
/opt/airflow/dags/json_to_hdfs_dag.py                           1           0  0.30s           2026-08-06T12:42:20
================================================================================
[2026-08-06T12:43:18.434+0000] {manager.py:878} INFO - 
================================================================================
DAG File Processing Stats

File Path                              PID    Runtime      # DAGs    # Errors  Last Runtime    Last Run
-------------------------------------  -----  ---------  --------  ----------  --------------  -------------------
/opt/airflow/dags/json_to_hdfs_dag.py                           1           0  0.34s           2026-08-06T12:42:51
================================================================================
[2026-08-06T12:43:49.019+0000] {manager.py:878} INFO - 
================================================================================
DAG File Processing Stats

File Path                              PID    Runtime      # DAGs    # Errors  Last Runtime    Last Run
-------------------------------------  -----  ---------  --------  ----------  --------------  -------------------
/opt/airflow/dags/json_to_hdfs_dag.py                           1           0  0.21s           2026-08-06T12:43:21
================================================================================
[2026-08-06T12:44:19.462+0000] {manager.py:878} INFO - 
================================================================================
DAG File Processing Stats

File Path                              PID    Runtime      # DAGs    # Errors  Last Runtime    Last Run
-------------------------------------  -----  ---------  --------  ----------  --------------  -------------------
/opt/airflow/dags/json_to_hdfs_dag.py                           1           0  0.24s           2026-08-06T12:43:52
================================================================================
[2026-08-06T14:44:02.755+0000] {manager.py:737} INFO - Searching for files in /opt/airflow/dags
[2026-08-07T01:11:52.053+0000] {manager.py:740} INFO - There are 1 files in /opt/airflow/dags
[2026-08-07T01:11:52.726+0000] {manager.py:878} INFO - 
================================================================================
DAG File Processing Stats

File Path                                PID  Runtime      # DAGs    # Errors  Last Runtime    Last Run
-------------------------------------  -----  ---------  --------  ----------  --------------  -------------------
/opt/airflow/dags/json_to_hdfs_dag.py    709  0.01s             1           0  0.32s           2026-08-06T12:44:22
================================================================================
[2026-08-07T01:11:52.770+0000] {manager.py:737} INFO - Searching for files in /opt/airflow/dags
[2026-08-07T01:11:53.340+0000] {manager.py:740} INFO - There are 1 files in /opt/airflow/dags
[2026-08-07T01:12:23.079+0000] {manager.py:878} INFO - 
================================================================================
DAG File Processing Stats

File Path                              PID    Runtime      # DAGs    # Errors  Last Runtime    Last Run
-------------------------------------  -----  ---------  --------  ----------  --------------  -------------------
/opt/airflow/dags/json_to_hdfs_dag.py                           1           0  2.99s           2026-08-07T01:11:55
================================================================================
[2026-08-07T01:12:53.255+0000] {manager.py:878} INFO - 
================================================================================
DAG File Processing Stats

File Path                              PID    Runtime      # DAGs    # Errors  Last Runtime    Last Run
-------------------------------------  -----  ---------  --------  ----------  --------------  -------------------
/opt/airflow/dags/json_to_hdfs_dag.py                           1           0  5.47s           2026-08-07T01:12:31
================================================================================
[2026-08-07T01:13:26.644+0000] {manager.py:878} INFO - 
================================================================================
DAG File Processing Stats

File Path                              PID    Runtime      # DAGs    # Errors  Last Runtime    Last Run
-------------------------------------  -----  ---------  --------  ----------  --------------  -------------------
/opt/airflow/dags/json_to_hdfs_dag.py                           1           0  5.73s           2026-08-07T01:13:07
================================================================================
[2026-08-07T01:13:56.971+0000] {manager.py:878} INFO - 
================================================================================
DAG File Processing Stats

File Path                              PID    Runtime      # DAGs    # Errors  Last Runtime    Last Run
-------------------------------------  -----  ---------  --------  ----------  --------------  -------------------
/opt/airflow/dags/json_to_hdfs_dag.py                           1           0  0.67s           2026-08-07T01:13:38
================================================================================
[2026-08-07T01:14:27.589+0000] {manager.py:878} INFO - 
================================================================================
DAG File Processing Stats

File Path                              PID    Runtime      # DAGs    # Errors  Last Runtime    Last Run
-------------------------------------  -----  ---------  --------  ----------  --------------  -------------------
/opt/airflow/dags/json_to_hdfs_dag.py                           1           0  0.47s           2026-08-07T01:14:09
================================================================================
[2026-08-07T01:14:57.817+0000] {manager.py:878} INFO - 
================================================================================
DAG File Processing Stats

File Path                              PID    Runtime      # DAGs    # Errors  Last Runtime    Last Run
-------------------------------------  -----  ---------  --------  ----------  --------------  -------------------
/opt/airflow/dags/json_to_hdfs_dag.py                           1           0  0.19s           2026-08-07T01:14:39
================================================================================
[2026-08-07T01:15:28.157+0000] {manager.py:878} INFO - 
================================================================================
DAG File Processing Stats

File Path                              PID    Runtime      # DAGs    # Errors  Last Runtime    Last Run
-------------------------------------  -----  ---------  --------  ----------  --------------  -------------------
/opt/airflow/dags/json_to_hdfs_dag.py                           1           0  0.24s           2026-08-07T01:15:10
================================================================================
[2026-08-07T01:15:58.468+0000] {manager.py:878} INFO - 
================================================================================
DAG File Processing Stats

File Path                              PID    Runtime      # DAGs    # Errors  Last Runtime    Last Run
-------------------------------------  -----  ---------  --------  ----------  --------------  -------------------
/opt/airflow/dags/json_to_hdfs_dag.py                           1           0  0.15s           2026-08-07T01:15:40
================================================================================
[2026-08-07T01:16:28.717+0000] {manager.py:878} INFO - 
================================================================================
DAG File Processing Stats

File Path                              PID    Runtime      # DAGs    # Errors  Last Runtime    Last Run
-------------------------------------  -----  ---------  --------  ----------  --------------  -------------------
/opt/airflow/dags/json_to_hdfs_dag.py                           1           0  0.12s           2026-08-07T01:16:10
================================================================================
[2026-08-07T01:16:52.971+0000] {manager.py:737} INFO - Searching for files in /opt/airflow/dags
[2026-08-07T01:16:53.014+0000] {manager.py:740} INFO - There are 1 files in /opt/airflow/dags
[2026-08-07T01:16:59.070+0000] {manager.py:878} INFO - 
================================================================================
DAG File Processing Stats

File Path                              PID    Runtime      # DAGs    # Errors  Last Runtime    Last Run
-------------------------------------  -----  ---------  --------  ----------  --------------  -------------------
/opt/airflow/dags/json_to_hdfs_dag.py                           1           0  0.16s           2026-08-07T01:16:40
================================================================================
[2026-08-07T01:17:29.279+0000] {manager.py:878} INFO - 
================================================================================
DAG File Processing Stats

File Path                              PID    Runtime      # DAGs    # Errors  Last Runtime    Last Run
-------------------------------------  -----  ---------  --------  ----------  --------------  -------------------
/opt/airflow/dags/json_to_hdfs_dag.py                           1           0  0.13s           2026-08-07T01:17:11
================================================================================
[2026-08-07T01:17:59.587+0000] {manager.py:878} INFO - 
================================================================================
DAG File Processing Stats

File Path                              PID    Runtime      # DAGs    # Errors  Last Runtime    Last Run
-------------------------------------  -----  ---------  --------  ----------  --------------  -------------------
/opt/airflow/dags/json_to_hdfs_dag.py                           1           0  0.15s           2026-08-07T01:17:41
================================================================================
[2026-08-07T01:18:29.822+0000] {manager.py:878} INFO - 
================================================================================
DAG File Processing Stats

File Path                              PID    Runtime      # DAGs    # Errors  Last Runtime    Last Run
-------------------------------------  -----  ---------  --------  ----------  --------------  -------------------
/opt/airflow/dags/json_to_hdfs_dag.py                           1           0  0.14s           2026-08-07T01:18:11
================================================================================
[2026-08-07T01:19:00.111+0000] {manager.py:878} INFO - 
================================================================================
DAG File Processing Stats

File Path                              PID    Runtime      # DAGs    # Errors  Last Runtime    Last Run
-------------------------------------  -----  ---------  --------  ----------  --------------  -------------------
/opt/airflow/dags/json_to_hdfs_dag.py                           1           0  0.15s           2026-08-07T01:18:42
================================================================================
[2026-08-07T01:19:30.322+0000] {manager.py:878} INFO - 
================================================================================
DAG File Processing Stats

File Path                              PID    Runtime      # DAGs    # Errors  Last Runtime    Last Run
-------------------------------------  -----  ---------  --------  ----------  --------------  -------------------
/opt/airflow/dags/json_to_hdfs_dag.py                           1           0  0.16s           2026-08-07T01:19:12
================================================================================
[2026-08-07T01:20:00.636+0000] {manager.py:878} INFO - 
================================================================================
DAG File Processing Stats

File Path                              PID    Runtime      # DAGs    # Errors  Last Runtime    Last Run
-------------------------------------  -----  ---------  --------  ----------  --------------  -------------------
/opt/airflow/dags/json_to_hdfs_dag.py                           1           0  0.13s           2026-08-07T01:19:42
================================================================================
[2026-08-07T01:20:30.876+0000] {manager.py:878} INFO - 
================================================================================
DAG File Processing Stats

File Path                              PID    Runtime      # DAGs    # Errors  Last Runtime    Last Run
-------------------------------------  -----  ---------  --------  ----------  --------------  -------------------
/opt/airflow/dags/json_to_hdfs_dag.py                           1           0  0.16s           2026-08-07T01:20:12
================================================================================
[2026-08-07T01:21:01.266+0000] {manager.py:878} INFO - 
================================================================================
DAG File Processing Stats

File Path                              PID    Runtime      # DAGs    # Errors  Last Runtime    Last Run
-------------------------------------  -----  ---------  --------  ----------  --------------  -------------------
/opt/airflow/dags/json_to_hdfs_dag.py                           1           0  0.16s           2026-08-07T01:20:43
================================================================================
[2026-08-07T01:21:31.500+0000] {manager.py:878} INFO - 
================================================================================
DAG File Processing Stats

File Path                              PID    Runtime      # DAGs    # Errors  Last Runtime    Last Run
-------------------------------------  -----  ---------  --------  ----------  --------------  -------------------
/opt/airflow/dags/json_to_hdfs_dag.py                           1           0  0.17s           2026-08-07T01:21:13
================================================================================
[2026-08-07T01:21:53.759+0000] {manager.py:737} INFO - Searching for files in /opt/airflow/dags
[2026-08-07T01:21:53.783+0000] {manager.py:740} INFO - There are 1 files in /opt/airflow/dags
[2026-08-07T01:22:01.849+0000] {manager.py:878} INFO - 
================================================================================
DAG File Processing Stats

File Path                              PID    Runtime      # DAGs    # Errors  Last Runtime    Last Run
-------------------------------------  -----  ---------  --------  ----------  --------------  -------------------
/opt/airflow/dags/json_to_hdfs_dag.py                           1           0  0.15s           2026-08-07T01:21:43
================================================================================
[2026-08-07T01:22:32.066+0000] {manager.py:878} INFO - 
================================================================================
DAG File Processing Stats

File Path                              PID    Runtime      # DAGs    # Errors  Last Runtime    Last Run
-------------------------------------  -----  ---------  --------  ----------  --------------  -------------------
/opt/airflow/dags/json_to_hdfs_dag.py                           1           0  0.14s           2026-08-07T01:22:14
================================================================================
[2026-08-07T01:23:02.382+0000] {manager.py:878} INFO - 
================================================================================
DAG File Processing Stats

File Path                              PID    Runtime      # DAGs    # Errors  Last Runtime    Last Run
-------------------------------------  -----  ---------  --------  ----------  --------------  -------------------
/opt/airflow/dags/json_to_hdfs_dag.py                           1           0  0.16s           2026-08-07T01:22:44
================================================================================
[2026-08-07T01:23:32.632+0000] {manager.py:878} INFO - 
================================================================================
DAG File Processing Stats

File Path                              PID    Runtime      # DAGs    # Errors  Last Runtime    Last Run
-------------------------------------  -----  ---------  --------  ----------  --------------  -------------------
/opt/airflow/dags/json_to_hdfs_dag.py                           1           0  0.16s           2026-08-07T01:23:14
================================================================================
[2026-08-07T01:24:02.928+0000] {manager.py:878} INFO - 
================================================================================
DAG File Processing Stats

File Path                              PID    Runtime      # DAGs    # Errors  Last Runtime    Last Run
-------------------------------------  -----  ---------  --------  ----------  --------------  -------------------
/opt/airflow/dags/json_to_hdfs_dag.py                           1           0  0.19s           2026-08-07T01:23:44
================================================================================
[2026-08-07T01:24:33.203+0000] {manager.py:878} INFO - 
================================================================================
DAG File Processing Stats

File Path                              PID    Runtime      # DAGs    # Errors  Last Runtime    Last Run
-------------------------------------  -----  ---------  --------  ----------  --------------  -------------------
/opt/airflow/dags/json_to_hdfs_dag.py                           1           0  0.16s           2026-08-07T01:24:15
================================================================================
[2026-08-07T01:25:03.464+0000] {manager.py:878} INFO - 
================================================================================
DAG File Processing Stats

File Path                              PID    Runtime      # DAGs    # Errors  Last Runtime    Last Run
-------------------------------------  -----  ---------  --------  ----------  --------------  -------------------
/opt/airflow/dags/json_to_hdfs_dag.py                           1           0  0.14s           2026-08-07T01:24:45
================================================================================
[2026-08-07T01:25:33.729+0000] {manager.py:878} INFO - 
================================================================================
DAG File Processing Stats

File Path                              PID    Runtime      # DAGs    # Errors  Last Runtime    Last Run
-------------------------------------  -----  ---------  --------  ----------  --------------  -------------------
/opt/airflow/dags/json_to_hdfs_dag.py                           1           0  0.30s           2026-08-07T01:25:15
================================================================================
[2026-08-07T01:26:04.175+0000] {manager.py:878} INFO - 
================================================================================
DAG File Processing Stats

File Path                              PID    Runtime      # DAGs    # Errors  Last Runtime    Last Run
-------------------------------------  -----  ---------  --------  ----------  --------------  -------------------
/opt/airflow/dags/json_to_hdfs_dag.py                           1           0  0.13s           2026-08-07T01:25:46
================================================================================
[2026-08-07T01:26:34.481+0000] {manager.py:878} INFO - 
================================================================================
DAG File Processing Stats

File Path                              PID    Runtime      # DAGs    # Errors  Last Runtime    Last Run
-------------------------------------  -----  ---------  --------  ----------  --------------  -------------------
/opt/airflow/dags/json_to_hdfs_dag.py                           1           0  0.15s           2026-08-07T01:26:16
================================================================================
[2026-08-07T01:26:53.774+0000] {manager.py:737} INFO - Searching for files in /opt/airflow/dags
[2026-08-07T01:26:53.802+0000] {manager.py:740} INFO - There are 1 files in /opt/airflow/dags
[2026-08-07T01:27:04.701+0000] {manager.py:878} INFO - 
================================================================================
DAG File Processing Stats

File Path                              PID    Runtime      # DAGs    # Errors  Last Runtime    Last Run
-------------------------------------  -----  ---------  --------  ----------  --------------  -------------------
/opt/airflow/dags/json_to_hdfs_dag.py                           1           0  0.16s           2026-08-07T01:26:46
================================================================================
[2026-08-07T01:27:35.036+0000] {manager.py:878} INFO - 
================================================================================
DAG File Processing Stats

File Path                              PID    Runtime      # DAGs    # Errors  Last Runtime    Last Run
-------------------------------------  -----  ---------  --------  ----------  --------------  -------------------
/opt/airflow/dags/json_to_hdfs_dag.py                           1           0  0.15s           2026-08-07T01:27:16
================================================================================
[2026-08-07T01:28:05.296+0000] {manager.py:878} INFO - 
================================================================================
DAG File Processing Stats

File Path                              PID    Runtime      # DAGs    # Errors  Last Runtime    Last Run
-------------------------------------  -----  ---------  --------  ----------  --------------  -------------------
/opt/airflow/dags/json_to_hdfs_dag.py                           1           0  0.17s           2026-08-07T01:27:47
================================================================================
[2026-08-07T01:28:35.614+0000] {manager.py:878} INFO - 
================================================================================
DAG File Processing Stats

File Path                              PID    Runtime      # DAGs    # Errors  Last Runtime    Last Run
-------------------------------------  -----  ---------  --------  ----------  --------------  -------------------
/opt/airflow/dags/json_to_hdfs_dag.py                           1           0  0.18s           2026-08-07T01:28:17
================================================================================
[2026-08-07T01:29:05.851+0000] {manager.py:878} INFO - 
================================================================================
DAG File Processing Stats

File Path                              PID    Runtime      # DAGs    # Errors  Last Runtime    Last Run
-------------------------------------  -----  ---------  --------  ----------  --------------  -------------------
/opt/airflow/dags/json_to_hdfs_dag.py                           1           0  0.15s           2026-08-07T01:28:47
================================================================================
[2026-08-07T01:29:36.136+0000] {manager.py:878} INFO - 
================================================================================
DAG File Processing Stats

File Path                              PID    Runtime      # DAGs    # Errors  Last Runtime    Last Run
-------------------------------------  -----  ---------  --------  ----------  --------------  -------------------
/opt/airflow/dags/json_to_hdfs_dag.py                           1           0  0.15s           2026-08-07T01:29:18
================================================================================
[2026-08-07T01:30:06.377+0000] {manager.py:878} INFO - 
================================================================================
DAG File Processing Stats

File Path                              PID    Runtime      # DAGs    # Errors  Last Runtime    Last Run
-------------------------------------  -----  ---------  --------  ----------  --------------  -------------------
/opt/airflow/dags/json_to_hdfs_dag.py                           1           0  0.15s           2026-08-07T01:29:48
================================================================================
[2026-08-07T01:30:36.645+0000] {manager.py:878} INFO - 
================================================================================
DAG File Processing Stats

File Path                              PID    Runtime      # DAGs    # Errors  Last Runtime    Last Run
-------------------------------------  -----  ---------  --------  ----------  --------------  -------------------
/opt/airflow/dags/json_to_hdfs_dag.py                           1           0  0.17s           2026-08-07T01:30:18
================================================================================
[2026-08-07T01:31:06.918+0000] {manager.py:878} INFO - 
================================================================================
DAG File Processing Stats

File Path                              PID    Runtime      # DAGs    # Errors  Last Runtime    Last Run
-------------------------------------  -----  ---------  --------  ----------  --------------  -------------------
/opt/airflow/dags/json_to_hdfs_dag.py                           1           0  0.13s           2026-08-07T01:30:48
================================================================================
[2026-08-07T01:31:37.138+0000] {manager.py:878} INFO - 
================================================================================
DAG File Processing Stats

File Path                              PID    Runtime      # DAGs    # Errors  Last Runtime    Last Run
-------------------------------------  -----  ---------  --------  ----------  --------------  -------------------
/opt/airflow/dags/json_to_hdfs_dag.py                           1           0  0.15s           2026-08-07T01:31:19
================================================================================
[2026-08-07T01:31:54.368+0000] {manager.py:737} INFO - Searching for files in /opt/airflow/dags
[2026-08-07T01:31:54.404+0000] {manager.py:740} INFO - There are 1 files in /opt/airflow/dags
[2026-08-07T01:32:07.516+0000] {manager.py:878} INFO - 
================================================================================
DAG File Processing Stats

File Path                              PID    Runtime      # DAGs    # Errors  Last Runtime    Last Run
-------------------------------------  -----  ---------  --------  ----------  --------------  -------------------
/opt/airflow/dags/json_to_hdfs_dag.py                           1           0  0.14s           2026-08-07T01:31:49
================================================================================
[2026-08-07T01:32:37.722+0000] {manager.py:878} INFO - 
================================================================================
DAG File Processing Stats

File Path                              PID    Runtime      # DAGs    # Errors  Last Runtime    Last Run
-------------------------------------  -----  ---------  --------  ----------  --------------  -------------------
/opt/airflow/dags/json_to_hdfs_dag.py                           1           0  0.13s           2026-08-07T01:32:19
================================================================================
[2026-08-07T01:33:08.005+0000] {manager.py:878} INFO - 
================================================================================
DAG File Processing Stats

File Path                              PID    Runtime      # DAGs    # Errors  Last Runtime    Last Run
-------------------------------------  -----  ---------  --------  ----------  --------------  -------------------
/opt/airflow/dags/json_to_hdfs_dag.py                           1           0  0.14s           2026-08-07T01:32:49
================================================================================
[2026-08-07T01:33:38.237+0000] {manager.py:878} INFO - 
================================================================================
DAG File Processing Stats

File Path                              PID    Runtime      # DAGs    # Errors  Last Runtime    Last Run
-------------------------------------  -----  ---------  --------  ----------  --------------  -------------------
/opt/airflow/dags/json_to_hdfs_dag.py                           1           0  0.19s           2026-08-07T01:33:20
================================================================================
[2026-08-07T01:34:08.561+0000] {manager.py:878} INFO - 
================================================================================
DAG File Processing Stats

File Path                              PID    Runtime      # DAGs    # Errors  Last Runtime    Last Run
-------------------------------------  -----  ---------  --------  ----------  --------------  -------------------
/opt/airflow/dags/json_to_hdfs_dag.py                           1           0  0.17s           2026-08-07T01:33:50
================================================================================
[2026-08-07T01:34:38.781+0000] {manager.py:878} INFO - 
================================================================================
DAG File Processing Stats

File Path                              PID    Runtime      # DAGs    # Errors  Last Runtime    Last Run
-------------------------------------  -----  ---------  --------  ----------  --------------  -------------------
/opt/airflow/dags/json_to_hdfs_dag.py                           1           0  0.13s           2026-08-07T01:34:20
================================================================================
[2026-08-07T01:35:09.157+0000] {manager.py:878} INFO - 
================================================================================
DAG File Processing Stats

File Path                              PID    Runtime      # DAGs    # Errors  Last Runtime    Last Run
-------------------------------------  -----  ---------  --------  ----------  --------------  -------------------
/opt/airflow/dags/json_to_hdfs_dag.py                           1           0  0.13s           2026-08-07T01:34:51
================================================================================
[2026-08-07T01:35:39.402+0000] {manager.py:878} INFO - 
================================================================================
DAG File Processing Stats

File Path                              PID    Runtime      # DAGs    # Errors  Last Runtime    Last Run
-------------------------------------  -----  ---------  --------  ----------  --------------  -------------------
/opt/airflow/dags/json_to_hdfs_dag.py                           1           0  0.20s           2026-08-07T01:35:21
================================================================================
[2026-08-07T01:36:09.738+0000] {manager.py:878} INFO - 
================================================================================
DAG File Processing Stats

File Path                              PID    Runtime      # DAGs    # Errors  Last Runtime    Last Run
-------------------------------------  -----  ---------  --------  ----------  --------------  -------------------
/opt/airflow/dags/json_to_hdfs_dag.py                           1           0  0.19s           2026-08-07T01:35:51
================================================================================
[2026-08-07T01:36:40.031+0000] {manager.py:878} INFO - 
================================================================================
DAG File Processing Stats

File Path                              PID    Runtime      # DAGs    # Errors  Last Runtime    Last Run
-------------------------------------  -----  ---------  --------  ----------  --------------  -------------------
/opt/airflow/dags/json_to_hdfs_dag.py                           1           0  0.16s           2026-08-07T01:36:22
================================================================================
[2026-08-07T01:36:55.208+0000] {manager.py:737} INFO - Searching for files in /opt/airflow/dags
[2026-08-07T01:36:55.243+0000] {manager.py:740} INFO - There are 1 files in /opt/airflow/dags
[2026-08-07T01:37:10.365+0000] {manager.py:878} INFO - 
================================================================================
DAG File Processing Stats

File Path                              PID    Runtime      # DAGs    # Errors  Last Runtime    Last Run
-------------------------------------  -----  ---------  --------  ----------  --------------  -------------------
/opt/airflow/dags/json_to_hdfs_dag.py                           1           0  0.15s           2026-08-07T01:36:52
================================================================================
[2026-08-07T01:37:40.579+0000] {manager.py:878} INFO - 
================================================================================
DAG File Processing Stats

File Path                              PID    Runtime      # DAGs    # Errors  Last Runtime    Last Run
-------------------------------------  -----  ---------  --------  ----------  --------------  -------------------
/opt/airflow/dags/json_to_hdfs_dag.py                           1           0  0.15s           2026-08-07T01:37:22
================================================================================
[2026-08-07T01:38:10.904+0000] {manager.py:878} INFO - 
================================================================================
DAG File Processing Stats

File Path                              PID    Runtime      # DAGs    # Errors  Last Runtime    Last Run
-------------------------------------  -----  ---------  --------  ----------  --------------  -------------------
/opt/airflow/dags/json_to_hdfs_dag.py                           1           0  0.15s           2026-08-07T01:37:52
================================================================================
[2026-08-07T01:38:41.108+0000] {manager.py:878} INFO - 
================================================================================
DAG File Processing Stats

File Path                              PID    Runtime      # DAGs    # Errors  Last Runtime    Last Run
-------------------------------------  -----  ---------  --------  ----------  --------------  -------------------
/opt/airflow/dags/json_to_hdfs_dag.py                           1           0  0.21s           2026-08-07T01:38:23
================================================================================
[2026-08-07T01:39:11.503+0000] {manager.py:878} INFO - 
================================================================================
DAG File Processing Stats

File Path                              PID    Runtime      # DAGs    # Errors  Last Runtime    Last Run
-------------------------------------  -----  ---------  --------  ----------  --------------  -------------------
/opt/airflow/dags/json_to_hdfs_dag.py                           1           0  0.23s           2026-08-07T01:38:53
================================================================================
[2026-08-07T01:39:41.921+0000] {manager.py:878} INFO - 
================================================================================
DAG File Processing Stats

File Path                              PID    Runtime      # DAGs    # Errors  Last Runtime    Last Run
-------------------------------------  -----  ---------  --------  ----------  --------------  -------------------
/opt/airflow/dags/json_to_hdfs_dag.py                           1           0  0.14s           2026-08-07T01:39:23
================================================================================
[2026-08-07T01:40:12.243+0000] {manager.py:878} INFO - 
================================================================================
DAG File Processing Stats

File Path                              PID    Runtime      # DAGs    # Errors  Last Runtime    Last Run
-------------------------------------  -----  ---------  --------  ----------  --------------  -------------------
/opt/airflow/dags/json_to_hdfs_dag.py                           1           0  0.15s           2026-08-07T01:39:54
================================================================================
[2026-08-07T01:40:42.471+0000] {manager.py:878} INFO - 
================================================================================
DAG File Processing Stats

File Path                              PID    Runtime      # DAGs    # Errors  Last Runtime    Last Run
-------------------------------------  -----  ---------  --------  ----------  --------------  -------------------
/opt/airflow/dags/json_to_hdfs_dag.py                           1           0  0.17s           2026-08-07T01:40:24
================================================================================
[2026-08-07T01:41:12.795+0000] {manager.py:878} INFO - 
================================================================================
DAG File Processing Stats

File Path                              PID    Runtime      # DAGs    # Errors  Last Runtime    Last Run
-------------------------------------  -----  ---------  --------  ----------  --------------  -------------------
/opt/airflow/dags/json_to_hdfs_dag.py                           1           0  0.14s           2026-08-07T01:40:54
================================================================================
[2026-08-07T01:41:43.033+0000] {manager.py:878} INFO - 
================================================================================
DAG File Processing Stats

File Path                              PID    Runtime      # DAGs    # Errors  Last Runtime    Last Run
-------------------------------------  -----  ---------  --------  ----------  --------------  -------------------
/opt/airflow/dags/json_to_hdfs_dag.py                           1           0  0.14s           2026-08-07T01:41:25
================================================================================
[2026-08-07T01:41:55.240+0000] {manager.py:737} INFO - Searching for files in /opt/airflow/dags
[2026-08-07T01:41:55.268+0000] {manager.py:740} INFO - There are 1 files in /opt/airflow/dags
[2026-08-07T01:42:13.267+0000] {manager.py:878} INFO - 
================================================================================
DAG File Processing Stats

File Path                              PID    Runtime      # DAGs    # Errors  Last Runtime    Last Run
-------------------------------------  -----  ---------  --------  ----------  --------------  -------------------
/opt/airflow/dags/json_to_hdfs_dag.py                           1           0  0.15s           2026-08-07T01:41:55
================================================================================
[2026-08-07T01:42:43.623+0000] {manager.py:878} INFO - 
================================================================================
DAG File Processing Stats

File Path                              PID    Runtime      # DAGs    # Errors  Last Runtime    Last Run
-------------------------------------  -----  ---------  --------  ----------  --------------  -------------------
/opt/airflow/dags/json_to_hdfs_dag.py                           1           0  0.15s           2026-08-07T01:42:25
================================================================================
[2026-08-07T01:43:13.867+0000] {manager.py:878} INFO - 
================================================================================
DAG File Processing Stats

File Path                              PID    Runtime      # DAGs    # Errors  Last Runtime    Last Run
-------------------------------------  -----  ---------  --------  ----------  --------------  -------------------
/opt/airflow/dags/json_to_hdfs_dag.py                           1           0  0.15s           2026-08-07T01:42:55
================================================================================
[2026-08-07T01:43:44.191+0000] {manager.py:878} INFO - 
================================================================================
DAG File Processing Stats

File Path                              PID    Runtime      # DAGs    # Errors  Last Runtime    Last Run
-------------------------------------  -----  ---------  --------  ----------  --------------  -------------------
/opt/airflow/dags/json_to_hdfs_dag.py                           1           0  0.13s           2026-08-07T01:43:26
================================================================================
[2026-08-07T01:44:14.426+0000] {manager.py:878} INFO - 
================================================================================
DAG File Processing Stats

File Path                              PID    Runtime      # DAGs    # Errors  Last Runtime    Last Run
-------------------------------------  -----  ---------  --------  ----------  --------------  -------------------
/opt/airflow/dags/json_to_hdfs_dag.py                           1           0  0.15s           2026-08-07T01:43:56
================================================================================
[2026-08-07T01:44:44.715+0000] {manager.py:878} INFO - 
================================================================================
DAG File Processing Stats

File Path                              PID    Runtime      # DAGs    # Errors  Last Runtime    Last Run
-------------------------------------  -----  ---------  --------  ----------  --------------  -------------------
/opt/airflow/dags/json_to_hdfs_dag.py                           1           0  0.13s           2026-08-07T01:44:26
================================================================================
[2026-08-07T01:45:14.947+0000] {manager.py:878} INFO - 
================================================================================
DAG File Processing Stats

File Path                              PID    Runtime      # DAGs    # Errors  Last Runtime    Last Run
-------------------------------------  -----  ---------  --------  ----------  --------------  -------------------
/opt/airflow/dags/json_to_hdfs_dag.py                           1           0  0.13s           2026-08-07T01:44:56
================================================================================
[2026-08-07T01:45:45.243+0000] {manager.py:878} INFO - 
================================================================================
DAG File Processing Stats

File Path                              PID    Runtime      # DAGs    # Errors  Last Runtime    Last Run
-------------------------------------  -----  ---------  --------  ----------  --------------  -------------------
/opt/airflow/dags/json_to_hdfs_dag.py                           1           0  0.14s           2026-08-07T01:45:27
================================================================================
[2026-08-07T01:46:15.466+0000] {manager.py:878} INFO - 
================================================================================
DAG File Processing Stats

File Path                              PID    Runtime      # DAGs    # Errors  Last Runtime    Last Run
-------------------------------------  -----  ---------  --------  ----------  --------------  -------------------
/opt/airflow/dags/json_to_hdfs_dag.py                           1           0  0.14s           2026-08-07T01:45:57
================================================================================
[2026-08-07T01:46:45.748+0000] {manager.py:878} INFO - 
================================================================================
DAG File Processing Stats

File Path                              PID    Runtime      # DAGs    # Errors  Last Runtime    Last Run
-------------------------------------  -----  ---------  --------  ----------  --------------  -------------------
/opt/airflow/dags/json_to_hdfs_dag.py                           1           0  0.14s           2026-08-07T01:46:27
================================================================================
[2026-08-07T01:46:55.809+0000] {manager.py:737} INFO - Searching for files in /opt/airflow/dags
[2026-08-07T01:46:55.837+0000] {manager.py:740} INFO - There are 1 files in /opt/airflow/dags
[2026-08-07T01:47:16.015+0000] {manager.py:878} INFO - 
================================================================================
DAG File Processing Stats

File Path                              PID    Runtime      # DAGs    # Errors  Last Runtime    Last Run
-------------------------------------  -----  ---------  --------  ----------  --------------  -------------------
/opt/airflow/dags/json_to_hdfs_dag.py                           1           0  0.14s           2026-08-07T01:46:58
================================================================================
[2026-08-07T01:47:46.332+0000] {manager.py:878} INFO - 
================================================================================
DAG File Processing Stats

File Path                              PID    Runtime      # DAGs    # Errors  Last Runtime    Last Run
-------------------------------------  -----  ---------  --------  ----------  --------------  -------------------
/opt/airflow/dags/json_to_hdfs_dag.py                           1           0  0.13s           2026-08-07T01:47:28
================================================================================
[2026-08-07T01:48:16.555+0000] {manager.py:878} INFO - 
================================================================================
DAG File Processing Stats

File Path                              PID    Runtime      # DAGs    # Errors  Last Runtime    Last Run
-------------------------------------  -----  ---------  --------  ----------  --------------  -------------------
/opt/airflow/dags/json_to_hdfs_dag.py                           1           0  0.24s           2026-08-07T01:47:58
================================================================================
[2026-08-07T01:48:46.969+0000] {manager.py:878} INFO - 
================================================================================
DAG File Processing Stats

File Path                              PID    Runtime      # DAGs    # Errors  Last Runtime    Last Run
-------------------------------------  -----  ---------  --------  ----------  --------------  -------------------
/opt/airflow/dags/json_to_hdfs_dag.py                           1           0  0.17s           2026-08-07T01:48:29
================================================================================
[2026-08-07T01:49:17.176+0000] {manager.py:878} INFO - 
================================================================================
DAG File Processing Stats

File Path                              PID    Runtime      # DAGs    # Errors  Last Runtime    Last Run
-------------------------------------  -----  ---------  --------  ----------  --------------  -------------------
/opt/airflow/dags/json_to_hdfs_dag.py                           1           0  0.14s           2026-08-07T01:48:59
================================================================================
[2026-08-07T01:49:47.509+0000] {manager.py:878} INFO - 
================================================================================
DAG File Processing Stats

File Path                              PID    Runtime      # DAGs    # Errors  Last Runtime    Last Run
-------------------------------------  -----  ---------  --------  ----------  --------------  -------------------
/opt/airflow/dags/json_to_hdfs_dag.py                           1           0  0.17s           2026-08-07T01:49:29
================================================================================
[2026-08-07T01:50:17.768+0000] {manager.py:878} INFO - 
================================================================================
DAG File Processing Stats

File Path                              PID    Runtime      # DAGs    # Errors  Last Runtime    Last Run
-------------------------------------  -----  ---------  --------  ----------  --------------  -------------------
/opt/airflow/dags/json_to_hdfs_dag.py                           1           0  0.13s           2026-08-07T01:49:59
================================================================================
[2026-08-07T01:50:48.031+0000] {manager.py:878} INFO - 
================================================================================
DAG File Processing Stats

File Path                              PID    Runtime      # DAGs    # Errors  Last Runtime    Last Run
-------------------------------------  -----  ---------  --------  ----------  --------------  -------------------
/opt/airflow/dags/json_to_hdfs_dag.py                           1           0  0.14s           2026-08-07T01:50:29
================================================================================
[2026-08-07T01:51:18.329+0000] {manager.py:878} INFO - 
================================================================================
DAG File Processing Stats

File Path                              PID    Runtime      # DAGs    # Errors  Last Runtime    Last Run
-------------------------------------  -----  ---------  --------  ----------  --------------  -------------------
/opt/airflow/dags/json_to_hdfs_dag.py                           1           0  0.13s           2026-08-07T01:51:00
================================================================================
[2026-08-07T01:51:48.625+0000] {manager.py:878} INFO - 
================================================================================
DAG File Processing Stats

File Path                              PID    Runtime      # DAGs    # Errors  Last Runtime    Last Run
-------------------------------------  -----  ---------  --------  ----------  --------------  -------------------
/opt/airflow/dags/json_to_hdfs_dag.py                           1           0  0.14s           2026-08-07T01:51:30
================================================================================
[2026-08-07T01:51:56.687+0000] {manager.py:737} INFO - Searching for files in /opt/airflow/dags
[2026-08-07T01:51:56.714+0000] {manager.py:740} INFO - There are 1 files in /opt/airflow/dags
[2026-08-07T01:52:18.985+0000] {manager.py:878} INFO - 
================================================================================
DAG File Processing Stats

File Path                              PID    Runtime      # DAGs    # Errors  Last Runtime    Last Run
-------------------------------------  -----  ---------  --------  ----------  --------------  -------------------
/opt/airflow/dags/json_to_hdfs_dag.py                           1           0  0.15s           2026-08-07T01:52:00
================================================================================
[2026-08-07T01:52:49.269+0000] {manager.py:878} INFO - 
================================================================================
DAG File Processing Stats

File Path                              PID    Runtime      # DAGs    # Errors  Last Runtime    Last Run
-------------------------------------  -----  ---------  --------  ----------  --------------  -------------------
/opt/airflow/dags/json_to_hdfs_dag.py                           1           0  0.13s           2026-08-07T01:52:31
================================================================================
[2026-08-07T01:53:19.519+0000] {manager.py:878} INFO - 
================================================================================
DAG File Processing Stats

File Path                              PID    Runtime      # DAGs    # Errors  Last Runtime    Last Run
-------------------------------------  -----  ---------  --------  ----------  --------------  -------------------
/opt/airflow/dags/json_to_hdfs_dag.py                           1           0  0.13s           2026-08-07T01:53:01
================================================================================
[2026-08-07T01:53:49.856+0000] {manager.py:878} INFO - 
================================================================================
DAG File Processing Stats

File Path                              PID    Runtime      # DAGs    # Errors  Last Runtime    Last Run
-------------------------------------  -----  ---------  --------  ----------  --------------  -------------------
/opt/airflow/dags/json_to_hdfs_dag.py                           1           0  0.13s           2026-08-07T01:53:31
================================================================================
[2026-08-07T01:54:20.120+0000] {manager.py:878} INFO - 
================================================================================
DAG File Processing Stats

File Path                              PID    Runtime      # DAGs    # Errors  Last Runtime    Last Run
-------------------------------------  -----  ---------  --------  ----------  --------------  -------------------
/opt/airflow/dags/json_to_hdfs_dag.py                           1           0  0.14s           2026-08-07T01:54:02
================================================================================
[2026-08-07T01:54:50.426+0000] {manager.py:878} INFO - 
================================================================================
DAG File Processing Stats

File Path                              PID    Runtime      # DAGs    # Errors  Last Runtime    Last Run
-------------------------------------  -----  ---------  --------  ----------  --------------  -------------------
/opt/airflow/dags/json_to_hdfs_dag.py                           1           0  0.15s           2026-08-07T01:54:32
================================================================================
[2026-08-07T01:55:20.659+0000] {manager.py:878} INFO - 
================================================================================
DAG File Processing Stats

File Path                              PID    Runtime      # DAGs    # Errors  Last Runtime    Last Run
-------------------------------------  -----  ---------  --------  ----------  --------------  -------------------
/opt/airflow/dags/json_to_hdfs_dag.py                           1           0  0.15s           2026-08-07T01:55:02
================================================================================
[2026-08-07T01:55:50.989+0000] {manager.py:878} INFO - 
================================================================================
DAG File Processing Stats

File Path                              PID    Runtime      # DAGs    # Errors  Last Runtime    Last Run
-------------------------------------  -----  ---------  --------  ----------  --------------  -------------------
/opt/airflow/dags/json_to_hdfs_dag.py                           1           0  0.13s           2026-08-07T01:55:32
================================================================================
[2026-08-07T01:56:21.235+0000] {manager.py:878} INFO - 
================================================================================
DAG File Processing Stats

File Path                              PID    Runtime      # DAGs    # Errors  Last Runtime    Last Run
-------------------------------------  -----  ---------  --------  ----------  --------------  -------------------
/opt/airflow/dags/json_to_hdfs_dag.py                           1           0  0.16s           2026-08-07T01:56:03
================================================================================
[2026-08-07T01:56:51.572+0000] {manager.py:878} INFO - 
================================================================================
DAG File Processing Stats

File Path                              PID    Runtime      # DAGs    # Errors  Last Runtime    Last Run
-------------------------------------  -----  ---------  --------  ----------  --------------  -------------------
/opt/airflow/dags/json_to_hdfs_dag.py                           1           0  0.17s           2026-08-07T01:56:33
================================================================================
[2026-08-07T01:56:57.611+0000] {manager.py:737} INFO - Searching for files in /opt/airflow/dags
[2026-08-07T01:56:57.642+0000] {manager.py:740} INFO - There are 1 files in /opt/airflow/dags
[2026-08-07T01:57:21.842+0000] {manager.py:878} INFO - 
================================================================================
DAG File Processing Stats

File Path                              PID    Runtime      # DAGs    # Errors  Last Runtime    Last Run
-------------------------------------  -----  ---------  --------  ----------  --------------  -------------------
/opt/airflow/dags/json_to_hdfs_dag.py                           1           0  0.19s           2026-08-07T01:57:03
================================================================================
[2026-08-07T01:57:52.188+0000] {manager.py:878} INFO - 
================================================================================
DAG File Processing Stats

File Path                              PID    Runtime      # DAGs    # Errors  Last Runtime    Last Run
-------------------------------------  -----  ---------  --------  ----------  --------------  -------------------
/opt/airflow/dags/json_to_hdfs_dag.py                           1           0  0.15s           2026-08-07T01:57:34
================================================================================
[2026-08-07T01:58:22.421+0000] {manager.py:878} INFO - 
================================================================================
DAG File Processing Stats

File Path                              PID    Runtime      # DAGs    # Errors  Last Runtime    Last Run
-------------------------------------  -----  ---------  --------  ----------  --------------  -------------------
/opt/airflow/dags/json_to_hdfs_dag.py                           1           0  0.13s           2026-08-07T01:58:04
================================================================================
[2026-08-07T01:58:52.725+0000] {manager.py:878} INFO - 
================================================================================
DAG File Processing Stats

File Path                              PID    Runtime      # DAGs    # Errors  Last Runtime    Last Run
-------------------------------------  -----  ---------  --------  ----------  --------------  -------------------
/opt/airflow/dags/json_to_hdfs_dag.py                           1           0  0.16s           2026-08-07T01:58:34
================================================================================
[2026-08-07T01:59:22.968+0000] {manager.py:878} INFO - 
================================================================================
DAG File Processing Stats

File Path                              PID    Runtime      # DAGs    # Errors  Last Runtime    Last Run
-------------------------------------  -----  ---------  --------  ----------  --------------  -------------------
/opt/airflow/dags/json_to_hdfs_dag.py                           1           0  0.15s           2026-08-07T01:59:04
================================================================================
[2026-08-07T01:59:53.311+0000] {manager.py:878} INFO - 
================================================================================
DAG File Processing Stats

File Path                              PID    Runtime      # DAGs    # Errors  Last Runtime    Last Run
-------------------------------------  -----  ---------  --------  ----------  --------------  -------------------
/opt/airflow/dags/json_to_hdfs_dag.py                           1           0  0.45s           2026-08-07T01:59:35
================================================================================
[2026-08-07T02:00:23.889+0000] {manager.py:878} INFO - 
================================================================================
DAG File Processing Stats

File Path                              PID    Runtime      # DAGs    # Errors  Last Runtime    Last Run
-------------------------------------  -----  ---------  --------  ----------  --------------  -------------------
/opt/airflow/dags/json_to_hdfs_dag.py                           1           0  0.15s           2026-08-07T02:00:05
================================================================================
[2026-08-07T02:00:54.162+0000] {manager.py:878} INFO - 
================================================================================
DAG File Processing Stats

File Path                              PID    Runtime      # DAGs    # Errors  Last Runtime    Last Run
-------------------------------------  -----  ---------  --------  ----------  --------------  -------------------
/opt/airflow/dags/json_to_hdfs_dag.py                           1           0  0.17s           2026-08-07T02:00:36
================================================================================
[2026-08-07T02:01:24.483+0000] {manager.py:878} INFO - 
================================================================================
DAG File Processing Stats

File Path                              PID    Runtime      # DAGs    # Errors  Last Runtime    Last Run
-------------------------------------  -----  ---------  --------  ----------  --------------  -------------------
/opt/airflow/dags/json_to_hdfs_dag.py                           1           0  0.13s           2026-08-07T02:01:06
================================================================================
[2026-08-07T02:01:54.715+0000] {manager.py:878} INFO - 
================================================================================
DAG File Processing Stats

File Path                              PID    Runtime      # DAGs    # Errors  Last Runtime    Last Run
-------------------------------------  -----  ---------  --------  ----------  --------------  -------------------
/opt/airflow/dags/json_to_hdfs_dag.py                           1           0  0.13s           2026-08-07T02:01:36
================================================================================
[2026-08-07T02:01:57.737+0000] {manager.py:737} INFO - Searching for files in /opt/airflow/dags
[2026-08-07T02:01:57.765+0000] {manager.py:740} INFO - There are 1 files in /opt/airflow/dags
[2026-08-07T02:02:25.004+0000] {manager.py:878} INFO - 
================================================================================
DAG File Processing Stats

File Path                              PID    Runtime      # DAGs    # Errors  Last Runtime    Last Run
-------------------------------------  -----  ---------  --------  ----------  --------------  -------------------
/opt/airflow/dags/json_to_hdfs_dag.py                           1           0  0.14s           2026-08-07T02:02:06
================================================================================
[2026-08-07T02:02:55.312+0000] {manager.py:878} INFO - 
================================================================================
DAG File Processing Stats

File Path                              PID    Runtime      # DAGs    # Errors  Last Runtime    Last Run
-------------------------------------  -----  ---------  --------  ----------  --------------  -------------------
/opt/airflow/dags/json_to_hdfs_dag.py                           1           0  0.19s           2026-08-07T02:02:37
================================================================================
[2026-08-07T02:03:25.613+0000] {manager.py:878} INFO - 
================================================================================
DAG File Processing Stats

File Path                              PID    Runtime      # DAGs    # Errors  Last Runtime    Last Run
-------------------------------------  -----  ---------  --------  ----------  --------------  -------------------
/opt/airflow/dags/json_to_hdfs_dag.py                           1           0  0.27s           2026-08-07T02:03:07
================================================================================
[2026-08-07T02:03:55.963+0000] {manager.py:878} INFO - 
================================================================================
DAG File Processing Stats

File Path                              PID    Runtime      # DAGs    # Errors  Last Runtime    Last Run
-------------------------------------  -----  ---------  --------  ----------  --------------  -------------------
/opt/airflow/dags/json_to_hdfs_dag.py                           1           0  0.15s           2026-08-07T02:03:37
================================================================================
[2026-08-07T02:04:26.188+0000] {manager.py:878} INFO - 
================================================================================
DAG File Processing Stats

File Path                              PID    Runtime      # DAGs    # Errors  Last Runtime    Last Run
-------------------------------------  -----  ---------  --------  ----------  --------------  -------------------
/opt/airflow/dags/json_to_hdfs_dag.py                           1           0  0.15s           2026-08-07T02:04:08
================================================================================
[2026-08-07T02:04:56.534+0000] {manager.py:878} INFO - 
================================================================================
DAG File Processing Stats

File Path                              PID    Runtime      # DAGs    # Errors  Last Runtime    Last Run
-------------------------------------  -----  ---------  --------  ----------  --------------  -------------------
/opt/airflow/dags/json_to_hdfs_dag.py                           1           0  0.16s           2026-08-07T02:04:38
================================================================================
[2026-08-07T02:05:26.752+0000] {manager.py:878} INFO - 
================================================================================
DAG File Processing Stats

File Path                              PID    Runtime      # DAGs    # Errors  Last Runtime    Last Run
-------------------------------------  -----  ---------  --------  ----------  --------------  -------------------
/opt/airflow/dags/json_to_hdfs_dag.py                           1           0  0.28s           2026-08-07T02:05:08
================================================================================
[2026-08-07T02:05:57.200+0000] {manager.py:878} INFO - 
================================================================================
DAG File Processing Stats

File Path                              PID    Runtime      # DAGs    # Errors  Last Runtime    Last Run
-------------------------------------  -----  ---------  --------  ----------  --------------  -------------------
/opt/airflow/dags/json_to_hdfs_dag.py                           1           0  0.17s           2026-08-07T02:05:39
================================================================================
[2026-08-07T02:06:27.435+0000] {manager.py:878} INFO - 
================================================================================
DAG File Processing Stats

File Path                              PID    Runtime      # DAGs    # Errors  Last Runtime    Last Run
-------------------------------------  -----  ---------  --------  ----------  --------------  -------------------
/opt/airflow/dags/json_to_hdfs_dag.py                           1           0  0.13s           2026-08-07T02:06:09
================================================================================
[2026-08-07T02:06:57.745+0000] {manager.py:737} INFO - Searching for files in /opt/airflow/dags
[2026-08-07T02:06:57.772+0000] {manager.py:740} INFO - There are 1 files in /opt/airflow/dags
[2026-08-07T02:06:57.783+0000] {manager.py:878} INFO - 
================================================================================
DAG File Processing Stats

File Path                              PID    Runtime      # DAGs    # Errors  Last Runtime    Last Run
-------------------------------------  -----  ---------  --------  ----------  --------------  -------------------
/opt/airflow/dags/json_to_hdfs_dag.py                           1           0  0.15s           2026-08-07T02:06:39
================================================================================
[2026-08-07T02:07:28.027+0000] {manager.py:878} INFO - 
================================================================================
DAG File Processing Stats

File Path                              PID    Runtime      # DAGs    # Errors  Last Runtime    Last Run
-------------------------------------  -----  ---------  --------  ----------  --------------  -------------------
/opt/airflow/dags/json_to_hdfs_dag.py                           1           0  0.13s           2026-08-07T02:07:10
================================================================================
[2026-08-07T02:07:58.405+0000] {manager.py:878} INFO - 
================================================================================
DAG File Processing Stats

File Path                              PID    Runtime      # DAGs    # Errors  Last Runtime    Last Run
-------------------------------------  -----  ---------  --------  ----------  --------------  -------------------
/opt/airflow/dags/json_to_hdfs_dag.py                           1           0  0.13s           2026-08-07T02:07:40
================================================================================
[2026-08-07T02:08:28.648+0000] {manager.py:878} INFO - 
================================================================================
DAG File Processing Stats

File Path                              PID    Runtime      # DAGs    # Errors  Last Runtime    Last Run
-------------------------------------  -----  ---------  --------  ----------  --------------  -------------------
/opt/airflow/dags/json_to_hdfs_dag.py                           1           0  0.14s           2026-08-07T02:08:10
================================================================================
[2026-08-07T02:08:58.988+0000] {manager.py:878} INFO - 
================================================================================
DAG File Processing Stats

File Path                              PID    Runtime      # DAGs    # Errors  Last Runtime    Last Run
-------------------------------------  -----  ---------  --------  ----------  --------------  -------------------
/opt/airflow/dags/json_to_hdfs_dag.py                           1           0  0.16s           2026-08-07T02:08:40
================================================================================
[2026-08-07T02:09:29.255+0000] {manager.py:878} INFO - 
================================================================================
DAG File Processing Stats

File Path                              PID    Runtime      # DAGs    # Errors  Last Runtime    Last Run
-------------------------------------  -----  ---------  --------  ----------  --------------  -------------------
/opt/airflow/dags/json_to_hdfs_dag.py                           1           0  0.13s           2026-08-07T02:09:11
================================================================================
[2026-08-07T02:09:59.575+0000] {manager.py:878} INFO - 
================================================================================
DAG File Processing Stats

File Path                              PID    Runtime      # DAGs    # Errors  Last Runtime    Last Run
-------------------------------------  -----  ---------  --------  ----------  --------------  -------------------
/opt/airflow/dags/json_to_hdfs_dag.py                           1           0  0.13s           2026-08-07T02:09:41
================================================================================
[2026-08-07T02:10:29.833+0000] {manager.py:878} INFO - 
================================================================================
DAG File Processing Stats

File Path                              PID    Runtime      # DAGs    # Errors  Last Runtime    Last Run
-------------------------------------  -----  ---------  --------  ----------  --------------  -------------------
/opt/airflow/dags/json_to_hdfs_dag.py                           1           0  0.27s           2026-08-07T02:10:11
================================================================================
[2026-08-07T02:11:00.294+0000] {manager.py:878} INFO - 
================================================================================
DAG File Processing Stats

File Path                              PID    Runtime      # DAGs    # Errors  Last Runtime    Last Run
-------------------------------------  -----  ---------  --------  ----------  --------------  -------------------
/opt/airflow/dags/json_to_hdfs_dag.py                           1           0  0.13s           2026-08-07T02:10:42
================================================================================
[2026-08-07T02:11:30.620+0000] {manager.py:878} INFO - 
================================================================================
DAG File Processing Stats

File Path                              PID    Runtime      # DAGs    # Errors  Last Runtime    Last Run
-------------------------------------  -----  ---------  --------  ----------  --------------  -------------------
/opt/airflow/dags/json_to_hdfs_dag.py                           1           0  0.14s           2026-08-07T02:11:12
================================================================================
[2026-08-07T02:20:02.628+0000] {manager.py:737} INFO - Searching for files in /opt/airflow/dags
[2026-08-07T02:20:02.663+0000] {manager.py:740} INFO - There are 1 files in /opt/airflow/dags
[2026-08-07T02:20:08.732+0000] {manager.py:878} INFO - 
================================================================================
DAG File Processing Stats

File Path                              PID    Runtime      # DAGs    # Errors  Last Runtime    Last Run
-------------------------------------  -----  ---------  --------  ----------  --------------  -------------------
/opt/airflow/dags/json_to_hdfs_dag.py                           1           0  0.22s           2026-08-07T02:20:02
================================================================================
[2026-08-07T02:20:39.198+0000] {manager.py:878} INFO - 
================================================================================
DAG File Processing Stats

File Path                              PID    Runtime      # DAGs    # Errors  Last Runtime    Last Run
-------------------------------------  -----  ---------  --------  ----------  --------------  -------------------
/opt/airflow/dags/json_to_hdfs_dag.py                           1           0  0.16s           2026-08-07T02:20:33
================================================================================
[2026-08-07T02:21:09.546+0000] {manager.py:878} INFO - 
================================================================================
DAG File Processing Stats

File Path                              PID    Runtime      # DAGs    # Errors  Last Runtime    Last Run
-------------------------------------  -----  ---------  --------  ----------  --------------  -------------------
/opt/airflow/dags/json_to_hdfs_dag.py                           1           0  0.24s           2026-08-07T02:21:03
================================================================================
[2026-08-07T02:21:39.890+0000] {manager.py:878} INFO - 
================================================================================
DAG File Processing Stats

File Path                              PID    Runtime      # DAGs    # Errors  Last Runtime    Last Run
-------------------------------------  -----  ---------  --------  ----------  --------------  -------------------
/opt/airflow/dags/json_to_hdfs_dag.py                           1           0  0.16s           2026-08-07T02:21:33
================================================================================
[2026-08-07T02:22:10.160+0000] {manager.py:878} INFO - 
================================================================================
DAG File Processing Stats

File Path                              PID    Runtime      # DAGs    # Errors  Last Runtime    Last Run
-------------------------------------  -----  ---------  --------  ----------  --------------  -------------------
/opt/airflow/dags/json_to_hdfs_dag.py                           1           0  0.15s           2026-08-07T02:22:04
================================================================================
[2026-08-07T02:22:40.440+0000] {manager.py:878} INFO - 
================================================================================
DAG File Processing Stats

File Path                              PID    Runtime      # DAGs    # Errors  Last Runtime    Last Run
-------------------------------------  -----  ---------  --------  ----------  --------------  -------------------
/opt/airflow/dags/json_to_hdfs_dag.py                           1           0  0.16s           2026-08-07T02:22:34
================================================================================
[2026-08-07T02:23:10.743+0000] {manager.py:878} INFO - 
================================================================================
DAG File Processing Stats

File Path                              PID    Runtime      # DAGs    # Errors  Last Runtime    Last Run
-------------------------------------  -----  ---------  --------  ----------  --------------  -------------------
/opt/airflow/dags/json_to_hdfs_dag.py                           1           0  0.18s           2026-08-07T02:23:04
================================================================================
[2026-08-07T02:23:41.052+0000] {manager.py:878} INFO - 
================================================================================
DAG File Processing Stats

File Path                              PID    Runtime      # DAGs    # Errors  Last Runtime    Last Run
-------------------------------------  -----  ---------  --------  ----------  --------------  -------------------
/opt/airflow/dags/json_to_hdfs_dag.py                           1           0  0.19s           2026-08-07T02:23:35
================================================================================
[2026-08-07T02:24:11.359+0000] {manager.py:878} INFO - 
================================================================================
DAG File Processing Stats

File Path                              PID    Runtime      # DAGs    # Errors  Last Runtime    Last Run
-------------------------------------  -----  ---------  --------  ----------  --------------  -------------------
/opt/airflow/dags/json_to_hdfs_dag.py                           1           0  0.19s           2026-08-07T02:24:05
================================================================================
[2026-08-07T02:24:41.629+0000] {manager.py:878} INFO - 
================================================================================
DAG File Processing Stats

File Path                              PID    Runtime      # DAGs    # Errors  Last Runtime    Last Run
-------------------------------------  -----  ---------  --------  ----------  --------------  -------------------
/opt/airflow/dags/json_to_hdfs_dag.py                           1           0  0.18s           2026-08-07T02:24:35
================================================================================
[2026-08-07T02:25:02.771+0000] {manager.py:737} INFO - Searching for files in /opt/airflow/dags
[2026-08-07T02:25:02.805+0000] {manager.py:740} INFO - There are 1 files in /opt/airflow/dags
[2026-08-07T02:25:11.910+0000] {manager.py:878} INFO - 
================================================================================
DAG File Processing Stats

File Path                              PID    Runtime      # DAGs    # Errors  Last Runtime    Last Run
-------------------------------------  -----  ---------  --------  ----------  --------------  -------------------
/opt/airflow/dags/json_to_hdfs_dag.py                           1           0  0.19s           2026-08-07T02:25:06
================================================================================
[2026-08-07T02:25:42.115+0000] {manager.py:878} INFO - 
================================================================================
DAG File Processing Stats

File Path                              PID    Runtime      # DAGs    # Errors  Last Runtime    Last Run
-------------------------------------  -----  ---------  --------  ----------  --------------  -------------------
/opt/airflow/dags/json_to_hdfs_dag.py                           1           0  0.14s           2026-08-07T02:25:36
================================================================================
[2026-08-07T02:26:12.476+0000] {manager.py:878} INFO - 
================================================================================
DAG File Processing Stats

File Path                              PID    Runtime      # DAGs    # Errors  Last Runtime    Last Run
-------------------------------------  -----  ---------  --------  ----------  --------------  -------------------
/opt/airflow/dags/json_to_hdfs_dag.py                           1           0  0.13s           2026-08-07T02:26:06
================================================================================
[2026-08-07T02:26:42.723+0000] {manager.py:878} INFO - 
================================================================================
DAG File Processing Stats

File Path                              PID    Runtime      # DAGs    # Errors  Last Runtime    Last Run
-------------------------------------  -----  ---------  --------  ----------  --------------  -------------------
/opt/airflow/dags/json_to_hdfs_dag.py                           1           0  0.13s           2026-08-07T02:26:36
================================================================================
[2026-08-07T02:27:13.039+0000] {manager.py:878} INFO - 
================================================================================
DAG File Processing Stats

File Path                              PID    Runtime      # DAGs    # Errors  Last Runtime    Last Run
-------------------------------------  -----  ---------  --------  ----------  --------------  -------------------
/opt/airflow/dags/json_to_hdfs_dag.py                           1           0  0.14s           2026-08-07T02:27:07
================================================================================
[2026-08-07T02:27:43.284+0000] {manager.py:878} INFO - 
================================================================================
DAG File Processing Stats

File Path                              PID    Runtime      # DAGs    # Errors  Last Runtime    Last Run
-------------------------------------  -----  ---------  --------  ----------  --------------  -------------------
/opt/airflow/dags/json_to_hdfs_dag.py                           1           0  0.12s           2026-08-07T02:27:37
================================================================================
[2026-08-07T02:28:13.592+0000] {manager.py:878} INFO - 
================================================================================
DAG File Processing Stats

File Path                              PID    Runtime      # DAGs    # Errors  Last Runtime    Last Run
-------------------------------------  -----  ---------  --------  ----------  --------------  -------------------
/opt/airflow/dags/json_to_hdfs_dag.py                           1           0  0.14s           2026-08-07T02:28:07
================================================================================
[2026-08-07T02:28:43.863+0000] {manager.py:878} INFO - 
================================================================================
DAG File Processing Stats

File Path                              PID    Runtime      # DAGs    # Errors  Last Runtime    Last Run
-------------------------------------  -----  ---------  --------  ----------  --------------  -------------------
/opt/airflow/dags/json_to_hdfs_dag.py                           1           0  0.13s           2026-08-07T02:28:37
================================================================================
[2026-08-07T02:29:14.134+0000] {manager.py:878} INFO - 
================================================================================
DAG File Processing Stats

File Path                              PID    Runtime      # DAGs    # Errors  Last Runtime    Last Run
-------------------------------------  -----  ---------  --------  ----------  --------------  -------------------
/opt/airflow/dags/json_to_hdfs_dag.py                           1           0  0.19s           2026-08-07T02:29:08
================================================================================
[2026-08-07T02:29:44.368+0000] {manager.py:878} INFO - 
================================================================================
DAG File Processing Stats

File Path                              PID    Runtime      # DAGs    # Errors  Last Runtime    Last Run
-------------------------------------  -----  ---------  --------  ----------  --------------  -------------------
/opt/airflow/dags/json_to_hdfs_dag.py                           1           0  0.13s           2026-08-07T02:29:38
================================================================================
[2026-08-07T02:30:03.488+0000] {manager.py:737} INFO - Searching for files in /opt/airflow/dags
[2026-08-07T02:30:03.521+0000] {manager.py:740} INFO - There are 1 files in /opt/airflow/dags
[2026-08-07T02:30:14.691+0000] {manager.py:878} INFO - 
================================================================================
DAG File Processing Stats

File Path                              PID    Runtime      # DAGs    # Errors  Last Runtime    Last Run
-------------------------------------  -----  ---------  --------  ----------  --------------  -------------------
/opt/airflow/dags/json_to_hdfs_dag.py                           1           0  0.23s           2026-08-07T02:30:08
================================================================================
[2026-08-07T02:30:45.021+0000] {manager.py:878} INFO - 
================================================================================
DAG File Processing Stats

File Path                              PID    Runtime      # DAGs    # Errors  Last Runtime    Last Run
-------------------------------------  -----  ---------  --------  ----------  --------------  -------------------
/opt/airflow/dags/json_to_hdfs_dag.py                           1           0  0.15s           2026-08-07T02:30:39
================================================================================
[2026-08-07T02:31:15.261+0000] {manager.py:878} INFO - 
================================================================================
DAG File Processing Stats

File Path                              PID    Runtime      # DAGs    # Errors  Last Runtime    Last Run
-------------------------------------  -----  ---------  --------  ----------  --------------  -------------------
/opt/airflow/dags/json_to_hdfs_dag.py                           1           0  0.13s           2026-08-07T02:31:09
================================================================================
[2026-08-07T02:31:45.557+0000] {manager.py:878} INFO - 
================================================================================
DAG File Processing Stats

File Path                              PID    Runtime      # DAGs    # Errors  Last Runtime    Last Run
-------------------------------------  -----  ---------  --------  ----------  --------------  -------------------
/opt/airflow/dags/json_to_hdfs_dag.py                           1           0  0.14s           2026-08-07T02:31:39
================================================================================
[2026-08-07T02:32:15.839+0000] {manager.py:878} INFO - 
================================================================================
DAG File Processing Stats

File Path                              PID    Runtime      # DAGs    # Errors  Last Runtime    Last Run
-------------------------------------  -----  ---------  --------  ----------  --------------  -------------------
/opt/airflow/dags/json_to_hdfs_dag.py                           1           0  0.18s           2026-08-07T02:32:09
================================================================================
[2026-08-07T02:32:46.212+0000] {manager.py:878} INFO - 
================================================================================
DAG File Processing Stats

File Path                              PID    Runtime      # DAGs    # Errors  Last Runtime    Last Run
-------------------------------------  -----  ---------  --------  ----------  --------------  -------------------
/opt/airflow/dags/json_to_hdfs_dag.py                           1           0  0.20s           2026-08-07T02:32:40
================================================================================
[2026-08-07T02:33:16.519+0000] {manager.py:878} INFO - 
================================================================================
DAG File Processing Stats

File Path                              PID    Runtime      # DAGs    # Errors  Last Runtime    Last Run
-------------------------------------  -----  ---------  --------  ----------  --------------  -------------------
/opt/airflow/dags/json_to_hdfs_dag.py                           1           0  0.21s           2026-08-07T02:33:10
================================================================================
[2026-08-07T02:33:46.909+0000] {manager.py:878} INFO - 
================================================================================
DAG File Processing Stats

File Path                              PID    Runtime      # DAGs    # Errors  Last Runtime    Last Run
-------------------------------------  -----  ---------  --------  ----------  --------------  -------------------
/opt/airflow/dags/json_to_hdfs_dag.py                           1           0  0.20s           2026-08-07T02:33:40
================================================================================
[2026-08-07T02:34:17.193+0000] {manager.py:878} INFO - 
================================================================================
DAG File Processing Stats

File Path                              PID    Runtime      # DAGs    # Errors  Last Runtime    Last Run
-------------------------------------  -----  ---------  --------  ----------  --------------  -------------------
/opt/airflow/dags/json_to_hdfs_dag.py                           1           0  0.17s           2026-08-07T02:34:11
================================================================================
[2026-08-07T02:34:47.575+0000] {manager.py:878} INFO - 
================================================================================
DAG File Processing Stats

File Path                              PID    Runtime      # DAGs    # Errors  Last Runtime    Last Run
-------------------------------------  -----  ---------  --------  ----------  --------------  -------------------
/opt/airflow/dags/json_to_hdfs_dag.py                           1           0  0.20s           2026-08-07T02:34:41
================================================================================
[2026-08-07T02:35:03.694+0000] {manager.py:737} INFO - Searching for files in /opt/airflow/dags
[2026-08-07T02:35:03.723+0000] {manager.py:740} INFO - There are 1 files in /opt/airflow/dags
[2026-08-07T02:35:17.910+0000] {manager.py:878} INFO - 
================================================================================
DAG File Processing Stats

File Path                              PID    Runtime      # DAGs    # Errors  Last Runtime    Last Run
-------------------------------------  -----  ---------  --------  ----------  --------------  -------------------
/opt/airflow/dags/json_to_hdfs_dag.py                           1           0  0.19s           2026-08-07T02:35:11
================================================================================
[2026-08-07T02:35:48.265+0000] {manager.py:878} INFO - 
================================================================================
DAG File Processing Stats

File Path                              PID    Runtime      # DAGs    # Errors  Last Runtime    Last Run
-------------------------------------  -----  ---------  --------  ----------  --------------  -------------------
/opt/airflow/dags/json_to_hdfs_dag.py                           1           0  0.17s           2026-08-07T02:35:42
================================================================================
[2026-08-07T02:36:18.516+0000] {manager.py:878} INFO - 
================================================================================
DAG File Processing Stats

File Path                              PID    Runtime      # DAGs    # Errors  Last Runtime    Last Run
-------------------------------------  -----  ---------  --------  ----------  --------------  -------------------
/opt/airflow/dags/json_to_hdfs_dag.py                           1           0  0.15s           2026-08-07T02:36:12
================================================================================
[2026-08-07T02:36:48.883+0000] {manager.py:878} INFO - 
================================================================================
DAG File Processing Stats

File Path                              PID    Runtime      # DAGs    # Errors  Last Runtime    Last Run
-------------------------------------  -----  ---------  --------  ----------  --------------  -------------------
/opt/airflow/dags/json_to_hdfs_dag.py                           1           0  0.18s           2026-08-07T02:36:44
================================================================================
[2026-08-07T02:37:18.919+0000] {manager.py:878} INFO - 
================================================================================
DAG File Processing Stats

File Path                              PID    Runtime      # DAGs    # Errors  Last Runtime    Last Run
-------------------------------------  -----  ---------  --------  ----------  --------------  -------------------
/opt/airflow/dags/json_to_hdfs_dag.py                           1           0  0.66s           2026-08-07T02:37:12
================================================================================
[2026-08-07T02:37:49.115+0000] {manager.py:878} INFO - 
================================================================================
DAG File Processing Stats

File Path                              PID    Runtime      # DAGs    # Errors  Last Runtime    Last Run
-------------------------------------  -----  ---------  --------  ----------  --------------  -------------------
/opt/airflow/dags/json_to_hdfs_dag.py                           1           0  0.15s           2026-08-07T02:37:43
================================================================================
[2026-08-07T02:38:19.447+0000] {manager.py:878} INFO - 
================================================================================
DAG File Processing Stats

File Path                              PID    Runtime      # DAGs    # Errors  Last Runtime    Last Run
-------------------------------------  -----  ---------  --------  ----------  --------------  -------------------
/opt/airflow/dags/json_to_hdfs_dag.py                           1           0  0.14s           2026-08-07T02:38:13
================================================================================
[2026-08-07T02:38:49.682+0000] {manager.py:878} INFO - 
================================================================================
DAG File Processing Stats

File Path                              PID    Runtime      # DAGs    # Errors  Last Runtime    Last Run
-------------------------------------  -----  ---------  --------  ----------  --------------  -------------------
/opt/airflow/dags/json_to_hdfs_dag.py                           1           0  0.12s           2026-08-07T02:38:43
================================================================================
[2026-08-07T02:39:20.019+0000] {manager.py:878} INFO - 
================================================================================
DAG File Processing Stats

File Path                              PID    Runtime      # DAGs    # Errors  Last Runtime    Last Run
-------------------------------------  -----  ---------  --------  ----------  --------------  -------------------
/opt/airflow/dags/json_to_hdfs_dag.py                           1           0  0.15s           2026-08-07T02:39:14
================================================================================
[2026-08-07T02:39:50.290+0000] {manager.py:878} INFO - 
================================================================================
DAG File Processing Stats

File Path                              PID    Runtime      # DAGs    # Errors  Last Runtime    Last Run
-------------------------------------  -----  ---------  --------  ----------  --------------  -------------------
/opt/airflow/dags/json_to_hdfs_dag.py                           1           0  0.12s           2026-08-07T02:39:44
================================================================================
[2026-08-07T02:40:04.381+0000] {manager.py:737} INFO - Searching for files in /opt/airflow/dags
[2026-08-07T02:40:04.404+0000] {manager.py:740} INFO - There are 1 files in /opt/airflow/dags
[2026-08-07T02:40:20.609+0000] {manager.py:878} INFO - 
================================================================================
DAG File Processing Stats

File Path                              PID    Runtime      # DAGs    # Errors  Last Runtime    Last Run
-------------------------------------  -----  ---------  --------  ----------  --------------  -------------------
/opt/airflow/dags/json_to_hdfs_dag.py                           1           0  0.14s           2026-08-07T02:40:14
================================================================================
[2026-08-07T02:40:50.874+0000] {manager.py:878} INFO - 
================================================================================
DAG File Processing Stats

File Path                              PID    Runtime      # DAGs    # Errors  Last Runtime    Last Run
-------------------------------------  -----  ---------  --------  ----------  --------------  -------------------
/opt/airflow/dags/json_to_hdfs_dag.py                           1           0  0.14s           2026-08-07T02:40:44
================================================================================
[2026-08-07T02:41:21.197+0000] {manager.py:878} INFO - 
================================================================================
DAG File Processing Stats

File Path                              PID    Runtime      # DAGs    # Errors  Last Runtime    Last Run
-------------------------------------  -----  ---------  --------  ----------  --------------  -------------------
/opt/airflow/dags/json_to_hdfs_dag.py                           1           0  0.15s           2026-08-07T02:41:15
================================================================================
[2026-08-07T02:41:51.488+0000] {manager.py:878} INFO - 
================================================================================
DAG File Processing Stats

File Path                              PID    Runtime      # DAGs    # Errors  Last Runtime    Last Run
-------------------------------------  -----  ---------  --------  ----------  --------------  -------------------
/opt/airflow/dags/json_to_hdfs_dag.py                           1           0  0.13s           2026-08-07T02:41:45
================================================================================
[2026-08-07T02:42:21.790+0000] {manager.py:878} INFO - 
================================================================================
DAG File Processing Stats

File Path                              PID    Runtime      # DAGs    # Errors  Last Runtime    Last Run
-------------------------------------  -----  ---------  --------  ----------  --------------  -------------------
/opt/airflow/dags/json_to_hdfs_dag.py                           1           0  0.14s           2026-08-07T02:42:15
================================================================================
[2026-08-07T02:42:52.098+0000] {manager.py:878} INFO - 
================================================================================
DAG File Processing Stats

File Path                              PID    Runtime      # DAGs    # Errors  Last Runtime    Last Run
-------------------------------------  -----  ---------  --------  ----------  --------------  -------------------
/opt/airflow/dags/json_to_hdfs_dag.py                           1           0  0.12s           2026-08-07T02:42:46
================================================================================
[2026-08-07T02:43:22.406+0000] {manager.py:878} INFO - 
================================================================================
DAG File Processing Stats

File Path                              PID    Runtime      # DAGs    # Errors  Last Runtime    Last Run
-------------------------------------  -----  ---------  --------  ----------  --------------  -------------------
/opt/airflow/dags/json_to_hdfs_dag.py                           1           0  0.13s           2026-08-07T02:43:16
================================================================================
[2026-08-07T02:43:52.714+0000] {manager.py:878} INFO - 
================================================================================
DAG File Processing Stats

File Path                              PID    Runtime      # DAGs    # Errors  Last Runtime    Last Run
-------------------------------------  -----  ---------  --------  ----------  --------------  -------------------
/opt/airflow/dags/json_to_hdfs_dag.py                           1           0  0.14s           2026-08-07T02:43:46
================================================================================
[2026-08-07T02:44:22.994+0000] {manager.py:878} INFO - 
================================================================================
DAG File Processing Stats

File Path                              PID    Runtime      # DAGs    # Errors  Last Runtime    Last Run
-------------------------------------  -----  ---------  --------  ----------  --------------  -------------------
/opt/airflow/dags/json_to_hdfs_dag.py                           1           0  0.13s           2026-08-07T02:44:17
================================================================================
[2026-08-07T02:44:53.322+0000] {manager.py:878} INFO - 
================================================================================
DAG File Processing Stats

File Path                              PID    Runtime      # DAGs    # Errors  Last Runtime    Last Run
-------------------------------------  -----  ---------  --------  ----------  --------------  -------------------
/opt/airflow/dags/json_to_hdfs_dag.py                           1           0  0.13s           2026-08-07T02:44:47
================================================================================
[2026-08-07T02:45:04.391+0000] {manager.py:737} INFO - Searching for files in /opt/airflow/dags
[2026-08-07T02:45:04.412+0000] {manager.py:740} INFO - There are 1 files in /opt/airflow/dags
[2026-08-07T02:45:23.589+0000] {manager.py:878} INFO - 
================================================================================
DAG File Processing Stats

File Path                              PID    Runtime      # DAGs    # Errors  Last Runtime    Last Run
-------------------------------------  -----  ---------  --------  ----------  --------------  -------------------
/opt/airflow/dags/json_to_hdfs_dag.py                           1           0  0.16s           2026-08-07T02:45:17
================================================================================
[2026-08-07T02:45:53.795+0000] {manager.py:878} INFO - 
================================================================================
DAG File Processing Stats

File Path                              PID    Runtime      # DAGs    # Errors  Last Runtime    Last Run
-------------------------------------  -----  ---------  --------  ----------  --------------  -------------------
/opt/airflow/dags/json_to_hdfs_dag.py                           1           0  0.13s           2026-08-07T02:45:47
================================================================================
[2026-08-07T02:46:24.104+0000] {manager.py:878} INFO - 
================================================================================
DAG File Processing Stats

File Path                              PID    Runtime      # DAGs    # Errors  Last Runtime    Last Run
-------------------------------------  -----  ---------  --------  ----------  --------------  -------------------
/opt/airflow/dags/json_to_hdfs_dag.py                           1           0  0.14s           2026-08-07T02:46:18
================================================================================
[2026-08-07T02:46:54.422+0000] {manager.py:878} INFO - 
================================================================================
DAG File Processing Stats

File Path                              PID    Runtime      # DAGs    # Errors  Last Runtime    Last Run
-------------------------------------  -----  ---------  --------  ----------  --------------  -------------------
/opt/airflow/dags/json_to_hdfs_dag.py                           1           0  0.13s           2026-08-07T02:46:48
================================================================================
[2026-08-07T02:47:24.726+0000] {manager.py:878} INFO - 
================================================================================
DAG File Processing Stats

File Path                              PID    Runtime      # DAGs    # Errors  Last Runtime    Last Run
-------------------------------------  -----  ---------  --------  ----------  --------------  -------------------
/opt/airflow/dags/json_to_hdfs_dag.py                           1           0  0.14s           2026-08-07T02:47:18
================================================================================
[2026-08-07T02:47:55.067+0000] {manager.py:878} INFO - 
================================================================================
DAG File Processing Stats

File Path                              PID    Runtime      # DAGs    # Errors  Last Runtime    Last Run
-------------------------------------  -----  ---------  --------  ----------  --------------  -------------------
/opt/airflow/dags/json_to_hdfs_dag.py                           1           0  0.20s           2026-08-07T02:47:49
================================================================================
[2026-08-07T02:48:25.372+0000] {manager.py:878} INFO - 
================================================================================
DAG File Processing Stats

File Path                              PID    Runtime      # DAGs    # Errors  Last Runtime    Last Run
-------------------------------------  -----  ---------  --------  ----------  --------------  -------------------
/opt/airflow/dags/json_to_hdfs_dag.py                           1           0  0.14s           2026-08-07T02:48:19
================================================================================
[2026-08-07T02:48:55.636+0000] {manager.py:878} INFO - 
================================================================================
DAG File Processing Stats

File Path                              PID    Runtime      # DAGs    # Errors  Last Runtime    Last Run
-------------------------------------  -----  ---------  --------  ----------  --------------  -------------------
/opt/airflow/dags/json_to_hdfs_dag.py                           1           0  0.13s           2026-08-07T02:48:49
================================================================================
[2026-08-07T02:49:25.935+0000] {manager.py:878} INFO - 
================================================================================
DAG File Processing Stats

File Path                              PID    Runtime      # DAGs    # Errors  Last Runtime    Last Run
-------------------------------------  -----  ---------  --------  ----------  --------------  -------------------
/opt/airflow/dags/json_to_hdfs_dag.py                           1           0  0.12s           2026-08-07T02:49:19
================================================================================
[2026-08-07T02:49:56.190+0000] {manager.py:878} INFO - 
================================================================================
DAG File Processing Stats

File Path                              PID    Runtime      # DAGs    # Errors  Last Runtime    Last Run
-------------------------------------  -----  ---------  --------  ----------  --------------  -------------------
/opt/airflow/dags/json_to_hdfs_dag.py                           1           0  0.15s           2026-08-07T02:49:50
================================================================================
[2026-08-07T02:50:05.246+0000] {manager.py:737} INFO - Searching for files in /opt/airflow/dags
[2026-08-07T02:50:05.270+0000] {manager.py:740} INFO - There are 1 files in /opt/airflow/dags
[2026-08-07T02:50:26.517+0000] {manager.py:878} INFO - 
================================================================================
DAG File Processing Stats

File Path                              PID    Runtime      # DAGs    # Errors  Last Runtime    Last Run
-------------------------------------  -----  ---------  --------  ----------  --------------  -------------------
/opt/airflow/dags/json_to_hdfs_dag.py                           1           0  0.29s           2026-08-07T02:50:20
================================================================================
[2026-08-07T02:50:56.907+0000] {manager.py:878} INFO - 
================================================================================
DAG File Processing Stats

File Path                              PID    Runtime      # DAGs    # Errors  Last Runtime    Last Run
-------------------------------------  -----  ---------  --------  ----------  --------------  -------------------
/opt/airflow/dags/json_to_hdfs_dag.py                           1           0  0.14s           2026-08-07T02:50:51
================================================================================
[2026-08-07T02:51:27.238+0000] {manager.py:878} INFO - 
================================================================================
DAG File Processing Stats

File Path                              PID    Runtime      # DAGs    # Errors  Last Runtime    Last Run
-------------------------------------  -----  ---------  --------  ----------  --------------  -------------------
/opt/airflow/dags/json_to_hdfs_dag.py                           1           0  0.15s           2026-08-07T02:51:21
================================================================================
[2026-08-07T02:51:57.469+0000] {manager.py:878} INFO - 
================================================================================
DAG File Processing Stats

File Path                              PID    Runtime      # DAGs    # Errors  Last Runtime    Last Run
-------------------------------------  -----  ---------  --------  ----------  --------------  -------------------
/opt/airflow/dags/json_to_hdfs_dag.py                           1           0  0.15s           2026-08-07T02:51:51
================================================================================
[2026-08-07T02:52:27.790+0000] {manager.py:878} INFO - 
================================================================================
DAG File Processing Stats

File Path                              PID    Runtime      # DAGs    # Errors  Last Runtime    Last Run
-------------------------------------  -----  ---------  --------  ----------  --------------  -------------------
/opt/airflow/dags/json_to_hdfs_dag.py                           1           0  0.13s           2026-08-07T02:52:21
================================================================================
[2026-08-07T02:52:58.047+0000] {manager.py:878} INFO - 
================================================================================
DAG File Processing Stats

File Path                              PID    Runtime      # DAGs    # Errors  Last Runtime    Last Run
-------------------------------------  -----  ---------  --------  ----------  --------------  -------------------
/opt/airflow/dags/json_to_hdfs_dag.py                           1           0  0.19s           2026-08-07T02:52:52
================================================================================
[2026-08-07T02:53:28.321+0000] {manager.py:878} INFO - 
================================================================================
DAG File Processing Stats

File Path                              PID    Runtime      # DAGs    # Errors  Last Runtime    Last Run
-------------------------------------  -----  ---------  --------  ----------  --------------  -------------------
/opt/airflow/dags/json_to_hdfs_dag.py                           1           0  0.16s           2026-08-07T02:53:22
================================================================================
[2026-08-07T02:53:58.575+0000] {manager.py:878} INFO - 
================================================================================
DAG File Processing Stats

File Path                              PID    Runtime      # DAGs    # Errors  Last Runtime    Last Run
-------------------------------------  -----  ---------  --------  ----------  --------------  -------------------
/opt/airflow/dags/json_to_hdfs_dag.py                           1           0  0.14s           2026-08-07T02:53:52
================================================================================
[2026-08-07T02:54:28.826+0000] {manager.py:878} INFO - 
================================================================================
DAG File Processing Stats

File Path                              PID    Runtime      # DAGs    # Errors  Last Runtime    Last Run
-------------------------------------  -----  ---------  --------  ----------  --------------  -------------------
/opt/airflow/dags/json_to_hdfs_dag.py                           1           0  0.14s           2026-08-07T02:54:22
================================================================================
[2026-08-07T02:54:59.079+0000] {manager.py:878} INFO - 
================================================================================
DAG File Processing Stats

File Path                              PID    Runtime      # DAGs    # Errors  Last Runtime    Last Run
-------------------------------------  -----  ---------  --------  ----------  --------------  -------------------
/opt/airflow/dags/json_to_hdfs_dag.py                           1           0  0.14s           2026-08-07T02:54:53
================================================================================
[2026-08-07T02:55:06.121+0000] {manager.py:737} INFO - Searching for files in /opt/airflow/dags
[2026-08-07T02:55:06.221+0000] {manager.py:740} INFO - There are 1 files in /opt/airflow/dags
[2026-08-07T02:55:29.433+0000] {manager.py:878} INFO - 
================================================================================
DAG File Processing Stats

File Path                              PID    Runtime      # DAGs    # Errors  Last Runtime    Last Run
-------------------------------------  -----  ---------  --------  ----------  --------------  -------------------
/opt/airflow/dags/json_to_hdfs_dag.py                           1           0  0.13s           2026-08-07T02:55:23
================================================================================
[2026-08-07T02:55:59.760+0000] {manager.py:878} INFO - 
================================================================================
DAG File Processing Stats

File Path                              PID    Runtime      # DAGs    # Errors  Last Runtime    Last Run
-------------------------------------  -----  ---------  --------  ----------  --------------  -------------------
/opt/airflow/dags/json_to_hdfs_dag.py                           1           0  0.13s           2026-08-07T02:55:53
================================================================================
[2026-08-07T02:56:29.983+0000] {manager.py:878} INFO - 
================================================================================
DAG File Processing Stats

File Path                              PID    Runtime      # DAGs    # Errors  Last Runtime    Last Run
-------------------------------------  -----  ---------  --------  ----------  --------------  -------------------
/opt/airflow/dags/json_to_hdfs_dag.py                           1           0  0.16s           2026-08-07T02:56:24
================================================================================
[2026-08-07T02:57:00.322+0000] {manager.py:878} INFO - 
================================================================================
DAG File Processing Stats

File Path                              PID    Runtime      # DAGs    # Errors  Last Runtime    Last Run
-------------------------------------  -----  ---------  --------  ----------  --------------  -------------------
/opt/airflow/dags/json_to_hdfs_dag.py                           1           0  0.13s           2026-08-07T02:56:54
================================================================================
[2026-08-07T02:57:30.584+0000] {manager.py:878} INFO - 
================================================================================
DAG File Processing Stats

File Path                              PID    Runtime      # DAGs    # Errors  Last Runtime    Last Run
-------------------------------------  -----  ---------  --------  ----------  --------------  -------------------
/opt/airflow/dags/json_to_hdfs_dag.py                           1           0  0.13s           2026-08-07T02:57:24
================================================================================
[2026-08-07T02:58:00.937+0000] {manager.py:878} INFO - 
================================================================================
DAG File Processing Stats

File Path                              PID    Runtime      # DAGs    # Errors  Last Runtime    Last Run
-------------------------------------  -----  ---------  --------  ----------  --------------  -------------------
/opt/airflow/dags/json_to_hdfs_dag.py                           1           0  0.12s           2026-08-07T02:57:54
================================================================================
[2026-08-07T02:58:31.187+0000] {manager.py:878} INFO - 
================================================================================
DAG File Processing Stats

File Path                              PID    Runtime      # DAGs    # Errors  Last Runtime    Last Run
-------------------------------------  -----  ---------  --------  ----------  --------------  -------------------
/opt/airflow/dags/json_to_hdfs_dag.py                           1           0  0.15s           2026-08-07T02:58:25
================================================================================
[2026-08-07T02:59:01.553+0000] {manager.py:878} INFO - 
================================================================================
DAG File Processing Stats

File Path                              PID    Runtime      # DAGs    # Errors  Last Runtime    Last Run
-------------------------------------  -----  ---------  --------  ----------  --------------  -------------------
/opt/airflow/dags/json_to_hdfs_dag.py                           1           0  0.13s           2026-08-07T02:58:55
================================================================================
[2026-08-07T02:59:31.823+0000] {manager.py:878} INFO - 
================================================================================
DAG File Processing Stats

File Path                              PID    Runtime      # DAGs    # Errors  Last Runtime    Last Run
-------------------------------------  -----  ---------  --------  ----------  --------------  -------------------
/opt/airflow/dags/json_to_hdfs_dag.py                           1           0  0.13s           2026-08-07T02:59:25
================================================================================
[2026-08-07T03:00:02.151+0000] {manager.py:878} INFO - 
================================================================================
DAG File Processing Stats

File Path                              PID    Runtime      # DAGs    # Errors  Last Runtime    Last Run
-------------------------------------  -----  ---------  --------  ----------  --------------  -------------------
/opt/airflow/dags/json_to_hdfs_dag.py                           1           0  0.13s           2026-08-07T02:59:56
================================================================================
[2026-08-07T03:00:06.178+0000] {manager.py:737} INFO - Searching for files in /opt/airflow/dags
[2026-08-07T03:00:06.210+0000] {manager.py:740} INFO - There are 1 files in /opt/airflow/dags
[2026-08-07T03:00:32.457+0000] {manager.py:878} INFO - 
================================================================================
DAG File Processing Stats

File Path                              PID    Runtime      # DAGs    # Errors  Last Runtime    Last Run
-------------------------------------  -----  ---------  --------  ----------  --------------  -------------------
/opt/airflow/dags/json_to_hdfs_dag.py                           1           0  0.16s           2026-08-07T03:00:26
================================================================================
[2026-08-07T03:01:02.825+0000] {manager.py:878} INFO - 
================================================================================
DAG File Processing Stats

File Path                              PID    Runtime      # DAGs    # Errors  Last Runtime    Last Run
-------------------------------------  -----  ---------  --------  ----------  --------------  -------------------
/opt/airflow/dags/json_to_hdfs_dag.py                           1           0  0.12s           2026-08-07T03:00:56
================================================================================
[2026-08-07T03:01:33.071+0000] {manager.py:878} INFO - 
================================================================================
DAG File Processing Stats

File Path                              PID    Runtime      # DAGs    # Errors  Last Runtime    Last Run
-------------------------------------  -----  ---------  --------  ----------  --------------  -------------------
/opt/airflow/dags/json_to_hdfs_dag.py                           1           0  0.13s           2026-08-07T03:01:27
================================================================================
[2026-08-07T03:02:03.401+0000] {manager.py:878} INFO - 
================================================================================
DAG File Processing Stats

File Path                              PID    Runtime      # DAGs    # Errors  Last Runtime    Last Run
-------------------------------------  -----  ---------  --------  ----------  --------------  -------------------
/opt/airflow/dags/json_to_hdfs_dag.py                           1           0  0.12s           2026-08-07T03:01:57
================================================================================
[2026-08-07T03:02:33.679+0000] {manager.py:878} INFO - 
================================================================================
DAG File Processing Stats

File Path                              PID    Runtime      # DAGs    # Errors  Last Runtime    Last Run
-------------------------------------  -----  ---------  --------  ----------  --------------  -------------------
/opt/airflow/dags/json_to_hdfs_dag.py                           1           0  0.14s           2026-08-07T03:02:27
================================================================================
[2026-08-07T03:03:04.029+0000] {manager.py:878} INFO - 
================================================================================
DAG File Processing Stats

File Path                              PID    Runtime      # DAGs    # Errors  Last Runtime    Last Run
-------------------------------------  -----  ---------  --------  ----------  --------------  -------------------
/opt/airflow/dags/json_to_hdfs_dag.py                           1           0  0.13s           2026-08-07T03:02:58
================================================================================
[2026-08-07T03:03:34.304+0000] {manager.py:878} INFO - 
================================================================================
DAG File Processing Stats

File Path                              PID    Runtime      # DAGs    # Errors  Last Runtime    Last Run
-------------------------------------  -----  ---------  --------  ----------  --------------  -------------------
/opt/airflow/dags/json_to_hdfs_dag.py                           1           0  0.12s           2026-08-07T03:03:28
================================================================================
[2026-08-07T03:04:04.652+0000] {manager.py:878} INFO - 
================================================================================
DAG File Processing Stats

File Path                              PID    Runtime      # DAGs    # Errors  Last Runtime    Last Run
-------------------------------------  -----  ---------  --------  ----------  --------------  -------------------
/opt/airflow/dags/json_to_hdfs_dag.py                           1           0  0.13s           2026-08-07T03:03:58
================================================================================
[2026-08-07T03:04:34.917+0000] {manager.py:878} INFO - 
================================================================================
DAG File Processing Stats

File Path                              PID    Runtime      # DAGs    # Errors  Last Runtime    Last Run
-------------------------------------  -----  ---------  --------  ----------  --------------  -------------------
/opt/airflow/dags/json_to_hdfs_dag.py                           1           0  0.15s           2026-08-07T03:04:29
================================================================================
[2026-08-07T03:05:05.248+0000] {manager.py:878} INFO - 
================================================================================
DAG File Processing Stats

File Path                              PID    Runtime      # DAGs    # Errors  Last Runtime    Last Run
-------------------------------------  -----  ---------  --------  ----------  --------------  -------------------
/opt/airflow/dags/json_to_hdfs_dag.py                           1           0  0.13s           2026-08-07T03:04:59
================================================================================
[2026-08-07T03:05:06.257+0000] {manager.py:737} INFO - Searching for files in /opt/airflow/dags
[2026-08-07T03:05:06.285+0000] {manager.py:740} INFO - There are 1 files in /opt/airflow/dags
[2026-08-07T03:05:35.585+0000] {manager.py:878} INFO - 
================================================================================
DAG File Processing Stats

File Path                              PID    Runtime      # DAGs    # Errors  Last Runtime    Last Run
-------------------------------------  -----  ---------  --------  ----------  --------------  -------------------
/opt/airflow/dags/json_to_hdfs_dag.py                           1           0  0.13s           2026-08-07T03:05:29
================================================================================
[2026-08-07T03:06:05.917+0000] {manager.py:878} INFO - 
================================================================================
DAG File Processing Stats

File Path                              PID    Runtime      # DAGs    # Errors  Last Runtime    Last Run
-------------------------------------  -----  ---------  --------  ----------  --------------  -------------------
/opt/airflow/dags/json_to_hdfs_dag.py                           1           0  0.18s           2026-08-07T03:05:59
================================================================================
[2026-08-07T03:06:36.252+0000] {manager.py:878} INFO - 
================================================================================
DAG File Processing Stats

File Path                              PID    Runtime      # DAGs    # Errors  Last Runtime    Last Run
-------------------------------------  -----  ---------  --------  ----------  --------------  -------------------
/opt/airflow/dags/json_to_hdfs_dag.py                           1           0  0.12s           2026-08-07T03:06:30
================================================================================
[2026-08-07T03:07:06.714+0000] {manager.py:878} INFO - 
================================================================================
DAG File Processing Stats

File Path                              PID    Runtime      # DAGs    # Errors  Last Runtime    Last Run
-------------------------------------  -----  ---------  --------  ----------  --------------  -------------------
/opt/airflow/dags/json_to_hdfs_dag.py                           1           0  0.13s           2026-08-07T03:07:00
================================================================================
[2026-08-07T03:09:55.545+0000] {manager.py:878} INFO - 
================================================================================
DAG File Processing Stats

File Path                              PID    Runtime      # DAGs    # Errors  Last Runtime    Last Run
-------------------------------------  -----  ---------  --------  ----------  --------------  -------------------
/opt/airflow/dags/json_to_hdfs_dag.py                           1           0  0.19s           2026-08-07T03:09:29
================================================================================
[2026-08-07T03:10:06.624+0000] {manager.py:737} INFO - Searching for files in /opt/airflow/dags
[2026-08-07T03:10:06.645+0000] {manager.py:740} INFO - There are 1 files in /opt/airflow/dags
[2026-08-07T03:10:25.806+0000] {manager.py:878} INFO - 
================================================================================
DAG File Processing Stats

File Path                              PID    Runtime      # DAGs    # Errors  Last Runtime    Last Run
-------------------------------------  -----  ---------  --------  ----------  --------------  -------------------
/opt/airflow/dags/json_to_hdfs_dag.py                           1           0  0.13s           2026-08-07T03:09:59
================================================================================
[2026-08-07T03:10:56.135+0000] {manager.py:878} INFO - 
================================================================================
DAG File Processing Stats

File Path                              PID    Runtime      # DAGs    # Errors  Last Runtime    Last Run
-------------------------------------  -----  ---------  --------  ----------  --------------  -------------------
/opt/airflow/dags/json_to_hdfs_dag.py                           1           0  0.15s           2026-08-07T03:10:29
================================================================================
[2026-08-07T03:11:26.459+0000] {manager.py:878} INFO - 
================================================================================
DAG File Processing Stats

File Path                              PID    Runtime      # DAGs    # Errors  Last Runtime    Last Run
-------------------------------------  -----  ---------  --------  ----------  --------------  -------------------
/opt/airflow/dags/json_to_hdfs_dag.py                           1           0  0.15s           2026-08-07T03:11:00
================================================================================
[2026-08-07T03:11:56.695+0000] {manager.py:878} INFO - 
================================================================================
DAG File Processing Stats

File Path                              PID    Runtime      # DAGs    # Errors  Last Runtime    Last Run
-------------------------------------  -----  ---------  --------  ----------  --------------  -------------------
/opt/airflow/dags/json_to_hdfs_dag.py                           1           0  0.12s           2026-08-07T03:11:30
================================================================================
[2026-08-07T03:12:27.026+0000] {manager.py:878} INFO - 
================================================================================
DAG File Processing Stats

File Path                              PID    Runtime      # DAGs    # Errors  Last Runtime    Last Run
-------------------------------------  -----  ---------  --------  ----------  --------------  -------------------
/opt/airflow/dags/json_to_hdfs_dag.py                           1           0  0.13s           2026-08-07T03:12:00
================================================================================
[2026-08-07T03:12:57.271+0000] {manager.py:878} INFO - 
================================================================================
DAG File Processing Stats

File Path                              PID    Runtime      # DAGs    # Errors  Last Runtime    Last Run
-------------------------------------  -----  ---------  --------  ----------  --------------  -------------------
/opt/airflow/dags/json_to_hdfs_dag.py                           1           0  0.13s           2026-08-07T03:12:31
================================================================================
[2026-08-07T03:13:27.556+0000] {manager.py:878} INFO - 
================================================================================
DAG File Processing Stats

File Path                              PID    Runtime      # DAGs    # Errors  Last Runtime    Last Run
-------------------------------------  -----  ---------  --------  ----------  --------------  -------------------
/opt/airflow/dags/json_to_hdfs_dag.py                           1           0  0.13s           2026-08-07T03:13:01
================================================================================
[2026-08-07T03:13:57.847+0000] {manager.py:878} INFO - 
================================================================================
DAG File Processing Stats

File Path                              PID    Runtime      # DAGs    # Errors  Last Runtime    Last Run
-------------------------------------  -----  ---------  --------  ----------  --------------  -------------------
/opt/airflow/dags/json_to_hdfs_dag.py                           1           0  0.14s           2026-08-07T03:13:31
================================================================================
[2026-08-07T03:14:28.134+0000] {manager.py:878} INFO - 
================================================================================
DAG File Processing Stats

File Path                              PID    Runtime      # DAGs    # Errors  Last Runtime    Last Run
-------------------------------------  -----  ---------  --------  ----------  --------------  -------------------
/opt/airflow/dags/json_to_hdfs_dag.py                           1           0  0.16s           2026-08-07T03:14:02
================================================================================
[2026-08-07T03:14:58.453+0000] {manager.py:878} INFO - 
================================================================================
DAG File Processing Stats

File Path                              PID    Runtime      # DAGs    # Errors  Last Runtime    Last Run
-------------------------------------  -----  ---------  --------  ----------  --------------  -------------------
/opt/airflow/dags/json_to_hdfs_dag.py                           1           0  0.19s           2026-08-07T03:14:32
================================================================================
[2026-08-07T03:15:06.659+0000] {manager.py:737} INFO - Searching for files in /opt/airflow/dags
[2026-08-07T03:15:06.679+0000] {manager.py:740} INFO - There are 1 files in /opt/airflow/dags
[2026-08-07T03:15:28.858+0000] {manager.py:878} INFO - 
================================================================================
DAG File Processing Stats

File Path                              PID    Runtime      # DAGs    # Errors  Last Runtime    Last Run
-------------------------------------  -----  ---------  --------  ----------  --------------  -------------------
/opt/airflow/dags/json_to_hdfs_dag.py                           1           0  0.20s           2026-08-07T03:15:02
================================================================================
[2026-08-07T03:15:59.151+0000] {manager.py:878} INFO - 
================================================================================
DAG File Processing Stats

File Path                              PID    Runtime      # DAGs    # Errors  Last Runtime    Last Run
-------------------------------------  -----  ---------  --------  ----------  --------------  -------------------
/opt/airflow/dags/json_to_hdfs_dag.py                           1           0  0.13s           2026-08-07T03:15:33
================================================================================
[2026-08-07T03:16:29.419+0000] {manager.py:878} INFO - 
================================================================================
DAG File Processing Stats

File Path                              PID    Runtime      # DAGs    # Errors  Last Runtime    Last Run
-------------------------------------  -----  ---------  --------  ----------  --------------  -------------------
/opt/airflow/dags/json_to_hdfs_dag.py                           1           0  0.13s           2026-08-07T03:16:03
================================================================================
[2026-08-07T03:16:59.693+0000] {manager.py:878} INFO - 
================================================================================
DAG File Processing Stats

File Path                              PID    Runtime      # DAGs    # Errors  Last Runtime    Last Run
-------------------------------------  -----  ---------  --------  ----------  --------------  -------------------
/opt/airflow/dags/json_to_hdfs_dag.py                           1           0  0.14s           2026-08-07T03:16:33
================================================================================
[2026-08-07T03:17:29.965+0000] {manager.py:878} INFO - 
================================================================================
DAG File Processing Stats

File Path                              PID    Runtime      # DAGs    # Errors  Last Runtime    Last Run
-------------------------------------  -----  ---------  --------  ----------  --------------  -------------------
/opt/airflow/dags/json_to_hdfs_dag.py                           1           0  0.16s           2026-08-07T03:17:03
================================================================================
[2026-08-07T03:18:00.231+0000] {manager.py:878} INFO - 
================================================================================
DAG File Processing Stats

File Path                              PID    Runtime      # DAGs    # Errors  Last Runtime    Last Run
-------------------------------------  -----  ---------  --------  ----------  --------------  -------------------
/opt/airflow/dags/json_to_hdfs_dag.py                           1           0  0.15s           2026-08-07T03:17:34
================================================================================
[2026-08-07T03:18:30.510+0000] {manager.py:878} INFO - 
================================================================================
DAG File Processing Stats

File Path                              PID    Runtime      # DAGs    # Errors  Last Runtime    Last Run
-------------------------------------  -----  ---------  --------  ----------  --------------  -------------------
/opt/airflow/dags/json_to_hdfs_dag.py                           1           0  0.14s           2026-08-07T03:18:04
================================================================================
[2026-08-07T03:19:00.796+0000] {manager.py:878} INFO - 
================================================================================
DAG File Processing Stats

File Path                              PID    Runtime      # DAGs    # Errors  Last Runtime    Last Run
-------------------------------------  -----  ---------  --------  ----------  --------------  -------------------
/opt/airflow/dags/json_to_hdfs_dag.py                           1           0  0.13s           2026-08-07T03:18:34
================================================================================
[2026-08-07T03:19:31.024+0000] {manager.py:878} INFO - 
================================================================================
DAG File Processing Stats

File Path                              PID    Runtime      # DAGs    # Errors  Last Runtime    Last Run
-------------------------------------  -----  ---------  --------  ----------  --------------  -------------------
/opt/airflow/dags/json_to_hdfs_dag.py                           1           0  0.18s           2026-08-07T03:19:05
================================================================================
[2026-08-07T03:20:01.418+0000] {manager.py:878} INFO - 
================================================================================
DAG File Processing Stats

File Path                              PID    Runtime      # DAGs    # Errors  Last Runtime    Last Run
-------------------------------------  -----  ---------  --------  ----------  --------------  -------------------
/opt/airflow/dags/json_to_hdfs_dag.py                           1           0  0.14s           2026-08-07T03:19:35
================================================================================
[2026-08-07T03:20:07.471+0000] {manager.py:737} INFO - Searching for files in /opt/airflow/dags
[2026-08-07T03:20:07.492+0000] {manager.py:740} INFO - There are 1 files in /opt/airflow/dags
[2026-08-07T03:20:31.655+0000] {manager.py:878} INFO - 
================================================================================
DAG File Processing Stats

File Path                              PID    Runtime      # DAGs    # Errors  Last Runtime    Last Run
-------------------------------------  -----  ---------  --------  ----------  --------------  -------------------
/opt/airflow/dags/json_to_hdfs_dag.py                           1           0  0.17s           2026-08-07T03:20:05
================================================================================
[2026-08-07T03:21:01.980+0000] {manager.py:878} INFO - 
================================================================================
DAG File Processing Stats

File Path                              PID    Runtime      # DAGs    # Errors  Last Runtime    Last Run
-------------------------------------  -----  ---------  --------  ----------  --------------  -------------------
/opt/airflow/dags/json_to_hdfs_dag.py                           1           0  0.15s           2026-08-07T03:20:35
================================================================================
[2026-08-07T03:21:32.242+0000] {manager.py:878} INFO - 
================================================================================
DAG File Processing Stats

File Path                              PID    Runtime      # DAGs    # Errors  Last Runtime    Last Run
-------------------------------------  -----  ---------  --------  ----------  --------------  -------------------
/opt/airflow/dags/json_to_hdfs_dag.py                           1           0  0.12s           2026-08-07T03:21:06
================================================================================
[2026-08-07T03:22:02.556+0000] {manager.py:878} INFO - 
================================================================================
DAG File Processing Stats

File Path                              PID    Runtime      # DAGs    # Errors  Last Runtime    Last Run
-------------------------------------  -----  ---------  --------  ----------  --------------  -------------------
/opt/airflow/dags/json_to_hdfs_dag.py                           1           0  0.14s           2026-08-07T03:21:36
================================================================================
[2026-08-07T03:22:32.849+0000] {manager.py:878} INFO - 
================================================================================
DAG File Processing Stats

File Path                              PID    Runtime      # DAGs    # Errors  Last Runtime    Last Run
-------------------------------------  -----  ---------  --------  ----------  --------------  -------------------
/opt/airflow/dags/json_to_hdfs_dag.py                           1           0  0.14s           2026-08-07T03:22:06
================================================================================
[2026-08-07T03:23:03.193+0000] {manager.py:878} INFO - 
================================================================================
DAG File Processing Stats

File Path                              PID    Runtime      # DAGs    # Errors  Last Runtime    Last Run
-------------------------------------  -----  ---------  --------  ----------  --------------  -------------------
/opt/airflow/dags/json_to_hdfs_dag.py                           1           0  0.14s           2026-08-07T03:22:37
================================================================================
[2026-08-07T03:23:33.430+0000] {manager.py:878} INFO - 
================================================================================
DAG File Processing Stats

File Path                              PID    Runtime      # DAGs    # Errors  Last Runtime    Last Run
-------------------------------------  -----  ---------  --------  ----------  --------------  -------------------
/opt/airflow/dags/json_to_hdfs_dag.py                           1           0  0.13s           2026-08-07T03:23:07
================================================================================
[2026-08-07T03:24:03.754+0000] {manager.py:878} INFO - 
================================================================================
DAG File Processing Stats

File Path                              PID    Runtime      # DAGs    # Errors  Last Runtime    Last Run
-------------------------------------  -----  ---------  --------  ----------  --------------  -------------------
/opt/airflow/dags/json_to_hdfs_dag.py                           1           0  0.16s           2026-08-07T03:23:37
================================================================================
[2026-08-07T03:24:34.068+0000] {manager.py:878} INFO - 
================================================================================
DAG File Processing Stats

File Path                              PID    Runtime      # DAGs    # Errors  Last Runtime    Last Run
-------------------------------------  -----  ---------  --------  ----------  --------------  -------------------
/opt/airflow/dags/json_to_hdfs_dag.py                           1           0  0.13s           2026-08-07T03:24:07
================================================================================
[2026-08-07T03:25:04.363+0000] {manager.py:878} INFO - 
================================================================================
DAG File Processing Stats

File Path                              PID    Runtime      # DAGs    # Errors  Last Runtime    Last Run
-------------------------------------  -----  ---------  --------  ----------  --------------  -------------------
/opt/airflow/dags/json_to_hdfs_dag.py                           1           0  0.13s           2026-08-07T03:24:38
================================================================================
[2026-08-07T03:25:08.390+0000] {manager.py:737} INFO - Searching for files in /opt/airflow/dags
[2026-08-07T03:25:08.414+0000] {manager.py:740} INFO - There are 1 files in /opt/airflow/dags
[2026-08-07T03:25:34.630+0000] {manager.py:878} INFO - 
================================================================================
DAG File Processing Stats

File Path                              PID    Runtime      # DAGs    # Errors  Last Runtime    Last Run
-------------------------------------  -----  ---------  --------  ----------  --------------  -------------------
/opt/airflow/dags/json_to_hdfs_dag.py                           1           0  0.13s           2026-08-07T03:25:08
================================================================================
[2026-08-07T03:26:04.947+0000] {manager.py:878} INFO - 
================================================================================
DAG File Processing Stats

File Path                              PID    Runtime      # DAGs    # Errors  Last Runtime    Last Run
-------------------------------------  -----  ---------  --------  ----------  --------------  -------------------
/opt/airflow/dags/json_to_hdfs_dag.py                           1           0  0.13s           2026-08-07T03:25:38
================================================================================
[2026-08-07T03:26:35.221+0000] {manager.py:878} INFO - 
================================================================================
DAG File Processing Stats

File Path                              PID    Runtime      # DAGs    # Errors  Last Runtime    Last Run
-------------------------------------  -----  ---------  --------  ----------  --------------  -------------------
/opt/airflow/dags/json_to_hdfs_dag.py                           1           0  0.20s           2026-08-07T03:26:09
================================================================================
[2026-08-07T03:27:05.540+0000] {manager.py:878} INFO - 
================================================================================
DAG File Processing Stats

File Path                              PID    Runtime      # DAGs    # Errors  Last Runtime    Last Run
-------------------------------------  -----  ---------  --------  ----------  --------------  -------------------
/opt/airflow/dags/json_to_hdfs_dag.py                           1           0  0.24s           2026-08-07T03:26:39
================================================================================
[2026-08-07T03:27:35.777+0000] {manager.py:878} INFO - 
================================================================================
DAG File Processing Stats

File Path                              PID    Runtime      # DAGs    # Errors  Last Runtime    Last Run
-------------------------------------  -----  ---------  --------  ----------  --------------  -------------------
/opt/airflow/dags/json_to_hdfs_dag.py                           1           0  0.15s           2026-08-07T03:27:09
================================================================================
[2026-08-07T03:28:06.046+0000] {manager.py:878} INFO - 
================================================================================
DAG File Processing Stats

File Path                              PID    Runtime      # DAGs    # Errors  Last Runtime    Last Run
-------------------------------------  -----  ---------  --------  ----------  --------------  -------------------
/opt/airflow/dags/json_to_hdfs_dag.py                           1           0  0.18s           2026-08-07T03:27:39
================================================================================
[2026-08-07T03:28:36.341+0000] {manager.py:878} INFO - 
================================================================================
DAG File Processing Stats

File Path                              PID    Runtime      # DAGs    # Errors  Last Runtime    Last Run
-------------------------------------  -----  ---------  --------  ----------  --------------  -------------------
/opt/airflow/dags/json_to_hdfs_dag.py                           1           0  0.15s           2026-08-07T03:28:10
================================================================================
[2026-08-07T03:29:06.570+0000] {manager.py:878} INFO - 
================================================================================
DAG File Processing Stats

File Path                              PID    Runtime      # DAGs    # Errors  Last Runtime    Last Run
-------------------------------------  -----  ---------  --------  ----------  --------------  -------------------
/opt/airflow/dags/json_to_hdfs_dag.py                           1           0  0.19s           2026-08-07T03:28:40
================================================================================
[2026-08-07T03:29:36.897+0000] {manager.py:878} INFO - 
================================================================================
DAG File Processing Stats

File Path                              PID    Runtime      # DAGs    # Errors  Last Runtime    Last Run
-------------------------------------  -----  ---------  --------  ----------  --------------  -------------------
/opt/airflow/dags/json_to_hdfs_dag.py                           1           0  0.19s           2026-08-07T03:29:10
================================================================================
[2026-08-07T03:30:07.133+0000] {manager.py:878} INFO - 
================================================================================
DAG File Processing Stats

File Path                              PID    Runtime      # DAGs    # Errors  Last Runtime    Last Run
-------------------------------------  -----  ---------  --------  ----------  --------------  -------------------
/opt/airflow/dags/json_to_hdfs_dag.py                           1           0  0.13s           2026-08-07T03:29:41
================================================================================
[2026-08-07T03:30:09.146+0000] {manager.py:737} INFO - Searching for files in /opt/airflow/dags
[2026-08-07T03:30:09.170+0000] {manager.py:740} INFO - There are 1 files in /opt/airflow/dags
[2026-08-07T03:30:37.428+0000] {manager.py:878} INFO - 
================================================================================
DAG File Processing Stats

File Path                              PID    Runtime      # DAGs    # Errors  Last Runtime    Last Run
-------------------------------------  -----  ---------  --------  ----------  --------------  -------------------
/opt/airflow/dags/json_to_hdfs_dag.py                           1           0  0.27s           2026-08-07T03:30:11
================================================================================
[2026-08-07T03:31:07.881+0000] {manager.py:878} INFO - 
================================================================================
DAG File Processing Stats

File Path                              PID    Runtime      # DAGs    # Errors  Last Runtime    Last Run
-------------------------------------  -----  ---------  --------  ----------  --------------  -------------------
/opt/airflow/dags/json_to_hdfs_dag.py                           1           0  0.34s           2026-08-07T03:30:41
================================================================================
[2026-08-07T03:31:38.337+0000] {manager.py:878} INFO - 
================================================================================
DAG File Processing Stats

File Path                              PID    Runtime      # DAGs    # Errors  Last Runtime    Last Run
-------------------------------------  -----  ---------  --------  ----------  --------------  -------------------
/opt/airflow/dags/json_to_hdfs_dag.py                           1           0  0.18s           2026-08-07T03:31:12
================================================================================
[2026-08-07T03:32:08.692+0000] {manager.py:878} INFO - 
================================================================================
DAG File Processing Stats

File Path                              PID    Runtime      # DAGs    # Errors  Last Runtime    Last Run
-------------------------------------  -----  ---------  --------  ----------  --------------  -------------------
/opt/airflow/dags/json_to_hdfs_dag.py                           1           0  0.15s           2026-08-07T03:31:42
================================================================================
[2026-08-07T03:32:38.947+0000] {manager.py:878} INFO - 
================================================================================
DAG File Processing Stats

File Path                              PID    Runtime      # DAGs    # Errors  Last Runtime    Last Run
-------------------------------------  -----  ---------  --------  ----------  --------------  -------------------
/opt/airflow/dags/json_to_hdfs_dag.py                           1           0  0.14s           2026-08-07T03:32:12
================================================================================
[2026-08-07T03:33:09.426+0000] {manager.py:878} INFO - 
================================================================================
DAG File Processing Stats

File Path                              PID    Runtime      # DAGs    # Errors  Last Runtime    Last Run
-------------------------------------  -----  ---------  --------  ----------  --------------  -------------------
/opt/airflow/dags/json_to_hdfs_dag.py                           1           0  0.18s           2026-08-07T03:33:08
================================================================================
[2026-08-07T03:33:40.018+0000] {manager.py:878} INFO - 
================================================================================
DAG File Processing Stats

File Path                              PID    Runtime      # DAGs    # Errors  Last Runtime    Last Run
-------------------------------------  -----  ---------  --------  ----------  --------------  -------------------
/opt/airflow/dags/json_to_hdfs_dag.py                           1           0  0.17s           2026-08-07T03:33:21
================================================================================
[2026-08-07T03:34:10.338+0000] {manager.py:878} INFO - 
================================================================================
DAG File Processing Stats

File Path                              PID    Runtime      # DAGs    # Errors  Last Runtime    Last Run
-------------------------------------  -----  ---------  --------  ----------  --------------  -------------------
/opt/airflow/dags/json_to_hdfs_dag.py                           1           0  0.14s           2026-08-07T03:33:51
================================================================================
[2026-08-07T03:34:40.582+0000] {manager.py:878} INFO - 
================================================================================
DAG File Processing Stats

File Path                              PID    Runtime      # DAGs    # Errors  Last Runtime    Last Run
-------------------------------------  -----  ---------  --------  ----------  --------------  -------------------
/opt/airflow/dags/json_to_hdfs_dag.py                           1           0  0.14s           2026-08-07T03:34:21
================================================================================
[2026-08-07T03:35:09.907+0000] {manager.py:737} INFO - Searching for files in /opt/airflow/dags
[2026-08-07T03:35:09.947+0000] {manager.py:740} INFO - There are 1 files in /opt/airflow/dags
[2026-08-07T03:35:10.973+0000] {manager.py:878} INFO - 
================================================================================
DAG File Processing Stats

File Path                              PID    Runtime      # DAGs    # Errors  Last Runtime    Last Run
-------------------------------------  -----  ---------  --------  ----------  --------------  -------------------
/opt/airflow/dags/json_to_hdfs_dag.py                           1           0  0.25s           2026-08-07T03:34:51
================================================================================
[2026-08-07T03:35:41.263+0000] {manager.py:878} INFO - 
================================================================================
DAG File Processing Stats

File Path                              PID    Runtime      # DAGs    # Errors  Last Runtime    Last Run
-------------------------------------  -----  ---------  --------  ----------  --------------  -------------------
/opt/airflow/dags/json_to_hdfs_dag.py                           1           0  0.63s           2026-08-07T03:35:22
================================================================================
[2026-08-07T03:36:12.051+0000] {manager.py:878} INFO - 
================================================================================
DAG File Processing Stats

File Path                              PID    Runtime      # DAGs    # Errors  Last Runtime    Last Run
-------------------------------------  -----  ---------  --------  ----------  --------------  -------------------
/opt/airflow/dags/json_to_hdfs_dag.py                           1           0  0.17s           2026-08-07T03:35:53
================================================================================
[2026-08-07T03:36:42.423+0000] {manager.py:878} INFO - 
================================================================================
DAG File Processing Stats

File Path                              PID    Runtime      # DAGs    # Errors  Last Runtime    Last Run
-------------------------------------  -----  ---------  --------  ----------  --------------  -------------------
/opt/airflow/dags/json_to_hdfs_dag.py                           1           0  0.17s           2026-08-07T03:36:23
================================================================================
[2026-08-07T03:37:12.648+0000] {manager.py:878} INFO - 
================================================================================
DAG File Processing Stats

File Path                              PID    Runtime      # DAGs    # Errors  Last Runtime    Last Run
-------------------------------------  -----  ---------  --------  ----------  --------------  -------------------
/opt/airflow/dags/json_to_hdfs_dag.py                           1           0  0.16s           2026-08-07T03:36:53
================================================================================
[2026-08-07T03:37:42.972+0000] {manager.py:878} INFO - 
================================================================================
DAG File Processing Stats

File Path                              PID    Runtime      # DAGs    # Errors  Last Runtime    Last Run
-------------------------------------  -----  ---------  --------  ----------  --------------  -------------------
/opt/airflow/dags/json_to_hdfs_dag.py                           1           0  0.14s           2026-08-07T03:37:23
================================================================================
[2026-08-07T03:38:13.210+0000] {manager.py:878} INFO - 
================================================================================
DAG File Processing Stats

File Path                              PID    Runtime      # DAGs    # Errors  Last Runtime    Last Run
-------------------------------------  -----  ---------  --------  ----------  --------------  -------------------
/opt/airflow/dags/json_to_hdfs_dag.py                           1           0  0.14s           2026-08-07T03:37:54
================================================================================
[2026-08-07T03:38:43.557+0000] {manager.py:878} INFO - 
================================================================================
DAG File Processing Stats

File Path                              PID    Runtime      # DAGs    # Errors  Last Runtime    Last Run
-------------------------------------  -----  ---------  --------  ----------  --------------  -------------------
/opt/airflow/dags/json_to_hdfs_dag.py                           1           0  0.15s           2026-08-07T03:38:24
================================================================================
[2026-08-07T03:39:13.790+0000] {manager.py:878} INFO - 
================================================================================
DAG File Processing Stats

File Path                              PID    Runtime      # DAGs    # Errors  Last Runtime    Last Run
-------------------------------------  -----  ---------  --------  ----------  --------------  -------------------
/opt/airflow/dags/json_to_hdfs_dag.py                           1           0  0.32s           2026-08-07T03:38:54
================================================================================
[2026-08-07T03:39:44.250+0000] {manager.py:878} INFO - 
================================================================================
DAG File Processing Stats

File Path                              PID    Runtime      # DAGs    # Errors  Last Runtime    Last Run
-------------------------------------  -----  ---------  --------  ----------  --------------  -------------------
/opt/airflow/dags/json_to_hdfs_dag.py                           1           0  0.25s           2026-08-07T03:39:25
================================================================================
[2026-08-07T03:40:10.005+0000] {manager.py:737} INFO - Searching for files in /opt/airflow/dags
[2026-08-07T03:40:10.025+0000] {manager.py:740} INFO - There are 1 files in /opt/airflow/dags
[2026-08-07T03:40:14.648+0000] {manager.py:878} INFO - 
================================================================================
DAG File Processing Stats

File Path                              PID    Runtime      # DAGs    # Errors  Last Runtime    Last Run
-------------------------------------  -----  ---------  --------  ----------  --------------  -------------------
/opt/airflow/dags/json_to_hdfs_dag.py                           1           0  0.38s           2026-08-07T03:39:55
================================================================================
[2026-08-07T03:40:45.258+0000] {manager.py:878} INFO - 
================================================================================
DAG File Processing Stats

File Path                              PID    Runtime      # DAGs    # Errors  Last Runtime    Last Run
-------------------------------------  -----  ---------  --------  ----------  --------------  -------------------
/opt/airflow/dags/json_to_hdfs_dag.py                           1           0  0.18s           2026-08-07T03:40:26
================================================================================
[2026-08-07T03:41:15.572+0000] {manager.py:878} INFO - 
================================================================================
DAG File Processing Stats

File Path                              PID    Runtime      # DAGs    # Errors  Last Runtime    Last Run
-------------------------------------  -----  ---------  --------  ----------  --------------  -------------------
/opt/airflow/dags/json_to_hdfs_dag.py                           1           0  0.15s           2026-08-07T03:40:56
================================================================================
[2026-08-07T03:41:45.855+0000] {manager.py:878} INFO - 
================================================================================
DAG File Processing Stats

File Path                              PID    Runtime      # DAGs    # Errors  Last Runtime    Last Run
-------------------------------------  -----  ---------  --------  ----------  --------------  -------------------
/opt/airflow/dags/json_to_hdfs_dag.py                           1           0  0.17s           2026-08-07T03:41:26
================================================================================
[2026-08-07T03:42:16.090+0000] {manager.py:878} INFO - 
================================================================================
DAG File Processing Stats

File Path                              PID    Runtime      # DAGs    # Errors  Last Runtime    Last Run
-------------------------------------  -----  ---------  --------  ----------  --------------  -------------------
/opt/airflow/dags/json_to_hdfs_dag.py                           1           0  0.29s           2026-08-07T03:41:57
================================================================================
[2026-08-07T03:42:46.468+0000] {manager.py:878} INFO - 
================================================================================
DAG File Processing Stats

File Path                              PID    Runtime      # DAGs    # Errors  Last Runtime    Last Run
-------------------------------------  -----  ---------  --------  ----------  --------------  -------------------
/opt/airflow/dags/json_to_hdfs_dag.py                           1           0  0.22s           2026-08-07T03:42:27
================================================================================
[2026-08-07T03:43:16.837+0000] {manager.py:878} INFO - 
================================================================================
DAG File Processing Stats

File Path                              PID    Runtime      # DAGs    # Errors  Last Runtime    Last Run
-------------------------------------  -----  ---------  --------  ----------  --------------  -------------------
/opt/airflow/dags/json_to_hdfs_dag.py                           1           0  0.26s           2026-08-07T03:42:57
================================================================================
[2026-08-07T03:43:47.263+0000] {manager.py:878} INFO - 
================================================================================
DAG File Processing Stats

File Path                              PID    Runtime      # DAGs    # Errors  Last Runtime    Last Run
-------------------------------------  -----  ---------  --------  ----------  --------------  -------------------
/opt/airflow/dags/json_to_hdfs_dag.py                           1           0  0.30s           2026-08-07T03:43:28
================================================================================
[2026-08-07T03:44:17.723+0000] {manager.py:878} INFO - 
================================================================================
DAG File Processing Stats

File Path                              PID    Runtime      # DAGs    # Errors  Last Runtime    Last Run
-------------------------------------  -----  ---------  --------  ----------  --------------  -------------------
/opt/airflow/dags/json_to_hdfs_dag.py                           1           0  0.15s           2026-08-07T03:43:58
================================================================================
[2026-08-07T03:44:48.007+0000] {manager.py:878} INFO - 
================================================================================
DAG File Processing Stats

File Path                              PID    Runtime      # DAGs    # Errors  Last Runtime    Last Run
-------------------------------------  -----  ---------  --------  ----------  --------------  -------------------
/opt/airflow/dags/json_to_hdfs_dag.py                           1           0  0.13s           2026-08-07T03:44:29
================================================================================
[2026-08-07T03:45:10.220+0000] {manager.py:737} INFO - Searching for files in /opt/airflow/dags
[2026-08-07T03:45:10.245+0000] {manager.py:740} INFO - There are 1 files in /opt/airflow/dags
[2026-08-07T03:45:18.299+0000] {manager.py:878} INFO - 
================================================================================
DAG File Processing Stats

File Path                              PID    Runtime      # DAGs    # Errors  Last Runtime    Last Run
-------------------------------------  -----  ---------  --------  ----------  --------------  -------------------
/opt/airflow/dags/json_to_hdfs_dag.py                           1           0  0.12s           2026-08-07T03:44:59
================================================================================
[2026-08-07T03:45:48.458+0000] {manager.py:878} INFO - 
================================================================================
DAG File Processing Stats

File Path                              PID    Runtime      # DAGs    # Errors  Last Runtime    Last Run
-------------------------------------  -----  ---------  --------  ----------  --------------  -------------------
/opt/airflow/dags/json_to_hdfs_dag.py                           1           0  0.13s           2026-08-07T03:45:29
================================================================================
[2026-08-07T03:46:18.704+0000] {manager.py:878} INFO - 
================================================================================
DAG File Processing Stats

File Path                              PID    Runtime      # DAGs    # Errors  Last Runtime    Last Run
-------------------------------------  -----  ---------  --------  ----------  --------------  -------------------
/opt/airflow/dags/json_to_hdfs_dag.py                           1           0  0.14s           2026-08-07T03:45:59
================================================================================
[2026-08-07T03:46:48.881+0000] {manager.py:878} INFO - 
================================================================================
DAG File Processing Stats

File Path                              PID    Runtime      # DAGs    # Errors  Last Runtime    Last Run
-------------------------------------  -----  ---------  --------  ----------  --------------  -------------------
/opt/airflow/dags/json_to_hdfs_dag.py                           1           0  0.13s           2026-08-07T03:46:29
================================================================================
[2026-08-07T03:47:19.125+0000] {manager.py:878} INFO - 
================================================================================
DAG File Processing Stats

File Path                              PID    Runtime      # DAGs    # Errors  Last Runtime    Last Run
-------------------------------------  -----  ---------  --------  ----------  --------------  -------------------
/opt/airflow/dags/json_to_hdfs_dag.py                           1           0  0.14s           2026-08-07T03:47:00
================================================================================
[2026-08-07T03:47:49.295+0000] {manager.py:878} INFO - 
================================================================================
DAG File Processing Stats

File Path                              PID    Runtime      # DAGs    # Errors  Last Runtime    Last Run
-------------------------------------  -----  ---------  --------  ----------  --------------  -------------------
/opt/airflow/dags/json_to_hdfs_dag.py                           1           0  0.13s           2026-08-07T03:47:30
================================================================================
[2026-08-07T03:48:19.519+0000] {manager.py:878} INFO - 
================================================================================
DAG File Processing Stats

File Path                              PID    Runtime      # DAGs    # Errors  Last Runtime    Last Run
-------------------------------------  -----  ---------  --------  ----------  --------------  -------------------
/opt/airflow/dags/json_to_hdfs_dag.py                           1           0  0.15s           2026-08-07T03:48:00
================================================================================
[2026-08-07T03:50:05.671+0000] {manager.py:878} INFO - 
================================================================================
DAG File Processing Stats

File Path                              PID    Runtime      # DAGs    # Errors  Last Runtime    Last Run
-------------------------------------  -----  ---------  --------  ----------  --------------  -------------------
/opt/airflow/dags/json_to_hdfs_dag.py                           1           0  0.68s           2026-08-07T03:49:58
================================================================================
[2026-08-07T03:50:10.698+0000] {manager.py:737} INFO - Searching for files in /opt/airflow/dags
[2026-08-07T03:50:10.719+0000] {manager.py:740} INFO - There are 1 files in /opt/airflow/dags
[2026-08-07T03:50:36.037+0000] {manager.py:878} INFO - 
================================================================================
DAG File Processing Stats

File Path                              PID    Runtime      # DAGs    # Errors  Last Runtime    Last Run
-------------------------------------  -----  ---------  --------  ----------  --------------  -------------------
/opt/airflow/dags/json_to_hdfs_dag.py                           1           0  0.16s           2026-08-07T03:50:35
================================================================================
[2026-08-07T03:51:06.331+0000] {manager.py:878} INFO - 
================================================================================
DAG File Processing Stats

File Path                              PID    Runtime      # DAGs    # Errors  Last Runtime    Last Run
-------------------------------------  -----  ---------  --------  ----------  --------------  -------------------
/opt/airflow/dags/json_to_hdfs_dag.py                           1           0  0.15s           2026-08-07T03:51:05
================================================================================
[2026-08-07T03:51:36.661+0000] {manager.py:878} INFO - 
================================================================================
DAG File Processing Stats

File Path                              PID    Runtime      # DAGs    # Errors  Last Runtime    Last Run
-------------------------------------  -----  ---------  --------  ----------  --------------  -------------------
/opt/airflow/dags/json_to_hdfs_dag.py                           1           0  0.24s           2026-08-07T03:51:35
================================================================================
[2026-08-07T03:52:06.974+0000] {manager.py:878} INFO - 
================================================================================
DAG File Processing Stats

File Path                              PID    Runtime      # DAGs    # Errors  Last Runtime    Last Run
-------------------------------------  -----  ---------  --------  ----------  --------------  -------------------
/opt/airflow/dags/json_to_hdfs_dag.py                           1           0  0.14s           2026-08-07T03:52:06
================================================================================
[2026-08-07T03:52:37.235+0000] {manager.py:878} INFO - 
================================================================================
DAG File Processing Stats

File Path                              PID    Runtime      # DAGs    # Errors  Last Runtime    Last Run
-------------------------------------  -----  ---------  --------  ----------  --------------  -------------------
/opt/airflow/dags/json_to_hdfs_dag.py                           1           0  0.13s           2026-08-07T03:52:36
================================================================================
[2026-08-07T03:53:07.411+0000] {manager.py:878} INFO - 
================================================================================
DAG File Processing Stats

File Path                              PID    Runtime      # DAGs    # Errors  Last Runtime    Last Run
-------------------------------------  -----  ---------  --------  ----------  --------------  -------------------
/opt/airflow/dags/json_to_hdfs_dag.py                           1           0  0.15s           2026-08-07T03:53:06
================================================================================
[2026-08-07T03:53:37.677+0000] {manager.py:878} INFO - 
================================================================================
DAG File Processing Stats

File Path                              PID    Runtime      # DAGs    # Errors  Last Runtime    Last Run
-------------------------------------  -----  ---------  --------  ----------  --------------  -------------------
/opt/airflow/dags/json_to_hdfs_dag.py                           1           0  0.15s           2026-08-07T03:53:36
================================================================================
[2026-08-07T03:54:07.918+0000] {manager.py:878} INFO - 
================================================================================
DAG File Processing Stats

File Path                              PID    Runtime      # DAGs    # Errors  Last Runtime    Last Run
-------------------------------------  -----  ---------  --------  ----------  --------------  -------------------
/opt/airflow/dags/json_to_hdfs_dag.py                           1           0  0.26s           2026-08-07T03:54:07
================================================================================
[2026-08-07T03:54:38.411+0000] {manager.py:878} INFO - 
================================================================================
DAG File Processing Stats

File Path                              PID    Runtime      # DAGs    # Errors  Last Runtime    Last Run
-------------------------------------  -----  ---------  --------  ----------  --------------  -------------------
/opt/airflow/dags/json_to_hdfs_dag.py                           1           0  0.31s           2026-08-07T03:54:37
================================================================================
[2026-08-07T03:55:08.995+0000] {manager.py:878} INFO - 
================================================================================
DAG File Processing Stats

File Path                              PID    Runtime      # DAGs    # Errors  Last Runtime    Last Run
-------------------------------------  -----  ---------  --------  ----------  --------------  -------------------
/opt/airflow/dags/json_to_hdfs_dag.py                           1           0  0.32s           2026-08-07T03:55:08
================================================================================
[2026-08-07T03:55:11.011+0000] {manager.py:737} INFO - Searching for files in /opt/airflow/dags
[2026-08-07T03:55:11.069+0000] {manager.py:740} INFO - There are 1 files in /opt/airflow/dags
[2026-08-07T03:55:39.561+0000] {manager.py:878} INFO - 
================================================================================
DAG File Processing Stats

File Path                              PID    Runtime      # DAGs    # Errors  Last Runtime    Last Run
-------------------------------------  -----  ---------  --------  ----------  --------------  -------------------
/opt/airflow/dags/json_to_hdfs_dag.py                           1           0  0.24s           2026-08-07T03:55:38
================================================================================
[2026-08-07T03:56:10.017+0000] {manager.py:878} INFO - 
================================================================================
DAG File Processing Stats

File Path                              PID    Runtime      # DAGs    # Errors  Last Runtime    Last Run
-------------------------------------  -----  ---------  --------  ----------  --------------  -------------------
/opt/airflow/dags/json_to_hdfs_dag.py                           1           0  0.24s           2026-08-07T03:56:09
================================================================================
[2026-08-07T03:56:40.468+0000] {manager.py:878} INFO - 
================================================================================
DAG File Processing Stats

File Path                              PID    Runtime      # DAGs    # Errors  Last Runtime    Last Run
-------------------------------------  -----  ---------  --------  ----------  --------------  -------------------
/opt/airflow/dags/json_to_hdfs_dag.py                           1           0  0.26s           2026-08-07T03:56:39
================================================================================
[2026-08-07T03:57:10.950+0000] {manager.py:878} INFO - 
================================================================================
DAG File Processing Stats

File Path                              PID    Runtime      # DAGs    # Errors  Last Runtime    Last Run
-------------------------------------  -----  ---------  --------  ----------  --------------  -------------------
/opt/airflow/dags/json_to_hdfs_dag.py                           1           0  0.27s           2026-08-07T03:57:10
================================================================================
[2026-08-07T03:57:41.473+0000] {manager.py:878} INFO - 
================================================================================
DAG File Processing Stats

File Path                              PID    Runtime      # DAGs    # Errors  Last Runtime    Last Run
-------------------------------------  -----  ---------  --------  ----------  --------------  -------------------
/opt/airflow/dags/json_to_hdfs_dag.py                           1           0  0.29s           2026-08-07T03:57:40
================================================================================
[2026-08-07T03:58:12.000+0000] {manager.py:878} INFO - 
================================================================================
DAG File Processing Stats

File Path                              PID    Runtime      # DAGs    # Errors  Last Runtime    Last Run
-------------------------------------  -----  ---------  --------  ----------  --------------  -------------------
/opt/airflow/dags/json_to_hdfs_dag.py                           1           0  0.27s           2026-08-07T03:57:52
================================================================================
[2026-08-07T03:58:42.475+0000] {manager.py:878} INFO - 
================================================================================
DAG File Processing Stats

File Path                              PID    Runtime      # DAGs    # Errors  Last Runtime    Last Run
-------------------------------------  -----  ---------  --------  ----------  --------------  -------------------
/opt/airflow/dags/json_to_hdfs_dag.py                           1           0  0.24s           2026-08-07T03:58:22
================================================================================
[2026-08-07T03:59:12.940+0000] {manager.py:878} INFO - 
================================================================================
DAG File Processing Stats

File Path                              PID    Runtime      # DAGs    # Errors  Last Runtime    Last Run
-------------------------------------  -----  ---------  --------  ----------  --------------  -------------------
/opt/airflow/dags/json_to_hdfs_dag.py                           1           0  0.23s           2026-08-07T03:58:53
================================================================================
[2026-08-07T03:59:43.379+0000] {manager.py:878} INFO - 
================================================================================
DAG File Processing Stats

File Path                              PID    Runtime      # DAGs    # Errors  Last Runtime    Last Run
-------------------------------------  -----  ---------  --------  ----------  --------------  -------------------
/opt/airflow/dags/json_to_hdfs_dag.py                           1           0  0.25s           2026-08-07T03:59:23
================================================================================
[2026-08-07T04:00:11.627+0000] {manager.py:737} INFO - Searching for files in /opt/airflow/dags
[2026-08-07T04:00:11.679+0000] {manager.py:740} INFO - There are 1 files in /opt/airflow/dags
[2026-08-07T04:00:13.714+0000] {manager.py:878} INFO - 
================================================================================
DAG File Processing Stats

File Path                              PID    Runtime      # DAGs    # Errors  Last Runtime    Last Run
-------------------------------------  -----  ---------  --------  ----------  --------------  -------------------
/opt/airflow/dags/json_to_hdfs_dag.py                           1           0  0.24s           2026-08-07T03:59:53
================================================================================
[2026-08-07T04:00:44.065+0000] {manager.py:878} INFO - 
================================================================================
DAG File Processing Stats

File Path                              PID    Runtime      # DAGs    # Errors  Last Runtime    Last Run
-------------------------------------  -----  ---------  --------  ----------  --------------  -------------------
/opt/airflow/dags/json_to_hdfs_dag.py                           1           0  0.27s           2026-08-07T04:00:24
================================================================================
[2026-08-07T04:01:14.431+0000] {manager.py:878} INFO - 
================================================================================
DAG File Processing Stats

File Path                              PID    Runtime      # DAGs    # Errors  Last Runtime    Last Run
-------------------------------------  -----  ---------  --------  ----------  --------------  -------------------
/opt/airflow/dags/json_to_hdfs_dag.py                           1           0  0.24s           2026-08-07T04:00:54
================================================================================
[2026-08-07T04:01:44.816+0000] {manager.py:878} INFO - 
================================================================================
DAG File Processing Stats

File Path                              PID    Runtime      # DAGs    # Errors  Last Runtime    Last Run
-------------------------------------  -----  ---------  --------  ----------  --------------  -------------------
/opt/airflow/dags/json_to_hdfs_dag.py                           1           0  0.45s           2026-08-07T04:01:25
================================================================================
[2026-08-07T04:02:15.561+0000] {manager.py:878} INFO - 
================================================================================
DAG File Processing Stats

File Path                              PID    Runtime      # DAGs    # Errors  Last Runtime    Last Run
-------------------------------------  -----  ---------  --------  ----------  --------------  -------------------
/opt/airflow/dags/json_to_hdfs_dag.py                           1           0  0.28s           2026-08-07T04:01:55
================================================================================
[2026-08-07T04:02:45.977+0000] {manager.py:878} INFO - 
================================================================================
DAG File Processing Stats

File Path                              PID    Runtime      # DAGs    # Errors  Last Runtime    Last Run
-------------------------------------  -----  ---------  --------  ----------  --------------  -------------------
/opt/airflow/dags/json_to_hdfs_dag.py                           1           0  0.24s           2026-08-07T04:02:25
================================================================================
[2026-08-07T04:03:16.238+0000] {manager.py:878} INFO - 
================================================================================
DAG File Processing Stats

File Path                              PID    Runtime      # DAGs    # Errors  Last Runtime    Last Run
-------------------------------------  -----  ---------  --------  ----------  --------------  -------------------
/opt/airflow/dags/json_to_hdfs_dag.py                           1           0  0.28s           2026-08-07T04:02:56
================================================================================
[2026-08-07T04:03:46.726+0000] {manager.py:878} INFO - 
================================================================================
DAG File Processing Stats

File Path                              PID    Runtime      # DAGs    # Errors  Last Runtime    Last Run
-------------------------------------  -----  ---------  --------  ----------  --------------  -------------------
/opt/airflow/dags/json_to_hdfs_dag.py                           1           0  0.26s           2026-08-07T04:03:26
================================================================================
[2026-08-07T04:04:17.257+0000] {manager.py:878} INFO - 
================================================================================
DAG File Processing Stats

File Path                              PID    Runtime      # DAGs    # Errors  Last Runtime    Last Run
-------------------------------------  -----  ---------  --------  ----------  --------------  -------------------
/opt/airflow/dags/json_to_hdfs_dag.py                           1           0  0.28s           2026-08-07T04:03:57
================================================================================
[2026-08-07T04:04:47.757+0000] {manager.py:878} INFO - 
================================================================================
DAG File Processing Stats

File Path                              PID    Runtime      # DAGs    # Errors  Last Runtime    Last Run
-------------------------------------  -----  ---------  --------  ----------  --------------  -------------------
/opt/airflow/dags/json_to_hdfs_dag.py                           1           0  0.29s           2026-08-07T04:04:27
================================================================================
[2026-08-07T04:05:12.217+0000] {manager.py:737} INFO - Searching for files in /opt/airflow/dags
[2026-08-07T04:05:12.271+0000] {manager.py:740} INFO - There are 1 files in /opt/airflow/dags
[2026-08-07T04:05:18.343+0000] {manager.py:878} INFO - 
================================================================================
DAG File Processing Stats

File Path                              PID    Runtime      # DAGs    # Errors  Last Runtime    Last Run
-------------------------------------  -----  ---------  --------  ----------  --------------  -------------------
/opt/airflow/dags/json_to_hdfs_dag.py                           1           0  0.26s           2026-08-07T04:04:58
================================================================================
[2026-08-07T04:05:48.718+0000] {manager.py:878} INFO - 
================================================================================
DAG File Processing Stats

File Path                              PID    Runtime      # DAGs    # Errors  Last Runtime    Last Run
-------------------------------------  -----  ---------  --------  ----------  --------------  -------------------
/opt/airflow/dags/json_to_hdfs_dag.py                           1           0  0.28s           2026-08-07T04:05:28
================================================================================
[2026-08-07T04:06:19.115+0000] {manager.py:878} INFO - 
================================================================================
DAG File Processing Stats

File Path                              PID    Runtime      # DAGs    # Errors  Last Runtime    Last Run
-------------------------------------  -----  ---------  --------  ----------  --------------  -------------------
/opt/airflow/dags/json_to_hdfs_dag.py                           1           0  0.31s           2026-08-07T04:05:59
================================================================================
[2026-08-07T04:06:49.546+0000] {manager.py:878} INFO - 
================================================================================
DAG File Processing Stats

File Path                              PID    Runtime      # DAGs    # Errors  Last Runtime    Last Run
-------------------------------------  -----  ---------  --------  ----------  --------------  -------------------
/opt/airflow/dags/json_to_hdfs_dag.py                           1           0  0.37s           2026-08-07T04:06:29
================================================================================
[2026-08-07T04:07:19.952+0000] {manager.py:878} INFO - 
================================================================================
DAG File Processing Stats

File Path                              PID    Runtime      # DAGs    # Errors  Last Runtime    Last Run
-------------------------------------  -----  ---------  --------  ----------  --------------  -------------------
/opt/airflow/dags/json_to_hdfs_dag.py                           1           0  0.23s           2026-08-07T04:06:59
================================================================================
[2026-08-07T04:07:50.196+0000] {manager.py:878} INFO - 
================================================================================
DAG File Processing Stats

File Path                              PID    Runtime      # DAGs    # Errors  Last Runtime    Last Run
-------------------------------------  -----  ---------  --------  ----------  --------------  -------------------
/opt/airflow/dags/json_to_hdfs_dag.py                           1           0  0.23s           2026-08-07T04:07:30
================================================================================
[2026-08-07T04:08:20.600+0000] {manager.py:878} INFO - 
================================================================================
DAG File Processing Stats

File Path                              PID    Runtime      # DAGs    # Errors  Last Runtime    Last Run
-------------------------------------  -----  ---------  --------  ----------  --------------  -------------------
/opt/airflow/dags/json_to_hdfs_dag.py                           1           0  0.26s           2026-08-07T04:08:00
================================================================================
[2026-08-07T04:08:51.073+0000] {manager.py:878} INFO - 
================================================================================
DAG File Processing Stats

File Path                              PID    Runtime      # DAGs    # Errors  Last Runtime    Last Run
-------------------------------------  -----  ---------  --------  ----------  --------------  -------------------
/opt/airflow/dags/json_to_hdfs_dag.py                           1           0  0.25s           2026-08-07T04:08:31
================================================================================
[2026-08-07T04:09:21.610+0000] {manager.py:878} INFO - 
================================================================================
DAG File Processing Stats

File Path                              PID    Runtime      # DAGs    # Errors  Last Runtime    Last Run
-------------------------------------  -----  ---------  --------  ----------  --------------  -------------------
/opt/airflow/dags/json_to_hdfs_dag.py                           1           0  0.29s           2026-08-07T04:09:01
================================================================================
[2026-08-07T04:09:52.126+0000] {manager.py:878} INFO - 
================================================================================
DAG File Processing Stats

File Path                              PID    Runtime      # DAGs    # Errors  Last Runtime    Last Run
-------------------------------------  -----  ---------  --------  ----------  --------------  -------------------
/opt/airflow/dags/json_to_hdfs_dag.py                           1           0  0.27s           2026-08-07T04:09:32
================================================================================
[2026-08-07T04:10:12.533+0000] {manager.py:737} INFO - Searching for files in /opt/airflow/dags
[2026-08-07T04:10:12.634+0000] {manager.py:740} INFO - There are 1 files in /opt/airflow/dags
[2026-08-07T04:10:22.209+0000] {manager.py:878} INFO - 
================================================================================
DAG File Processing Stats

File Path                              PID    Runtime      # DAGs    # Errors  Last Runtime    Last Run
-------------------------------------  -----  ---------  --------  ----------  --------------  -------------------
/opt/airflow/dags/json_to_hdfs_dag.py                           1           0  0.59s           2026-08-07T04:10:03
================================================================================
[2026-08-07T04:10:52.444+0000] {manager.py:878} INFO - 
================================================================================
DAG File Processing Stats

File Path                              PID    Runtime      # DAGs    # Errors  Last Runtime    Last Run
-------------------------------------  -----  ---------  --------  ----------  --------------  -------------------
/opt/airflow/dags/json_to_hdfs_dag.py                           1           0  0.37s           2026-08-07T04:10:33
================================================================================
[2026-08-07T04:11:23.422+0000] {manager.py:878} INFO - 
================================================================================
DAG File Processing Stats

File Path                              PID    Runtime      # DAGs    # Errors  Last Runtime    Last Run
-------------------------------------  -----  ---------  --------  ----------  --------------  -------------------
/opt/airflow/dags/json_to_hdfs_dag.py                           1           0  0.94s           2026-08-07T04:11:04
================================================================================
[2026-08-07T04:11:53.585+0000] {manager.py:878} INFO - 
================================================================================
DAG File Processing Stats

File Path                              PID    Runtime      # DAGs    # Errors  Last Runtime    Last Run
-------------------------------------  -----  ---------  --------  ----------  --------------  -------------------
/opt/airflow/dags/json_to_hdfs_dag.py                           1           0  2.17s           2026-08-07T04:11:37
================================================================================
[2026-08-07T04:12:23.798+0000] {manager.py:878} INFO - 
================================================================================
DAG File Processing Stats

File Path                              PID    Runtime      # DAGs    # Errors  Last Runtime    Last Run
-------------------------------------  -----  ---------  --------  ----------  --------------  -------------------
/opt/airflow/dags/json_to_hdfs_dag.py                           1           0  1.94s           2026-08-07T04:12:09
================================================================================
[2026-08-07T04:12:54.148+0000] {manager.py:878} INFO - 
================================================================================
DAG File Processing Stats

File Path                              PID    Runtime      # DAGs    # Errors  Last Runtime    Last Run
-------------------------------------  -----  ---------  --------  ----------  --------------  -------------------
/opt/airflow/dags/json_to_hdfs_dag.py                           1           0  0.35s           2026-08-07T04:12:40
================================================================================
[2026-08-07T04:13:24.591+0000] {manager.py:878} INFO - 
================================================================================
DAG File Processing Stats

File Path                              PID    Runtime      # DAGs    # Errors  Last Runtime    Last Run
-------------------------------------  -----  ---------  --------  ----------  --------------  -------------------
/opt/airflow/dags/json_to_hdfs_dag.py                           1           0  0.22s           2026-08-07T04:13:10
================================================================================
[2026-08-07T04:13:55.043+0000] {manager.py:878} INFO - 
================================================================================
DAG File Processing Stats

File Path                              PID    Runtime      # DAGs    # Errors  Last Runtime    Last Run
-------------------------------------  -----  ---------  --------  ----------  --------------  -------------------
/opt/airflow/dags/json_to_hdfs_dag.py                           1           0  0.21s           2026-08-07T04:13:41
================================================================================
[2026-08-07T04:14:25.471+0000] {manager.py:878} INFO - 
================================================================================
DAG File Processing Stats

File Path                              PID    Runtime      # DAGs    # Errors  Last Runtime    Last Run
-------------------------------------  -----  ---------  --------  ----------  --------------  -------------------
/opt/airflow/dags/json_to_hdfs_dag.py                           1           0  0.22s           2026-08-07T04:14:11
================================================================================
[2026-08-07T04:14:55.725+0000] {manager.py:878} INFO - 
================================================================================
DAG File Processing Stats

File Path                              PID    Runtime      # DAGs    # Errors  Last Runtime    Last Run
-------------------------------------  -----  ---------  --------  ----------  --------------  -------------------
/opt/airflow/dags/json_to_hdfs_dag.py                           1           0  0.31s           2026-08-07T04:14:41
================================================================================
[2026-08-07T04:15:13.160+0000] {manager.py:737} INFO - Searching for files in /opt/airflow/dags
[2026-08-07T04:15:13.207+0000] {manager.py:740} INFO - There are 1 files in /opt/airflow/dags
[2026-08-07T04:15:26.364+0000] {manager.py:878} INFO - 
================================================================================
DAG File Processing Stats

File Path                              PID    Runtime      # DAGs    # Errors  Last Runtime    Last Run
-------------------------------------  -----  ---------  --------  ----------  --------------  -------------------
/opt/airflow/dags/json_to_hdfs_dag.py                           1           0  0.30s           2026-08-07T04:15:12
================================================================================
[2026-08-07T04:15:56.769+0000] {manager.py:878} INFO - 
================================================================================
DAG File Processing Stats

File Path                              PID    Runtime      # DAGs    # Errors  Last Runtime    Last Run
-------------------------------------  -----  ---------  --------  ----------  --------------  -------------------
/opt/airflow/dags/json_to_hdfs_dag.py                           1           0  0.31s           2026-08-07T04:15:42
================================================================================
[2026-08-07T04:16:27.248+0000] {manager.py:878} INFO - 
================================================================================
DAG File Processing Stats

File Path                              PID    Runtime      # DAGs    # Errors  Last Runtime    Last Run
-------------------------------------  -----  ---------  --------  ----------  --------------  -------------------
/opt/airflow/dags/json_to_hdfs_dag.py                           1           0  0.24s           2026-08-07T04:16:13
================================================================================
[2026-08-07T04:16:57.709+0000] {manager.py:878} INFO - 
================================================================================
DAG File Processing Stats

File Path                              PID    Runtime      # DAGs    # Errors  Last Runtime    Last Run
-------------------------------------  -----  ---------  --------  ----------  --------------  -------------------
/opt/airflow/dags/json_to_hdfs_dag.py                           1           0  0.27s           2026-08-07T04:16:43
================================================================================
[2026-08-07T04:17:28.220+0000] {manager.py:878} INFO - 
================================================================================
DAG File Processing Stats

File Path                              PID    Runtime      # DAGs    # Errors  Last Runtime    Last Run
-------------------------------------  -----  ---------  --------  ----------  --------------  -------------------
/opt/airflow/dags/json_to_hdfs_dag.py                           1           0  0.24s           2026-08-07T04:17:14
================================================================================
[2026-08-07T04:17:58.723+0000] {manager.py:878} INFO - 
================================================================================
DAG File Processing Stats

File Path                              PID    Runtime      # DAGs    # Errors  Last Runtime    Last Run
-------------------------------------  -----  ---------  --------  ----------  --------------  -------------------
/opt/airflow/dags/json_to_hdfs_dag.py                           1           0  0.35s           2026-08-07T04:17:44
================================================================================
[2026-08-07T04:18:28.925+0000] {manager.py:878} INFO - 
================================================================================
DAG File Processing Stats

File Path                              PID    Runtime      # DAGs    # Errors  Last Runtime    Last Run
-------------------------------------  -----  ---------  --------  ----------  --------------  -------------------
/opt/airflow/dags/json_to_hdfs_dag.py                           1           0  0.49s           2026-08-07T04:18:15
================================================================================
[2026-08-07T04:18:59.158+0000] {manager.py:878} INFO - 
================================================================================
DAG File Processing Stats

File Path                              PID    Runtime      # DAGs    # Errors  Last Runtime    Last Run
-------------------------------------  -----  ---------  --------  ----------  --------------  -------------------
/opt/airflow/dags/json_to_hdfs_dag.py                           1           0  0.20s           2026-08-07T04:18:46
================================================================================
[2026-08-07T04:19:29.406+0000] {manager.py:878} INFO - 
================================================================================
DAG File Processing Stats

File Path                              PID    Runtime      # DAGs    # Errors  Last Runtime    Last Run
-------------------------------------  -----  ---------  --------  ----------  --------------  -------------------
/opt/airflow/dags/json_to_hdfs_dag.py                           1           0  0.20s           2026-08-07T04:19:16
================================================================================
[2026-08-07T04:19:59.828+0000] {manager.py:878} INFO - 
================================================================================
DAG File Processing Stats

File Path                              PID    Runtime      # DAGs    # Errors  Last Runtime    Last Run
-------------------------------------  -----  ---------  --------  ----------  --------------  -------------------
/opt/airflow/dags/json_to_hdfs_dag.py                           1           0  0.30s           2026-08-07T04:19:46
================================================================================
[2026-08-07T04:20:13.958+0000] {manager.py:737} INFO - Searching for files in /opt/airflow/dags
[2026-08-07T04:20:14.012+0000] {manager.py:740} INFO - There are 1 files in /opt/airflow/dags
[2026-08-07T04:20:30.195+0000] {manager.py:878} INFO - 
================================================================================
DAG File Processing Stats

File Path                              PID    Runtime      # DAGs    # Errors  Last Runtime    Last Run
-------------------------------------  -----  ---------  --------  ----------  --------------  -------------------
/opt/airflow/dags/json_to_hdfs_dag.py                           1           0  0.31s           2026-08-07T04:20:17
================================================================================
[2026-08-07T04:21:00.704+0000] {manager.py:878} INFO - 
================================================================================
DAG File Processing Stats

File Path                              PID    Runtime      # DAGs    # Errors  Last Runtime    Last Run
-------------------------------------  -----  ---------  --------  ----------  --------------  -------------------
/opt/airflow/dags/json_to_hdfs_dag.py                           1           0  0.28s           2026-08-07T04:20:47
================================================================================
[2026-08-07T04:21:31.240+0000] {manager.py:878} INFO - 
================================================================================
DAG File Processing Stats

File Path                              PID    Runtime      # DAGs    # Errors  Last Runtime    Last Run
-------------------------------------  -----  ---------  --------  ----------  --------------  -------------------
/opt/airflow/dags/json_to_hdfs_dag.py                           1           0  0.21s           2026-08-07T04:21:18
================================================================================
[2026-08-07T04:22:01.713+0000] {manager.py:878} INFO - 
================================================================================
DAG File Processing Stats

File Path                              PID    Runtime      # DAGs    # Errors  Last Runtime    Last Run
-------------------------------------  -----  ---------  --------  ----------  --------------  -------------------
/opt/airflow/dags/json_to_hdfs_dag.py                           1           0  0.24s           2026-08-07T04:21:48
================================================================================
[2026-08-07T04:22:31.989+0000] {manager.py:878} INFO - 
================================================================================
DAG File Processing Stats

File Path                              PID    Runtime      # DAGs    # Errors  Last Runtime    Last Run
-------------------------------------  -----  ---------  --------  ----------  --------------  -------------------
/opt/airflow/dags/json_to_hdfs_dag.py                           1           0  0.22s           2026-08-07T04:22:19
================================================================================
[2026-08-07T04:23:02.409+0000] {manager.py:878} INFO - 
================================================================================
DAG File Processing Stats

File Path                              PID    Runtime      # DAGs    # Errors  Last Runtime    Last Run
-------------------------------------  -----  ---------  --------  ----------  --------------  -------------------
/opt/airflow/dags/json_to_hdfs_dag.py                           1           0  0.24s           2026-08-07T04:22:49
================================================================================
[2026-08-07T04:23:32.668+0000] {manager.py:878} INFO - 
================================================================================
DAG File Processing Stats

File Path                              PID    Runtime      # DAGs    # Errors  Last Runtime    Last Run
-------------------------------------  -----  ---------  --------  ----------  --------------  -------------------
/opt/airflow/dags/json_to_hdfs_dag.py                           1           0  0.19s           2026-08-07T04:23:19
================================================================================
[2026-08-07T04:24:03.038+0000] {manager.py:878} INFO - 
================================================================================
DAG File Processing Stats

File Path                              PID    Runtime      # DAGs    # Errors  Last Runtime    Last Run
-------------------------------------  -----  ---------  --------  ----------  --------------  -------------------
/opt/airflow/dags/json_to_hdfs_dag.py                           1           0  0.16s           2026-08-07T04:23:49
================================================================================
[2026-08-07T04:24:33.659+0000] {manager.py:878} INFO - 
================================================================================
DAG File Processing Stats

File Path                              PID    Runtime      # DAGs    # Errors  Last Runtime    Last Run
-------------------------------------  -----  ---------  --------  ----------  --------------  -------------------
/opt/airflow/dags/json_to_hdfs_dag.py                           1           0  0.24s           2026-08-07T04:24:20
================================================================================
[2026-08-07T04:25:04.091+0000] {manager.py:878} INFO - 
================================================================================
DAG File Processing Stats

File Path                              PID    Runtime      # DAGs    # Errors  Last Runtime    Last Run
-------------------------------------  -----  ---------  --------  ----------  --------------  -------------------
/opt/airflow/dags/json_to_hdfs_dag.py                           1           0  0.49s           2026-08-07T04:24:51
================================================================================
[2026-08-07T04:25:14.248+0000] {manager.py:737} INFO - Searching for files in /opt/airflow/dags
[2026-08-07T04:25:14.363+0000] {manager.py:740} INFO - There are 1 files in /opt/airflow/dags
[2026-08-07T04:25:34.697+0000] {manager.py:878} INFO - 
================================================================================
DAG File Processing Stats

File Path                              PID    Runtime      # DAGs    # Errors  Last Runtime    Last Run
-------------------------------------  -----  ---------  --------  ----------  --------------  -------------------
/opt/airflow/dags/json_to_hdfs_dag.py                           1           0  0.45s           2026-08-07T04:25:21
================================================================================
[2026-08-07T04:26:04.732+0000] {manager.py:878} INFO - 
================================================================================
DAG File Processing Stats

File Path                              PID    Runtime      # DAGs    # Errors  Last Runtime    Last Run
-------------------------------------  -----  ---------  --------  ----------  --------------  -------------------
/opt/airflow/dags/json_to_hdfs_dag.py                           1           0  0.42s           2026-08-07T04:25:52
================================================================================
[2026-08-07T04:26:34.974+0000] {manager.py:878} INFO - 
================================================================================
DAG File Processing Stats

File Path                              PID    Runtime      # DAGs    # Errors  Last Runtime    Last Run
-------------------------------------  -----  ---------  --------  ----------  --------------  -------------------
/opt/airflow/dags/json_to_hdfs_dag.py                           1           0  0.35s           2026-08-07T04:26:23
================================================================================
[2026-08-07T04:27:05.585+0000] {manager.py:878} INFO - 
================================================================================
DAG File Processing Stats

File Path                              PID    Runtime      # DAGs    # Errors  Last Runtime    Last Run
-------------------------------------  -----  ---------  --------  ----------  --------------  -------------------
/opt/airflow/dags/json_to_hdfs_dag.py                           1           0  0.29s           2026-08-07T04:26:53
================================================================================
[2026-08-07T04:27:36.144+0000] {manager.py:878} INFO - 
================================================================================
DAG File Processing Stats

File Path                              PID    Runtime      # DAGs    # Errors  Last Runtime    Last Run
-------------------------------------  -----  ---------  --------  ----------  --------------  -------------------
/opt/airflow/dags/json_to_hdfs_dag.py                           1           0  0.30s           2026-08-07T04:27:24
================================================================================
[2026-08-07T04:28:06.446+0000] {manager.py:878} INFO - 
================================================================================
DAG File Processing Stats

File Path                              PID    Runtime      # DAGs    # Errors  Last Runtime    Last Run
-------------------------------------  -----  ---------  --------  ----------  --------------  -------------------
/opt/airflow/dags/json_to_hdfs_dag.py                           1           0  0.91s           2026-08-07T04:27:55
================================================================================
[2026-08-07T04:28:36.863+0000] {manager.py:878} INFO - 
================================================================================
DAG File Processing Stats

File Path                              PID    Runtime      # DAGs    # Errors  Last Runtime    Last Run
-------------------------------------  -----  ---------  --------  ----------  --------------  -------------------
/opt/airflow/dags/json_to_hdfs_dag.py                           1           0  0.24s           2026-08-07T04:28:25
================================================================================
[2026-08-07T04:29:07.234+0000] {manager.py:878} INFO - 
================================================================================
DAG File Processing Stats

File Path                              PID    Runtime      # DAGs    # Errors  Last Runtime    Last Run
-------------------------------------  -----  ---------  --------  ----------  --------------  -------------------
/opt/airflow/dags/json_to_hdfs_dag.py                           1           0  0.31s           2026-08-07T04:28:56
================================================================================
[2026-08-07T04:29:37.751+0000] {manager.py:878} INFO - 
================================================================================
DAG File Processing Stats

File Path                              PID    Runtime      # DAGs    # Errors  Last Runtime    Last Run
-------------------------------------  -----  ---------  --------  ----------  --------------  -------------------
/opt/airflow/dags/json_to_hdfs_dag.py                           1           0  0.29s           2026-08-07T04:29:26
================================================================================
[2026-08-07T04:30:08.043+0000] {manager.py:878} INFO - 
================================================================================
DAG File Processing Stats

File Path                              PID    Runtime      # DAGs    # Errors  Last Runtime    Last Run
-------------------------------------  -----  ---------  --------  ----------  --------------  -------------------
/opt/airflow/dags/json_to_hdfs_dag.py                           1           0  0.24s           2026-08-07T04:29:57
================================================================================
[2026-08-07T04:30:14.328+0000] {manager.py:737} INFO - Searching for files in /opt/airflow/dags
[2026-08-07T04:30:14.377+0000] {manager.py:740} INFO - There are 1 files in /opt/airflow/dags
[2026-08-07T04:30:38.608+0000] {manager.py:878} INFO - 
================================================================================
DAG File Processing Stats

File Path                              PID    Runtime      # DAGs    # Errors  Last Runtime    Last Run
-------------------------------------  -----  ---------  --------  ----------  --------------  -------------------
/opt/airflow/dags/json_to_hdfs_dag.py                           1           0  0.35s           2026-08-07T04:30:27
================================================================================
[2026-08-07T04:31:08.923+0000] {manager.py:878} INFO - 
================================================================================
DAG File Processing Stats

File Path                              PID    Runtime      # DAGs    # Errors  Last Runtime    Last Run
-------------------------------------  -----  ---------  --------  ----------  --------------  -------------------
/opt/airflow/dags/json_to_hdfs_dag.py                           1           0  0.26s           2026-08-07T04:30:58
================================================================================
[2026-08-07T04:31:39.395+0000] {manager.py:878} INFO - 
================================================================================
DAG File Processing Stats

File Path                              PID    Runtime      # DAGs    # Errors  Last Runtime    Last Run
-------------------------------------  -----  ---------  --------  ----------  --------------  -------------------
/opt/airflow/dags/json_to_hdfs_dag.py                           1           0  0.47s           2026-08-07T04:31:28
================================================================================
[2026-08-07T04:32:09.935+0000] {manager.py:878} INFO - 
================================================================================
DAG File Processing Stats

File Path                              PID    Runtime      # DAGs    # Errors  Last Runtime    Last Run
-------------------------------------  -----  ---------  --------  ----------  --------------  -------------------
/opt/airflow/dags/json_to_hdfs_dag.py                           1           0  0.26s           2026-08-07T04:31:59
================================================================================
[2026-08-07T04:32:40.385+0000] {manager.py:878} INFO - 
================================================================================
DAG File Processing Stats

File Path                              PID    Runtime      # DAGs    # Errors  Last Runtime    Last Run
-------------------------------------  -----  ---------  --------  ----------  --------------  -------------------
/opt/airflow/dags/json_to_hdfs_dag.py                           1           0  0.19s           2026-08-07T04:32:29
================================================================================
[2026-08-07T04:33:10.770+0000] {manager.py:878} INFO - 
================================================================================
DAG File Processing Stats

File Path                              PID    Runtime      # DAGs    # Errors  Last Runtime    Last Run
-------------------------------------  -----  ---------  --------  ----------  --------------  -------------------
/opt/airflow/dags/json_to_hdfs_dag.py                           1           0  0.22s           2026-08-07T04:32:59
================================================================================
[2026-08-07T04:33:41.034+0000] {manager.py:878} INFO - 
================================================================================
DAG File Processing Stats

File Path                              PID    Runtime      # DAGs    # Errors  Last Runtime    Last Run
-------------------------------------  -----  ---------  --------  ----------  --------------  -------------------
/opt/airflow/dags/json_to_hdfs_dag.py                           1           0  0.19s           2026-08-07T04:33:30
================================================================================
[2026-08-07T04:34:11.375+0000] {manager.py:878} INFO - 
================================================================================
DAG File Processing Stats

File Path                              PID    Runtime      # DAGs    # Errors  Last Runtime    Last Run
-------------------------------------  -----  ---------  --------  ----------  --------------  -------------------
/opt/airflow/dags/json_to_hdfs_dag.py                           1           0  0.19s           2026-08-07T04:34:00
================================================================================
[2026-08-07T04:34:41.652+0000] {manager.py:878} INFO - 
================================================================================
DAG File Processing Stats

File Path                              PID    Runtime      # DAGs    # Errors  Last Runtime    Last Run
-------------------------------------  -----  ---------  --------  ----------  --------------  -------------------
/opt/airflow/dags/json_to_hdfs_dag.py                           1           0  0.19s           2026-08-07T04:34:30
================================================================================
[2026-08-07T06:35:05.755+0000] {manager.py:737} INFO - Searching for files in /opt/airflow/dags
[2026-08-07T06:35:07.506+0000] {manager.py:740} INFO - There are 1 files in /opt/airflow/dags
[2026-08-07T06:35:28.449+0000] {manager.py:878} INFO - 
================================================================================
DAG File Processing Stats

File Path                              PID    Runtime      # DAGs    # Errors  Last Runtime    Last Run
-------------------------------------  -----  ---------  --------  ----------  --------------  -------------------
/opt/airflow/dags/json_to_hdfs_dag.py                           1           0  2.78s           2026-08-07T06:35:10
================================================================================
[2026-08-07T06:35:58.872+0000] {manager.py:878} INFO - 
================================================================================
DAG File Processing Stats

File Path                              PID    Runtime      # DAGs    # Errors  Last Runtime    Last Run
-------------------------------------  -----  ---------  --------  ----------  --------------  -------------------
/opt/airflow/dags/json_to_hdfs_dag.py                           1           0  1.01s           2026-08-07T06:35:41
================================================================================
[2026-08-07T06:36:29.311+0000] {manager.py:878} INFO - 
================================================================================
DAG File Processing Stats

File Path                              PID    Runtime      # DAGs    # Errors  Last Runtime    Last Run
-------------------------------------  -----  ---------  --------  ----------  --------------  -------------------
/opt/airflow/dags/json_to_hdfs_dag.py                           1           0  0.23s           2026-08-07T06:36:12
================================================================================
[2026-08-07T06:36:59.556+0000] {manager.py:878} INFO - 
================================================================================
DAG File Processing Stats

File Path                              PID    Runtime      # DAGs    # Errors  Last Runtime    Last Run
-------------------------------------  -----  ---------  --------  ----------  --------------  -------------------
/opt/airflow/dags/json_to_hdfs_dag.py                           1           0  0.20s           2026-08-07T06:36:42
================================================================================
[2026-08-07T06:37:29.940+0000] {manager.py:878} INFO - 
================================================================================
DAG File Processing Stats

File Path                              PID    Runtime      # DAGs    # Errors  Last Runtime    Last Run
-------------------------------------  -----  ---------  --------  ----------  --------------  -------------------
/opt/airflow/dags/json_to_hdfs_dag.py                           1           0  0.19s           2026-08-07T06:37:12
================================================================================
[2026-08-07T06:38:00.166+0000] {manager.py:878} INFO - 
================================================================================
DAG File Processing Stats

File Path                              PID    Runtime      # DAGs    # Errors  Last Runtime    Last Run
-------------------------------------  -----  ---------  --------  ----------  --------------  -------------------
/opt/airflow/dags/json_to_hdfs_dag.py                           1           0  0.21s           2026-08-07T06:37:43
================================================================================
[2026-08-07T06:38:30.560+0000] {manager.py:878} INFO - 
================================================================================
DAG File Processing Stats

File Path                              PID    Runtime      # DAGs    # Errors  Last Runtime    Last Run
-------------------------------------  -----  ---------  --------  ----------  --------------  -------------------
/opt/airflow/dags/json_to_hdfs_dag.py                           1           0  0.21s           2026-08-07T06:38:13
================================================================================
[2026-08-07T06:39:00.793+0000] {manager.py:878} INFO - 
================================================================================
DAG File Processing Stats

File Path                              PID    Runtime      # DAGs    # Errors  Last Runtime    Last Run
-------------------------------------  -----  ---------  --------  ----------  --------------  -------------------
/opt/airflow/dags/json_to_hdfs_dag.py                           1           0  0.19s           2026-08-07T06:38:43
================================================================================
[2026-08-07T06:39:31.152+0000] {manager.py:878} INFO - 
================================================================================
DAG File Processing Stats

File Path                              PID    Runtime      # DAGs    # Errors  Last Runtime    Last Run
-------------------------------------  -----  ---------  --------  ----------  --------------  -------------------
/opt/airflow/dags/json_to_hdfs_dag.py                           1           0  0.20s           2026-08-07T06:39:14
================================================================================
[2026-08-07T06:40:01.429+0000] {manager.py:878} INFO - 
================================================================================
DAG File Processing Stats

File Path                              PID    Runtime      # DAGs    # Errors  Last Runtime    Last Run
-------------------------------------  -----  ---------  --------  ----------  --------------  -------------------
/opt/airflow/dags/json_to_hdfs_dag.py                           1           0  0.20s           2026-08-07T06:39:44
================================================================================
[2026-08-07T06:40:06.470+0000] {manager.py:737} INFO - Searching for files in /opt/airflow/dags
[2026-08-07T06:40:06.511+0000] {manager.py:740} INFO - There are 1 files in /opt/airflow/dags
[2026-08-07T06:40:31.747+0000] {manager.py:878} INFO - 
================================================================================
DAG File Processing Stats

File Path                              PID    Runtime      # DAGs    # Errors  Last Runtime    Last Run
-------------------------------------  -----  ---------  --------  ----------  --------------  -------------------
/opt/airflow/dags/json_to_hdfs_dag.py                           1           0  0.21s           2026-08-07T06:40:14
================================================================================
[2026-08-07T06:41:02.107+0000] {manager.py:878} INFO - 
================================================================================
DAG File Processing Stats

File Path                              PID    Runtime      # DAGs    # Errors  Last Runtime    Last Run
-------------------------------------  -----  ---------  --------  ----------  --------------  -------------------
/opt/airflow/dags/json_to_hdfs_dag.py                           1           0  0.18s           2026-08-07T06:40:45
================================================================================
[2026-08-07T06:41:32.331+0000] {manager.py:878} INFO - 
================================================================================
DAG File Processing Stats

File Path                              PID    Runtime      # DAGs    # Errors  Last Runtime    Last Run
-------------------------------------  -----  ---------  --------  ----------  --------------  -------------------
/opt/airflow/dags/json_to_hdfs_dag.py                           1           0  0.17s           2026-08-07T06:41:15
================================================================================
[2026-08-07T06:45:04.347+0000] {manager.py:878} INFO - 
================================================================================
DAG File Processing Stats

File Path                              PID    Runtime      # DAGs    # Errors  Last Runtime    Last Run
-------------------------------------  -----  ---------  --------  ----------  --------------  -------------------
/opt/airflow/dags/json_to_hdfs_dag.py                           1           0  0.33s           2026-08-07T06:44:53
================================================================================
[2026-08-07T06:45:06.666+0000] {manager.py:737} INFO - Searching for files in /opt/airflow/dags
[2026-08-07T06:45:06.692+0000] {manager.py:740} INFO - There are 1 files in /opt/airflow/dags
[2026-08-07T06:45:34.974+0000] {manager.py:878} INFO - 
================================================================================
DAG File Processing Stats

File Path                              PID    Runtime      # DAGs    # Errors  Last Runtime    Last Run
-------------------------------------  -----  ---------  --------  ----------  --------------  -------------------
/opt/airflow/dags/json_to_hdfs_dag.py                           1           0  0.24s           2026-08-07T06:45:24
================================================================================
[2026-08-07T06:46:05.396+0000] {manager.py:878} INFO - 
================================================================================
DAG File Processing Stats

File Path                              PID    Runtime      # DAGs    # Errors  Last Runtime    Last Run
-------------------------------------  -----  ---------  --------  ----------  --------------  -------------------
/opt/airflow/dags/json_to_hdfs_dag.py                           1           0  0.26s           2026-08-07T06:45:54
================================================================================
[2026-08-07T06:46:35.763+0000] {manager.py:878} INFO - 
================================================================================
DAG File Processing Stats

File Path                              PID    Runtime      # DAGs    # Errors  Last Runtime    Last Run
-------------------------------------  -----  ---------  --------  ----------  --------------  -------------------
/opt/airflow/dags/json_to_hdfs_dag.py                           1           0  0.25s           2026-08-07T06:46:24
================================================================================
[2026-08-07T06:47:06.033+0000] {manager.py:878} INFO - 
================================================================================
DAG File Processing Stats

File Path                              PID    Runtime      # DAGs    # Errors  Last Runtime    Last Run
-------------------------------------  -----  ---------  --------  ----------  --------------  -------------------
/opt/airflow/dags/json_to_hdfs_dag.py                           1           0  0.18s           2026-08-07T06:46:55
================================================================================
[2026-08-07T06:47:36.410+0000] {manager.py:878} INFO - 
================================================================================
DAG File Processing Stats

File Path                              PID    Runtime      # DAGs    # Errors  Last Runtime    Last Run
-------------------------------------  -----  ---------  --------  ----------  --------------  -------------------
/opt/airflow/dags/json_to_hdfs_dag.py                           1           0  0.22s           2026-08-07T06:47:25
================================================================================
[2026-08-07T06:48:06.694+0000] {manager.py:878} INFO - 
================================================================================
DAG File Processing Stats

File Path                              PID    Runtime      # DAGs    # Errors  Last Runtime    Last Run
-------------------------------------  -----  ---------  --------  ----------  --------------  -------------------
/opt/airflow/dags/json_to_hdfs_dag.py                           1           0  0.24s           2026-08-07T06:47:55
================================================================================
[2026-08-07T06:48:37.110+0000] {manager.py:878} INFO - 
================================================================================
DAG File Processing Stats

File Path                              PID    Runtime      # DAGs    # Errors  Last Runtime    Last Run
-------------------------------------  -----  ---------  --------  ----------  --------------  -------------------
/opt/airflow/dags/json_to_hdfs_dag.py                           1           0  0.23s           2026-08-07T06:48:26
================================================================================
[2026-08-07T06:49:07.462+0000] {manager.py:878} INFO - 
================================================================================
DAG File Processing Stats

File Path                              PID    Runtime      # DAGs    # Errors  Last Runtime    Last Run
-------------------------------------  -----  ---------  --------  ----------  --------------  -------------------
/opt/airflow/dags/json_to_hdfs_dag.py                           1           0  0.24s           2026-08-07T06:48:56
================================================================================
[2026-08-07T06:49:37.710+0000] {manager.py:878} INFO - 
================================================================================
DAG File Processing Stats

File Path                              PID    Runtime      # DAGs    # Errors  Last Runtime    Last Run
-------------------------------------  -----  ---------  --------  ----------  --------------  -------------------
/opt/airflow/dags/json_to_hdfs_dag.py                           1           0  3.99s           2026-08-07T06:49:30
================================================================================
[2026-08-07T06:50:07.116+0000] {manager.py:737} INFO - Searching for files in /opt/airflow/dags
[2026-08-07T06:50:07.170+0000] {manager.py:740} INFO - There are 1 files in /opt/airflow/dags
[2026-08-07T06:50:08.201+0000] {manager.py:878} INFO - 
================================================================================
DAG File Processing Stats

File Path                              PID    Runtime      # DAGs    # Errors  Last Runtime    Last Run
-------------------------------------  -----  ---------  --------  ----------  --------------  -------------------
/opt/airflow/dags/json_to_hdfs_dag.py                           1           0  0.34s           2026-08-07T06:50:01
================================================================================
[2026-08-07T06:50:38.529+0000] {manager.py:878} INFO - 
================================================================================
DAG File Processing Stats

File Path                              PID    Runtime      # DAGs    # Errors  Last Runtime    Last Run
-------------------------------------  -----  ---------  --------  ----------  --------------  -------------------
/opt/airflow/dags/json_to_hdfs_dag.py                           1           0  0.29s           2026-08-07T06:50:31
================================================================================
[2026-08-07T06:51:09.009+0000] {manager.py:878} INFO - 
================================================================================
DAG File Processing Stats

File Path                              PID    Runtime      # DAGs    # Errors  Last Runtime    Last Run
-------------------------------------  -----  ---------  --------  ----------  --------------  -------------------
/opt/airflow/dags/json_to_hdfs_dag.py                           1           0  0.19s           2026-08-07T06:51:02
================================================================================
[2026-08-07T06:51:39.435+0000] {manager.py:878} INFO - 
================================================================================
DAG File Processing Stats

File Path                              PID    Runtime      # DAGs    # Errors  Last Runtime    Last Run
-------------------------------------  -----  ---------  --------  ----------  --------------  -------------------
/opt/airflow/dags/json_to_hdfs_dag.py                           1           0  0.26s           2026-08-07T06:51:32
================================================================================
[2026-08-07T06:52:09.798+0000] {manager.py:878} INFO - 
================================================================================
DAG File Processing Stats

File Path                              PID    Runtime      # DAGs    # Errors  Last Runtime    Last Run
-------------------------------------  -----  ---------  --------  ----------  --------------  -------------------
/opt/airflow/dags/json_to_hdfs_dag.py                           1           0  0.23s           2026-08-07T06:52:02
================================================================================
[2026-08-07T06:52:40.198+0000] {manager.py:878} INFO - 
================================================================================
DAG File Processing Stats

File Path                              PID    Runtime      # DAGs    # Errors  Last Runtime    Last Run
-------------------------------------  -----  ---------  --------  ----------  --------------  -------------------
/opt/airflow/dags/json_to_hdfs_dag.py                           1           0  0.58s           2026-08-07T06:52:33
================================================================================
[2026-08-07T06:53:10.921+0000] {manager.py:878} INFO - 
================================================================================
DAG File Processing Stats

File Path                              PID    Runtime      # DAGs    # Errors  Last Runtime    Last Run
-------------------------------------  -----  ---------  --------  ----------  --------------  -------------------
/opt/airflow/dags/json_to_hdfs_dag.py                           1           0  0.24s           2026-08-07T06:53:04
================================================================================
[2026-08-07T06:53:41.186+0000] {manager.py:878} INFO - 
================================================================================
DAG File Processing Stats

File Path                              PID    Runtime      # DAGs    # Errors  Last Runtime    Last Run
-------------------------------------  -----  ---------  --------  ----------  --------------  -------------------
/opt/airflow/dags/json_to_hdfs_dag.py                           1           0  0.21s           2026-08-07T06:53:34
================================================================================
[2026-08-07T06:54:11.613+0000] {manager.py:878} INFO - 
================================================================================
DAG File Processing Stats

File Path                              PID    Runtime      # DAGs    # Errors  Last Runtime    Last Run
-------------------------------------  -----  ---------  --------  ----------  --------------  -------------------
/opt/airflow/dags/json_to_hdfs_dag.py                           1           0  0.25s           2026-08-07T06:54:04
================================================================================
[2026-08-07T06:54:41.897+0000] {manager.py:878} INFO - 
================================================================================
DAG File Processing Stats

File Path                              PID    Runtime      # DAGs    # Errors  Last Runtime    Last Run
-------------------------------------  -----  ---------  --------  ----------  --------------  -------------------
/opt/airflow/dags/json_to_hdfs_dag.py                           1           0  0.19s           2026-08-07T06:54:34
================================================================================
[2026-08-07T06:55:07.240+0000] {manager.py:737} INFO - Searching for files in /opt/airflow/dags
[2026-08-07T06:55:07.313+0000] {manager.py:740} INFO - There are 1 files in /opt/airflow/dags
[2026-08-07T06:55:12.378+0000] {manager.py:878} INFO - 
================================================================================
DAG File Processing Stats

File Path                              PID    Runtime      # DAGs    # Errors  Last Runtime    Last Run
-------------------------------------  -----  ---------  --------  ----------  --------------  -------------------
/opt/airflow/dags/json_to_hdfs_dag.py                           1           0  0.23s           2026-08-07T06:55:05
================================================================================
[2026-08-07T06:55:42.661+0000] {manager.py:878} INFO - 
================================================================================
DAG File Processing Stats

File Path                              PID    Runtime      # DAGs    # Errors  Last Runtime    Last Run
-------------------------------------  -----  ---------  --------  ----------  --------------  -------------------
/opt/airflow/dags/json_to_hdfs_dag.py                           1           0  0.54s           2026-08-07T06:55:36
================================================================================
[2026-08-07T06:56:12.961+0000] {manager.py:878} INFO - 
================================================================================
DAG File Processing Stats

File Path                              PID    Runtime      # DAGs    # Errors  Last Runtime    Last Run
-------------------------------------  -----  ---------  --------  ----------  --------------  -------------------
/opt/airflow/dags/json_to_hdfs_dag.py                           1           0  0.28s           2026-08-07T06:56:06
================================================================================
[2026-08-07T06:56:43.227+0000] {manager.py:878} INFO - 
================================================================================
DAG File Processing Stats

File Path                              PID    Runtime      # DAGs    # Errors  Last Runtime    Last Run
-------------------------------------  -----  ---------  --------  ----------  --------------  -------------------
/opt/airflow/dags/json_to_hdfs_dag.py                           1           0  0.28s           2026-08-07T06:56:37
================================================================================
[2026-08-07T06:57:13.737+0000] {manager.py:878} INFO - 
================================================================================
DAG File Processing Stats

File Path                              PID    Runtime      # DAGs    # Errors  Last Runtime    Last Run
-------------------------------------  -----  ---------  --------  ----------  --------------  -------------------
/opt/airflow/dags/json_to_hdfs_dag.py                           1           0  0.25s           2026-08-07T06:57:07
================================================================================
[2026-08-07T06:57:44.005+0000] {manager.py:878} INFO - 
================================================================================
DAG File Processing Stats

File Path                              PID    Runtime      # DAGs    # Errors  Last Runtime    Last Run
-------------------------------------  -----  ---------  --------  ----------  --------------  -------------------
/opt/airflow/dags/json_to_hdfs_dag.py                           1           0  0.22s           2026-08-07T06:57:38
================================================================================
[2026-08-07T06:58:14.239+0000] {manager.py:878} INFO - 
================================================================================
DAG File Processing Stats

File Path                              PID    Runtime      # DAGs    # Errors  Last Runtime    Last Run
-------------------------------------  -----  ---------  --------  ----------  --------------  -------------------
/opt/airflow/dags/json_to_hdfs_dag.py                           1           0  0.17s           2026-08-07T06:58:08
================================================================================
[2026-08-07T06:58:44.647+0000] {manager.py:878} INFO - 
================================================================================
DAG File Processing Stats

File Path                              PID    Runtime      # DAGs    # Errors  Last Runtime    Last Run
-------------------------------------  -----  ---------  --------  ----------  --------------  -------------------
/opt/airflow/dags/json_to_hdfs_dag.py                           1           0  0.48s           2026-08-07T06:58:38
================================================================================
[2026-08-07T06:59:15.235+0000] {manager.py:878} INFO - 
================================================================================
DAG File Processing Stats

File Path                              PID    Runtime      # DAGs    # Errors  Last Runtime    Last Run
-------------------------------------  -----  ---------  --------  ----------  --------------  -------------------
/opt/airflow/dags/json_to_hdfs_dag.py                           1           0  0.32s           2026-08-07T06:59:09
================================================================================
[2026-08-07T06:59:45.830+0000] {manager.py:878} INFO - 
================================================================================
DAG File Processing Stats

File Path                              PID    Runtime      # DAGs    # Errors  Last Runtime    Last Run
-------------------------------------  -----  ---------  --------  ----------  --------------  -------------------
/opt/airflow/dags/json_to_hdfs_dag.py                           1           0  0.25s           2026-08-07T06:59:40
================================================================================
[2026-08-07T07:00:08.003+0000] {manager.py:737} INFO - Searching for files in /opt/airflow/dags
[2026-08-07T07:00:08.040+0000] {manager.py:740} INFO - There are 1 files in /opt/airflow/dags
[2026-08-07T07:00:16.287+0000] {manager.py:878} INFO - 
================================================================================
DAG File Processing Stats

File Path                              PID    Runtime      # DAGs    # Errors  Last Runtime    Last Run
-------------------------------------  -----  ---------  --------  ----------  --------------  -------------------
/opt/airflow/dags/json_to_hdfs_dag.py                           1           0  0.24s           2026-08-07T07:00:10
================================================================================
[2026-08-07T07:00:46.614+0000] {manager.py:878} INFO - 
================================================================================
DAG File Processing Stats

File Path                              PID    Runtime      # DAGs    # Errors  Last Runtime    Last Run
-------------------------------------  -----  ---------  --------  ----------  --------------  -------------------
/opt/airflow/dags/json_to_hdfs_dag.py                           1           0  0.24s           2026-08-07T07:00:40
================================================================================
[2026-08-07T07:01:17.002+0000] {manager.py:878} INFO - 
================================================================================
DAG File Processing Stats

File Path                              PID    Runtime      # DAGs    # Errors  Last Runtime    Last Run
-------------------------------------  -----  ---------  --------  ----------  --------------  -------------------
/opt/airflow/dags/json_to_hdfs_dag.py                           1           0  0.18s           2026-08-07T07:01:10
================================================================================
[2026-08-07T07:01:47.281+0000] {manager.py:878} INFO - 
================================================================================
DAG File Processing Stats

File Path                              PID    Runtime      # DAGs    # Errors  Last Runtime    Last Run
-------------------------------------  -----  ---------  --------  ----------  --------------  -------------------
/opt/airflow/dags/json_to_hdfs_dag.py                           1           0  0.49s           2026-08-07T07:01:41
================================================================================
[2026-08-07T07:02:18.015+0000] {manager.py:878} INFO - 
================================================================================
DAG File Processing Stats

File Path                              PID    Runtime      # DAGs    # Errors  Last Runtime    Last Run
-------------------------------------  -----  ---------  --------  ----------  --------------  -------------------
/opt/airflow/dags/json_to_hdfs_dag.py                           1           0  0.23s           2026-08-07T07:02:12
================================================================================
[2026-08-07T07:02:48.487+0000] {manager.py:878} INFO - 
================================================================================
DAG File Processing Stats

File Path                              PID    Runtime      # DAGs    # Errors  Last Runtime    Last Run
-------------------------------------  -----  ---------  --------  ----------  --------------  -------------------
/opt/airflow/dags/json_to_hdfs_dag.py                           1           0  0.23s           2026-08-07T07:02:42
================================================================================
[2026-08-07T07:03:18.788+0000] {manager.py:878} INFO - 
================================================================================
DAG File Processing Stats

File Path                              PID    Runtime      # DAGs    # Errors  Last Runtime    Last Run
-------------------------------------  -----  ---------  --------  ----------  --------------  -------------------
/opt/airflow/dags/json_to_hdfs_dag.py                           1           0  0.21s           2026-08-07T07:03:12
================================================================================
[2026-08-07T07:03:49.198+0000] {manager.py:878} INFO - 
================================================================================
DAG File Processing Stats

File Path                              PID    Runtime      # DAGs    # Errors  Last Runtime    Last Run
-------------------------------------  -----  ---------  --------  ----------  --------------  -------------------
/opt/airflow/dags/json_to_hdfs_dag.py                           1           0  0.27s           2026-08-07T07:03:43
================================================================================
[2026-08-07T07:04:19.519+0000] {manager.py:878} INFO - 
================================================================================
DAG File Processing Stats

File Path                              PID    Runtime      # DAGs    # Errors  Last Runtime    Last Run
-------------------------------------  -----  ---------  --------  ----------  --------------  -------------------
/opt/airflow/dags/json_to_hdfs_dag.py                           1           0  0.24s           2026-08-07T07:04:13
================================================================================
[2026-08-07T07:04:49.979+0000] {manager.py:878} INFO - 
================================================================================
DAG File Processing Stats

File Path                              PID    Runtime      # DAGs    # Errors  Last Runtime    Last Run
-------------------------------------  -----  ---------  --------  ----------  --------------  -------------------
/opt/airflow/dags/json_to_hdfs_dag.py                           1           0  0.43s           2026-08-07T07:04:44
================================================================================
[2026-08-07T07:05:08.118+0000] {manager.py:737} INFO - Searching for files in /opt/airflow/dags
[2026-08-07T07:05:08.168+0000] {manager.py:740} INFO - There are 1 files in /opt/airflow/dags
[2026-08-07T07:05:20.442+0000] {manager.py:878} INFO - 
================================================================================
DAG File Processing Stats

File Path                              PID    Runtime      # DAGs    # Errors  Last Runtime    Last Run
-------------------------------------  -----  ---------  --------  ----------  --------------  -------------------
/opt/airflow/dags/json_to_hdfs_dag.py                           1           0  0.22s           2026-08-07T07:05:14
================================================================================
[2026-08-07T07:05:50.738+0000] {manager.py:878} INFO - 
================================================================================
DAG File Processing Stats

File Path                              PID    Runtime      # DAGs    # Errors  Last Runtime    Last Run
-------------------------------------  -----  ---------  --------  ----------  --------------  -------------------
/opt/airflow/dags/json_to_hdfs_dag.py                           1           0  0.24s           2026-08-07T07:05:44
================================================================================
[2026-08-07T07:06:21.146+0000] {manager.py:878} INFO - 
================================================================================
DAG File Processing Stats

File Path                              PID    Runtime      # DAGs    # Errors  Last Runtime    Last Run
-------------------------------------  -----  ---------  --------  ----------  --------------  -------------------
/opt/airflow/dags/json_to_hdfs_dag.py                           1           0  0.19s           2026-08-07T07:06:15
================================================================================
[2026-08-07T07:06:51.404+0000] {manager.py:878} INFO - 
================================================================================
DAG File Processing Stats

File Path                              PID    Runtime      # DAGs    # Errors  Last Runtime    Last Run
-------------------------------------  -----  ---------  --------  ----------  --------------  -------------------
/opt/airflow/dags/json_to_hdfs_dag.py                           1           0  0.16s           2026-08-07T07:06:45
================================================================================
[2026-08-07T07:07:21.745+0000] {manager.py:878} INFO - 
================================================================================
DAG File Processing Stats

File Path                              PID    Runtime      # DAGs    # Errors  Last Runtime    Last Run
-------------------------------------  -----  ---------  --------  ----------  --------------  -------------------
/opt/airflow/dags/json_to_hdfs_dag.py                           1           0  0.19s           2026-08-07T07:07:15
================================================================================
[2026-08-07T07:07:52.020+0000] {manager.py:878} INFO - 
================================================================================
DAG File Processing Stats

File Path                              PID    Runtime      # DAGs    # Errors  Last Runtime    Last Run
-------------------------------------  -----  ---------  --------  ----------  --------------  -------------------
/opt/airflow/dags/json_to_hdfs_dag.py                           1           0  0.37s           2026-08-07T07:07:46
================================================================================
[2026-08-07T07:08:22.547+0000] {manager.py:878} INFO - 
================================================================================
DAG File Processing Stats

File Path                              PID    Runtime      # DAGs    # Errors  Last Runtime    Last Run
-------------------------------------  -----  ---------  --------  ----------  --------------  -------------------
/opt/airflow/dags/json_to_hdfs_dag.py                           1           0  0.19s           2026-08-07T07:08:16
================================================================================
[2026-08-07T07:08:52.937+0000] {manager.py:878} INFO - 
================================================================================
DAG File Processing Stats

File Path                              PID    Runtime      # DAGs    # Errors  Last Runtime    Last Run
-------------------------------------  -----  ---------  --------  ----------  --------------  -------------------
/opt/airflow/dags/json_to_hdfs_dag.py                           1           0  0.20s           2026-08-07T07:08:46
================================================================================
[2026-08-07T07:15:58.505+0000] {manager.py:737} INFO - Searching for files in /opt/airflow/dags
[2026-08-07T07:16:00.360+0000] {manager.py:740} INFO - There are 1 files in /opt/airflow/dags
[2026-08-07T07:16:05.163+0000] {manager.py:878} INFO - 
================================================================================
DAG File Processing Stats

File Path                              PID    Runtime      # DAGs    # Errors  Last Runtime    Last Run
-------------------------------------  -----  ---------  --------  ----------  --------------  -------------------
/opt/airflow/dags/json_to_hdfs_dag.py                           1           0  2.25s           2026-08-07T07:16:03
================================================================================
[2026-08-07T07:16:35.418+0000] {manager.py:878} INFO - 
================================================================================
DAG File Processing Stats

File Path                              PID    Runtime      # DAGs    # Errors  Last Runtime    Last Run
-------------------------------------  -----  ---------  --------  ----------  --------------  -------------------
/opt/airflow/dags/json_to_hdfs_dag.py                           1           0  0.20s           2026-08-07T07:16:33
================================================================================
[2026-08-07T07:17:05.792+0000] {manager.py:878} INFO - 
================================================================================
DAG File Processing Stats

File Path                              PID    Runtime      # DAGs    # Errors  Last Runtime    Last Run
-------------------------------------  -----  ---------  --------  ----------  --------------  -------------------
/opt/airflow/dags/json_to_hdfs_dag.py                           1           0  0.19s           2026-08-07T07:17:03
================================================================================
[2026-08-07T07:17:36.037+0000] {manager.py:878} INFO - 
================================================================================
DAG File Processing Stats

File Path                              PID    Runtime      # DAGs    # Errors  Last Runtime    Last Run
-------------------------------------  -----  ---------  --------  ----------  --------------  -------------------
/opt/airflow/dags/json_to_hdfs_dag.py                           1           0  0.31s           2026-08-07T07:17:34
================================================================================
[2026-08-07T07:18:06.578+0000] {manager.py:878} INFO - 
================================================================================
DAG File Processing Stats

File Path                              PID    Runtime      # DAGs    # Errors  Last Runtime    Last Run
-------------------------------------  -----  ---------  --------  ----------  --------------  -------------------
/opt/airflow/dags/json_to_hdfs_dag.py                           1           0  0.15s           2026-08-07T07:18:04
================================================================================
[2026-08-07T07:18:36.901+0000] {manager.py:878} INFO - 
================================================================================
DAG File Processing Stats

File Path                              PID    Runtime      # DAGs    # Errors  Last Runtime    Last Run
-------------------------------------  -----  ---------  --------  ----------  --------------  -------------------
/opt/airflow/dags/json_to_hdfs_dag.py                           1           0  0.15s           2026-08-07T07:18:34
================================================================================
[2026-08-07T07:19:07.120+0000] {manager.py:878} INFO - 
================================================================================
DAG File Processing Stats

File Path                              PID    Runtime      # DAGs    # Errors  Last Runtime    Last Run
-------------------------------------  -----  ---------  --------  ----------  --------------  -------------------
/opt/airflow/dags/json_to_hdfs_dag.py                           1           0  0.13s           2026-08-07T07:19:05
================================================================================
[2026-08-07T07:19:37.432+0000] {manager.py:878} INFO - 
================================================================================
DAG File Processing Stats

File Path                              PID    Runtime      # DAGs    # Errors  Last Runtime    Last Run
-------------------------------------  -----  ---------  --------  ----------  --------------  -------------------
/opt/airflow/dags/json_to_hdfs_dag.py                           1           0  0.14s           2026-08-07T07:19:35
================================================================================
[2026-08-07T07:20:07.663+0000] {manager.py:878} INFO - 
================================================================================
DAG File Processing Stats

File Path                              PID    Runtime      # DAGs    # Errors  Last Runtime    Last Run
-------------------------------------  -----  ---------  --------  ----------  --------------  -------------------
/opt/airflow/dags/json_to_hdfs_dag.py                           1           0  0.15s           2026-08-07T07:20:05
================================================================================
[2026-08-07T07:20:37.976+0000] {manager.py:878} INFO - 
================================================================================
DAG File Processing Stats

File Path                              PID    Runtime      # DAGs    # Errors  Last Runtime    Last Run
-------------------------------------  -----  ---------  --------  ----------  --------------  -------------------
/opt/airflow/dags/json_to_hdfs_dag.py                           1           0  0.34s           2026-08-07T07:20:36
================================================================================
[2026-08-07T07:20:59.119+0000] {manager.py:737} INFO - Searching for files in /opt/airflow/dags
[2026-08-07T07:20:59.145+0000] {manager.py:740} INFO - There are 1 files in /opt/airflow/dags
[2026-08-07T07:21:08.391+0000] {manager.py:878} INFO - 
================================================================================
DAG File Processing Stats

File Path                              PID    Runtime      # DAGs    # Errors  Last Runtime    Last Run
-------------------------------------  -----  ---------  --------  ----------  --------------  -------------------
/opt/airflow/dags/json_to_hdfs_dag.py                           1           0  0.30s           2026-08-07T07:21:06
================================================================================
[2026-08-07T07:21:38.707+0000] {manager.py:878} INFO - 
================================================================================
DAG File Processing Stats

File Path                              PID    Runtime      # DAGs    # Errors  Last Runtime    Last Run
-------------------------------------  -----  ---------  --------  ----------  --------------  -------------------
/opt/airflow/dags/json_to_hdfs_dag.py                           1           0  0.16s           2026-08-07T07:21:36
================================================================================
[2026-08-07T07:22:08.959+0000] {manager.py:878} INFO - 
================================================================================
DAG File Processing Stats

File Path                              PID    Runtime      # DAGs    # Errors  Last Runtime    Last Run
-------------------------------------  -----  ---------  --------  ----------  --------------  -------------------
/opt/airflow/dags/json_to_hdfs_dag.py                           1           0  0.22s           2026-08-07T07:22:07
================================================================================
[2026-08-07T07:22:39.314+0000] {manager.py:878} INFO - 
================================================================================
DAG File Processing Stats

File Path                              PID    Runtime      # DAGs    # Errors  Last Runtime    Last Run
-------------------------------------  -----  ---------  --------  ----------  --------------  -------------------
/opt/airflow/dags/json_to_hdfs_dag.py                           1           0  0.16s           2026-08-07T07:22:37
================================================================================
[2026-08-07T07:23:09.622+0000] {manager.py:878} INFO - 
================================================================================
DAG File Processing Stats

File Path                              PID    Runtime      # DAGs    # Errors  Last Runtime    Last Run
-------------------------------------  -----  ---------  --------  ----------  --------------  -------------------
/opt/airflow/dags/json_to_hdfs_dag.py                           1           0  0.29s           2026-08-07T07:23:07
================================================================================
[2026-08-07T07:23:40.126+0000] {manager.py:878} INFO - 
================================================================================
DAG File Processing Stats

File Path                              PID    Runtime      # DAGs    # Errors  Last Runtime    Last Run
-------------------------------------  -----  ---------  --------  ----------  --------------  -------------------
/opt/airflow/dags/json_to_hdfs_dag.py                           1           0  0.48s           2026-08-07T07:23:38
================================================================================
[2026-08-07T07:24:10.357+0000] {manager.py:878} INFO - 
================================================================================
DAG File Processing Stats

File Path                              PID    Runtime      # DAGs    # Errors  Last Runtime    Last Run
-------------------------------------  -----  ---------  --------  ----------  --------------  -------------------
/opt/airflow/dags/json_to_hdfs_dag.py                           1           0  0.70s           2026-08-07T07:24:09
================================================================================
[2026-08-07T07:24:40.752+0000] {manager.py:878} INFO - 
================================================================================
DAG File Processing Stats

File Path                              PID    Runtime      # DAGs    # Errors  Last Runtime    Last Run
-------------------------------------  -----  ---------  --------  ----------  --------------  -------------------
/opt/airflow/dags/json_to_hdfs_dag.py                           1           0  0.21s           2026-08-07T07:24:39
================================================================================
[2026-08-07T07:25:10.992+0000] {manager.py:878} INFO - 
================================================================================
DAG File Processing Stats

File Path                              PID    Runtime      # DAGs    # Errors  Last Runtime    Last Run
-------------------------------------  -----  ---------  --------  ----------  --------------  -------------------
/opt/airflow/dags/json_to_hdfs_dag.py                           1           0  0.23s           2026-08-07T07:25:10
================================================================================
[2026-08-07T07:25:41.417+0000] {manager.py:878} INFO - 
================================================================================
DAG File Processing Stats

File Path                              PID    Runtime      # DAGs    # Errors  Last Runtime    Last Run
-------------------------------------  -----  ---------  --------  ----------  --------------  -------------------
/opt/airflow/dags/json_to_hdfs_dag.py                           1           0  0.24s           2026-08-07T07:25:40
================================================================================
[2026-08-07T07:25:59.547+0000] {manager.py:737} INFO - Searching for files in /opt/airflow/dags
[2026-08-07T07:25:59.612+0000] {manager.py:740} INFO - There are 1 files in /opt/airflow/dags
[2026-08-07T07:26:11.805+0000] {manager.py:878} INFO - 
================================================================================
DAG File Processing Stats

File Path                              PID    Runtime      # DAGs    # Errors  Last Runtime    Last Run
-------------------------------------  -----  ---------  --------  ----------  --------------  -------------------
/opt/airflow/dags/json_to_hdfs_dag.py                           1           0  0.27s           2026-08-07T07:26:11
================================================================================
[2026-08-07T07:26:42.286+0000] {manager.py:878} INFO - 
================================================================================
DAG File Processing Stats

File Path                              PID    Runtime      # DAGs    # Errors  Last Runtime    Last Run
-------------------------------------  -----  ---------  --------  ----------  --------------  -------------------
/opt/airflow/dags/json_to_hdfs_dag.py                           1           0  0.50s           2026-08-07T07:26:41
================================================================================
[2026-08-07T07:27:12.521+0000] {manager.py:878} INFO - 
================================================================================
DAG File Processing Stats

File Path                                PID  Runtime      # DAGs    # Errors  Last Runtime    Last Run
-------------------------------------  -----  ---------  --------  ----------  --------------  -------------------
/opt/airflow/dags/json_to_hdfs_dag.py   1576  0.50s             1           0  0.50s           2026-08-07T07:26:41
================================================================================
[2026-08-07T07:27:42.783+0000] {manager.py:878} INFO - 
================================================================================
DAG File Processing Stats

File Path                                PID  Runtime      # DAGs    # Errors  Last Runtime    Last Run
-------------------------------------  -----  ---------  --------  ----------  --------------  -------------------
/opt/airflow/dags/json_to_hdfs_dag.py   1577  0.01s             1           0  0.61s           2026-08-07T07:27:12
================================================================================
[2026-08-07T07:28:13.079+0000] {manager.py:878} INFO - 
================================================================================
DAG File Processing Stats

File Path                                PID  Runtime      # DAGs    # Errors  Last Runtime    Last Run
-------------------------------------  -----  ---------  --------  ----------  --------------  -------------------
/opt/airflow/dags/json_to_hdfs_dag.py   1578  0.01s             1           0  0.26s           2026-08-07T07:27:43
================================================================================
[2026-08-07T07:28:43.495+0000] {manager.py:878} INFO - 
================================================================================
DAG File Processing Stats

File Path                                PID  Runtime      # DAGs    # Errors  Last Runtime    Last Run
-------------------------------------  -----  ---------  --------  ----------  --------------  -------------------
/opt/airflow/dags/json_to_hdfs_dag.py   1579  0.00s             1           0  0.27s           2026-08-07T07:28:13
================================================================================
[2026-08-07T07:29:13.799+0000] {manager.py:878} INFO - 
================================================================================
DAG File Processing Stats

File Path                                PID  Runtime      # DAGs    # Errors  Last Runtime    Last Run
-------------------------------------  -----  ---------  --------  ----------  --------------  -------------------
/opt/airflow/dags/json_to_hdfs_dag.py   1580  0.01s             1           0  0.21s           2026-08-07T07:28:43
================================================================================
[2026-08-07T07:29:44.140+0000] {manager.py:878} INFO - 
================================================================================
DAG File Processing Stats

File Path                                PID  Runtime      # DAGs    # Errors  Last Runtime    Last Run
-------------------------------------  -----  ---------  --------  ----------  --------------  -------------------
/opt/airflow/dags/json_to_hdfs_dag.py   1581  0.01s             1           0  0.21s           2026-08-07T07:29:14
================================================================================
[2026-08-07T07:30:14.462+0000] {manager.py:878} INFO - 
================================================================================
DAG File Processing Stats

File Path                              PID    Runtime      # DAGs    # Errors  Last Runtime    Last Run
-------------------------------------  -----  ---------  --------  ----------  --------------  -------------------
/opt/airflow/dags/json_to_hdfs_dag.py                           1           0  0.44s           2026-08-07T07:29:44
================================================================================
[2026-08-07T07:30:44.718+0000] {manager.py:878} INFO - 
================================================================================
DAG File Processing Stats

File Path                              PID    Runtime      # DAGs    # Errors  Last Runtime    Last Run
-------------------------------------  -----  ---------  --------  ----------  --------------  -------------------
/opt/airflow/dags/json_to_hdfs_dag.py                           1           0  0.49s           2026-08-07T07:30:15
================================================================================
[2026-08-07T07:30:59.845+0000] {manager.py:737} INFO - Searching for files in /opt/airflow/dags
[2026-08-07T07:30:59.899+0000] {manager.py:740} INFO - There are 1 files in /opt/airflow/dags
[2026-08-07T07:31:15.034+0000] {manager.py:878} INFO - 
================================================================================
DAG File Processing Stats

File Path                              PID    Runtime      # DAGs    # Errors  Last Runtime    Last Run
-------------------------------------  -----  ---------  --------  ----------  --------------  -------------------
/opt/airflow/dags/json_to_hdfs_dag.py                           1           0  0.24s           2026-08-07T07:30:45
================================================================================
[2026-08-07T07:31:45.388+0000] {manager.py:878} INFO - 
================================================================================
DAG File Processing Stats

File Path                              PID    Runtime      # DAGs    # Errors  Last Runtime    Last Run
-------------------------------------  -----  ---------  --------  ----------  --------------  -------------------
/opt/airflow/dags/json_to_hdfs_dag.py                           1           0  0.22s           2026-08-07T07:31:16
================================================================================
[2026-08-07T07:32:15.739+0000] {manager.py:878} INFO - 
================================================================================
DAG File Processing Stats

File Path                              PID    Runtime      # DAGs    # Errors  Last Runtime    Last Run
-------------------------------------  -----  ---------  --------  ----------  --------------  -------------------
/opt/airflow/dags/json_to_hdfs_dag.py                           1           0  0.23s           2026-08-07T07:31:46
================================================================================
[2026-08-07T07:32:46.074+0000] {manager.py:878} INFO - 
================================================================================
DAG File Processing Stats

File Path                              PID    Runtime      # DAGs    # Errors  Last Runtime    Last Run
-------------------------------------  -----  ---------  --------  ----------  --------------  -------------------
/opt/airflow/dags/json_to_hdfs_dag.py                           1           0  0.25s           2026-08-07T07:32:17
================================================================================
[2026-08-07T07:33:16.412+0000] {manager.py:878} INFO - 
================================================================================
DAG File Processing Stats

File Path                              PID    Runtime      # DAGs    # Errors  Last Runtime    Last Run
-------------------------------------  -----  ---------  --------  ----------  --------------  -------------------
/opt/airflow/dags/json_to_hdfs_dag.py                           1           0  0.47s           2026-08-07T07:32:47
================================================================================
[2026-08-07T07:33:46.479+0000] {manager.py:878} INFO - 
================================================================================
DAG File Processing Stats

File Path                              PID    Runtime      # DAGs    # Errors  Last Runtime    Last Run
-------------------------------------  -----  ---------  --------  ----------  --------------  -------------------
/opt/airflow/dags/json_to_hdfs_dag.py                           1           0  0.40s           2026-08-07T07:33:18
================================================================================
[2026-08-07T07:34:16.734+0000] {manager.py:878} INFO - 
================================================================================
DAG File Processing Stats

File Path                              PID    Runtime      # DAGs    # Errors  Last Runtime    Last Run
-------------------------------------  -----  ---------  --------  ----------  --------------  -------------------
/opt/airflow/dags/json_to_hdfs_dag.py                           1           0  0.27s           2026-08-07T07:33:48
================================================================================
[2026-08-07T07:34:47.277+0000] {manager.py:878} INFO - 
================================================================================
DAG File Processing Stats

File Path                              PID    Runtime      # DAGs    # Errors  Last Runtime    Last Run
-------------------------------------  -----  ---------  --------  ----------  --------------  -------------------
/opt/airflow/dags/json_to_hdfs_dag.py                           1           0  0.20s           2026-08-07T07:34:19
================================================================================
[2026-08-07T07:35:17.668+0000] {manager.py:878} INFO - 
================================================================================
DAG File Processing Stats

File Path                              PID    Runtime      # DAGs    # Errors  Last Runtime    Last Run
-------------------------------------  -----  ---------  --------  ----------  --------------  -------------------
/opt/airflow/dags/json_to_hdfs_dag.py                           1           0  0.22s           2026-08-07T07:34:49
================================================================================
[2026-08-07T07:35:47.992+0000] {manager.py:878} INFO - 
================================================================================
DAG File Processing Stats

File Path                              PID    Runtime      # DAGs    # Errors  Last Runtime    Last Run
-------------------------------------  -----  ---------  --------  ----------  --------------  -------------------
/opt/airflow/dags/json_to_hdfs_dag.py                           1           0  0.43s           2026-08-07T07:35:20
================================================================================
[2026-08-07T07:35:59.898+0000] {manager.py:737} INFO - Searching for files in /opt/airflow/dags
[2026-08-07T07:35:59.974+0000] {manager.py:740} INFO - There are 1 files in /opt/airflow/dags
[2026-08-07T07:36:18.140+0000] {manager.py:878} INFO - 
================================================================================
DAG File Processing Stats

File Path                              PID    Runtime      # DAGs    # Errors  Last Runtime    Last Run
-------------------------------------  -----  ---------  --------  ----------  --------------  -------------------
/opt/airflow/dags/json_to_hdfs_dag.py                           1           0  0.45s           2026-08-07T07:35:50
================================================================================
[2026-08-07T07:36:48.808+0000] {manager.py:878} INFO - 
================================================================================
DAG File Processing Stats

File Path                              PID    Runtime      # DAGs    # Errors  Last Runtime    Last Run
-------------------------------------  -----  ---------  --------  ----------  --------------  -------------------
/opt/airflow/dags/json_to_hdfs_dag.py                           1           0  0.53s           2026-08-07T07:36:21
================================================================================
[2026-08-07T07:37:19.187+0000] {manager.py:878} INFO - 
================================================================================
DAG File Processing Stats

File Path                              PID    Runtime      # DAGs    # Errors  Last Runtime    Last Run
-------------------------------------  -----  ---------  --------  ----------  --------------  -------------------
/opt/airflow/dags/json_to_hdfs_dag.py                           1           0  0.37s           2026-08-07T07:36:52
================================================================================
[2026-08-07T07:37:49.785+0000] {manager.py:878} INFO - 
================================================================================
DAG File Processing Stats

File Path                              PID    Runtime      # DAGs    # Errors  Last Runtime    Last Run
-------------------------------------  -----  ---------  --------  ----------  --------------  -------------------
/opt/airflow/dags/json_to_hdfs_dag.py                           1           0  0.33s           2026-08-07T07:37:22
================================================================================
[2026-08-07T07:38:20.302+0000] {manager.py:878} INFO - 
================================================================================
DAG File Processing Stats

File Path                              PID    Runtime      # DAGs    # Errors  Last Runtime    Last Run
-------------------------------------  -----  ---------  --------  ----------  --------------  -------------------
/opt/airflow/dags/json_to_hdfs_dag.py                           1           0  0.23s           2026-08-07T07:37:53
================================================================================
[2026-08-07T07:38:50.766+0000] {manager.py:878} INFO - 
================================================================================
DAG File Processing Stats

File Path                              PID    Runtime      # DAGs    # Errors  Last Runtime    Last Run
-------------------------------------  -----  ---------  --------  ----------  --------------  -------------------
/opt/airflow/dags/json_to_hdfs_dag.py                           1           0  0.24s           2026-08-07T07:38:23
================================================================================
[2026-08-07T07:39:20.819+0000] {manager.py:878} INFO - 
================================================================================
DAG File Processing Stats

File Path                              PID    Runtime      # DAGs    # Errors  Last Runtime    Last Run
-------------------------------------  -----  ---------  --------  ----------  --------------  -------------------
/opt/airflow/dags/json_to_hdfs_dag.py                           1           0  0.77s           2026-08-07T07:38:54
================================================================================
[2026-08-07T07:39:51.362+0000] {manager.py:878} INFO - 
================================================================================
DAG File Processing Stats

File Path                              PID    Runtime      # DAGs    # Errors  Last Runtime    Last Run
-------------------------------------  -----  ---------  --------  ----------  --------------  -------------------
/opt/airflow/dags/json_to_hdfs_dag.py                           1           0  0.53s           2026-08-07T07:39:25
================================================================================
[2026-08-07T07:40:21.860+0000] {manager.py:878} INFO - 
================================================================================
DAG File Processing Stats

File Path                              PID    Runtime      # DAGs    # Errors  Last Runtime    Last Run
-------------------------------------  -----  ---------  --------  ----------  --------------  -------------------
/opt/airflow/dags/json_to_hdfs_dag.py                           1           0  0.26s           2026-08-07T07:39:55
================================================================================
[2026-08-07T07:40:52.356+0000] {manager.py:878} INFO - 
================================================================================
DAG File Processing Stats

File Path                              PID    Runtime      # DAGs    # Errors  Last Runtime    Last Run
-------------------------------------  -----  ---------  --------  ----------  --------------  -------------------
/opt/airflow/dags/json_to_hdfs_dag.py                           1           0  0.37s           2026-08-07T07:40:26
================================================================================
[2026-08-07T07:41:00.065+0000] {manager.py:737} INFO - Searching for files in /opt/airflow/dags
[2026-08-07T07:41:00.135+0000] {manager.py:740} INFO - There are 1 files in /opt/airflow/dags
[2026-08-07T07:41:23.010+0000] {manager.py:878} INFO - 
================================================================================
DAG File Processing Stats

File Path                              PID    Runtime      # DAGs    # Errors  Last Runtime    Last Run
-------------------------------------  -----  ---------  --------  ----------  --------------  -------------------
/opt/airflow/dags/json_to_hdfs_dag.py                           1           0  0.24s           2026-08-07T07:40:57
================================================================================
[2026-08-07T07:41:53.564+0000] {manager.py:878} INFO - 
================================================================================
DAG File Processing Stats

File Path                              PID    Runtime      # DAGs    # Errors  Last Runtime    Last Run
-------------------------------------  -----  ---------  --------  ----------  --------------  -------------------
/opt/airflow/dags/json_to_hdfs_dag.py                           1           0  0.24s           2026-08-07T07:41:27
================================================================================
[2026-08-07T07:42:23.663+0000] {manager.py:878} INFO - 
================================================================================
DAG File Processing Stats

File Path                              PID    Runtime      # DAGs    # Errors  Last Runtime    Last Run
-------------------------------------  -----  ---------  --------  ----------  --------------  -------------------
/opt/airflow/dags/json_to_hdfs_dag.py                           1           0  0.60s           2026-08-07T07:41:58
================================================================================
[2026-08-07T07:42:54.314+0000] {manager.py:878} INFO - 
================================================================================
DAG File Processing Stats

File Path                              PID    Runtime      # DAGs    # Errors  Last Runtime    Last Run
-------------------------------------  -----  ---------  --------  ----------  --------------  -------------------
/opt/airflow/dags/json_to_hdfs_dag.py                           1           0  0.51s           2026-08-07T07:42:29
================================================================================
[2026-08-07T07:43:24.655+0000] {manager.py:878} INFO - 
================================================================================
DAG File Processing Stats

File Path                              PID    Runtime      # DAGs    # Errors  Last Runtime    Last Run
-------------------------------------  -----  ---------  --------  ----------  --------------  -------------------
/opt/airflow/dags/json_to_hdfs_dag.py                           1           0  0.25s           2026-08-07T07:42:59
================================================================================
[2026-08-07T07:43:55.036+0000] {manager.py:878} INFO - 
================================================================================
DAG File Processing Stats

File Path                              PID    Runtime      # DAGs    # Errors  Last Runtime    Last Run
-------------------------------------  -----  ---------  --------  ----------  --------------  -------------------
/opt/airflow/dags/json_to_hdfs_dag.py                           1           0  0.25s           2026-08-07T07:43:29
================================================================================
[2026-08-07T07:44:25.372+0000] {manager.py:878} INFO - 
================================================================================
DAG File Processing Stats

File Path                              PID    Runtime      # DAGs    # Errors  Last Runtime    Last Run
-------------------------------------  -----  ---------  --------  ----------  --------------  -------------------
/opt/airflow/dags/json_to_hdfs_dag.py                           1           0  0.26s           2026-08-07T07:44:00
================================================================================
[2026-08-07T07:44:55.808+0000] {manager.py:878} INFO - 
================================================================================
DAG File Processing Stats

File Path                              PID    Runtime      # DAGs    # Errors  Last Runtime    Last Run
-------------------------------------  -----  ---------  --------  ----------  --------------  -------------------
/opt/airflow/dags/json_to_hdfs_dag.py                           1           0  0.24s           2026-08-07T07:44:30
================================================================================
[2026-08-07T07:45:26.064+0000] {manager.py:878} INFO - 
================================================================================
DAG File Processing Stats

File Path                              PID    Runtime      # DAGs    # Errors  Last Runtime    Last Run
-------------------------------------  -----  ---------  --------  ----------  --------------  -------------------
/opt/airflow/dags/json_to_hdfs_dag.py                           1           0  0.42s           2026-08-07T07:45:01
================================================================================
[2026-08-07T07:45:56.211+0000] {manager.py:878} INFO - 
================================================================================
DAG File Processing Stats

File Path                              PID    Runtime      # DAGs    # Errors  Last Runtime    Last Run
-------------------------------------  -----  ---------  --------  ----------  --------------  -------------------
/opt/airflow/dags/json_to_hdfs_dag.py                           1           0  0.46s           2026-08-07T07:45:31
================================================================================
[2026-08-07T07:46:00.236+0000] {manager.py:737} INFO - Searching for files in /opt/airflow/dags
[2026-08-07T07:46:00.315+0000] {manager.py:740} INFO - There are 1 files in /opt/airflow/dags
[2026-08-07T07:46:26.582+0000] {manager.py:878} INFO - 
================================================================================
DAG File Processing Stats

File Path                              PID    Runtime      # DAGs    # Errors  Last Runtime    Last Run
-------------------------------------  -----  ---------  --------  ----------  --------------  -------------------
/opt/airflow/dags/json_to_hdfs_dag.py                           1           0  0.24s           2026-08-07T07:46:02
================================================================================
[2026-08-07T07:46:57.012+0000] {manager.py:878} INFO - 
================================================================================
DAG File Processing Stats

File Path                              PID    Runtime      # DAGs    # Errors  Last Runtime    Last Run
-------------------------------------  -----  ---------  --------  ----------  --------------  -------------------
/opt/airflow/dags/json_to_hdfs_dag.py                           1           0  0.25s           2026-08-07T07:46:32
================================================================================
[2026-08-07T07:47:27.296+0000] {manager.py:878} INFO - 
================================================================================
DAG File Processing Stats

File Path                              PID    Runtime      # DAGs    # Errors  Last Runtime    Last Run
-------------------------------------  -----  ---------  --------  ----------  --------------  -------------------
/opt/airflow/dags/json_to_hdfs_dag.py                           1           0  0.40s           2026-08-07T07:47:03
================================================================================
[2026-08-07T07:47:57.889+0000] {manager.py:878} INFO - 
================================================================================
DAG File Processing Stats

File Path                              PID    Runtime      # DAGs    # Errors  Last Runtime    Last Run
-------------------------------------  -----  ---------  --------  ----------  --------------  -------------------
/opt/airflow/dags/json_to_hdfs_dag.py                           1           0  0.24s           2026-08-07T07:47:33
================================================================================
[2026-08-07T07:48:27.899+0000] {manager.py:878} INFO - 
================================================================================
DAG File Processing Stats

File Path                              PID    Runtime      # DAGs    # Errors  Last Runtime    Last Run
-------------------------------------  -----  ---------  --------  ----------  --------------  -------------------
/opt/airflow/dags/json_to_hdfs_dag.py                           1           0  0.52s           2026-08-07T07:48:04
================================================================================
[2026-08-07T07:48:58.612+0000] {manager.py:878} INFO - 
================================================================================
DAG File Processing Stats

File Path                              PID    Runtime      # DAGs    # Errors  Last Runtime    Last Run
-------------------------------------  -----  ---------  --------  ----------  --------------  -------------------
/opt/airflow/dags/json_to_hdfs_dag.py                           1           0  0.54s           2026-08-07T07:48:35
================================================================================
[2026-08-07T07:49:28.920+0000] {manager.py:878} INFO - 
================================================================================
DAG File Processing Stats

File Path                              PID    Runtime      # DAGs    # Errors  Last Runtime    Last Run
-------------------------------------  -----  ---------  --------  ----------  --------------  -------------------
/opt/airflow/dags/json_to_hdfs_dag.py                           1           0  0.53s           2026-08-07T07:49:06
================================================================================
[2026-08-07T07:49:59.009+0000] {manager.py:878} INFO - 
================================================================================
DAG File Processing Stats

File Path                              PID    Runtime      # DAGs    # Errors  Last Runtime    Last Run
-------------------------------------  -----  ---------  --------  ----------  --------------  -------------------
/opt/airflow/dags/json_to_hdfs_dag.py                           1           0  0.30s           2026-08-07T07:49:36
================================================================================
[2026-08-07T07:50:29.388+0000] {manager.py:878} INFO - 
================================================================================
DAG File Processing Stats

File Path                              PID    Runtime      # DAGs    # Errors  Last Runtime    Last Run
-------------------------------------  -----  ---------  --------  ----------  --------------  -------------------
/opt/airflow/dags/json_to_hdfs_dag.py                           1           0  0.28s           2026-08-07T07:50:07
================================================================================
[2026-08-07T07:50:59.832+0000] {manager.py:878} INFO - 
================================================================================
DAG File Processing Stats

File Path                              PID    Runtime      # DAGs    # Errors  Last Runtime    Last Run
-------------------------------------  -----  ---------  --------  ----------  --------------  -------------------
/opt/airflow/dags/json_to_hdfs_dag.py                           1           0  0.26s           2026-08-07T07:50:37
================================================================================
[2026-08-07T07:51:00.841+0000] {manager.py:737} INFO - Searching for files in /opt/airflow/dags
[2026-08-07T07:51:00.894+0000] {manager.py:740} INFO - There are 1 files in /opt/airflow/dags
[2026-08-07T07:51:30.171+0000] {manager.py:878} INFO - 
================================================================================
DAG File Processing Stats

File Path                              PID    Runtime      # DAGs    # Errors  Last Runtime    Last Run
-------------------------------------  -----  ---------  --------  ----------  --------------  -------------------
/opt/airflow/dags/json_to_hdfs_dag.py                           1           0  0.46s           2026-08-07T07:51:08
================================================================================
[2026-08-07T07:52:00.374+0000] {manager.py:878} INFO - 
================================================================================
DAG File Processing Stats

File Path                              PID    Runtime      # DAGs    # Errors  Last Runtime    Last Run
-------------------------------------  -----  ---------  --------  ----------  --------------  -------------------
/opt/airflow/dags/json_to_hdfs_dag.py                           1           0  0.48s           2026-08-07T07:51:39
================================================================================
[2026-08-07T07:52:30.639+0000] {manager.py:878} INFO - 
================================================================================
DAG File Processing Stats

File Path                              PID    Runtime      # DAGs    # Errors  Last Runtime    Last Run
-------------------------------------  -----  ---------  --------  ----------  --------------  -------------------
/opt/airflow/dags/json_to_hdfs_dag.py                           1           0  0.50s           2026-08-07T07:52:09
================================================================================
[2026-08-07T07:53:00.728+0000] {manager.py:878} INFO - 
================================================================================
DAG File Processing Stats

File Path                              PID    Runtime      # DAGs    # Errors  Last Runtime    Last Run
-------------------------------------  -----  ---------  --------  ----------  --------------  -------------------
/opt/airflow/dags/json_to_hdfs_dag.py                           1           0  0.26s           2026-08-07T07:52:40
================================================================================
[2026-08-07T07:53:30.987+0000] {manager.py:878} INFO - 
================================================================================
DAG File Processing Stats

File Path                              PID    Runtime      # DAGs    # Errors  Last Runtime    Last Run
-------------------------------------  -----  ---------  --------  ----------  --------------  -------------------
/opt/airflow/dags/json_to_hdfs_dag.py                           1           0  0.28s           2026-08-07T07:53:11
================================================================================
[2026-08-07T07:54:01.314+0000] {manager.py:878} INFO - 
================================================================================
DAG File Processing Stats

File Path                              PID    Runtime      # DAGs    # Errors  Last Runtime    Last Run
-------------------------------------  -----  ---------  --------  ----------  --------------  -------------------
/opt/airflow/dags/json_to_hdfs_dag.py                           1           0  0.15s           2026-08-07T07:53:41
================================================================================
[2026-08-07T07:54:31.653+0000] {manager.py:878} INFO - 
================================================================================
DAG File Processing Stats

File Path                              PID    Runtime      # DAGs    # Errors  Last Runtime    Last Run
-------------------------------------  -----  ---------  --------  ----------  --------------  -------------------
/opt/airflow/dags/json_to_hdfs_dag.py                           1           0  0.27s           2026-08-07T07:54:11
================================================================================
[2026-08-07T07:55:02.046+0000] {manager.py:878} INFO - 
================================================================================
DAG File Processing Stats

File Path                              PID    Runtime      # DAGs    # Errors  Last Runtime    Last Run
-------------------------------------  -----  ---------  --------  ----------  --------------  -------------------
/opt/airflow/dags/json_to_hdfs_dag.py                           1           0  0.28s           2026-08-07T07:54:42
================================================================================
[2026-08-07T07:55:32.425+0000] {manager.py:878} INFO - 
================================================================================
DAG File Processing Stats

File Path                              PID    Runtime      # DAGs    # Errors  Last Runtime    Last Run
-------------------------------------  -----  ---------  --------  ----------  --------------  -------------------
/opt/airflow/dags/json_to_hdfs_dag.py                           1           0  0.27s           2026-08-07T07:55:12
================================================================================
[2026-08-07T07:56:01.726+0000] {manager.py:737} INFO - Searching for files in /opt/airflow/dags
[2026-08-07T07:56:01.746+0000] {manager.py:740} INFO - There are 1 files in /opt/airflow/dags
[2026-08-07T07:56:02.767+0000] {manager.py:878} INFO - 
================================================================================
DAG File Processing Stats

File Path                              PID    Runtime      # DAGs    # Errors  Last Runtime    Last Run
-------------------------------------  -----  ---------  --------  ----------  --------------  -------------------
/opt/airflow/dags/json_to_hdfs_dag.py                           1           0  0.18s           2026-08-07T07:55:42
================================================================================
[2026-08-07T07:56:32.991+0000] {manager.py:878} INFO - 
================================================================================
DAG File Processing Stats

File Path                              PID    Runtime      # DAGs    # Errors  Last Runtime    Last Run
-------------------------------------  -----  ---------  --------  ----------  --------------  -------------------
/opt/airflow/dags/json_to_hdfs_dag.py                           1           0  0.14s           2026-08-07T07:56:12
================================================================================
[2026-08-07T07:57:03.274+0000] {manager.py:878} INFO - 
================================================================================
DAG File Processing Stats

File Path                              PID    Runtime      # DAGs    # Errors  Last Runtime    Last Run
-------------------------------------  -----  ---------  --------  ----------  --------------  -------------------
/opt/airflow/dags/json_to_hdfs_dag.py                           1           0  0.13s           2026-08-07T07:56:43
================================================================================
[2026-08-07T07:57:33.510+0000] {manager.py:878} INFO - 
================================================================================
DAG File Processing Stats

File Path                              PID    Runtime      # DAGs    # Errors  Last Runtime    Last Run
-------------------------------------  -----  ---------  --------  ----------  --------------  -------------------
/opt/airflow/dags/json_to_hdfs_dag.py                           1           0  0.35s           2026-08-07T07:57:13
================================================================================
[2026-08-07T07:58:04.021+0000] {manager.py:878} INFO - 
================================================================================
DAG File Processing Stats

File Path                              PID    Runtime      # DAGs    # Errors  Last Runtime    Last Run
-------------------------------------  -----  ---------  --------  ----------  --------------  -------------------
/opt/airflow/dags/json_to_hdfs_dag.py                           1           0  0.34s           2026-08-07T07:57:44
================================================================================
[2026-08-07T07:58:34.617+0000] {manager.py:878} INFO - 
================================================================================
DAG File Processing Stats

File Path                              PID    Runtime      # DAGs    # Errors  Last Runtime    Last Run
-------------------------------------  -----  ---------  --------  ----------  --------------  -------------------
/opt/airflow/dags/json_to_hdfs_dag.py                           1           0  0.28s           2026-08-07T07:58:14
================================================================================
[2026-08-07T07:59:05.026+0000] {manager.py:878} INFO - 
================================================================================
DAG File Processing Stats

File Path                              PID    Runtime      # DAGs    # Errors  Last Runtime    Last Run
-------------------------------------  -----  ---------  --------  ----------  --------------  -------------------
/opt/airflow/dags/json_to_hdfs_dag.py                           1           0  0.14s           2026-08-07T07:58:45
================================================================================
[2026-08-07T07:59:35.391+0000] {manager.py:878} INFO - 
================================================================================
DAG File Processing Stats

File Path                              PID    Runtime      # DAGs    # Errors  Last Runtime    Last Run
-------------------------------------  -----  ---------  --------  ----------  --------------  -------------------
/opt/airflow/dags/json_to_hdfs_dag.py                           1           0  0.14s           2026-08-07T07:59:15
================================================================================
[2026-08-07T08:00:05.666+0000] {manager.py:878} INFO - 
================================================================================
DAG File Processing Stats

File Path                              PID    Runtime      # DAGs    # Errors  Last Runtime    Last Run
-------------------------------------  -----  ---------  --------  ----------  --------------  -------------------
/opt/airflow/dags/json_to_hdfs_dag.py                           1           0  0.17s           2026-08-07T07:59:45
================================================================================
[2026-08-07T08:00:36.043+0000] {manager.py:878} INFO - 
================================================================================
DAG File Processing Stats

File Path                              PID    Runtime      # DAGs    # Errors  Last Runtime    Last Run
-------------------------------------  -----  ---------  --------  ----------  --------------  -------------------
/opt/airflow/dags/json_to_hdfs_dag.py                           1           0  0.30s           2026-08-07T08:00:16
================================================================================
[2026-08-07T08:01:02.395+0000] {manager.py:737} INFO - Searching for files in /opt/airflow/dags
[2026-08-07T08:01:02.419+0000] {manager.py:740} INFO - There are 1 files in /opt/airflow/dags
[2026-08-07T08:01:06.458+0000] {manager.py:878} INFO - 
================================================================================
DAG File Processing Stats

File Path                              PID    Runtime      # DAGs    # Errors  Last Runtime    Last Run
-------------------------------------  -----  ---------  --------  ----------  --------------  -------------------
/opt/airflow/dags/json_to_hdfs_dag.py                           1           0  0.32s           2026-08-07T08:00:46
================================================================================
[2026-08-07T08:01:36.795+0000] {manager.py:878} INFO - 
================================================================================
DAG File Processing Stats

File Path                              PID    Runtime      # DAGs    # Errors  Last Runtime    Last Run
-------------------------------------  -----  ---------  --------  ----------  --------------  -------------------
/opt/airflow/dags/json_to_hdfs_dag.py                           1           0  0.26s           2026-08-07T08:01:16
================================================================================
[2026-08-07T08:02:07.155+0000] {manager.py:878} INFO - 
================================================================================
DAG File Processing Stats

File Path                              PID    Runtime      # DAGs    # Errors  Last Runtime    Last Run
-------------------------------------  -----  ---------  --------  ----------  --------------  -------------------
/opt/airflow/dags/json_to_hdfs_dag.py                           1           0  0.15s           2026-08-07T08:01:47
================================================================================
[2026-08-07T08:02:37.432+0000] {manager.py:878} INFO - 
================================================================================
DAG File Processing Stats

File Path                              PID    Runtime      # DAGs    # Errors  Last Runtime    Last Run
-------------------------------------  -----  ---------  --------  ----------  --------------  -------------------
/opt/airflow/dags/json_to_hdfs_dag.py                           1           0  0.13s           2026-08-07T08:02:17
================================================================================
[2026-08-07T08:03:07.728+0000] {manager.py:878} INFO - 
================================================================================
DAG File Processing Stats

File Path                              PID    Runtime      # DAGs    # Errors  Last Runtime    Last Run
-------------------------------------  -----  ---------  --------  ----------  --------------  -------------------
/opt/airflow/dags/json_to_hdfs_dag.py                           1           0  0.15s           2026-08-07T08:02:47
================================================================================
[2026-08-07T08:03:37.955+0000] {manager.py:878} INFO - 
================================================================================
DAG File Processing Stats

File Path                              PID    Runtime      # DAGs    # Errors  Last Runtime    Last Run
-------------------------------------  -----  ---------  --------  ----------  --------------  -------------------
/opt/airflow/dags/json_to_hdfs_dag.py                           1           0  0.34s           2026-08-07T08:03:18
================================================================================
[2026-08-07T08:04:08.419+0000] {manager.py:878} INFO - 
================================================================================
DAG File Processing Stats

File Path                              PID    Runtime      # DAGs    # Errors  Last Runtime    Last Run
-------------------------------------  -----  ---------  --------  ----------  --------------  -------------------
/opt/airflow/dags/json_to_hdfs_dag.py                           1           0  0.31s           2026-08-07T08:03:48
================================================================================
[2026-08-07T08:04:38.937+0000] {manager.py:878} INFO - 
================================================================================
DAG File Processing Stats

File Path                              PID    Runtime      # DAGs    # Errors  Last Runtime    Last Run
-------------------------------------  -----  ---------  --------  ----------  --------------  -------------------
/opt/airflow/dags/json_to_hdfs_dag.py                           1           0  0.31s           2026-08-07T08:04:19
================================================================================
[2026-08-07T08:05:09.525+0000] {manager.py:878} INFO - 
================================================================================
DAG File Processing Stats

File Path                              PID    Runtime      # DAGs    # Errors  Last Runtime    Last Run
-------------------------------------  -----  ---------  --------  ----------  --------------  -------------------
/opt/airflow/dags/json_to_hdfs_dag.py                           1           0  0.28s           2026-08-07T08:04:49
================================================================================
[2026-08-07T08:05:40.105+0000] {manager.py:878} INFO - 
================================================================================
DAG File Processing Stats

File Path                              PID    Runtime      # DAGs    # Errors  Last Runtime    Last Run
-------------------------------------  -----  ---------  --------  ----------  --------------  -------------------
/opt/airflow/dags/json_to_hdfs_dag.py                           1           0  0.26s           2026-08-07T08:05:20
================================================================================
[2026-08-07T08:06:02.579+0000] {manager.py:737} INFO - Searching for files in /opt/airflow/dags
[2026-08-07T08:06:02.656+0000] {manager.py:740} INFO - There are 1 files in /opt/airflow/dags
[2026-08-07T08:06:10.732+0000] {manager.py:878} INFO - 
================================================================================
DAG File Processing Stats

File Path                              PID    Runtime      # DAGs    # Errors  Last Runtime    Last Run
-------------------------------------  -----  ---------  --------  ----------  --------------  -------------------
/opt/airflow/dags/json_to_hdfs_dag.py                           1           0  0.26s           2026-08-07T08:05:50
================================================================================
