[2026-08-07T01:11:52.906+0000] {processor.py:161} INFO - Started process (PID=709) to work on /opt/airflow/dags/json_to_hdfs_dag.py
[2026-08-07T01:11:52.932+0000] {processor.py:830} INFO - Processing file /opt/airflow/dags/json_to_hdfs_dag.py for tasks to queue
[2026-08-07T01:11:52.985+0000] {logging_mixin.py:188} INFO - [2026-08-07T01:11:52.985+0000] {dagbag.py:545} INFO - Filling up the DagBag from /opt/airflow/dags/json_to_hdfs_dag.py
[2026-08-07T01:11:53.418+0000] {processor.py:840} INFO - DAG(s) 'json_batch_to_hdfs' retrieved from /opt/airflow/dags/json_to_hdfs_dag.py
[2026-08-07T01:11:53.576+0000] {logging_mixin.py:188} INFO - [2026-08-07T01:11:53.576+0000] {dag.py:3096} INFO - Sync 1 DAGs
[2026-08-07T01:11:53.791+0000] {processor.py:183} INFO - Processing /opt/airflow/dags/json_to_hdfs_dag.py took 0.902 seconds
[2026-08-07T01:12:26.296+0000] {processor.py:161} INFO - Started process (PID=710) to work on /opt/airflow/dags/json_to_hdfs_dag.py
[2026-08-07T01:12:27.552+0000] {processor.py:830} INFO - Processing file /opt/airflow/dags/json_to_hdfs_dag.py for tasks to queue
[2026-08-07T01:12:27.556+0000] {logging_mixin.py:188} INFO - [2026-08-07T01:12:27.555+0000] {dagbag.py:545} INFO - Filling up the DagBag from /opt/airflow/dags/json_to_hdfs_dag.py
[2026-08-07T01:12:27.732+0000] {processor.py:840} INFO - DAG(s) 'json_batch_to_hdfs' retrieved from /opt/airflow/dags/json_to_hdfs_dag.py
[2026-08-07T01:12:28.261+0000] {logging_mixin.py:188} INFO - [2026-08-07T01:12:28.261+0000] {dag.py:3096} INFO - Sync 1 DAGs
[2026-08-07T01:12:31.581+0000] {processor.py:183} INFO - Processing /opt/airflow/dags/json_to_hdfs_dag.py took 5.298 seconds
[2026-08-07T01:13:02.408+0000] {processor.py:161} INFO - Started process (PID=719) to work on /opt/airflow/dags/json_to_hdfs_dag.py
[2026-08-07T01:13:02.441+0000] {processor.py:830} INFO - Processing file /opt/airflow/dags/json_to_hdfs_dag.py for tasks to queue
[2026-08-07T01:13:02.510+0000] {logging_mixin.py:188} INFO - [2026-08-07T01:13:02.510+0000] {dagbag.py:545} INFO - Filling up the DagBag from /opt/airflow/dags/json_to_hdfs_dag.py
[2026-08-07T01:13:04.126+0000] {processor.py:840} INFO - DAG(s) 'json_batch_to_hdfs' retrieved from /opt/airflow/dags/json_to_hdfs_dag.py
[2026-08-07T01:13:06.153+0000] {logging_mixin.py:188} INFO - [2026-08-07T01:13:06.151+0000] {dag.py:3096} INFO - Sync 1 DAGs
[2026-08-07T01:13:07.585+0000] {processor.py:183} INFO - Processing /opt/airflow/dags/json_to_hdfs_dag.py took 5.188 seconds
[2026-08-07T01:13:37.989+0000] {processor.py:161} INFO - Started process (PID=729) to work on /opt/airflow/dags/json_to_hdfs_dag.py
[2026-08-07T01:13:38.006+0000] {processor.py:830} INFO - Processing file /opt/airflow/dags/json_to_hdfs_dag.py for tasks to queue
[2026-08-07T01:13:38.013+0000] {logging_mixin.py:188} INFO - [2026-08-07T01:13:38.012+0000] {dagbag.py:545} INFO - Filling up the DagBag from /opt/airflow/dags/json_to_hdfs_dag.py
[2026-08-07T01:13:38.068+0000] {processor.py:840} INFO - DAG(s) 'json_batch_to_hdfs' retrieved from /opt/airflow/dags/json_to_hdfs_dag.py
[2026-08-07T01:13:38.289+0000] {logging_mixin.py:188} INFO - [2026-08-07T01:13:38.288+0000] {dag.py:3096} INFO - Sync 1 DAGs
[2026-08-07T01:13:38.444+0000] {logging_mixin.py:188} INFO - [2026-08-07T01:13:38.443+0000] {dag.py:3954} INFO - Setting next_dagrun for json_batch_to_hdfs to 2026-08-07 01:10:00+00:00, run_after=2026-08-07 01:15:00+00:00
[2026-08-07T01:13:38.515+0000] {processor.py:183} INFO - Processing /opt/airflow/dags/json_to_hdfs_dag.py took 0.612 seconds
[2026-08-07T01:14:09.088+0000] {processor.py:161} INFO - Started process (PID=730) to work on /opt/airflow/dags/json_to_hdfs_dag.py
[2026-08-07T01:14:09.091+0000] {processor.py:830} INFO - Processing file /opt/airflow/dags/json_to_hdfs_dag.py for tasks to queue
[2026-08-07T01:14:09.094+0000] {logging_mixin.py:188} INFO - [2026-08-07T01:14:09.093+0000] {dagbag.py:545} INFO - Filling up the DagBag from /opt/airflow/dags/json_to_hdfs_dag.py
[2026-08-07T01:14:09.141+0000] {processor.py:840} INFO - DAG(s) 'json_batch_to_hdfs' retrieved from /opt/airflow/dags/json_to_hdfs_dag.py
[2026-08-07T01:14:09.304+0000] {logging_mixin.py:188} INFO - [2026-08-07T01:14:09.304+0000] {dag.py:3096} INFO - Sync 1 DAGs
[2026-08-07T01:14:09.439+0000] {logging_mixin.py:188} INFO - [2026-08-07T01:14:09.438+0000] {dag.py:3954} INFO - Setting next_dagrun for json_batch_to_hdfs to 2026-08-07 01:10:00+00:00, run_after=2026-08-07 01:15:00+00:00
[2026-08-07T01:14:09.505+0000] {processor.py:183} INFO - Processing /opt/airflow/dags/json_to_hdfs_dag.py took 0.428 seconds
[2026-08-07T01:14:39.714+0000] {processor.py:161} INFO - Started process (PID=731) to work on /opt/airflow/dags/json_to_hdfs_dag.py
[2026-08-07T01:14:39.717+0000] {processor.py:830} INFO - Processing file /opt/airflow/dags/json_to_hdfs_dag.py for tasks to queue
[2026-08-07T01:14:39.720+0000] {logging_mixin.py:188} INFO - [2026-08-07T01:14:39.719+0000] {dagbag.py:545} INFO - Filling up the DagBag from /opt/airflow/dags/json_to_hdfs_dag.py
[2026-08-07T01:14:39.756+0000] {processor.py:840} INFO - DAG(s) 'json_batch_to_hdfs' retrieved from /opt/airflow/dags/json_to_hdfs_dag.py
[2026-08-07T01:14:39.793+0000] {logging_mixin.py:188} INFO - [2026-08-07T01:14:39.793+0000] {dag.py:3096} INFO - Sync 1 DAGs
[2026-08-07T01:14:39.828+0000] {logging_mixin.py:188} INFO - [2026-08-07T01:14:39.828+0000] {dag.py:3954} INFO - Setting next_dagrun for json_batch_to_hdfs to 2026-08-07 01:10:00+00:00, run_after=2026-08-07 01:15:00+00:00
[2026-08-07T01:14:39.858+0000] {processor.py:183} INFO - Processing /opt/airflow/dags/json_to_hdfs_dag.py took 0.159 seconds
[2026-08-07T01:15:09.940+0000] {processor.py:161} INFO - Started process (PID=741) to work on /opt/airflow/dags/json_to_hdfs_dag.py
[2026-08-07T01:15:09.943+0000] {processor.py:830} INFO - Processing file /opt/airflow/dags/json_to_hdfs_dag.py for tasks to queue
[2026-08-07T01:15:09.946+0000] {logging_mixin.py:188} INFO - [2026-08-07T01:15:09.945+0000] {dagbag.py:545} INFO - Filling up the DagBag from /opt/airflow/dags/json_to_hdfs_dag.py
[2026-08-07T01:15:10.005+0000] {processor.py:840} INFO - DAG(s) 'json_batch_to_hdfs' retrieved from /opt/airflow/dags/json_to_hdfs_dag.py
[2026-08-07T01:15:10.067+0000] {logging_mixin.py:188} INFO - [2026-08-07T01:15:10.066+0000] {dag.py:3096} INFO - Sync 1 DAGs
[2026-08-07T01:15:10.106+0000] {logging_mixin.py:188} INFO - [2026-08-07T01:15:10.105+0000] {dag.py:3954} INFO - Setting next_dagrun for json_batch_to_hdfs to 2026-08-07 01:15:00+00:00, run_after=2026-08-07 01:20:00+00:00
[2026-08-07T01:15:10.136+0000] {processor.py:183} INFO - Processing /opt/airflow/dags/json_to_hdfs_dag.py took 0.206 seconds
[2026-08-07T01:15:40.271+0000] {processor.py:161} INFO - Started process (PID=742) to work on /opt/airflow/dags/json_to_hdfs_dag.py
[2026-08-07T01:15:40.273+0000] {processor.py:830} INFO - Processing file /opt/airflow/dags/json_to_hdfs_dag.py for tasks to queue
[2026-08-07T01:15:40.275+0000] {logging_mixin.py:188} INFO - [2026-08-07T01:15:40.274+0000] {dagbag.py:545} INFO - Filling up the DagBag from /opt/airflow/dags/json_to_hdfs_dag.py
[2026-08-07T01:15:40.298+0000] {processor.py:840} INFO - DAG(s) 'json_batch_to_hdfs' retrieved from /opt/airflow/dags/json_to_hdfs_dag.py
[2026-08-07T01:15:40.337+0000] {logging_mixin.py:188} INFO - [2026-08-07T01:15:40.336+0000] {dag.py:3096} INFO - Sync 1 DAGs
[2026-08-07T01:15:40.363+0000] {logging_mixin.py:188} INFO - [2026-08-07T01:15:40.363+0000] {dag.py:3954} INFO - Setting next_dagrun for json_batch_to_hdfs to 2026-08-07 01:15:00+00:00, run_after=2026-08-07 01:20:00+00:00
[2026-08-07T01:15:40.389+0000] {processor.py:183} INFO - Processing /opt/airflow/dags/json_to_hdfs_dag.py took 0.126 seconds
[2026-08-07T01:16:10.594+0000] {processor.py:161} INFO - Started process (PID=743) to work on /opt/airflow/dags/json_to_hdfs_dag.py
[2026-08-07T01:16:10.596+0000] {processor.py:830} INFO - Processing file /opt/airflow/dags/json_to_hdfs_dag.py for tasks to queue
[2026-08-07T01:16:10.598+0000] {logging_mixin.py:188} INFO - [2026-08-07T01:16:10.597+0000] {dagbag.py:545} INFO - Filling up the DagBag from /opt/airflow/dags/json_to_hdfs_dag.py
[2026-08-07T01:16:10.616+0000] {processor.py:840} INFO - DAG(s) 'json_batch_to_hdfs' retrieved from /opt/airflow/dags/json_to_hdfs_dag.py
[2026-08-07T01:16:10.644+0000] {logging_mixin.py:188} INFO - [2026-08-07T01:16:10.644+0000] {dag.py:3096} INFO - Sync 1 DAGs
[2026-08-07T01:16:10.667+0000] {logging_mixin.py:188} INFO - [2026-08-07T01:16:10.667+0000] {dag.py:3954} INFO - Setting next_dagrun for json_batch_to_hdfs to 2026-08-07 01:15:00+00:00, run_after=2026-08-07 01:20:00+00:00
[2026-08-07T01:16:10.691+0000] {processor.py:183} INFO - Processing /opt/airflow/dags/json_to_hdfs_dag.py took 0.102 seconds
[2026-08-07T01:16:40.838+0000] {processor.py:161} INFO - Started process (PID=744) to work on /opt/airflow/dags/json_to_hdfs_dag.py
[2026-08-07T01:16:40.839+0000] {processor.py:830} INFO - Processing file /opt/airflow/dags/json_to_hdfs_dag.py for tasks to queue
[2026-08-07T01:16:40.841+0000] {logging_mixin.py:188} INFO - [2026-08-07T01:16:40.840+0000] {dagbag.py:545} INFO - Filling up the DagBag from /opt/airflow/dags/json_to_hdfs_dag.py
[2026-08-07T01:16:40.859+0000] {processor.py:840} INFO - DAG(s) 'json_batch_to_hdfs' retrieved from /opt/airflow/dags/json_to_hdfs_dag.py
[2026-08-07T01:16:40.889+0000] {logging_mixin.py:188} INFO - [2026-08-07T01:16:40.889+0000] {dag.py:3096} INFO - Sync 1 DAGs
[2026-08-07T01:16:40.914+0000] {logging_mixin.py:188} INFO - [2026-08-07T01:16:40.914+0000] {dag.py:3954} INFO - Setting next_dagrun for json_batch_to_hdfs to 2026-08-07 01:15:00+00:00, run_after=2026-08-07 01:20:00+00:00
[2026-08-07T01:16:40.965+0000] {processor.py:183} INFO - Processing /opt/airflow/dags/json_to_hdfs_dag.py took 0.132 seconds
[2026-08-07T01:17:11.185+0000] {processor.py:161} INFO - Started process (PID=745) to work on /opt/airflow/dags/json_to_hdfs_dag.py
[2026-08-07T01:17:11.187+0000] {processor.py:830} INFO - Processing file /opt/airflow/dags/json_to_hdfs_dag.py for tasks to queue
[2026-08-07T01:17:11.188+0000] {logging_mixin.py:188} INFO - [2026-08-07T01:17:11.188+0000] {dagbag.py:545} INFO - Filling up the DagBag from /opt/airflow/dags/json_to_hdfs_dag.py
[2026-08-07T01:17:11.212+0000] {processor.py:840} INFO - DAG(s) 'json_batch_to_hdfs' retrieved from /opt/airflow/dags/json_to_hdfs_dag.py
[2026-08-07T01:17:11.242+0000] {logging_mixin.py:188} INFO - [2026-08-07T01:17:11.241+0000] {dag.py:3096} INFO - Sync 1 DAGs
[2026-08-07T01:17:11.264+0000] {logging_mixin.py:188} INFO - [2026-08-07T01:17:11.264+0000] {dag.py:3954} INFO - Setting next_dagrun for json_batch_to_hdfs to 2026-08-07 01:15:00+00:00, run_after=2026-08-07 01:20:00+00:00
[2026-08-07T01:17:11.290+0000] {processor.py:183} INFO - Processing /opt/airflow/dags/json_to_hdfs_dag.py took 0.110 seconds
[2026-08-07T01:17:41.398+0000] {processor.py:161} INFO - Started process (PID=746) to work on /opt/airflow/dags/json_to_hdfs_dag.py
[2026-08-07T01:17:41.399+0000] {processor.py:830} INFO - Processing file /opt/airflow/dags/json_to_hdfs_dag.py for tasks to queue
[2026-08-07T01:17:41.400+0000] {logging_mixin.py:188} INFO - [2026-08-07T01:17:41.400+0000] {dagbag.py:545} INFO - Filling up the DagBag from /opt/airflow/dags/json_to_hdfs_dag.py
[2026-08-07T01:17:41.423+0000] {processor.py:840} INFO - DAG(s) 'json_batch_to_hdfs' retrieved from /opt/airflow/dags/json_to_hdfs_dag.py
[2026-08-07T01:17:41.455+0000] {logging_mixin.py:188} INFO - [2026-08-07T01:17:41.455+0000] {dag.py:3096} INFO - Sync 1 DAGs
[2026-08-07T01:17:41.481+0000] {logging_mixin.py:188} INFO - [2026-08-07T01:17:41.481+0000] {dag.py:3954} INFO - Setting next_dagrun for json_batch_to_hdfs to 2026-08-07 01:15:00+00:00, run_after=2026-08-07 01:20:00+00:00
[2026-08-07T01:17:41.518+0000] {processor.py:183} INFO - Processing /opt/airflow/dags/json_to_hdfs_dag.py took 0.126 seconds
[2026-08-07T01:18:11.705+0000] {processor.py:161} INFO - Started process (PID=747) to work on /opt/airflow/dags/json_to_hdfs_dag.py
[2026-08-07T01:18:11.706+0000] {processor.py:830} INFO - Processing file /opt/airflow/dags/json_to_hdfs_dag.py for tasks to queue
[2026-08-07T01:18:11.707+0000] {logging_mixin.py:188} INFO - [2026-08-07T01:18:11.707+0000] {dagbag.py:545} INFO - Filling up the DagBag from /opt/airflow/dags/json_to_hdfs_dag.py
[2026-08-07T01:18:11.728+0000] {processor.py:840} INFO - DAG(s) 'json_batch_to_hdfs' retrieved from /opt/airflow/dags/json_to_hdfs_dag.py
[2026-08-07T01:18:11.761+0000] {logging_mixin.py:188} INFO - [2026-08-07T01:18:11.760+0000] {dag.py:3096} INFO - Sync 1 DAGs
[2026-08-07T01:18:11.790+0000] {logging_mixin.py:188} INFO - [2026-08-07T01:18:11.789+0000] {dag.py:3954} INFO - Setting next_dagrun for json_batch_to_hdfs to 2026-08-07 01:15:00+00:00, run_after=2026-08-07 01:20:00+00:00
[2026-08-07T01:18:11.813+0000] {processor.py:183} INFO - Processing /opt/airflow/dags/json_to_hdfs_dag.py took 0.114 seconds
[2026-08-07T01:18:41.923+0000] {processor.py:161} INFO - Started process (PID=748) to work on /opt/airflow/dags/json_to_hdfs_dag.py
[2026-08-07T01:18:41.925+0000] {processor.py:830} INFO - Processing file /opt/airflow/dags/json_to_hdfs_dag.py for tasks to queue
[2026-08-07T01:18:41.927+0000] {logging_mixin.py:188} INFO - [2026-08-07T01:18:41.927+0000] {dagbag.py:545} INFO - Filling up the DagBag from /opt/airflow/dags/json_to_hdfs_dag.py
[2026-08-07T01:18:41.950+0000] {processor.py:840} INFO - DAG(s) 'json_batch_to_hdfs' retrieved from /opt/airflow/dags/json_to_hdfs_dag.py
[2026-08-07T01:18:41.984+0000] {logging_mixin.py:188} INFO - [2026-08-07T01:18:41.983+0000] {dag.py:3096} INFO - Sync 1 DAGs
[2026-08-07T01:18:42.013+0000] {logging_mixin.py:188} INFO - [2026-08-07T01:18:42.013+0000] {dag.py:3954} INFO - Setting next_dagrun for json_batch_to_hdfs to 2026-08-07 01:15:00+00:00, run_after=2026-08-07 01:20:00+00:00
[2026-08-07T01:18:42.043+0000] {processor.py:183} INFO - Processing /opt/airflow/dags/json_to_hdfs_dag.py took 0.127 seconds
[2026-08-07T01:19:12.219+0000] {processor.py:161} INFO - Started process (PID=749) to work on /opt/airflow/dags/json_to_hdfs_dag.py
[2026-08-07T01:19:12.220+0000] {processor.py:830} INFO - Processing file /opt/airflow/dags/json_to_hdfs_dag.py for tasks to queue
[2026-08-07T01:19:12.223+0000] {logging_mixin.py:188} INFO - [2026-08-07T01:19:12.222+0000] {dagbag.py:545} INFO - Filling up the DagBag from /opt/airflow/dags/json_to_hdfs_dag.py
[2026-08-07T01:19:12.246+0000] {processor.py:840} INFO - DAG(s) 'json_batch_to_hdfs' retrieved from /opt/airflow/dags/json_to_hdfs_dag.py
[2026-08-07T01:19:12.280+0000] {logging_mixin.py:188} INFO - [2026-08-07T01:19:12.280+0000] {dag.py:3096} INFO - Sync 1 DAGs
[2026-08-07T01:19:12.318+0000] {logging_mixin.py:188} INFO - [2026-08-07T01:19:12.317+0000] {dag.py:3954} INFO - Setting next_dagrun for json_batch_to_hdfs to 2026-08-07 01:15:00+00:00, run_after=2026-08-07 01:20:00+00:00
[2026-08-07T01:19:12.345+0000] {processor.py:183} INFO - Processing /opt/airflow/dags/json_to_hdfs_dag.py took 0.131 seconds
[2026-08-07T01:19:42.422+0000] {processor.py:161} INFO - Started process (PID=750) to work on /opt/airflow/dags/json_to_hdfs_dag.py
[2026-08-07T01:19:42.423+0000] {processor.py:830} INFO - Processing file /opt/airflow/dags/json_to_hdfs_dag.py for tasks to queue
[2026-08-07T01:19:42.425+0000] {logging_mixin.py:188} INFO - [2026-08-07T01:19:42.424+0000] {dagbag.py:545} INFO - Filling up the DagBag from /opt/airflow/dags/json_to_hdfs_dag.py
[2026-08-07T01:19:42.444+0000] {processor.py:840} INFO - DAG(s) 'json_batch_to_hdfs' retrieved from /opt/airflow/dags/json_to_hdfs_dag.py
[2026-08-07T01:19:42.474+0000] {logging_mixin.py:188} INFO - [2026-08-07T01:19:42.473+0000] {dag.py:3096} INFO - Sync 1 DAGs
[2026-08-07T01:19:42.497+0000] {logging_mixin.py:188} INFO - [2026-08-07T01:19:42.497+0000] {dag.py:3954} INFO - Setting next_dagrun for json_batch_to_hdfs to 2026-08-07 01:15:00+00:00, run_after=2026-08-07 01:20:00+00:00
[2026-08-07T01:19:42.522+0000] {processor.py:183} INFO - Processing /opt/airflow/dags/json_to_hdfs_dag.py took 0.105 seconds
[2026-08-07T01:20:12.756+0000] {processor.py:161} INFO - Started process (PID=760) to work on /opt/airflow/dags/json_to_hdfs_dag.py
[2026-08-07T01:20:12.758+0000] {processor.py:830} INFO - Processing file /opt/airflow/dags/json_to_hdfs_dag.py for tasks to queue
[2026-08-07T01:20:12.759+0000] {logging_mixin.py:188} INFO - [2026-08-07T01:20:12.759+0000] {dagbag.py:545} INFO - Filling up the DagBag from /opt/airflow/dags/json_to_hdfs_dag.py
[2026-08-07T01:20:12.782+0000] {processor.py:840} INFO - DAG(s) 'json_batch_to_hdfs' retrieved from /opt/airflow/dags/json_to_hdfs_dag.py
[2026-08-07T01:20:12.817+0000] {logging_mixin.py:188} INFO - [2026-08-07T01:20:12.817+0000] {dag.py:3096} INFO - Sync 1 DAGs
[2026-08-07T01:20:12.849+0000] {logging_mixin.py:188} INFO - [2026-08-07T01:20:12.849+0000] {dag.py:3954} INFO - Setting next_dagrun for json_batch_to_hdfs to 2026-08-07 01:20:00+00:00, run_after=2026-08-07 01:25:00+00:00
[2026-08-07T01:20:12.877+0000] {processor.py:183} INFO - Processing /opt/airflow/dags/json_to_hdfs_dag.py took 0.129 seconds
[2026-08-07T01:20:43.013+0000] {processor.py:161} INFO - Started process (PID=761) to work on /opt/airflow/dags/json_to_hdfs_dag.py
[2026-08-07T01:20:43.014+0000] {processor.py:830} INFO - Processing file /opt/airflow/dags/json_to_hdfs_dag.py for tasks to queue
[2026-08-07T01:20:43.016+0000] {logging_mixin.py:188} INFO - [2026-08-07T01:20:43.015+0000] {dagbag.py:545} INFO - Filling up the DagBag from /opt/airflow/dags/json_to_hdfs_dag.py
[2026-08-07T01:20:43.043+0000] {processor.py:840} INFO - DAG(s) 'json_batch_to_hdfs' retrieved from /opt/airflow/dags/json_to_hdfs_dag.py
[2026-08-07T01:20:43.077+0000] {logging_mixin.py:188} INFO - [2026-08-07T01:20:43.076+0000] {dag.py:3096} INFO - Sync 1 DAGs
[2026-08-07T01:20:43.102+0000] {logging_mixin.py:188} INFO - [2026-08-07T01:20:43.102+0000] {dag.py:3954} INFO - Setting next_dagrun for json_batch_to_hdfs to 2026-08-07 01:20:00+00:00, run_after=2026-08-07 01:25:00+00:00
[2026-08-07T01:20:43.139+0000] {processor.py:183} INFO - Processing /opt/airflow/dags/json_to_hdfs_dag.py took 0.135 seconds
[2026-08-07T01:21:13.381+0000] {processor.py:161} INFO - Started process (PID=762) to work on /opt/airflow/dags/json_to_hdfs_dag.py
[2026-08-07T01:21:13.383+0000] {processor.py:830} INFO - Processing file /opt/airflow/dags/json_to_hdfs_dag.py for tasks to queue
[2026-08-07T01:21:13.385+0000] {logging_mixin.py:188} INFO - [2026-08-07T01:21:13.385+0000] {dagbag.py:545} INFO - Filling up the DagBag from /opt/airflow/dags/json_to_hdfs_dag.py
[2026-08-07T01:21:13.414+0000] {processor.py:840} INFO - DAG(s) 'json_batch_to_hdfs' retrieved from /opt/airflow/dags/json_to_hdfs_dag.py
[2026-08-07T01:21:13.452+0000] {logging_mixin.py:188} INFO - [2026-08-07T01:21:13.451+0000] {dag.py:3096} INFO - Sync 1 DAGs
[2026-08-07T01:21:13.489+0000] {logging_mixin.py:188} INFO - [2026-08-07T01:21:13.488+0000] {dag.py:3954} INFO - Setting next_dagrun for json_batch_to_hdfs to 2026-08-07 01:20:00+00:00, run_after=2026-08-07 01:25:00+00:00
[2026-08-07T01:21:13.518+0000] {processor.py:183} INFO - Processing /opt/airflow/dags/json_to_hdfs_dag.py took 0.144 seconds
[2026-08-07T01:21:43.621+0000] {processor.py:161} INFO - Started process (PID=763) to work on /opt/airflow/dags/json_to_hdfs_dag.py
[2026-08-07T01:21:43.623+0000] {processor.py:830} INFO - Processing file /opt/airflow/dags/json_to_hdfs_dag.py for tasks to queue
[2026-08-07T01:21:43.625+0000] {logging_mixin.py:188} INFO - [2026-08-07T01:21:43.625+0000] {dagbag.py:545} INFO - Filling up the DagBag from /opt/airflow/dags/json_to_hdfs_dag.py
[2026-08-07T01:21:43.651+0000] {processor.py:840} INFO - DAG(s) 'json_batch_to_hdfs' retrieved from /opt/airflow/dags/json_to_hdfs_dag.py
[2026-08-07T01:21:43.686+0000] {logging_mixin.py:188} INFO - [2026-08-07T01:21:43.686+0000] {dag.py:3096} INFO - Sync 1 DAGs
[2026-08-07T01:21:43.716+0000] {logging_mixin.py:188} INFO - [2026-08-07T01:21:43.716+0000] {dag.py:3954} INFO - Setting next_dagrun for json_batch_to_hdfs to 2026-08-07 01:20:00+00:00, run_after=2026-08-07 01:25:00+00:00
[2026-08-07T01:21:43.744+0000] {processor.py:183} INFO - Processing /opt/airflow/dags/json_to_hdfs_dag.py took 0.129 seconds
[2026-08-07T01:22:13.968+0000] {processor.py:161} INFO - Started process (PID=764) to work on /opt/airflow/dags/json_to_hdfs_dag.py
[2026-08-07T01:22:13.970+0000] {processor.py:830} INFO - Processing file /opt/airflow/dags/json_to_hdfs_dag.py for tasks to queue
[2026-08-07T01:22:13.972+0000] {logging_mixin.py:188} INFO - [2026-08-07T01:22:13.971+0000] {dagbag.py:545} INFO - Filling up the DagBag from /opt/airflow/dags/json_to_hdfs_dag.py
[2026-08-07T01:22:13.994+0000] {processor.py:840} INFO - DAG(s) 'json_batch_to_hdfs' retrieved from /opt/airflow/dags/json_to_hdfs_dag.py
[2026-08-07T01:22:14.027+0000] {logging_mixin.py:188} INFO - [2026-08-07T01:22:14.026+0000] {dag.py:3096} INFO - Sync 1 DAGs
[2026-08-07T01:22:14.052+0000] {logging_mixin.py:188} INFO - [2026-08-07T01:22:14.052+0000] {dag.py:3954} INFO - Setting next_dagrun for json_batch_to_hdfs to 2026-08-07 01:20:00+00:00, run_after=2026-08-07 01:25:00+00:00
[2026-08-07T01:22:14.078+0000] {processor.py:183} INFO - Processing /opt/airflow/dags/json_to_hdfs_dag.py took 0.115 seconds
[2026-08-07T01:22:44.194+0000] {processor.py:161} INFO - Started process (PID=765) to work on /opt/airflow/dags/json_to_hdfs_dag.py
[2026-08-07T01:22:44.195+0000] {processor.py:830} INFO - Processing file /opt/airflow/dags/json_to_hdfs_dag.py for tasks to queue
[2026-08-07T01:22:44.197+0000] {logging_mixin.py:188} INFO - [2026-08-07T01:22:44.196+0000] {dagbag.py:545} INFO - Filling up the DagBag from /opt/airflow/dags/json_to_hdfs_dag.py
[2026-08-07T01:22:44.217+0000] {processor.py:840} INFO - DAG(s) 'json_batch_to_hdfs' retrieved from /opt/airflow/dags/json_to_hdfs_dag.py
[2026-08-07T01:22:44.253+0000] {logging_mixin.py:188} INFO - [2026-08-07T01:22:44.253+0000] {dag.py:3096} INFO - Sync 1 DAGs
[2026-08-07T01:22:44.291+0000] {logging_mixin.py:188} INFO - [2026-08-07T01:22:44.291+0000] {dag.py:3954} INFO - Setting next_dagrun for json_batch_to_hdfs to 2026-08-07 01:20:00+00:00, run_after=2026-08-07 01:25:00+00:00
[2026-08-07T01:22:44.317+0000] {processor.py:183} INFO - Processing /opt/airflow/dags/json_to_hdfs_dag.py took 0.129 seconds
[2026-08-07T01:23:14.510+0000] {processor.py:161} INFO - Started process (PID=766) to work on /opt/airflow/dags/json_to_hdfs_dag.py
[2026-08-07T01:23:14.512+0000] {processor.py:830} INFO - Processing file /opt/airflow/dags/json_to_hdfs_dag.py for tasks to queue
[2026-08-07T01:23:14.514+0000] {logging_mixin.py:188} INFO - [2026-08-07T01:23:14.514+0000] {dagbag.py:545} INFO - Filling up the DagBag from /opt/airflow/dags/json_to_hdfs_dag.py
[2026-08-07T01:23:14.542+0000] {processor.py:840} INFO - DAG(s) 'json_batch_to_hdfs' retrieved from /opt/airflow/dags/json_to_hdfs_dag.py
[2026-08-07T01:23:14.577+0000] {logging_mixin.py:188} INFO - [2026-08-07T01:23:14.577+0000] {dag.py:3096} INFO - Sync 1 DAGs
[2026-08-07T01:23:14.604+0000] {logging_mixin.py:188} INFO - [2026-08-07T01:23:14.604+0000] {dag.py:3954} INFO - Setting next_dagrun for json_batch_to_hdfs to 2026-08-07 01:20:00+00:00, run_after=2026-08-07 01:25:00+00:00
[2026-08-07T01:23:14.632+0000] {processor.py:183} INFO - Processing /opt/airflow/dags/json_to_hdfs_dag.py took 0.133 seconds
[2026-08-07T01:23:44.756+0000] {processor.py:161} INFO - Started process (PID=767) to work on /opt/airflow/dags/json_to_hdfs_dag.py
[2026-08-07T01:23:44.759+0000] {processor.py:830} INFO - Processing file /opt/airflow/dags/json_to_hdfs_dag.py for tasks to queue
[2026-08-07T01:23:44.761+0000] {logging_mixin.py:188} INFO - [2026-08-07T01:23:44.760+0000] {dagbag.py:545} INFO - Filling up the DagBag from /opt/airflow/dags/json_to_hdfs_dag.py
[2026-08-07T01:23:44.804+0000] {processor.py:840} INFO - DAG(s) 'json_batch_to_hdfs' retrieved from /opt/airflow/dags/json_to_hdfs_dag.py
[2026-08-07T01:23:44.839+0000] {logging_mixin.py:188} INFO - [2026-08-07T01:23:44.838+0000] {dag.py:3096} INFO - Sync 1 DAGs
[2026-08-07T01:23:44.868+0000] {logging_mixin.py:188} INFO - [2026-08-07T01:23:44.868+0000] {dag.py:3954} INFO - Setting next_dagrun for json_batch_to_hdfs to 2026-08-07 01:20:00+00:00, run_after=2026-08-07 01:25:00+00:00
[2026-08-07T01:23:44.898+0000] {processor.py:183} INFO - Processing /opt/airflow/dags/json_to_hdfs_dag.py took 0.163 seconds
[2026-08-07T01:24:15.034+0000] {processor.py:161} INFO - Started process (PID=768) to work on /opt/airflow/dags/json_to_hdfs_dag.py
[2026-08-07T01:24:15.036+0000] {processor.py:830} INFO - Processing file /opt/airflow/dags/json_to_hdfs_dag.py for tasks to queue
[2026-08-07T01:24:15.038+0000] {logging_mixin.py:188} INFO - [2026-08-07T01:24:15.037+0000] {dagbag.py:545} INFO - Filling up the DagBag from /opt/airflow/dags/json_to_hdfs_dag.py
[2026-08-07T01:24:15.062+0000] {processor.py:840} INFO - DAG(s) 'json_batch_to_hdfs' retrieved from /opt/airflow/dags/json_to_hdfs_dag.py
[2026-08-07T01:24:15.101+0000] {logging_mixin.py:188} INFO - [2026-08-07T01:24:15.101+0000] {dag.py:3096} INFO - Sync 1 DAGs
[2026-08-07T01:24:15.133+0000] {logging_mixin.py:188} INFO - [2026-08-07T01:24:15.133+0000] {dag.py:3954} INFO - Setting next_dagrun for json_batch_to_hdfs to 2026-08-07 01:20:00+00:00, run_after=2026-08-07 01:25:00+00:00
[2026-08-07T01:24:15.161+0000] {processor.py:183} INFO - Processing /opt/airflow/dags/json_to_hdfs_dag.py took 0.132 seconds
[2026-08-07T01:24:45.304+0000] {processor.py:161} INFO - Started process (PID=769) to work on /opt/airflow/dags/json_to_hdfs_dag.py
[2026-08-07T01:24:45.305+0000] {processor.py:830} INFO - Processing file /opt/airflow/dags/json_to_hdfs_dag.py for tasks to queue
[2026-08-07T01:24:45.308+0000] {logging_mixin.py:188} INFO - [2026-08-07T01:24:45.307+0000] {dagbag.py:545} INFO - Filling up the DagBag from /opt/airflow/dags/json_to_hdfs_dag.py
[2026-08-07T01:24:45.329+0000] {processor.py:840} INFO - DAG(s) 'json_batch_to_hdfs' retrieved from /opt/airflow/dags/json_to_hdfs_dag.py
[2026-08-07T01:24:45.362+0000] {logging_mixin.py:188} INFO - [2026-08-07T01:24:45.362+0000] {dag.py:3096} INFO - Sync 1 DAGs
[2026-08-07T01:24:45.389+0000] {logging_mixin.py:188} INFO - [2026-08-07T01:24:45.389+0000] {dag.py:3954} INFO - Setting next_dagrun for json_batch_to_hdfs to 2026-08-07 01:20:00+00:00, run_after=2026-08-07 01:25:00+00:00
[2026-08-07T01:24:45.413+0000] {processor.py:183} INFO - Processing /opt/airflow/dags/json_to_hdfs_dag.py took 0.115 seconds
[2026-08-07T01:25:15.595+0000] {processor.py:161} INFO - Started process (PID=779) to work on /opt/airflow/dags/json_to_hdfs_dag.py
[2026-08-07T01:25:15.597+0000] {processor.py:830} INFO - Processing file /opt/airflow/dags/json_to_hdfs_dag.py for tasks to queue
[2026-08-07T01:25:15.599+0000] {logging_mixin.py:188} INFO - [2026-08-07T01:25:15.599+0000] {dagbag.py:545} INFO - Filling up the DagBag from /opt/airflow/dags/json_to_hdfs_dag.py
[2026-08-07T01:25:15.700+0000] {processor.py:840} INFO - DAG(s) 'json_batch_to_hdfs' retrieved from /opt/airflow/dags/json_to_hdfs_dag.py
[2026-08-07T01:25:15.761+0000] {logging_mixin.py:188} INFO - [2026-08-07T01:25:15.761+0000] {dag.py:3096} INFO - Sync 1 DAGs
[2026-08-07T01:25:15.811+0000] {logging_mixin.py:188} INFO - [2026-08-07T01:25:15.811+0000] {dag.py:3954} INFO - Setting next_dagrun for json_batch_to_hdfs to 2026-08-07 01:25:00+00:00, run_after=2026-08-07 01:30:00+00:00
[2026-08-07T01:25:15.843+0000] {processor.py:183} INFO - Processing /opt/airflow/dags/json_to_hdfs_dag.py took 0.260 seconds
[2026-08-07T01:25:46.064+0000] {processor.py:161} INFO - Started process (PID=780) to work on /opt/airflow/dags/json_to_hdfs_dag.py
[2026-08-07T01:25:46.065+0000] {processor.py:830} INFO - Processing file /opt/airflow/dags/json_to_hdfs_dag.py for tasks to queue
[2026-08-07T01:25:46.067+0000] {logging_mixin.py:188} INFO - [2026-08-07T01:25:46.066+0000] {dagbag.py:545} INFO - Filling up the DagBag from /opt/airflow/dags/json_to_hdfs_dag.py
[2026-08-07T01:25:46.091+0000] {processor.py:840} INFO - DAG(s) 'json_batch_to_hdfs' retrieved from /opt/airflow/dags/json_to_hdfs_dag.py
[2026-08-07T01:25:46.122+0000] {logging_mixin.py:188} INFO - [2026-08-07T01:25:46.121+0000] {dag.py:3096} INFO - Sync 1 DAGs
[2026-08-07T01:25:46.147+0000] {logging_mixin.py:188} INFO - [2026-08-07T01:25:46.147+0000] {dag.py:3954} INFO - Setting next_dagrun for json_batch_to_hdfs to 2026-08-07 01:25:00+00:00, run_after=2026-08-07 01:30:00+00:00
[2026-08-07T01:25:46.171+0000] {processor.py:183} INFO - Processing /opt/airflow/dags/json_to_hdfs_dag.py took 0.113 seconds
[2026-08-07T01:26:16.294+0000] {processor.py:161} INFO - Started process (PID=781) to work on /opt/airflow/dags/json_to_hdfs_dag.py
[2026-08-07T01:26:16.296+0000] {processor.py:830} INFO - Processing file /opt/airflow/dags/json_to_hdfs_dag.py for tasks to queue
[2026-08-07T01:26:16.297+0000] {logging_mixin.py:188} INFO - [2026-08-07T01:26:16.297+0000] {dagbag.py:545} INFO - Filling up the DagBag from /opt/airflow/dags/json_to_hdfs_dag.py
[2026-08-07T01:26:16.318+0000] {processor.py:840} INFO - DAG(s) 'json_batch_to_hdfs' retrieved from /opt/airflow/dags/json_to_hdfs_dag.py
[2026-08-07T01:26:16.363+0000] {logging_mixin.py:188} INFO - [2026-08-07T01:26:16.362+0000] {dag.py:3096} INFO - Sync 1 DAGs
[2026-08-07T01:26:16.387+0000] {logging_mixin.py:188} INFO - [2026-08-07T01:26:16.387+0000] {dag.py:3954} INFO - Setting next_dagrun for json_batch_to_hdfs to 2026-08-07 01:25:00+00:00, run_after=2026-08-07 01:30:00+00:00
[2026-08-07T01:26:16.413+0000] {processor.py:183} INFO - Processing /opt/airflow/dags/json_to_hdfs_dag.py took 0.126 seconds
[2026-08-07T01:26:46.594+0000] {processor.py:161} INFO - Started process (PID=782) to work on /opt/airflow/dags/json_to_hdfs_dag.py
[2026-08-07T01:26:46.596+0000] {processor.py:830} INFO - Processing file /opt/airflow/dags/json_to_hdfs_dag.py for tasks to queue
[2026-08-07T01:26:46.598+0000] {logging_mixin.py:188} INFO - [2026-08-07T01:26:46.598+0000] {dagbag.py:545} INFO - Filling up the DagBag from /opt/airflow/dags/json_to_hdfs_dag.py
[2026-08-07T01:26:46.627+0000] {processor.py:840} INFO - DAG(s) 'json_batch_to_hdfs' retrieved from /opt/airflow/dags/json_to_hdfs_dag.py
[2026-08-07T01:26:46.661+0000] {logging_mixin.py:188} INFO - [2026-08-07T01:26:46.660+0000] {dag.py:3096} INFO - Sync 1 DAGs
[2026-08-07T01:26:46.692+0000] {logging_mixin.py:188} INFO - [2026-08-07T01:26:46.692+0000] {dag.py:3954} INFO - Setting next_dagrun for json_batch_to_hdfs to 2026-08-07 01:25:00+00:00, run_after=2026-08-07 01:30:00+00:00
[2026-08-07T01:26:46.717+0000] {processor.py:183} INFO - Processing /opt/airflow/dags/json_to_hdfs_dag.py took 0.130 seconds
[2026-08-07T01:27:16.802+0000] {processor.py:161} INFO - Started process (PID=783) to work on /opt/airflow/dags/json_to_hdfs_dag.py
[2026-08-07T01:27:16.804+0000] {processor.py:830} INFO - Processing file /opt/airflow/dags/json_to_hdfs_dag.py for tasks to queue
[2026-08-07T01:27:16.806+0000] {logging_mixin.py:188} INFO - [2026-08-07T01:27:16.805+0000] {dagbag.py:545} INFO - Filling up the DagBag from /opt/airflow/dags/json_to_hdfs_dag.py
[2026-08-07T01:27:16.831+0000] {processor.py:840} INFO - DAG(s) 'json_batch_to_hdfs' retrieved from /opt/airflow/dags/json_to_hdfs_dag.py
[2026-08-07T01:27:16.868+0000] {logging_mixin.py:188} INFO - [2026-08-07T01:27:16.867+0000] {dag.py:3096} INFO - Sync 1 DAGs
[2026-08-07T01:27:16.899+0000] {logging_mixin.py:188} INFO - [2026-08-07T01:27:16.899+0000] {dag.py:3954} INFO - Setting next_dagrun for json_batch_to_hdfs to 2026-08-07 01:25:00+00:00, run_after=2026-08-07 01:30:00+00:00
[2026-08-07T01:27:16.922+0000] {processor.py:183} INFO - Processing /opt/airflow/dags/json_to_hdfs_dag.py took 0.125 seconds
[2026-08-07T01:27:47.198+0000] {processor.py:161} INFO - Started process (PID=784) to work on /opt/airflow/dags/json_to_hdfs_dag.py
[2026-08-07T01:27:47.200+0000] {processor.py:830} INFO - Processing file /opt/airflow/dags/json_to_hdfs_dag.py for tasks to queue
[2026-08-07T01:27:47.201+0000] {logging_mixin.py:188} INFO - [2026-08-07T01:27:47.201+0000] {dagbag.py:545} INFO - Filling up the DagBag from /opt/airflow/dags/json_to_hdfs_dag.py
[2026-08-07T01:27:47.237+0000] {processor.py:840} INFO - DAG(s) 'json_batch_to_hdfs' retrieved from /opt/airflow/dags/json_to_hdfs_dag.py
[2026-08-07T01:27:47.274+0000] {logging_mixin.py:188} INFO - [2026-08-07T01:27:47.273+0000] {dag.py:3096} INFO - Sync 1 DAGs
[2026-08-07T01:27:47.304+0000] {logging_mixin.py:188} INFO - [2026-08-07T01:27:47.303+0000] {dag.py:3954} INFO - Setting next_dagrun for json_batch_to_hdfs to 2026-08-07 01:25:00+00:00, run_after=2026-08-07 01:30:00+00:00
[2026-08-07T01:27:47.329+0000] {processor.py:183} INFO - Processing /opt/airflow/dags/json_to_hdfs_dag.py took 0.138 seconds
[2026-08-07T01:28:17.415+0000] {processor.py:161} INFO - Started process (PID=785) to work on /opt/airflow/dags/json_to_hdfs_dag.py
[2026-08-07T01:28:17.417+0000] {processor.py:830} INFO - Processing file /opt/airflow/dags/json_to_hdfs_dag.py for tasks to queue
[2026-08-07T01:28:17.420+0000] {logging_mixin.py:188} INFO - [2026-08-07T01:28:17.419+0000] {dagbag.py:545} INFO - Filling up the DagBag from /opt/airflow/dags/json_to_hdfs_dag.py
[2026-08-07T01:28:17.450+0000] {processor.py:840} INFO - DAG(s) 'json_batch_to_hdfs' retrieved from /opt/airflow/dags/json_to_hdfs_dag.py
[2026-08-07T01:28:17.490+0000] {logging_mixin.py:188} INFO - [2026-08-07T01:28:17.490+0000] {dag.py:3096} INFO - Sync 1 DAGs
[2026-08-07T01:28:17.521+0000] {logging_mixin.py:188} INFO - [2026-08-07T01:28:17.521+0000] {dag.py:3954} INFO - Setting next_dagrun for json_batch_to_hdfs to 2026-08-07 01:25:00+00:00, run_after=2026-08-07 01:30:00+00:00
[2026-08-07T01:28:17.549+0000] {processor.py:183} INFO - Processing /opt/airflow/dags/json_to_hdfs_dag.py took 0.143 seconds
[2026-08-07T01:28:47.722+0000] {processor.py:161} INFO - Started process (PID=786) to work on /opt/airflow/dags/json_to_hdfs_dag.py
[2026-08-07T01:28:47.724+0000] {processor.py:830} INFO - Processing file /opt/airflow/dags/json_to_hdfs_dag.py for tasks to queue
[2026-08-07T01:28:47.727+0000] {logging_mixin.py:188} INFO - [2026-08-07T01:28:47.726+0000] {dagbag.py:545} INFO - Filling up the DagBag from /opt/airflow/dags/json_to_hdfs_dag.py
[2026-08-07T01:28:47.748+0000] {processor.py:840} INFO - DAG(s) 'json_batch_to_hdfs' retrieved from /opt/airflow/dags/json_to_hdfs_dag.py
[2026-08-07T01:28:47.783+0000] {logging_mixin.py:188} INFO - [2026-08-07T01:28:47.783+0000] {dag.py:3096} INFO - Sync 1 DAGs
[2026-08-07T01:28:47.812+0000] {logging_mixin.py:188} INFO - [2026-08-07T01:28:47.811+0000] {dag.py:3954} INFO - Setting next_dagrun for json_batch_to_hdfs to 2026-08-07 01:25:00+00:00, run_after=2026-08-07 01:30:00+00:00
[2026-08-07T01:28:47.836+0000] {processor.py:183} INFO - Processing /opt/airflow/dags/json_to_hdfs_dag.py took 0.120 seconds
[2026-08-07T01:29:17.957+0000] {processor.py:161} INFO - Started process (PID=787) to work on /opt/airflow/dags/json_to_hdfs_dag.py
[2026-08-07T01:29:17.959+0000] {processor.py:830} INFO - Processing file /opt/airflow/dags/json_to_hdfs_dag.py for tasks to queue
[2026-08-07T01:29:17.961+0000] {logging_mixin.py:188} INFO - [2026-08-07T01:29:17.961+0000] {dagbag.py:545} INFO - Filling up the DagBag from /opt/airflow/dags/json_to_hdfs_dag.py
[2026-08-07T01:29:17.983+0000] {processor.py:840} INFO - DAG(s) 'json_batch_to_hdfs' retrieved from /opt/airflow/dags/json_to_hdfs_dag.py
[2026-08-07T01:29:18.018+0000] {logging_mixin.py:188} INFO - [2026-08-07T01:29:18.018+0000] {dag.py:3096} INFO - Sync 1 DAGs
[2026-08-07T01:29:18.047+0000] {logging_mixin.py:188} INFO - [2026-08-07T01:29:18.047+0000] {dag.py:3954} INFO - Setting next_dagrun for json_batch_to_hdfs to 2026-08-07 01:25:00+00:00, run_after=2026-08-07 01:30:00+00:00
[2026-08-07T01:29:18.075+0000] {processor.py:183} INFO - Processing /opt/airflow/dags/json_to_hdfs_dag.py took 0.125 seconds
[2026-08-07T01:29:48.247+0000] {processor.py:161} INFO - Started process (PID=788) to work on /opt/airflow/dags/json_to_hdfs_dag.py
[2026-08-07T01:29:48.249+0000] {processor.py:830} INFO - Processing file /opt/airflow/dags/json_to_hdfs_dag.py for tasks to queue
[2026-08-07T01:29:48.252+0000] {logging_mixin.py:188} INFO - [2026-08-07T01:29:48.251+0000] {dagbag.py:545} INFO - Filling up the DagBag from /opt/airflow/dags/json_to_hdfs_dag.py
[2026-08-07T01:29:48.273+0000] {processor.py:840} INFO - DAG(s) 'json_batch_to_hdfs' retrieved from /opt/airflow/dags/json_to_hdfs_dag.py
[2026-08-07T01:29:48.307+0000] {logging_mixin.py:188} INFO - [2026-08-07T01:29:48.307+0000] {dag.py:3096} INFO - Sync 1 DAGs
[2026-08-07T01:29:48.335+0000] {logging_mixin.py:188} INFO - [2026-08-07T01:29:48.335+0000] {dag.py:3954} INFO - Setting next_dagrun for json_batch_to_hdfs to 2026-08-07 01:25:00+00:00, run_after=2026-08-07 01:30:00+00:00
[2026-08-07T01:29:48.370+0000] {processor.py:183} INFO - Processing /opt/airflow/dags/json_to_hdfs_dag.py took 0.128 seconds
[2026-08-07T01:30:18.496+0000] {processor.py:161} INFO - Started process (PID=798) to work on /opt/airflow/dags/json_to_hdfs_dag.py
[2026-08-07T01:30:18.498+0000] {processor.py:830} INFO - Processing file /opt/airflow/dags/json_to_hdfs_dag.py for tasks to queue
[2026-08-07T01:30:18.500+0000] {logging_mixin.py:188} INFO - [2026-08-07T01:30:18.499+0000] {dagbag.py:545} INFO - Filling up the DagBag from /opt/airflow/dags/json_to_hdfs_dag.py
[2026-08-07T01:30:18.539+0000] {processor.py:840} INFO - DAG(s) 'json_batch_to_hdfs' retrieved from /opt/airflow/dags/json_to_hdfs_dag.py
[2026-08-07T01:30:18.574+0000] {logging_mixin.py:188} INFO - [2026-08-07T01:30:18.574+0000] {dag.py:3096} INFO - Sync 1 DAGs
[2026-08-07T01:30:18.603+0000] {logging_mixin.py:188} INFO - [2026-08-07T01:30:18.602+0000] {dag.py:3954} INFO - Setting next_dagrun for json_batch_to_hdfs to 2026-08-07 01:30:00+00:00, run_after=2026-08-07 01:35:00+00:00
[2026-08-07T01:30:18.629+0000] {processor.py:183} INFO - Processing /opt/airflow/dags/json_to_hdfs_dag.py took 0.140 seconds
[2026-08-07T01:30:48.746+0000] {processor.py:161} INFO - Started process (PID=799) to work on /opt/airflow/dags/json_to_hdfs_dag.py
[2026-08-07T01:30:48.748+0000] {processor.py:830} INFO - Processing file /opt/airflow/dags/json_to_hdfs_dag.py for tasks to queue
[2026-08-07T01:30:48.749+0000] {logging_mixin.py:188} INFO - [2026-08-07T01:30:48.749+0000] {dagbag.py:545} INFO - Filling up the DagBag from /opt/airflow/dags/json_to_hdfs_dag.py
[2026-08-07T01:30:48.768+0000] {processor.py:840} INFO - DAG(s) 'json_batch_to_hdfs' retrieved from /opt/airflow/dags/json_to_hdfs_dag.py
[2026-08-07T01:30:48.797+0000] {logging_mixin.py:188} INFO - [2026-08-07T01:30:48.797+0000] {dag.py:3096} INFO - Sync 1 DAGs
[2026-08-07T01:30:48.821+0000] {logging_mixin.py:188} INFO - [2026-08-07T01:30:48.821+0000] {dag.py:3954} INFO - Setting next_dagrun for json_batch_to_hdfs to 2026-08-07 01:30:00+00:00, run_after=2026-08-07 01:35:00+00:00
[2026-08-07T01:30:48.844+0000] {processor.py:183} INFO - Processing /opt/airflow/dags/json_to_hdfs_dag.py took 0.103 seconds
[2026-08-07T01:31:19.034+0000] {processor.py:161} INFO - Started process (PID=800) to work on /opt/airflow/dags/json_to_hdfs_dag.py
[2026-08-07T01:31:19.036+0000] {processor.py:830} INFO - Processing file /opt/airflow/dags/json_to_hdfs_dag.py for tasks to queue
[2026-08-07T01:31:19.037+0000] {logging_mixin.py:188} INFO - [2026-08-07T01:31:19.037+0000] {dagbag.py:545} INFO - Filling up the DagBag from /opt/airflow/dags/json_to_hdfs_dag.py
[2026-08-07T01:31:19.061+0000] {processor.py:840} INFO - DAG(s) 'json_batch_to_hdfs' retrieved from /opt/airflow/dags/json_to_hdfs_dag.py
[2026-08-07T01:31:19.094+0000] {logging_mixin.py:188} INFO - [2026-08-07T01:31:19.094+0000] {dag.py:3096} INFO - Sync 1 DAGs
[2026-08-07T01:31:19.121+0000] {logging_mixin.py:188} INFO - [2026-08-07T01:31:19.121+0000] {dag.py:3954} INFO - Setting next_dagrun for json_batch_to_hdfs to 2026-08-07 01:30:00+00:00, run_after=2026-08-07 01:35:00+00:00
[2026-08-07T01:31:19.150+0000] {processor.py:183} INFO - Processing /opt/airflow/dags/json_to_hdfs_dag.py took 0.121 seconds
[2026-08-07T01:31:49.241+0000] {processor.py:161} INFO - Started process (PID=801) to work on /opt/airflow/dags/json_to_hdfs_dag.py
[2026-08-07T01:31:49.243+0000] {processor.py:830} INFO - Processing file /opt/airflow/dags/json_to_hdfs_dag.py for tasks to queue
[2026-08-07T01:31:49.245+0000] {logging_mixin.py:188} INFO - [2026-08-07T01:31:49.245+0000] {dagbag.py:545} INFO - Filling up the DagBag from /opt/airflow/dags/json_to_hdfs_dag.py
[2026-08-07T01:31:49.267+0000] {processor.py:840} INFO - DAG(s) 'json_batch_to_hdfs' retrieved from /opt/airflow/dags/json_to_hdfs_dag.py
[2026-08-07T01:31:49.300+0000] {logging_mixin.py:188} INFO - [2026-08-07T01:31:49.300+0000] {dag.py:3096} INFO - Sync 1 DAGs
[2026-08-07T01:31:49.327+0000] {logging_mixin.py:188} INFO - [2026-08-07T01:31:49.326+0000] {dag.py:3954} INFO - Setting next_dagrun for json_batch_to_hdfs to 2026-08-07 01:30:00+00:00, run_after=2026-08-07 01:35:00+00:00
[2026-08-07T01:31:49.352+0000] {processor.py:183} INFO - Processing /opt/airflow/dags/json_to_hdfs_dag.py took 0.117 seconds
[2026-08-07T01:32:19.614+0000] {processor.py:161} INFO - Started process (PID=802) to work on /opt/airflow/dags/json_to_hdfs_dag.py
[2026-08-07T01:32:19.616+0000] {processor.py:830} INFO - Processing file /opt/airflow/dags/json_to_hdfs_dag.py for tasks to queue
[2026-08-07T01:32:19.617+0000] {logging_mixin.py:188} INFO - [2026-08-07T01:32:19.617+0000] {dagbag.py:545} INFO - Filling up the DagBag from /opt/airflow/dags/json_to_hdfs_dag.py
[2026-08-07T01:32:19.636+0000] {processor.py:840} INFO - DAG(s) 'json_batch_to_hdfs' retrieved from /opt/airflow/dags/json_to_hdfs_dag.py
[2026-08-07T01:32:19.666+0000] {logging_mixin.py:188} INFO - [2026-08-07T01:32:19.665+0000] {dag.py:3096} INFO - Sync 1 DAGs
[2026-08-07T01:32:19.690+0000] {logging_mixin.py:188} INFO - [2026-08-07T01:32:19.690+0000] {dag.py:3954} INFO - Setting next_dagrun for json_batch_to_hdfs to 2026-08-07 01:30:00+00:00, run_after=2026-08-07 01:35:00+00:00
[2026-08-07T01:32:19.719+0000] {processor.py:183} INFO - Processing /opt/airflow/dags/json_to_hdfs_dag.py took 0.110 seconds
[2026-08-07T01:32:49.827+0000] {processor.py:161} INFO - Started process (PID=803) to work on /opt/airflow/dags/json_to_hdfs_dag.py
[2026-08-07T01:32:49.829+0000] {processor.py:830} INFO - Processing file /opt/airflow/dags/json_to_hdfs_dag.py for tasks to queue
[2026-08-07T01:32:49.830+0000] {logging_mixin.py:188} INFO - [2026-08-07T01:32:49.830+0000] {dagbag.py:545} INFO - Filling up the DagBag from /opt/airflow/dags/json_to_hdfs_dag.py
[2026-08-07T01:32:49.850+0000] {processor.py:840} INFO - DAG(s) 'json_batch_to_hdfs' retrieved from /opt/airflow/dags/json_to_hdfs_dag.py
[2026-08-07T01:32:49.882+0000] {logging_mixin.py:188} INFO - [2026-08-07T01:32:49.881+0000] {dag.py:3096} INFO - Sync 1 DAGs
[2026-08-07T01:32:49.908+0000] {logging_mixin.py:188} INFO - [2026-08-07T01:32:49.908+0000] {dag.py:3954} INFO - Setting next_dagrun for json_batch_to_hdfs to 2026-08-07 01:30:00+00:00, run_after=2026-08-07 01:35:00+00:00
[2026-08-07T01:32:49.938+0000] {processor.py:183} INFO - Processing /opt/airflow/dags/json_to_hdfs_dag.py took 0.116 seconds
[2026-08-07T01:33:20.130+0000] {processor.py:161} INFO - Started process (PID=804) to work on /opt/airflow/dags/json_to_hdfs_dag.py
[2026-08-07T01:33:20.133+0000] {processor.py:830} INFO - Processing file /opt/airflow/dags/json_to_hdfs_dag.py for tasks to queue
[2026-08-07T01:33:20.136+0000] {logging_mixin.py:188} INFO - [2026-08-07T01:33:20.135+0000] {dagbag.py:545} INFO - Filling up the DagBag from /opt/airflow/dags/json_to_hdfs_dag.py
[2026-08-07T01:33:20.164+0000] {processor.py:840} INFO - DAG(s) 'json_batch_to_hdfs' retrieved from /opt/airflow/dags/json_to_hdfs_dag.py
[2026-08-07T01:33:20.206+0000] {logging_mixin.py:188} INFO - [2026-08-07T01:33:20.206+0000] {dag.py:3096} INFO - Sync 1 DAGs
[2026-08-07T01:33:20.239+0000] {logging_mixin.py:188} INFO - [2026-08-07T01:33:20.239+0000] {dag.py:3954} INFO - Setting next_dagrun for json_batch_to_hdfs to 2026-08-07 01:30:00+00:00, run_after=2026-08-07 01:35:00+00:00
[2026-08-07T01:33:20.266+0000] {processor.py:183} INFO - Processing /opt/airflow/dags/json_to_hdfs_dag.py took 0.151 seconds
[2026-08-07T01:33:50.348+0000] {processor.py:161} INFO - Started process (PID=805) to work on /opt/airflow/dags/json_to_hdfs_dag.py
[2026-08-07T01:33:50.351+0000] {processor.py:830} INFO - Processing file /opt/airflow/dags/json_to_hdfs_dag.py for tasks to queue
[2026-08-07T01:33:50.353+0000] {logging_mixin.py:188} INFO - [2026-08-07T01:33:50.352+0000] {dagbag.py:545} INFO - Filling up the DagBag from /opt/airflow/dags/json_to_hdfs_dag.py
[2026-08-07T01:33:50.380+0000] {processor.py:840} INFO - DAG(s) 'json_batch_to_hdfs' retrieved from /opt/airflow/dags/json_to_hdfs_dag.py
[2026-08-07T01:33:50.427+0000] {logging_mixin.py:188} INFO - [2026-08-07T01:33:50.427+0000] {dag.py:3096} INFO - Sync 1 DAGs
[2026-08-07T01:33:50.456+0000] {logging_mixin.py:188} INFO - [2026-08-07T01:33:50.456+0000] {dag.py:3954} INFO - Setting next_dagrun for json_batch_to_hdfs to 2026-08-07 01:30:00+00:00, run_after=2026-08-07 01:35:00+00:00
[2026-08-07T01:33:50.487+0000] {processor.py:183} INFO - Processing /opt/airflow/dags/json_to_hdfs_dag.py took 0.146 seconds
[2026-08-07T01:34:20.668+0000] {processor.py:161} INFO - Started process (PID=806) to work on /opt/airflow/dags/json_to_hdfs_dag.py
[2026-08-07T01:34:20.669+0000] {processor.py:830} INFO - Processing file /opt/airflow/dags/json_to_hdfs_dag.py for tasks to queue
[2026-08-07T01:34:20.671+0000] {logging_mixin.py:188} INFO - [2026-08-07T01:34:20.671+0000] {dagbag.py:545} INFO - Filling up the DagBag from /opt/airflow/dags/json_to_hdfs_dag.py
[2026-08-07T01:34:20.689+0000] {processor.py:840} INFO - DAG(s) 'json_batch_to_hdfs' retrieved from /opt/airflow/dags/json_to_hdfs_dag.py
[2026-08-07T01:34:20.724+0000] {logging_mixin.py:188} INFO - [2026-08-07T01:34:20.724+0000] {dag.py:3096} INFO - Sync 1 DAGs
[2026-08-07T01:34:20.751+0000] {logging_mixin.py:188} INFO - [2026-08-07T01:34:20.751+0000] {dag.py:3954} INFO - Setting next_dagrun for json_batch_to_hdfs to 2026-08-07 01:30:00+00:00, run_after=2026-08-07 01:35:00+00:00
[2026-08-07T01:34:20.774+0000] {processor.py:183} INFO - Processing /opt/airflow/dags/json_to_hdfs_dag.py took 0.110 seconds
[2026-08-07T01:34:50.896+0000] {processor.py:161} INFO - Started process (PID=807) to work on /opt/airflow/dags/json_to_hdfs_dag.py
[2026-08-07T01:34:50.898+0000] {processor.py:830} INFO - Processing file /opt/airflow/dags/json_to_hdfs_dag.py for tasks to queue
[2026-08-07T01:34:50.900+0000] {logging_mixin.py:188} INFO - [2026-08-07T01:34:50.899+0000] {dagbag.py:545} INFO - Filling up the DagBag from /opt/airflow/dags/json_to_hdfs_dag.py
[2026-08-07T01:34:50.921+0000] {processor.py:840} INFO - DAG(s) 'json_batch_to_hdfs' retrieved from /opt/airflow/dags/json_to_hdfs_dag.py
[2026-08-07T01:34:50.951+0000] {logging_mixin.py:188} INFO - [2026-08-07T01:34:50.951+0000] {dag.py:3096} INFO - Sync 1 DAGs
[2026-08-07T01:34:50.976+0000] {logging_mixin.py:188} INFO - [2026-08-07T01:34:50.976+0000] {dag.py:3954} INFO - Setting next_dagrun for json_batch_to_hdfs to 2026-08-07 01:30:00+00:00, run_after=2026-08-07 01:35:00+00:00
[2026-08-07T01:34:51.002+0000] {processor.py:183} INFO - Processing /opt/airflow/dags/json_to_hdfs_dag.py took 0.112 seconds
[2026-08-07T01:35:21.285+0000] {processor.py:161} INFO - Started process (PID=817) to work on /opt/airflow/dags/json_to_hdfs_dag.py
[2026-08-07T01:35:21.287+0000] {processor.py:830} INFO - Processing file /opt/airflow/dags/json_to_hdfs_dag.py for tasks to queue
[2026-08-07T01:35:21.288+0000] {logging_mixin.py:188} INFO - [2026-08-07T01:35:21.288+0000] {dagbag.py:545} INFO - Filling up the DagBag from /opt/airflow/dags/json_to_hdfs_dag.py
[2026-08-07T01:35:21.312+0000] {processor.py:840} INFO - DAG(s) 'json_batch_to_hdfs' retrieved from /opt/airflow/dags/json_to_hdfs_dag.py
[2026-08-07T01:35:21.344+0000] {logging_mixin.py:188} INFO - [2026-08-07T01:35:21.344+0000] {dag.py:3096} INFO - Sync 1 DAGs
[2026-08-07T01:35:21.373+0000] {logging_mixin.py:188} INFO - [2026-08-07T01:35:21.372+0000] {dag.py:3954} INFO - Setting next_dagrun for json_batch_to_hdfs to 2026-08-07 01:35:00+00:00, run_after=2026-08-07 01:40:00+00:00
[2026-08-07T01:35:21.444+0000] {processor.py:183} INFO - Processing /opt/airflow/dags/json_to_hdfs_dag.py took 0.166 seconds
[2026-08-07T01:35:51.514+0000] {processor.py:161} INFO - Started process (PID=818) to work on /opt/airflow/dags/json_to_hdfs_dag.py
[2026-08-07T01:35:51.517+0000] {processor.py:830} INFO - Processing file /opt/airflow/dags/json_to_hdfs_dag.py for tasks to queue
[2026-08-07T01:35:51.519+0000] {logging_mixin.py:188} INFO - [2026-08-07T01:35:51.519+0000] {dagbag.py:545} INFO - Filling up the DagBag from /opt/airflow/dags/json_to_hdfs_dag.py
[2026-08-07T01:35:51.545+0000] {processor.py:840} INFO - DAG(s) 'json_batch_to_hdfs' retrieved from /opt/airflow/dags/json_to_hdfs_dag.py
[2026-08-07T01:35:51.587+0000] {logging_mixin.py:188} INFO - [2026-08-07T01:35:51.587+0000] {dag.py:3096} INFO - Sync 1 DAGs
[2026-08-07T01:35:51.619+0000] {logging_mixin.py:188} INFO - [2026-08-07T01:35:51.619+0000] {dag.py:3954} INFO - Setting next_dagrun for json_batch_to_hdfs to 2026-08-07 01:35:00+00:00, run_after=2026-08-07 01:40:00+00:00
[2026-08-07T01:35:51.670+0000] {processor.py:183} INFO - Processing /opt/airflow/dags/json_to_hdfs_dag.py took 0.163 seconds
[2026-08-07T01:36:21.872+0000] {processor.py:161} INFO - Started process (PID=819) to work on /opt/airflow/dags/json_to_hdfs_dag.py
[2026-08-07T01:36:21.873+0000] {processor.py:830} INFO - Processing file /opt/airflow/dags/json_to_hdfs_dag.py for tasks to queue
[2026-08-07T01:36:21.875+0000] {logging_mixin.py:188} INFO - [2026-08-07T01:36:21.875+0000] {dagbag.py:545} INFO - Filling up the DagBag from /opt/airflow/dags/json_to_hdfs_dag.py
[2026-08-07T01:36:21.897+0000] {processor.py:840} INFO - DAG(s) 'json_batch_to_hdfs' retrieved from /opt/airflow/dags/json_to_hdfs_dag.py
[2026-08-07T01:36:21.941+0000] {logging_mixin.py:188} INFO - [2026-08-07T01:36:21.941+0000] {dag.py:3096} INFO - Sync 1 DAGs
[2026-08-07T01:36:21.972+0000] {logging_mixin.py:188} INFO - [2026-08-07T01:36:21.971+0000] {dag.py:3954} INFO - Setting next_dagrun for json_batch_to_hdfs to 2026-08-07 01:35:00+00:00, run_after=2026-08-07 01:40:00+00:00
[2026-08-07T01:36:21.997+0000] {processor.py:183} INFO - Processing /opt/airflow/dags/json_to_hdfs_dag.py took 0.131 seconds
[2026-08-07T01:36:52.131+0000] {processor.py:161} INFO - Started process (PID=820) to work on /opt/airflow/dags/json_to_hdfs_dag.py
[2026-08-07T01:36:52.133+0000] {processor.py:830} INFO - Processing file /opt/airflow/dags/json_to_hdfs_dag.py for tasks to queue
[2026-08-07T01:36:52.135+0000] {logging_mixin.py:188} INFO - [2026-08-07T01:36:52.134+0000] {dagbag.py:545} INFO - Filling up the DagBag from /opt/airflow/dags/json_to_hdfs_dag.py
[2026-08-07T01:36:52.156+0000] {processor.py:840} INFO - DAG(s) 'json_batch_to_hdfs' retrieved from /opt/airflow/dags/json_to_hdfs_dag.py
[2026-08-07T01:36:52.188+0000] {logging_mixin.py:188} INFO - [2026-08-07T01:36:52.188+0000] {dag.py:3096} INFO - Sync 1 DAGs
[2026-08-07T01:36:52.215+0000] {logging_mixin.py:188} INFO - [2026-08-07T01:36:52.214+0000] {dag.py:3954} INFO - Setting next_dagrun for json_batch_to_hdfs to 2026-08-07 01:35:00+00:00, run_after=2026-08-07 01:40:00+00:00
[2026-08-07T01:36:52.253+0000] {processor.py:183} INFO - Processing /opt/airflow/dags/json_to_hdfs_dag.py took 0.128 seconds
[2026-08-07T01:37:22.482+0000] {processor.py:161} INFO - Started process (PID=821) to work on /opt/airflow/dags/json_to_hdfs_dag.py
[2026-08-07T01:37:22.484+0000] {processor.py:830} INFO - Processing file /opt/airflow/dags/json_to_hdfs_dag.py for tasks to queue
[2026-08-07T01:37:22.485+0000] {logging_mixin.py:188} INFO - [2026-08-07T01:37:22.485+0000] {dagbag.py:545} INFO - Filling up the DagBag from /opt/airflow/dags/json_to_hdfs_dag.py
[2026-08-07T01:37:22.506+0000] {processor.py:840} INFO - DAG(s) 'json_batch_to_hdfs' retrieved from /opt/airflow/dags/json_to_hdfs_dag.py
[2026-08-07T01:37:22.536+0000] {logging_mixin.py:188} INFO - [2026-08-07T01:37:22.535+0000] {dag.py:3096} INFO - Sync 1 DAGs
[2026-08-07T01:37:22.563+0000] {logging_mixin.py:188} INFO - [2026-08-07T01:37:22.563+0000] {dag.py:3954} INFO - Setting next_dagrun for json_batch_to_hdfs to 2026-08-07 01:35:00+00:00, run_after=2026-08-07 01:40:00+00:00
[2026-08-07T01:37:22.598+0000] {processor.py:183} INFO - Processing /opt/airflow/dags/json_to_hdfs_dag.py took 0.121 seconds
[2026-08-07T01:37:52.688+0000] {processor.py:161} INFO - Started process (PID=822) to work on /opt/airflow/dags/json_to_hdfs_dag.py
[2026-08-07T01:37:52.690+0000] {processor.py:830} INFO - Processing file /opt/airflow/dags/json_to_hdfs_dag.py for tasks to queue
[2026-08-07T01:37:52.691+0000] {logging_mixin.py:188} INFO - [2026-08-07T01:37:52.691+0000] {dagbag.py:545} INFO - Filling up the DagBag from /opt/airflow/dags/json_to_hdfs_dag.py
[2026-08-07T01:37:52.714+0000] {processor.py:840} INFO - DAG(s) 'json_batch_to_hdfs' retrieved from /opt/airflow/dags/json_to_hdfs_dag.py
[2026-08-07T01:37:52.749+0000] {logging_mixin.py:188} INFO - [2026-08-07T01:37:52.748+0000] {dag.py:3096} INFO - Sync 1 DAGs
[2026-08-07T01:37:52.781+0000] {logging_mixin.py:188} INFO - [2026-08-07T01:37:52.780+0000] {dag.py:3954} INFO - Setting next_dagrun for json_batch_to_hdfs to 2026-08-07 01:35:00+00:00, run_after=2026-08-07 01:40:00+00:00
[2026-08-07T01:37:52.809+0000] {processor.py:183} INFO - Processing /opt/airflow/dags/json_to_hdfs_dag.py took 0.128 seconds
[2026-08-07T01:38:23.022+0000] {processor.py:161} INFO - Started process (PID=823) to work on /opt/airflow/dags/json_to_hdfs_dag.py
[2026-08-07T01:38:23.024+0000] {processor.py:830} INFO - Processing file /opt/airflow/dags/json_to_hdfs_dag.py for tasks to queue
[2026-08-07T01:38:23.027+0000] {logging_mixin.py:188} INFO - [2026-08-07T01:38:23.026+0000] {dagbag.py:545} INFO - Filling up the DagBag from /opt/airflow/dags/json_to_hdfs_dag.py
[2026-08-07T01:38:23.071+0000] {processor.py:840} INFO - DAG(s) 'json_batch_to_hdfs' retrieved from /opt/airflow/dags/json_to_hdfs_dag.py
[2026-08-07T01:38:23.132+0000] {logging_mixin.py:188} INFO - [2026-08-07T01:38:23.132+0000] {dag.py:3096} INFO - Sync 1 DAGs
[2026-08-07T01:38:23.166+0000] {logging_mixin.py:188} INFO - [2026-08-07T01:38:23.166+0000] {dag.py:3954} INFO - Setting next_dagrun for json_batch_to_hdfs to 2026-08-07 01:35:00+00:00, run_after=2026-08-07 01:40:00+00:00
[2026-08-07T01:38:23.192+0000] {processor.py:183} INFO - Processing /opt/airflow/dags/json_to_hdfs_dag.py took 0.178 seconds
[2026-08-07T01:38:53.397+0000] {processor.py:161} INFO - Started process (PID=824) to work on /opt/airflow/dags/json_to_hdfs_dag.py
[2026-08-07T01:38:53.399+0000] {processor.py:830} INFO - Processing file /opt/airflow/dags/json_to_hdfs_dag.py for tasks to queue
[2026-08-07T01:38:53.401+0000] {logging_mixin.py:188} INFO - [2026-08-07T01:38:53.400+0000] {dagbag.py:545} INFO - Filling up the DagBag from /opt/airflow/dags/json_to_hdfs_dag.py
[2026-08-07T01:38:53.441+0000] {processor.py:840} INFO - DAG(s) 'json_batch_to_hdfs' retrieved from /opt/airflow/dags/json_to_hdfs_dag.py
[2026-08-07T01:38:53.495+0000] {logging_mixin.py:188} INFO - [2026-08-07T01:38:53.494+0000] {dag.py:3096} INFO - Sync 1 DAGs
[2026-08-07T01:38:53.563+0000] {logging_mixin.py:188} INFO - [2026-08-07T01:38:53.562+0000] {dag.py:3954} INFO - Setting next_dagrun for json_batch_to_hdfs to 2026-08-07 01:35:00+00:00, run_after=2026-08-07 01:40:00+00:00
[2026-08-07T01:38:53.593+0000] {processor.py:183} INFO - Processing /opt/airflow/dags/json_to_hdfs_dag.py took 0.202 seconds
[2026-08-07T01:39:23.827+0000] {processor.py:161} INFO - Started process (PID=825) to work on /opt/airflow/dags/json_to_hdfs_dag.py
[2026-08-07T01:39:23.829+0000] {processor.py:830} INFO - Processing file /opt/airflow/dags/json_to_hdfs_dag.py for tasks to queue
[2026-08-07T01:39:23.830+0000] {logging_mixin.py:188} INFO - [2026-08-07T01:39:23.830+0000] {dagbag.py:545} INFO - Filling up the DagBag from /opt/airflow/dags/json_to_hdfs_dag.py
[2026-08-07T01:39:23.852+0000] {processor.py:840} INFO - DAG(s) 'json_batch_to_hdfs' retrieved from /opt/airflow/dags/json_to_hdfs_dag.py
[2026-08-07T01:39:23.885+0000] {logging_mixin.py:188} INFO - [2026-08-07T01:39:23.884+0000] {dag.py:3096} INFO - Sync 1 DAGs
[2026-08-07T01:39:23.911+0000] {logging_mixin.py:188} INFO - [2026-08-07T01:39:23.911+0000] {dag.py:3954} INFO - Setting next_dagrun for json_batch_to_hdfs to 2026-08-07 01:35:00+00:00, run_after=2026-08-07 01:40:00+00:00
[2026-08-07T01:39:23.937+0000] {processor.py:183} INFO - Processing /opt/airflow/dags/json_to_hdfs_dag.py took 0.118 seconds
[2026-08-07T01:39:54.038+0000] {processor.py:161} INFO - Started process (PID=826) to work on /opt/airflow/dags/json_to_hdfs_dag.py
[2026-08-07T01:39:54.039+0000] {processor.py:830} INFO - Processing file /opt/airflow/dags/json_to_hdfs_dag.py for tasks to queue
[2026-08-07T01:39:54.041+0000] {logging_mixin.py:188} INFO - [2026-08-07T01:39:54.040+0000] {dagbag.py:545} INFO - Filling up the DagBag from /opt/airflow/dags/json_to_hdfs_dag.py
[2026-08-07T01:39:54.062+0000] {processor.py:840} INFO - DAG(s) 'json_batch_to_hdfs' retrieved from /opt/airflow/dags/json_to_hdfs_dag.py
[2026-08-07T01:39:54.094+0000] {logging_mixin.py:188} INFO - [2026-08-07T01:39:54.094+0000] {dag.py:3096} INFO - Sync 1 DAGs
[2026-08-07T01:39:54.121+0000] {logging_mixin.py:188} INFO - [2026-08-07T01:39:54.121+0000] {dag.py:3954} INFO - Setting next_dagrun for json_batch_to_hdfs to 2026-08-07 01:35:00+00:00, run_after=2026-08-07 01:40:00+00:00
[2026-08-07T01:39:54.161+0000] {processor.py:183} INFO - Processing /opt/airflow/dags/json_to_hdfs_dag.py took 0.129 seconds
[2026-08-07T01:40:24.355+0000] {processor.py:161} INFO - Started process (PID=836) to work on /opt/airflow/dags/json_to_hdfs_dag.py
[2026-08-07T01:40:24.356+0000] {processor.py:830} INFO - Processing file /opt/airflow/dags/json_to_hdfs_dag.py for tasks to queue
[2026-08-07T01:40:24.358+0000] {logging_mixin.py:188} INFO - [2026-08-07T01:40:24.358+0000] {dagbag.py:545} INFO - Filling up the DagBag from /opt/airflow/dags/json_to_hdfs_dag.py
[2026-08-07T01:40:24.383+0000] {processor.py:840} INFO - DAG(s) 'json_batch_to_hdfs' retrieved from /opt/airflow/dags/json_to_hdfs_dag.py
[2026-08-07T01:40:24.420+0000] {logging_mixin.py:188} INFO - [2026-08-07T01:40:24.420+0000] {dag.py:3096} INFO - Sync 1 DAGs
[2026-08-07T01:40:24.453+0000] {logging_mixin.py:188} INFO - [2026-08-07T01:40:24.453+0000] {dag.py:3954} INFO - Setting next_dagrun for json_batch_to_hdfs to 2026-08-07 01:40:00+00:00, run_after=2026-08-07 01:45:00+00:00
[2026-08-07T01:40:24.482+0000] {processor.py:183} INFO - Processing /opt/airflow/dags/json_to_hdfs_dag.py took 0.136 seconds
[2026-08-07T01:40:54.585+0000] {processor.py:161} INFO - Started process (PID=837) to work on /opt/airflow/dags/json_to_hdfs_dag.py
[2026-08-07T01:40:54.587+0000] {processor.py:830} INFO - Processing file /opt/airflow/dags/json_to_hdfs_dag.py for tasks to queue
[2026-08-07T01:40:54.589+0000] {logging_mixin.py:188} INFO - [2026-08-07T01:40:54.589+0000] {dagbag.py:545} INFO - Filling up the DagBag from /opt/airflow/dags/json_to_hdfs_dag.py
[2026-08-07T01:40:54.612+0000] {processor.py:840} INFO - DAG(s) 'json_batch_to_hdfs' retrieved from /opt/airflow/dags/json_to_hdfs_dag.py
[2026-08-07T01:40:54.642+0000] {logging_mixin.py:188} INFO - [2026-08-07T01:40:54.642+0000] {dag.py:3096} INFO - Sync 1 DAGs
[2026-08-07T01:40:54.666+0000] {logging_mixin.py:188} INFO - [2026-08-07T01:40:54.666+0000] {dag.py:3954} INFO - Setting next_dagrun for json_batch_to_hdfs to 2026-08-07 01:40:00+00:00, run_after=2026-08-07 01:45:00+00:00
[2026-08-07T01:40:54.691+0000] {processor.py:183} INFO - Processing /opt/airflow/dags/json_to_hdfs_dag.py took 0.111 seconds
[2026-08-07T01:41:24.914+0000] {processor.py:161} INFO - Started process (PID=838) to work on /opt/airflow/dags/json_to_hdfs_dag.py
[2026-08-07T01:41:24.916+0000] {processor.py:830} INFO - Processing file /opt/airflow/dags/json_to_hdfs_dag.py for tasks to queue
[2026-08-07T01:41:24.918+0000] {logging_mixin.py:188} INFO - [2026-08-07T01:41:24.917+0000] {dagbag.py:545} INFO - Filling up the DagBag from /opt/airflow/dags/json_to_hdfs_dag.py
[2026-08-07T01:41:24.942+0000] {processor.py:840} INFO - DAG(s) 'json_batch_to_hdfs' retrieved from /opt/airflow/dags/json_to_hdfs_dag.py
[2026-08-07T01:41:24.974+0000] {logging_mixin.py:188} INFO - [2026-08-07T01:41:24.973+0000] {dag.py:3096} INFO - Sync 1 DAGs
[2026-08-07T01:41:24.999+0000] {logging_mixin.py:188} INFO - [2026-08-07T01:41:24.999+0000] {dag.py:3954} INFO - Setting next_dagrun for json_batch_to_hdfs to 2026-08-07 01:40:00+00:00, run_after=2026-08-07 01:45:00+00:00
[2026-08-07T01:41:25.025+0000] {processor.py:183} INFO - Processing /opt/airflow/dags/json_to_hdfs_dag.py took 0.116 seconds
[2026-08-07T01:41:55.156+0000] {processor.py:161} INFO - Started process (PID=839) to work on /opt/airflow/dags/json_to_hdfs_dag.py
[2026-08-07T01:41:55.158+0000] {processor.py:830} INFO - Processing file /opt/airflow/dags/json_to_hdfs_dag.py for tasks to queue
[2026-08-07T01:41:55.160+0000] {logging_mixin.py:188} INFO - [2026-08-07T01:41:55.159+0000] {dagbag.py:545} INFO - Filling up the DagBag from /opt/airflow/dags/json_to_hdfs_dag.py
[2026-08-07T01:41:55.180+0000] {processor.py:840} INFO - DAG(s) 'json_batch_to_hdfs' retrieved from /opt/airflow/dags/json_to_hdfs_dag.py
[2026-08-07T01:41:55.210+0000] {logging_mixin.py:188} INFO - [2026-08-07T01:41:55.210+0000] {dag.py:3096} INFO - Sync 1 DAGs
[2026-08-07T01:41:55.235+0000] {logging_mixin.py:188} INFO - [2026-08-07T01:41:55.235+0000] {dag.py:3954} INFO - Setting next_dagrun for json_batch_to_hdfs to 2026-08-07 01:40:00+00:00, run_after=2026-08-07 01:45:00+00:00
[2026-08-07T01:41:55.260+0000] {processor.py:183} INFO - Processing /opt/airflow/dags/json_to_hdfs_dag.py took 0.109 seconds
[2026-08-07T01:42:25.374+0000] {processor.py:161} INFO - Started process (PID=840) to work on /opt/airflow/dags/json_to_hdfs_dag.py
[2026-08-07T01:42:25.375+0000] {processor.py:830} INFO - Processing file /opt/airflow/dags/json_to_hdfs_dag.py for tasks to queue
[2026-08-07T01:42:25.377+0000] {logging_mixin.py:188} INFO - [2026-08-07T01:42:25.376+0000] {dagbag.py:545} INFO - Filling up the DagBag from /opt/airflow/dags/json_to_hdfs_dag.py
[2026-08-07T01:42:25.397+0000] {processor.py:840} INFO - DAG(s) 'json_batch_to_hdfs' retrieved from /opt/airflow/dags/json_to_hdfs_dag.py
[2026-08-07T01:42:25.431+0000] {logging_mixin.py:188} INFO - [2026-08-07T01:42:25.431+0000] {dag.py:3096} INFO - Sync 1 DAGs
[2026-08-07T01:42:25.461+0000] {logging_mixin.py:188} INFO - [2026-08-07T01:42:25.461+0000] {dag.py:3954} INFO - Setting next_dagrun for json_batch_to_hdfs to 2026-08-07 01:40:00+00:00, run_after=2026-08-07 01:45:00+00:00
[2026-08-07T01:42:25.490+0000] {processor.py:183} INFO - Processing /opt/airflow/dags/json_to_hdfs_dag.py took 0.123 seconds
[2026-08-07T01:42:55.754+0000] {processor.py:161} INFO - Started process (PID=841) to work on /opt/airflow/dags/json_to_hdfs_dag.py
[2026-08-07T01:42:55.755+0000] {processor.py:830} INFO - Processing file /opt/airflow/dags/json_to_hdfs_dag.py for tasks to queue
[2026-08-07T01:42:55.757+0000] {logging_mixin.py:188} INFO - [2026-08-07T01:42:55.757+0000] {dagbag.py:545} INFO - Filling up the DagBag from /opt/airflow/dags/json_to_hdfs_dag.py
[2026-08-07T01:42:55.777+0000] {processor.py:840} INFO - DAG(s) 'json_batch_to_hdfs' retrieved from /opt/airflow/dags/json_to_hdfs_dag.py
[2026-08-07T01:42:55.808+0000] {logging_mixin.py:188} INFO - [2026-08-07T01:42:55.808+0000] {dag.py:3096} INFO - Sync 1 DAGs
[2026-08-07T01:42:55.839+0000] {logging_mixin.py:188} INFO - [2026-08-07T01:42:55.838+0000] {dag.py:3954} INFO - Setting next_dagrun for json_batch_to_hdfs to 2026-08-07 01:40:00+00:00, run_after=2026-08-07 01:45:00+00:00
[2026-08-07T01:42:55.870+0000] {processor.py:183} INFO - Processing /opt/airflow/dags/json_to_hdfs_dag.py took 0.121 seconds
[2026-08-07T01:43:25.973+0000] {processor.py:161} INFO - Started process (PID=842) to work on /opt/airflow/dags/json_to_hdfs_dag.py
[2026-08-07T01:43:25.974+0000] {processor.py:830} INFO - Processing file /opt/airflow/dags/json_to_hdfs_dag.py for tasks to queue
[2026-08-07T01:43:25.976+0000] {logging_mixin.py:188} INFO - [2026-08-07T01:43:25.976+0000] {dagbag.py:545} INFO - Filling up the DagBag from /opt/airflow/dags/json_to_hdfs_dag.py
[2026-08-07T01:43:25.995+0000] {processor.py:840} INFO - DAG(s) 'json_batch_to_hdfs' retrieved from /opt/airflow/dags/json_to_hdfs_dag.py
[2026-08-07T01:43:26.025+0000] {logging_mixin.py:188} INFO - [2026-08-07T01:43:26.025+0000] {dag.py:3096} INFO - Sync 1 DAGs
[2026-08-07T01:43:26.050+0000] {logging_mixin.py:188} INFO - [2026-08-07T01:43:26.050+0000] {dag.py:3954} INFO - Setting next_dagrun for json_batch_to_hdfs to 2026-08-07 01:40:00+00:00, run_after=2026-08-07 01:45:00+00:00
[2026-08-07T01:43:26.076+0000] {processor.py:183} INFO - Processing /opt/airflow/dags/json_to_hdfs_dag.py took 0.109 seconds
[2026-08-07T01:43:56.301+0000] {processor.py:161} INFO - Started process (PID=843) to work on /opt/airflow/dags/json_to_hdfs_dag.py
[2026-08-07T01:43:56.302+0000] {processor.py:830} INFO - Processing file /opt/airflow/dags/json_to_hdfs_dag.py for tasks to queue
[2026-08-07T01:43:56.304+0000] {logging_mixin.py:188} INFO - [2026-08-07T01:43:56.304+0000] {dagbag.py:545} INFO - Filling up the DagBag from /opt/airflow/dags/json_to_hdfs_dag.py
[2026-08-07T01:43:56.328+0000] {processor.py:840} INFO - DAG(s) 'json_batch_to_hdfs' retrieved from /opt/airflow/dags/json_to_hdfs_dag.py
[2026-08-07T01:43:56.360+0000] {logging_mixin.py:188} INFO - [2026-08-07T01:43:56.359+0000] {dag.py:3096} INFO - Sync 1 DAGs
[2026-08-07T01:43:56.386+0000] {logging_mixin.py:188} INFO - [2026-08-07T01:43:56.386+0000] {dag.py:3954} INFO - Setting next_dagrun for json_batch_to_hdfs to 2026-08-07 01:40:00+00:00, run_after=2026-08-07 01:45:00+00:00
[2026-08-07T01:43:56.416+0000] {processor.py:183} INFO - Processing /opt/airflow/dags/json_to_hdfs_dag.py took 0.121 seconds
[2026-08-07T01:44:26.536+0000] {processor.py:161} INFO - Started process (PID=844) to work on /opt/airflow/dags/json_to_hdfs_dag.py
[2026-08-07T01:44:26.537+0000] {processor.py:830} INFO - Processing file /opt/airflow/dags/json_to_hdfs_dag.py for tasks to queue
[2026-08-07T01:44:26.539+0000] {logging_mixin.py:188} INFO - [2026-08-07T01:44:26.538+0000] {dagbag.py:545} INFO - Filling up the DagBag from /opt/airflow/dags/json_to_hdfs_dag.py
[2026-08-07T01:44:26.558+0000] {processor.py:840} INFO - DAG(s) 'json_batch_to_hdfs' retrieved from /opt/airflow/dags/json_to_hdfs_dag.py
[2026-08-07T01:44:26.588+0000] {logging_mixin.py:188} INFO - [2026-08-07T01:44:26.588+0000] {dag.py:3096} INFO - Sync 1 DAGs
[2026-08-07T01:44:26.614+0000] {logging_mixin.py:188} INFO - [2026-08-07T01:44:26.614+0000] {dag.py:3954} INFO - Setting next_dagrun for json_batch_to_hdfs to 2026-08-07 01:40:00+00:00, run_after=2026-08-07 01:45:00+00:00
[2026-08-07T01:44:26.639+0000] {processor.py:183} INFO - Processing /opt/airflow/dags/json_to_hdfs_dag.py took 0.108 seconds
[2026-08-07T01:44:56.821+0000] {processor.py:161} INFO - Started process (PID=845) to work on /opt/airflow/dags/json_to_hdfs_dag.py
[2026-08-07T01:44:56.822+0000] {processor.py:830} INFO - Processing file /opt/airflow/dags/json_to_hdfs_dag.py for tasks to queue
[2026-08-07T01:44:56.824+0000] {logging_mixin.py:188} INFO - [2026-08-07T01:44:56.823+0000] {dagbag.py:545} INFO - Filling up the DagBag from /opt/airflow/dags/json_to_hdfs_dag.py
[2026-08-07T01:44:56.846+0000] {processor.py:840} INFO - DAG(s) 'json_batch_to_hdfs' retrieved from /opt/airflow/dags/json_to_hdfs_dag.py
[2026-08-07T01:44:56.877+0000] {logging_mixin.py:188} INFO - [2026-08-07T01:44:56.877+0000] {dag.py:3096} INFO - Sync 1 DAGs
[2026-08-07T01:44:56.903+0000] {logging_mixin.py:188} INFO - [2026-08-07T01:44:56.903+0000] {dag.py:3954} INFO - Setting next_dagrun for json_batch_to_hdfs to 2026-08-07 01:40:00+00:00, run_after=2026-08-07 01:45:00+00:00
[2026-08-07T01:44:56.928+0000] {processor.py:183} INFO - Processing /opt/airflow/dags/json_to_hdfs_dag.py took 0.113 seconds
[2026-08-07T01:45:27.057+0000] {processor.py:161} INFO - Started process (PID=855) to work on /opt/airflow/dags/json_to_hdfs_dag.py
[2026-08-07T01:45:27.059+0000] {processor.py:830} INFO - Processing file /opt/airflow/dags/json_to_hdfs_dag.py for tasks to queue
[2026-08-07T01:45:27.061+0000] {logging_mixin.py:188} INFO - [2026-08-07T01:45:27.061+0000] {dagbag.py:545} INFO - Filling up the DagBag from /opt/airflow/dags/json_to_hdfs_dag.py
[2026-08-07T01:45:27.085+0000] {processor.py:840} INFO - DAG(s) 'json_batch_to_hdfs' retrieved from /opt/airflow/dags/json_to_hdfs_dag.py
[2026-08-07T01:45:27.118+0000] {logging_mixin.py:188} INFO - [2026-08-07T01:45:27.118+0000] {dag.py:3096} INFO - Sync 1 DAGs
[2026-08-07T01:45:27.146+0000] {logging_mixin.py:188} INFO - [2026-08-07T01:45:27.146+0000] {dag.py:3954} INFO - Setting next_dagrun for json_batch_to_hdfs to 2026-08-07 01:45:00+00:00, run_after=2026-08-07 01:50:00+00:00
[2026-08-07T01:45:27.170+0000] {processor.py:183} INFO - Processing /opt/airflow/dags/json_to_hdfs_dag.py took 0.120 seconds
[2026-08-07T01:45:57.348+0000] {processor.py:161} INFO - Started process (PID=856) to work on /opt/airflow/dags/json_to_hdfs_dag.py
[2026-08-07T01:45:57.349+0000] {processor.py:830} INFO - Processing file /opt/airflow/dags/json_to_hdfs_dag.py for tasks to queue
[2026-08-07T01:45:57.351+0000] {logging_mixin.py:188} INFO - [2026-08-07T01:45:57.350+0000] {dagbag.py:545} INFO - Filling up the DagBag from /opt/airflow/dags/json_to_hdfs_dag.py
[2026-08-07T01:45:57.370+0000] {processor.py:840} INFO - DAG(s) 'json_batch_to_hdfs' retrieved from /opt/airflow/dags/json_to_hdfs_dag.py
[2026-08-07T01:45:57.409+0000] {logging_mixin.py:188} INFO - [2026-08-07T01:45:57.409+0000] {dag.py:3096} INFO - Sync 1 DAGs
[2026-08-07T01:45:57.435+0000] {logging_mixin.py:188} INFO - [2026-08-07T01:45:57.435+0000] {dag.py:3954} INFO - Setting next_dagrun for json_batch_to_hdfs to 2026-08-07 01:45:00+00:00, run_after=2026-08-07 01:50:00+00:00
[2026-08-07T01:45:57.460+0000] {processor.py:183} INFO - Processing /opt/airflow/dags/json_to_hdfs_dag.py took 0.118 seconds
[2026-08-07T01:46:27.574+0000] {processor.py:161} INFO - Started process (PID=857) to work on /opt/airflow/dags/json_to_hdfs_dag.py
[2026-08-07T01:46:27.576+0000] {processor.py:830} INFO - Processing file /opt/airflow/dags/json_to_hdfs_dag.py for tasks to queue
[2026-08-07T01:46:27.578+0000] {logging_mixin.py:188} INFO - [2026-08-07T01:46:27.577+0000] {dagbag.py:545} INFO - Filling up the DagBag from /opt/airflow/dags/json_to_hdfs_dag.py
[2026-08-07T01:46:27.603+0000] {processor.py:840} INFO - DAG(s) 'json_batch_to_hdfs' retrieved from /opt/airflow/dags/json_to_hdfs_dag.py
[2026-08-07T01:46:27.637+0000] {logging_mixin.py:188} INFO - [2026-08-07T01:46:27.637+0000] {dag.py:3096} INFO - Sync 1 DAGs
[2026-08-07T01:46:27.665+0000] {logging_mixin.py:188} INFO - [2026-08-07T01:46:27.665+0000] {dag.py:3954} INFO - Setting next_dagrun for json_batch_to_hdfs to 2026-08-07 01:45:00+00:00, run_after=2026-08-07 01:50:00+00:00
[2026-08-07T01:46:27.690+0000] {processor.py:183} INFO - Processing /opt/airflow/dags/json_to_hdfs_dag.py took 0.121 seconds
[2026-08-07T01:46:57.897+0000] {processor.py:161} INFO - Started process (PID=858) to work on /opt/airflow/dags/json_to_hdfs_dag.py
[2026-08-07T01:46:57.898+0000] {processor.py:830} INFO - Processing file /opt/airflow/dags/json_to_hdfs_dag.py for tasks to queue
[2026-08-07T01:46:57.900+0000] {logging_mixin.py:188} INFO - [2026-08-07T01:46:57.899+0000] {dagbag.py:545} INFO - Filling up the DagBag from /opt/airflow/dags/json_to_hdfs_dag.py
[2026-08-07T01:46:57.920+0000] {processor.py:840} INFO - DAG(s) 'json_batch_to_hdfs' retrieved from /opt/airflow/dags/json_to_hdfs_dag.py
[2026-08-07T01:46:57.951+0000] {logging_mixin.py:188} INFO - [2026-08-07T01:46:57.951+0000] {dag.py:3096} INFO - Sync 1 DAGs
[2026-08-07T01:46:57.976+0000] {logging_mixin.py:188} INFO - [2026-08-07T01:46:57.976+0000] {dag.py:3954} INFO - Setting next_dagrun for json_batch_to_hdfs to 2026-08-07 01:45:00+00:00, run_after=2026-08-07 01:50:00+00:00
[2026-08-07T01:46:58.012+0000] {processor.py:183} INFO - Processing /opt/airflow/dags/json_to_hdfs_dag.py took 0.121 seconds
[2026-08-07T01:47:28.134+0000] {processor.py:161} INFO - Started process (PID=859) to work on /opt/airflow/dags/json_to_hdfs_dag.py
[2026-08-07T01:47:28.136+0000] {processor.py:830} INFO - Processing file /opt/airflow/dags/json_to_hdfs_dag.py for tasks to queue
[2026-08-07T01:47:28.137+0000] {logging_mixin.py:188} INFO - [2026-08-07T01:47:28.137+0000] {dagbag.py:545} INFO - Filling up the DagBag from /opt/airflow/dags/json_to_hdfs_dag.py
[2026-08-07T01:47:28.155+0000] {processor.py:840} INFO - DAG(s) 'json_batch_to_hdfs' retrieved from /opt/airflow/dags/json_to_hdfs_dag.py
[2026-08-07T01:47:28.187+0000] {logging_mixin.py:188} INFO - [2026-08-07T01:47:28.187+0000] {dag.py:3096} INFO - Sync 1 DAGs
[2026-08-07T01:47:28.214+0000] {logging_mixin.py:188} INFO - [2026-08-07T01:47:28.214+0000] {dag.py:3954} INFO - Setting next_dagrun for json_batch_to_hdfs to 2026-08-07 01:45:00+00:00, run_after=2026-08-07 01:50:00+00:00
[2026-08-07T01:47:28.237+0000] {processor.py:183} INFO - Processing /opt/airflow/dags/json_to_hdfs_dag.py took 0.108 seconds
[2026-08-07T01:47:58.453+0000] {processor.py:161} INFO - Started process (PID=860) to work on /opt/airflow/dags/json_to_hdfs_dag.py
[2026-08-07T01:47:58.455+0000] {processor.py:830} INFO - Processing file /opt/airflow/dags/json_to_hdfs_dag.py for tasks to queue
[2026-08-07T01:47:58.457+0000] {logging_mixin.py:188} INFO - [2026-08-07T01:47:58.457+0000] {dagbag.py:545} INFO - Filling up the DagBag from /opt/airflow/dags/json_to_hdfs_dag.py
[2026-08-07T01:47:58.487+0000] {processor.py:840} INFO - DAG(s) 'json_batch_to_hdfs' retrieved from /opt/airflow/dags/json_to_hdfs_dag.py
[2026-08-07T01:47:58.521+0000] {logging_mixin.py:188} INFO - [2026-08-07T01:47:58.521+0000] {dag.py:3096} INFO - Sync 1 DAGs
[2026-08-07T01:47:58.569+0000] {logging_mixin.py:188} INFO - [2026-08-07T01:47:58.569+0000] {dag.py:3954} INFO - Setting next_dagrun for json_batch_to_hdfs to 2026-08-07 01:45:00+00:00, run_after=2026-08-07 01:50:00+00:00
[2026-08-07T01:47:58.655+0000] {processor.py:183} INFO - Processing /opt/airflow/dags/json_to_hdfs_dag.py took 0.209 seconds
[2026-08-07T01:48:28.878+0000] {processor.py:161} INFO - Started process (PID=861) to work on /opt/airflow/dags/json_to_hdfs_dag.py
[2026-08-07T01:48:28.880+0000] {processor.py:830} INFO - Processing file /opt/airflow/dags/json_to_hdfs_dag.py for tasks to queue
[2026-08-07T01:48:28.882+0000] {logging_mixin.py:188} INFO - [2026-08-07T01:48:28.882+0000] {dagbag.py:545} INFO - Filling up the DagBag from /opt/airflow/dags/json_to_hdfs_dag.py
[2026-08-07T01:48:28.904+0000] {processor.py:840} INFO - DAG(s) 'json_batch_to_hdfs' retrieved from /opt/airflow/dags/json_to_hdfs_dag.py
[2026-08-07T01:48:28.950+0000] {logging_mixin.py:188} INFO - [2026-08-07T01:48:28.950+0000] {dag.py:3096} INFO - Sync 1 DAGs
[2026-08-07T01:48:28.982+0000] {logging_mixin.py:188} INFO - [2026-08-07T01:48:28.982+0000] {dag.py:3954} INFO - Setting next_dagrun for json_batch_to_hdfs to 2026-08-07 01:45:00+00:00, run_after=2026-08-07 01:50:00+00:00
[2026-08-07T01:48:29.021+0000] {processor.py:183} INFO - Processing /opt/airflow/dags/json_to_hdfs_dag.py took 0.150 seconds
[2026-08-07T01:48:59.083+0000] {processor.py:161} INFO - Started process (PID=862) to work on /opt/airflow/dags/json_to_hdfs_dag.py
[2026-08-07T01:48:59.085+0000] {processor.py:830} INFO - Processing file /opt/airflow/dags/json_to_hdfs_dag.py for tasks to queue
[2026-08-07T01:48:59.087+0000] {logging_mixin.py:188} INFO - [2026-08-07T01:48:59.086+0000] {dagbag.py:545} INFO - Filling up the DagBag from /opt/airflow/dags/json_to_hdfs_dag.py
[2026-08-07T01:48:59.109+0000] {processor.py:840} INFO - DAG(s) 'json_batch_to_hdfs' retrieved from /opt/airflow/dags/json_to_hdfs_dag.py
[2026-08-07T01:48:59.141+0000] {logging_mixin.py:188} INFO - [2026-08-07T01:48:59.141+0000] {dag.py:3096} INFO - Sync 1 DAGs
[2026-08-07T01:48:59.166+0000] {logging_mixin.py:188} INFO - [2026-08-07T01:48:59.166+0000] {dag.py:3954} INFO - Setting next_dagrun for json_batch_to_hdfs to 2026-08-07 01:45:00+00:00, run_after=2026-08-07 01:50:00+00:00
[2026-08-07T01:48:59.190+0000] {processor.py:183} INFO - Processing /opt/airflow/dags/json_to_hdfs_dag.py took 0.113 seconds
[2026-08-07T01:49:29.294+0000] {processor.py:161} INFO - Started process (PID=863) to work on /opt/airflow/dags/json_to_hdfs_dag.py
[2026-08-07T01:49:29.296+0000] {processor.py:830} INFO - Processing file /opt/airflow/dags/json_to_hdfs_dag.py for tasks to queue
[2026-08-07T01:49:29.298+0000] {logging_mixin.py:188} INFO - [2026-08-07T01:49:29.297+0000] {dagbag.py:545} INFO - Filling up the DagBag from /opt/airflow/dags/json_to_hdfs_dag.py
[2026-08-07T01:49:29.320+0000] {processor.py:840} INFO - DAG(s) 'json_batch_to_hdfs' retrieved from /opt/airflow/dags/json_to_hdfs_dag.py
[2026-08-07T01:49:29.351+0000] {logging_mixin.py:188} INFO - [2026-08-07T01:49:29.351+0000] {dag.py:3096} INFO - Sync 1 DAGs
[2026-08-07T01:49:29.405+0000] {logging_mixin.py:188} INFO - [2026-08-07T01:49:29.404+0000] {dag.py:3954} INFO - Setting next_dagrun for json_batch_to_hdfs to 2026-08-07 01:45:00+00:00, run_after=2026-08-07 01:50:00+00:00
[2026-08-07T01:49:29.440+0000] {processor.py:183} INFO - Processing /opt/airflow/dags/json_to_hdfs_dag.py took 0.151 seconds
[2026-08-07T01:49:59.642+0000] {processor.py:161} INFO - Started process (PID=864) to work on /opt/airflow/dags/json_to_hdfs_dag.py
[2026-08-07T01:49:59.643+0000] {processor.py:830} INFO - Processing file /opt/airflow/dags/json_to_hdfs_dag.py for tasks to queue
[2026-08-07T01:49:59.645+0000] {logging_mixin.py:188} INFO - [2026-08-07T01:49:59.644+0000] {dagbag.py:545} INFO - Filling up the DagBag from /opt/airflow/dags/json_to_hdfs_dag.py
[2026-08-07T01:49:59.663+0000] {processor.py:840} INFO - DAG(s) 'json_batch_to_hdfs' retrieved from /opt/airflow/dags/json_to_hdfs_dag.py
[2026-08-07T01:49:59.693+0000] {logging_mixin.py:188} INFO - [2026-08-07T01:49:59.692+0000] {dag.py:3096} INFO - Sync 1 DAGs
[2026-08-07T01:49:59.716+0000] {logging_mixin.py:188} INFO - [2026-08-07T01:49:59.716+0000] {dag.py:3954} INFO - Setting next_dagrun for json_batch_to_hdfs to 2026-08-07 01:45:00+00:00, run_after=2026-08-07 01:50:00+00:00
[2026-08-07T01:49:59.740+0000] {processor.py:183} INFO - Processing /opt/airflow/dags/json_to_hdfs_dag.py took 0.103 seconds
[2026-08-07T01:50:29.874+0000] {processor.py:161} INFO - Started process (PID=874) to work on /opt/airflow/dags/json_to_hdfs_dag.py
[2026-08-07T01:50:29.876+0000] {processor.py:830} INFO - Processing file /opt/airflow/dags/json_to_hdfs_dag.py for tasks to queue
[2026-08-07T01:50:29.878+0000] {logging_mixin.py:188} INFO - [2026-08-07T01:50:29.877+0000] {dagbag.py:545} INFO - Filling up the DagBag from /opt/airflow/dags/json_to_hdfs_dag.py
[2026-08-07T01:50:29.902+0000] {processor.py:840} INFO - DAG(s) 'json_batch_to_hdfs' retrieved from /opt/airflow/dags/json_to_hdfs_dag.py
[2026-08-07T01:50:29.933+0000] {logging_mixin.py:188} INFO - [2026-08-07T01:50:29.933+0000] {dag.py:3096} INFO - Sync 1 DAGs
[2026-08-07T01:50:29.957+0000] {logging_mixin.py:188} INFO - [2026-08-07T01:50:29.957+0000] {dag.py:3954} INFO - Setting next_dagrun for json_batch_to_hdfs to 2026-08-07 01:50:00+00:00, run_after=2026-08-07 01:55:00+00:00
[2026-08-07T01:50:29.983+0000] {processor.py:183} INFO - Processing /opt/airflow/dags/json_to_hdfs_dag.py took 0.115 seconds
[2026-08-07T01:51:00.143+0000] {processor.py:161} INFO - Started process (PID=875) to work on /opt/airflow/dags/json_to_hdfs_dag.py
[2026-08-07T01:51:00.144+0000] {processor.py:830} INFO - Processing file /opt/airflow/dags/json_to_hdfs_dag.py for tasks to queue
[2026-08-07T01:51:00.145+0000] {logging_mixin.py:188} INFO - [2026-08-07T01:51:00.145+0000] {dagbag.py:545} INFO - Filling up the DagBag from /opt/airflow/dags/json_to_hdfs_dag.py
[2026-08-07T01:51:00.168+0000] {processor.py:840} INFO - DAG(s) 'json_batch_to_hdfs' retrieved from /opt/airflow/dags/json_to_hdfs_dag.py
[2026-08-07T01:51:00.200+0000] {logging_mixin.py:188} INFO - [2026-08-07T01:51:00.199+0000] {dag.py:3096} INFO - Sync 1 DAGs
[2026-08-07T01:51:00.227+0000] {logging_mixin.py:188} INFO - [2026-08-07T01:51:00.226+0000] {dag.py:3954} INFO - Setting next_dagrun for json_batch_to_hdfs to 2026-08-07 01:50:00+00:00, run_after=2026-08-07 01:55:00+00:00
[2026-08-07T01:51:00.251+0000] {processor.py:183} INFO - Processing /opt/airflow/dags/json_to_hdfs_dag.py took 0.114 seconds
[2026-08-07T01:51:30.461+0000] {processor.py:161} INFO - Started process (PID=876) to work on /opt/airflow/dags/json_to_hdfs_dag.py
[2026-08-07T01:51:30.463+0000] {processor.py:830} INFO - Processing file /opt/airflow/dags/json_to_hdfs_dag.py for tasks to queue
[2026-08-07T01:51:30.465+0000] {logging_mixin.py:188} INFO - [2026-08-07T01:51:30.464+0000] {dagbag.py:545} INFO - Filling up the DagBag from /opt/airflow/dags/json_to_hdfs_dag.py
[2026-08-07T01:51:30.487+0000] {processor.py:840} INFO - DAG(s) 'json_batch_to_hdfs' retrieved from /opt/airflow/dags/json_to_hdfs_dag.py
[2026-08-07T01:51:30.517+0000] {logging_mixin.py:188} INFO - [2026-08-07T01:51:30.517+0000] {dag.py:3096} INFO - Sync 1 DAGs
[2026-08-07T01:51:30.541+0000] {logging_mixin.py:188} INFO - [2026-08-07T01:51:30.541+0000] {dag.py:3954} INFO - Setting next_dagrun for json_batch_to_hdfs to 2026-08-07 01:50:00+00:00, run_after=2026-08-07 01:55:00+00:00
[2026-08-07T01:51:30.577+0000] {processor.py:183} INFO - Processing /opt/airflow/dags/json_to_hdfs_dag.py took 0.121 seconds
[2026-08-07T01:52:00.790+0000] {processor.py:161} INFO - Started process (PID=877) to work on /opt/airflow/dags/json_to_hdfs_dag.py
[2026-08-07T01:52:00.792+0000] {processor.py:830} INFO - Processing file /opt/airflow/dags/json_to_hdfs_dag.py for tasks to queue
[2026-08-07T01:52:00.793+0000] {logging_mixin.py:188} INFO - [2026-08-07T01:52:00.793+0000] {dagbag.py:545} INFO - Filling up the DagBag from /opt/airflow/dags/json_to_hdfs_dag.py
[2026-08-07T01:52:00.814+0000] {processor.py:840} INFO - DAG(s) 'json_batch_to_hdfs' retrieved from /opt/airflow/dags/json_to_hdfs_dag.py
[2026-08-07T01:52:00.847+0000] {logging_mixin.py:188} INFO - [2026-08-07T01:52:00.847+0000] {dag.py:3096} INFO - Sync 1 DAGs
[2026-08-07T01:52:00.875+0000] {logging_mixin.py:188} INFO - [2026-08-07T01:52:00.875+0000] {dag.py:3954} INFO - Setting next_dagrun for json_batch_to_hdfs to 2026-08-07 01:50:00+00:00, run_after=2026-08-07 01:55:00+00:00
[2026-08-07T01:52:00.908+0000] {processor.py:183} INFO - Processing /opt/airflow/dags/json_to_hdfs_dag.py took 0.123 seconds
[2026-08-07T01:52:31.075+0000] {processor.py:161} INFO - Started process (PID=878) to work on /opt/airflow/dags/json_to_hdfs_dag.py
[2026-08-07T01:52:31.077+0000] {processor.py:830} INFO - Processing file /opt/airflow/dags/json_to_hdfs_dag.py for tasks to queue
[2026-08-07T01:52:31.078+0000] {logging_mixin.py:188} INFO - [2026-08-07T01:52:31.078+0000] {dagbag.py:545} INFO - Filling up the DagBag from /opt/airflow/dags/json_to_hdfs_dag.py
[2026-08-07T01:52:31.098+0000] {processor.py:840} INFO - DAG(s) 'json_batch_to_hdfs' retrieved from /opt/airflow/dags/json_to_hdfs_dag.py
[2026-08-07T01:52:31.131+0000] {logging_mixin.py:188} INFO - [2026-08-07T01:52:31.131+0000] {dag.py:3096} INFO - Sync 1 DAGs
[2026-08-07T01:52:31.157+0000] {logging_mixin.py:188} INFO - [2026-08-07T01:52:31.156+0000] {dag.py:3954} INFO - Setting next_dagrun for json_batch_to_hdfs to 2026-08-07 01:50:00+00:00, run_after=2026-08-07 01:55:00+00:00
[2026-08-07T01:52:31.180+0000] {processor.py:183} INFO - Processing /opt/airflow/dags/json_to_hdfs_dag.py took 0.110 seconds
[2026-08-07T01:53:01.405+0000] {processor.py:161} INFO - Started process (PID=879) to work on /opt/airflow/dags/json_to_hdfs_dag.py
[2026-08-07T01:53:01.407+0000] {processor.py:830} INFO - Processing file /opt/airflow/dags/json_to_hdfs_dag.py for tasks to queue
[2026-08-07T01:53:01.408+0000] {logging_mixin.py:188} INFO - [2026-08-07T01:53:01.408+0000] {dagbag.py:545} INFO - Filling up the DagBag from /opt/airflow/dags/json_to_hdfs_dag.py
[2026-08-07T01:53:01.430+0000] {processor.py:840} INFO - DAG(s) 'json_batch_to_hdfs' retrieved from /opt/airflow/dags/json_to_hdfs_dag.py
[2026-08-07T01:53:01.458+0000] {logging_mixin.py:188} INFO - [2026-08-07T01:53:01.458+0000] {dag.py:3096} INFO - Sync 1 DAGs
[2026-08-07T01:53:01.481+0000] {logging_mixin.py:188} INFO - [2026-08-07T01:53:01.480+0000] {dag.py:3954} INFO - Setting next_dagrun for json_batch_to_hdfs to 2026-08-07 01:50:00+00:00, run_after=2026-08-07 01:55:00+00:00
[2026-08-07T01:53:01.505+0000] {processor.py:183} INFO - Processing /opt/airflow/dags/json_to_hdfs_dag.py took 0.107 seconds
[2026-08-07T01:53:31.635+0000] {processor.py:161} INFO - Started process (PID=880) to work on /opt/airflow/dags/json_to_hdfs_dag.py
[2026-08-07T01:53:31.637+0000] {processor.py:830} INFO - Processing file /opt/airflow/dags/json_to_hdfs_dag.py for tasks to queue
[2026-08-07T01:53:31.638+0000] {logging_mixin.py:188} INFO - [2026-08-07T01:53:31.638+0000] {dagbag.py:545} INFO - Filling up the DagBag from /opt/airflow/dags/json_to_hdfs_dag.py
[2026-08-07T01:53:31.659+0000] {processor.py:840} INFO - DAG(s) 'json_batch_to_hdfs' retrieved from /opt/airflow/dags/json_to_hdfs_dag.py
[2026-08-07T01:53:31.691+0000] {logging_mixin.py:188} INFO - [2026-08-07T01:53:31.690+0000] {dag.py:3096} INFO - Sync 1 DAGs
[2026-08-07T01:53:31.715+0000] {logging_mixin.py:188} INFO - [2026-08-07T01:53:31.715+0000] {dag.py:3954} INFO - Setting next_dagrun for json_batch_to_hdfs to 2026-08-07 01:50:00+00:00, run_after=2026-08-07 01:55:00+00:00
[2026-08-07T01:53:31.740+0000] {processor.py:183} INFO - Processing /opt/airflow/dags/json_to_hdfs_dag.py took 0.111 seconds
[2026-08-07T01:54:01.982+0000] {processor.py:161} INFO - Started process (PID=881) to work on /opt/airflow/dags/json_to_hdfs_dag.py
[2026-08-07T01:54:01.985+0000] {processor.py:830} INFO - Processing file /opt/airflow/dags/json_to_hdfs_dag.py for tasks to queue
[2026-08-07T01:54:01.987+0000] {logging_mixin.py:188} INFO - [2026-08-07T01:54:01.986+0000] {dagbag.py:545} INFO - Filling up the DagBag from /opt/airflow/dags/json_to_hdfs_dag.py
[2026-08-07T01:54:02.010+0000] {processor.py:840} INFO - DAG(s) 'json_batch_to_hdfs' retrieved from /opt/airflow/dags/json_to_hdfs_dag.py
[2026-08-07T01:54:02.042+0000] {logging_mixin.py:188} INFO - [2026-08-07T01:54:02.041+0000] {dag.py:3096} INFO - Sync 1 DAGs
[2026-08-07T01:54:02.070+0000] {logging_mixin.py:188} INFO - [2026-08-07T01:54:02.070+0000] {dag.py:3954} INFO - Setting next_dagrun for json_batch_to_hdfs to 2026-08-07 01:50:00+00:00, run_after=2026-08-07 01:55:00+00:00
[2026-08-07T01:54:02.095+0000] {processor.py:183} INFO - Processing /opt/airflow/dags/json_to_hdfs_dag.py took 0.119 seconds
[2026-08-07T01:54:32.235+0000] {processor.py:161} INFO - Started process (PID=882) to work on /opt/airflow/dags/json_to_hdfs_dag.py
[2026-08-07T01:54:32.237+0000] {processor.py:830} INFO - Processing file /opt/airflow/dags/json_to_hdfs_dag.py for tasks to queue
[2026-08-07T01:54:32.238+0000] {logging_mixin.py:188} INFO - [2026-08-07T01:54:32.238+0000] {dagbag.py:545} INFO - Filling up the DagBag from /opt/airflow/dags/json_to_hdfs_dag.py
[2026-08-07T01:54:32.259+0000] {processor.py:840} INFO - DAG(s) 'json_batch_to_hdfs' retrieved from /opt/airflow/dags/json_to_hdfs_dag.py
[2026-08-07T01:54:32.294+0000] {logging_mixin.py:188} INFO - [2026-08-07T01:54:32.294+0000] {dag.py:3096} INFO - Sync 1 DAGs
[2026-08-07T01:54:32.324+0000] {logging_mixin.py:188} INFO - [2026-08-07T01:54:32.324+0000] {dag.py:3954} INFO - Setting next_dagrun for json_batch_to_hdfs to 2026-08-07 01:50:00+00:00, run_after=2026-08-07 01:55:00+00:00
[2026-08-07T01:54:32.353+0000] {processor.py:183} INFO - Processing /opt/airflow/dags/json_to_hdfs_dag.py took 0.124 seconds
[2026-08-07T01:55:02.528+0000] {processor.py:161} INFO - Started process (PID=891) to work on /opt/airflow/dags/json_to_hdfs_dag.py
[2026-08-07T01:55:02.530+0000] {processor.py:830} INFO - Processing file /opt/airflow/dags/json_to_hdfs_dag.py for tasks to queue
[2026-08-07T01:55:02.532+0000] {logging_mixin.py:188} INFO - [2026-08-07T01:55:02.531+0000] {dagbag.py:545} INFO - Filling up the DagBag from /opt/airflow/dags/json_to_hdfs_dag.py
[2026-08-07T01:55:02.558+0000] {processor.py:840} INFO - DAG(s) 'json_batch_to_hdfs' retrieved from /opt/airflow/dags/json_to_hdfs_dag.py
[2026-08-07T01:55:02.597+0000] {logging_mixin.py:188} INFO - [2026-08-07T01:55:02.597+0000] {dag.py:3096} INFO - Sync 1 DAGs
[2026-08-07T01:55:02.650+0000] {processor.py:183} INFO - Processing /opt/airflow/dags/json_to_hdfs_dag.py took 0.129 seconds
[2026-08-07T01:55:32.782+0000] {processor.py:161} INFO - Started process (PID=893) to work on /opt/airflow/dags/json_to_hdfs_dag.py
[2026-08-07T01:55:32.784+0000] {processor.py:830} INFO - Processing file /opt/airflow/dags/json_to_hdfs_dag.py for tasks to queue
[2026-08-07T01:55:32.785+0000] {logging_mixin.py:188} INFO - [2026-08-07T01:55:32.785+0000] {dagbag.py:545} INFO - Filling up the DagBag from /opt/airflow/dags/json_to_hdfs_dag.py
[2026-08-07T01:55:32.804+0000] {processor.py:840} INFO - DAG(s) 'json_batch_to_hdfs' retrieved from /opt/airflow/dags/json_to_hdfs_dag.py
[2026-08-07T01:55:32.834+0000] {logging_mixin.py:188} INFO - [2026-08-07T01:55:32.834+0000] {dag.py:3096} INFO - Sync 1 DAGs
[2026-08-07T01:55:32.862+0000] {logging_mixin.py:188} INFO - [2026-08-07T01:55:32.862+0000] {dag.py:3954} INFO - Setting next_dagrun for json_batch_to_hdfs to 2026-08-07 01:55:00+00:00, run_after=2026-08-07 02:00:00+00:00
[2026-08-07T01:55:32.888+0000] {processor.py:183} INFO - Processing /opt/airflow/dags/json_to_hdfs_dag.py took 0.111 seconds
[2026-08-07T01:56:03.110+0000] {processor.py:161} INFO - Started process (PID=894) to work on /opt/airflow/dags/json_to_hdfs_dag.py
[2026-08-07T01:56:03.112+0000] {processor.py:830} INFO - Processing file /opt/airflow/dags/json_to_hdfs_dag.py for tasks to queue
[2026-08-07T01:56:03.113+0000] {logging_mixin.py:188} INFO - [2026-08-07T01:56:03.113+0000] {dagbag.py:545} INFO - Filling up the DagBag from /opt/airflow/dags/json_to_hdfs_dag.py
[2026-08-07T01:56:03.138+0000] {processor.py:840} INFO - DAG(s) 'json_batch_to_hdfs' retrieved from /opt/airflow/dags/json_to_hdfs_dag.py
[2026-08-07T01:56:03.181+0000] {logging_mixin.py:188} INFO - [2026-08-07T01:56:03.180+0000] {dag.py:3096} INFO - Sync 1 DAGs
[2026-08-07T01:56:03.211+0000] {logging_mixin.py:188} INFO - [2026-08-07T01:56:03.211+0000] {dag.py:3954} INFO - Setting next_dagrun for json_batch_to_hdfs to 2026-08-07 01:55:00+00:00, run_after=2026-08-07 02:00:00+00:00
[2026-08-07T01:56:03.246+0000] {processor.py:183} INFO - Processing /opt/airflow/dags/json_to_hdfs_dag.py took 0.140 seconds
[2026-08-07T01:56:33.360+0000] {processor.py:161} INFO - Started process (PID=895) to work on /opt/airflow/dags/json_to_hdfs_dag.py
[2026-08-07T01:56:33.362+0000] {processor.py:830} INFO - Processing file /opt/airflow/dags/json_to_hdfs_dag.py for tasks to queue
[2026-08-07T01:56:33.365+0000] {logging_mixin.py:188} INFO - [2026-08-07T01:56:33.364+0000] {dagbag.py:545} INFO - Filling up the DagBag from /opt/airflow/dags/json_to_hdfs_dag.py
[2026-08-07T01:56:33.393+0000] {processor.py:840} INFO - DAG(s) 'json_batch_to_hdfs' retrieved from /opt/airflow/dags/json_to_hdfs_dag.py
[2026-08-07T01:56:33.431+0000] {logging_mixin.py:188} INFO - [2026-08-07T01:56:33.431+0000] {dag.py:3096} INFO - Sync 1 DAGs
[2026-08-07T01:56:33.466+0000] {logging_mixin.py:188} INFO - [2026-08-07T01:56:33.466+0000] {dag.py:3954} INFO - Setting next_dagrun for json_batch_to_hdfs to 2026-08-07 01:55:00+00:00, run_after=2026-08-07 02:00:00+00:00
[2026-08-07T01:56:33.499+0000] {processor.py:183} INFO - Processing /opt/airflow/dags/json_to_hdfs_dag.py took 0.145 seconds
[2026-08-07T01:57:03.724+0000] {processor.py:161} INFO - Started process (PID=896) to work on /opt/airflow/dags/json_to_hdfs_dag.py
[2026-08-07T01:57:03.726+0000] {processor.py:830} INFO - Processing file /opt/airflow/dags/json_to_hdfs_dag.py for tasks to queue
[2026-08-07T01:57:03.727+0000] {logging_mixin.py:188} INFO - [2026-08-07T01:57:03.727+0000] {dagbag.py:545} INFO - Filling up the DagBag from /opt/airflow/dags/json_to_hdfs_dag.py
[2026-08-07T01:57:03.762+0000] {processor.py:840} INFO - DAG(s) 'json_batch_to_hdfs' retrieved from /opt/airflow/dags/json_to_hdfs_dag.py
[2026-08-07T01:57:03.804+0000] {logging_mixin.py:188} INFO - [2026-08-07T01:57:03.804+0000] {dag.py:3096} INFO - Sync 1 DAGs
[2026-08-07T01:57:03.853+0000] {logging_mixin.py:188} INFO - [2026-08-07T01:57:03.853+0000] {dag.py:3954} INFO - Setting next_dagrun for json_batch_to_hdfs to 2026-08-07 01:55:00+00:00, run_after=2026-08-07 02:00:00+00:00
[2026-08-07T01:57:03.880+0000] {processor.py:183} INFO - Processing /opt/airflow/dags/json_to_hdfs_dag.py took 0.162 seconds
[2026-08-07T01:57:33.960+0000] {processor.py:161} INFO - Started process (PID=898) to work on /opt/airflow/dags/json_to_hdfs_dag.py
[2026-08-07T01:57:33.962+0000] {processor.py:830} INFO - Processing file /opt/airflow/dags/json_to_hdfs_dag.py for tasks to queue
[2026-08-07T01:57:33.964+0000] {logging_mixin.py:188} INFO - [2026-08-07T01:57:33.963+0000] {dagbag.py:545} INFO - Filling up the DagBag from /opt/airflow/dags/json_to_hdfs_dag.py
[2026-08-07T01:57:33.998+0000] {processor.py:840} INFO - DAG(s) 'json_batch_to_hdfs' retrieved from /opt/airflow/dags/json_to_hdfs_dag.py
[2026-08-07T01:57:34.029+0000] {logging_mixin.py:188} INFO - [2026-08-07T01:57:34.029+0000] {dag.py:3096} INFO - Sync 1 DAGs
[2026-08-07T01:57:34.057+0000] {logging_mixin.py:188} INFO - [2026-08-07T01:57:34.057+0000] {dag.py:3954} INFO - Setting next_dagrun for json_batch_to_hdfs to 2026-08-07 01:55:00+00:00, run_after=2026-08-07 02:00:00+00:00
[2026-08-07T01:57:34.082+0000] {processor.py:183} INFO - Processing /opt/airflow/dags/json_to_hdfs_dag.py took 0.128 seconds
[2026-08-07T01:58:04.310+0000] {processor.py:161} INFO - Started process (PID=899) to work on /opt/airflow/dags/json_to_hdfs_dag.py
[2026-08-07T01:58:04.312+0000] {processor.py:830} INFO - Processing file /opt/airflow/dags/json_to_hdfs_dag.py for tasks to queue
[2026-08-07T01:58:04.313+0000] {logging_mixin.py:188} INFO - [2026-08-07T01:58:04.313+0000] {dagbag.py:545} INFO - Filling up the DagBag from /opt/airflow/dags/json_to_hdfs_dag.py
[2026-08-07T01:58:04.338+0000] {processor.py:840} INFO - DAG(s) 'json_batch_to_hdfs' retrieved from /opt/airflow/dags/json_to_hdfs_dag.py
[2026-08-07T01:58:04.367+0000] {logging_mixin.py:188} INFO - [2026-08-07T01:58:04.366+0000] {dag.py:3096} INFO - Sync 1 DAGs
[2026-08-07T01:58:04.389+0000] {logging_mixin.py:188} INFO - [2026-08-07T01:58:04.389+0000] {dag.py:3954} INFO - Setting next_dagrun for json_batch_to_hdfs to 2026-08-07 01:55:00+00:00, run_after=2026-08-07 02:00:00+00:00
[2026-08-07T01:58:04.412+0000] {processor.py:183} INFO - Processing /opt/airflow/dags/json_to_hdfs_dag.py took 0.109 seconds
[2026-08-07T01:58:34.541+0000] {processor.py:161} INFO - Started process (PID=900) to work on /opt/airflow/dags/json_to_hdfs_dag.py
[2026-08-07T01:58:34.542+0000] {processor.py:830} INFO - Processing file /opt/airflow/dags/json_to_hdfs_dag.py for tasks to queue
[2026-08-07T01:58:34.544+0000] {logging_mixin.py:188} INFO - [2026-08-07T01:58:34.544+0000] {dagbag.py:545} INFO - Filling up the DagBag from /opt/airflow/dags/json_to_hdfs_dag.py
[2026-08-07T01:58:34.568+0000] {processor.py:840} INFO - DAG(s) 'json_batch_to_hdfs' retrieved from /opt/airflow/dags/json_to_hdfs_dag.py
[2026-08-07T01:58:34.598+0000] {logging_mixin.py:188} INFO - [2026-08-07T01:58:34.598+0000] {dag.py:3096} INFO - Sync 1 DAGs
[2026-08-07T01:58:34.640+0000] {logging_mixin.py:188} INFO - [2026-08-07T01:58:34.639+0000] {dag.py:3954} INFO - Setting next_dagrun for json_batch_to_hdfs to 2026-08-07 01:55:00+00:00, run_after=2026-08-07 02:00:00+00:00
[2026-08-07T01:58:34.666+0000] {processor.py:183} INFO - Processing /opt/airflow/dags/json_to_hdfs_dag.py took 0.133 seconds
[2026-08-07T01:59:04.861+0000] {processor.py:161} INFO - Started process (PID=901) to work on /opt/airflow/dags/json_to_hdfs_dag.py
[2026-08-07T01:59:04.862+0000] {processor.py:830} INFO - Processing file /opt/airflow/dags/json_to_hdfs_dag.py for tasks to queue
[2026-08-07T01:59:04.864+0000] {logging_mixin.py:188} INFO - [2026-08-07T01:59:04.863+0000] {dagbag.py:545} INFO - Filling up the DagBag from /opt/airflow/dags/json_to_hdfs_dag.py
[2026-08-07T01:59:04.890+0000] {processor.py:840} INFO - DAG(s) 'json_batch_to_hdfs' retrieved from /opt/airflow/dags/json_to_hdfs_dag.py
[2026-08-07T01:59:04.922+0000] {logging_mixin.py:188} INFO - [2026-08-07T01:59:04.921+0000] {dag.py:3096} INFO - Sync 1 DAGs
[2026-08-07T01:59:04.948+0000] {logging_mixin.py:188} INFO - [2026-08-07T01:59:04.948+0000] {dag.py:3954} INFO - Setting next_dagrun for json_batch_to_hdfs to 2026-08-07 01:55:00+00:00, run_after=2026-08-07 02:00:00+00:00
[2026-08-07T01:59:04.978+0000] {processor.py:183} INFO - Processing /opt/airflow/dags/json_to_hdfs_dag.py took 0.124 seconds
[2026-08-07T01:59:35.195+0000] {processor.py:161} INFO - Started process (PID=902) to work on /opt/airflow/dags/json_to_hdfs_dag.py
[2026-08-07T01:59:35.198+0000] {processor.py:830} INFO - Processing file /opt/airflow/dags/json_to_hdfs_dag.py for tasks to queue
[2026-08-07T01:59:35.203+0000] {logging_mixin.py:188} INFO - [2026-08-07T01:59:35.202+0000] {dagbag.py:545} INFO - Filling up the DagBag from /opt/airflow/dags/json_to_hdfs_dag.py
[2026-08-07T01:59:35.267+0000] {processor.py:840} INFO - DAG(s) 'json_batch_to_hdfs' retrieved from /opt/airflow/dags/json_to_hdfs_dag.py
[2026-08-07T01:59:35.360+0000] {logging_mixin.py:188} INFO - [2026-08-07T01:59:35.359+0000] {dag.py:3096} INFO - Sync 1 DAGs
[2026-08-07T01:59:35.442+0000] {logging_mixin.py:188} INFO - [2026-08-07T01:59:35.442+0000] {dag.py:3954} INFO - Setting next_dagrun for json_batch_to_hdfs to 2026-08-07 01:55:00+00:00, run_after=2026-08-07 02:00:00+00:00
[2026-08-07T01:59:35.523+0000] {processor.py:183} INFO - Processing /opt/airflow/dags/json_to_hdfs_dag.py took 0.337 seconds
[2026-08-07T02:00:05.737+0000] {processor.py:161} INFO - Started process (PID=912) to work on /opt/airflow/dags/json_to_hdfs_dag.py
[2026-08-07T02:00:05.738+0000] {processor.py:830} INFO - Processing file /opt/airflow/dags/json_to_hdfs_dag.py for tasks to queue
[2026-08-07T02:00:05.740+0000] {logging_mixin.py:188} INFO - [2026-08-07T02:00:05.740+0000] {dagbag.py:545} INFO - Filling up the DagBag from /opt/airflow/dags/json_to_hdfs_dag.py
[2026-08-07T02:00:05.762+0000] {processor.py:840} INFO - DAG(s) 'json_batch_to_hdfs' retrieved from /opt/airflow/dags/json_to_hdfs_dag.py
[2026-08-07T02:00:05.808+0000] {logging_mixin.py:188} INFO - [2026-08-07T02:00:05.807+0000] {dag.py:3096} INFO - Sync 1 DAGs
[2026-08-07T02:00:05.837+0000] {logging_mixin.py:188} INFO - [2026-08-07T02:00:05.837+0000] {dag.py:3954} INFO - Setting next_dagrun for json_batch_to_hdfs to 2026-08-07 02:00:00+00:00, run_after=2026-08-07 02:05:00+00:00
[2026-08-07T02:00:05.862+0000] {processor.py:183} INFO - Processing /opt/airflow/dags/json_to_hdfs_dag.py took 0.130 seconds
[2026-08-07T02:00:35.999+0000] {processor.py:161} INFO - Started process (PID=913) to work on /opt/airflow/dags/json_to_hdfs_dag.py
[2026-08-07T02:00:36.001+0000] {processor.py:830} INFO - Processing file /opt/airflow/dags/json_to_hdfs_dag.py for tasks to queue
[2026-08-07T02:00:36.002+0000] {logging_mixin.py:188} INFO - [2026-08-07T02:00:36.002+0000] {dagbag.py:545} INFO - Filling up the DagBag from /opt/airflow/dags/json_to_hdfs_dag.py
[2026-08-07T02:00:36.034+0000] {processor.py:840} INFO - DAG(s) 'json_batch_to_hdfs' retrieved from /opt/airflow/dags/json_to_hdfs_dag.py
[2026-08-07T02:00:36.070+0000] {logging_mixin.py:188} INFO - [2026-08-07T02:00:36.070+0000] {dag.py:3096} INFO - Sync 1 DAGs
[2026-08-07T02:00:36.104+0000] {logging_mixin.py:188} INFO - [2026-08-07T02:00:36.104+0000] {dag.py:3954} INFO - Setting next_dagrun for json_batch_to_hdfs to 2026-08-07 02:00:00+00:00, run_after=2026-08-07 02:05:00+00:00
[2026-08-07T02:00:36.135+0000] {processor.py:183} INFO - Processing /opt/airflow/dags/json_to_hdfs_dag.py took 0.143 seconds
[2026-08-07T02:01:06.275+0000] {processor.py:161} INFO - Started process (PID=914) to work on /opt/airflow/dags/json_to_hdfs_dag.py
[2026-08-07T02:01:06.277+0000] {processor.py:830} INFO - Processing file /opt/airflow/dags/json_to_hdfs_dag.py for tasks to queue
[2026-08-07T02:01:06.278+0000] {logging_mixin.py:188} INFO - [2026-08-07T02:01:06.278+0000] {dagbag.py:545} INFO - Filling up the DagBag from /opt/airflow/dags/json_to_hdfs_dag.py
[2026-08-07T02:01:06.297+0000] {processor.py:840} INFO - DAG(s) 'json_batch_to_hdfs' retrieved from /opt/airflow/dags/json_to_hdfs_dag.py
[2026-08-07T02:01:06.327+0000] {logging_mixin.py:188} INFO - [2026-08-07T02:01:06.327+0000] {dag.py:3096} INFO - Sync 1 DAGs
[2026-08-07T02:01:06.352+0000] {logging_mixin.py:188} INFO - [2026-08-07T02:01:06.352+0000] {dag.py:3954} INFO - Setting next_dagrun for json_batch_to_hdfs to 2026-08-07 02:00:00+00:00, run_after=2026-08-07 02:05:00+00:00
[2026-08-07T02:01:06.378+0000] {processor.py:183} INFO - Processing /opt/airflow/dags/json_to_hdfs_dag.py took 0.108 seconds
[2026-08-07T02:01:36.596+0000] {processor.py:161} INFO - Started process (PID=915) to work on /opt/airflow/dags/json_to_hdfs_dag.py
[2026-08-07T02:01:36.597+0000] {processor.py:830} INFO - Processing file /opt/airflow/dags/json_to_hdfs_dag.py for tasks to queue
[2026-08-07T02:01:36.599+0000] {logging_mixin.py:188} INFO - [2026-08-07T02:01:36.599+0000] {dagbag.py:545} INFO - Filling up the DagBag from /opt/airflow/dags/json_to_hdfs_dag.py
[2026-08-07T02:01:36.620+0000] {processor.py:840} INFO - DAG(s) 'json_batch_to_hdfs' retrieved from /opt/airflow/dags/json_to_hdfs_dag.py
[2026-08-07T02:01:36.648+0000] {logging_mixin.py:188} INFO - [2026-08-07T02:01:36.648+0000] {dag.py:3096} INFO - Sync 1 DAGs
[2026-08-07T02:01:36.673+0000] {logging_mixin.py:188} INFO - [2026-08-07T02:01:36.673+0000] {dag.py:3954} INFO - Setting next_dagrun for json_batch_to_hdfs to 2026-08-07 02:00:00+00:00, run_after=2026-08-07 02:05:00+00:00
[2026-08-07T02:01:36.697+0000] {processor.py:183} INFO - Processing /opt/airflow/dags/json_to_hdfs_dag.py took 0.106 seconds
[2026-08-07T02:02:06.867+0000] {processor.py:161} INFO - Started process (PID=916) to work on /opt/airflow/dags/json_to_hdfs_dag.py
[2026-08-07T02:02:06.868+0000] {processor.py:830} INFO - Processing file /opt/airflow/dags/json_to_hdfs_dag.py for tasks to queue
[2026-08-07T02:02:06.869+0000] {logging_mixin.py:188} INFO - [2026-08-07T02:02:06.869+0000] {dagbag.py:545} INFO - Filling up the DagBag from /opt/airflow/dags/json_to_hdfs_dag.py
[2026-08-07T02:02:06.890+0000] {processor.py:840} INFO - DAG(s) 'json_batch_to_hdfs' retrieved from /opt/airflow/dags/json_to_hdfs_dag.py
[2026-08-07T02:02:06.920+0000] {logging_mixin.py:188} INFO - [2026-08-07T02:02:06.920+0000] {dag.py:3096} INFO - Sync 1 DAGs
[2026-08-07T02:02:06.946+0000] {logging_mixin.py:188} INFO - [2026-08-07T02:02:06.946+0000] {dag.py:3954} INFO - Setting next_dagrun for json_batch_to_hdfs to 2026-08-07 02:00:00+00:00, run_after=2026-08-07 02:05:00+00:00
[2026-08-07T02:02:06.973+0000] {processor.py:183} INFO - Processing /opt/airflow/dags/json_to_hdfs_dag.py took 0.111 seconds
[2026-08-07T02:02:37.113+0000] {processor.py:161} INFO - Started process (PID=917) to work on /opt/airflow/dags/json_to_hdfs_dag.py
[2026-08-07T02:02:37.115+0000] {processor.py:830} INFO - Processing file /opt/airflow/dags/json_to_hdfs_dag.py for tasks to queue
[2026-08-07T02:02:37.117+0000] {logging_mixin.py:188} INFO - [2026-08-07T02:02:37.117+0000] {dagbag.py:545} INFO - Filling up the DagBag from /opt/airflow/dags/json_to_hdfs_dag.py
[2026-08-07T02:02:37.142+0000] {processor.py:840} INFO - DAG(s) 'json_batch_to_hdfs' retrieved from /opt/airflow/dags/json_to_hdfs_dag.py
[2026-08-07T02:02:37.181+0000] {logging_mixin.py:188} INFO - [2026-08-07T02:02:37.181+0000] {dag.py:3096} INFO - Sync 1 DAGs
[2026-08-07T02:02:37.212+0000] {logging_mixin.py:188} INFO - [2026-08-07T02:02:37.212+0000] {dag.py:3954} INFO - Setting next_dagrun for json_batch_to_hdfs to 2026-08-07 02:00:00+00:00, run_after=2026-08-07 02:05:00+00:00
[2026-08-07T02:02:37.276+0000] {processor.py:183} INFO - Processing /opt/airflow/dags/json_to_hdfs_dag.py took 0.169 seconds
[2026-08-07T02:03:07.526+0000] {processor.py:161} INFO - Started process (PID=918) to work on /opt/airflow/dags/json_to_hdfs_dag.py
[2026-08-07T02:03:07.528+0000] {processor.py:830} INFO - Processing file /opt/airflow/dags/json_to_hdfs_dag.py for tasks to queue
[2026-08-07T02:03:07.530+0000] {logging_mixin.py:188} INFO - [2026-08-07T02:03:07.529+0000] {dagbag.py:545} INFO - Filling up the DagBag from /opt/airflow/dags/json_to_hdfs_dag.py
[2026-08-07T02:03:07.554+0000] {processor.py:840} INFO - DAG(s) 'json_batch_to_hdfs' retrieved from /opt/airflow/dags/json_to_hdfs_dag.py
[2026-08-07T02:03:07.588+0000] {logging_mixin.py:188} INFO - [2026-08-07T02:03:07.588+0000] {dag.py:3096} INFO - Sync 1 DAGs
[2026-08-07T02:03:07.622+0000] {logging_mixin.py:188} INFO - [2026-08-07T02:03:07.622+0000] {dag.py:3954} INFO - Setting next_dagrun for json_batch_to_hdfs to 2026-08-07 02:00:00+00:00, run_after=2026-08-07 02:05:00+00:00
[2026-08-07T02:03:07.661+0000] {processor.py:183} INFO - Processing /opt/airflow/dags/json_to_hdfs_dag.py took 0.142 seconds
[2026-08-07T02:03:37.712+0000] {processor.py:161} INFO - Started process (PID=919) to work on /opt/airflow/dags/json_to_hdfs_dag.py
[2026-08-07T02:03:37.714+0000] {processor.py:830} INFO - Processing file /opt/airflow/dags/json_to_hdfs_dag.py for tasks to queue
[2026-08-07T02:03:37.715+0000] {logging_mixin.py:188} INFO - [2026-08-07T02:03:37.715+0000] {dagbag.py:545} INFO - Filling up the DagBag from /opt/airflow/dags/json_to_hdfs_dag.py
[2026-08-07T02:03:37.741+0000] {processor.py:840} INFO - DAG(s) 'json_batch_to_hdfs' retrieved from /opt/airflow/dags/json_to_hdfs_dag.py
[2026-08-07T02:03:37.781+0000] {logging_mixin.py:188} INFO - [2026-08-07T02:03:37.781+0000] {dag.py:3096} INFO - Sync 1 DAGs
[2026-08-07T02:03:37.810+0000] {logging_mixin.py:188} INFO - [2026-08-07T02:03:37.810+0000] {dag.py:3954} INFO - Setting next_dagrun for json_batch_to_hdfs to 2026-08-07 02:00:00+00:00, run_after=2026-08-07 02:05:00+00:00
[2026-08-07T02:03:37.836+0000] {processor.py:183} INFO - Processing /opt/airflow/dags/json_to_hdfs_dag.py took 0.129 seconds
[2026-08-07T02:04:08.079+0000] {processor.py:161} INFO - Started process (PID=920) to work on /opt/airflow/dags/json_to_hdfs_dag.py
[2026-08-07T02:04:08.080+0000] {processor.py:830} INFO - Processing file /opt/airflow/dags/json_to_hdfs_dag.py for tasks to queue
[2026-08-07T02:04:08.082+0000] {logging_mixin.py:188} INFO - [2026-08-07T02:04:08.082+0000] {dagbag.py:545} INFO - Filling up the DagBag from /opt/airflow/dags/json_to_hdfs_dag.py
[2026-08-07T02:04:08.103+0000] {processor.py:840} INFO - DAG(s) 'json_batch_to_hdfs' retrieved from /opt/airflow/dags/json_to_hdfs_dag.py
[2026-08-07T02:04:08.137+0000] {logging_mixin.py:188} INFO - [2026-08-07T02:04:08.137+0000] {dag.py:3096} INFO - Sync 1 DAGs
[2026-08-07T02:04:08.164+0000] {logging_mixin.py:188} INFO - [2026-08-07T02:04:08.164+0000] {dag.py:3954} INFO - Setting next_dagrun for json_batch_to_hdfs to 2026-08-07 02:00:00+00:00, run_after=2026-08-07 02:05:00+00:00
[2026-08-07T02:04:08.199+0000] {processor.py:183} INFO - Processing /opt/airflow/dags/json_to_hdfs_dag.py took 0.126 seconds
[2026-08-07T02:04:38.308+0000] {processor.py:161} INFO - Started process (PID=921) to work on /opt/airflow/dags/json_to_hdfs_dag.py
[2026-08-07T02:04:38.311+0000] {processor.py:830} INFO - Processing file /opt/airflow/dags/json_to_hdfs_dag.py for tasks to queue
[2026-08-07T02:04:38.313+0000] {logging_mixin.py:188} INFO - [2026-08-07T02:04:38.313+0000] {dagbag.py:545} INFO - Filling up the DagBag from /opt/airflow/dags/json_to_hdfs_dag.py
[2026-08-07T02:04:38.339+0000] {processor.py:840} INFO - DAG(s) 'json_batch_to_hdfs' retrieved from /opt/airflow/dags/json_to_hdfs_dag.py
[2026-08-07T02:04:38.373+0000] {logging_mixin.py:188} INFO - [2026-08-07T02:04:38.373+0000] {dag.py:3096} INFO - Sync 1 DAGs
[2026-08-07T02:04:38.405+0000] {logging_mixin.py:188} INFO - [2026-08-07T02:04:38.405+0000] {dag.py:3954} INFO - Setting next_dagrun for json_batch_to_hdfs to 2026-08-07 02:00:00+00:00, run_after=2026-08-07 02:05:00+00:00
[2026-08-07T02:04:38.435+0000] {processor.py:183} INFO - Processing /opt/airflow/dags/json_to_hdfs_dag.py took 0.133 seconds
[2026-08-07T02:05:08.668+0000] {processor.py:161} INFO - Started process (PID=931) to work on /opt/airflow/dags/json_to_hdfs_dag.py
[2026-08-07T02:05:08.671+0000] {processor.py:830} INFO - Processing file /opt/airflow/dags/json_to_hdfs_dag.py for tasks to queue
[2026-08-07T02:05:08.674+0000] {logging_mixin.py:188} INFO - [2026-08-07T02:05:08.673+0000] {dagbag.py:545} INFO - Filling up the DagBag from /opt/airflow/dags/json_to_hdfs_dag.py
[2026-08-07T02:05:08.714+0000] {processor.py:840} INFO - DAG(s) 'json_batch_to_hdfs' retrieved from /opt/airflow/dags/json_to_hdfs_dag.py
[2026-08-07T02:05:08.793+0000] {logging_mixin.py:188} INFO - [2026-08-07T02:05:08.793+0000] {dag.py:3096} INFO - Sync 1 DAGs
[2026-08-07T02:05:08.850+0000] {logging_mixin.py:188} INFO - [2026-08-07T02:05:08.850+0000] {dag.py:3954} INFO - Setting next_dagrun for json_batch_to_hdfs to 2026-08-07 02:05:00+00:00, run_after=2026-08-07 02:10:00+00:00
[2026-08-07T02:05:08.887+0000] {processor.py:183} INFO - Processing /opt/airflow/dags/json_to_hdfs_dag.py took 0.231 seconds
[2026-08-07T02:05:39.108+0000] {processor.py:161} INFO - Started process (PID=932) to work on /opt/airflow/dags/json_to_hdfs_dag.py
[2026-08-07T02:05:39.109+0000] {processor.py:830} INFO - Processing file /opt/airflow/dags/json_to_hdfs_dag.py for tasks to queue
[2026-08-07T02:05:39.111+0000] {logging_mixin.py:188} INFO - [2026-08-07T02:05:39.110+0000] {dagbag.py:545} INFO - Filling up the DagBag from /opt/airflow/dags/json_to_hdfs_dag.py
[2026-08-07T02:05:39.130+0000] {processor.py:840} INFO - DAG(s) 'json_batch_to_hdfs' retrieved from /opt/airflow/dags/json_to_hdfs_dag.py
[2026-08-07T02:05:39.163+0000] {logging_mixin.py:188} INFO - [2026-08-07T02:05:39.163+0000] {dag.py:3096} INFO - Sync 1 DAGs
[2026-08-07T02:05:39.189+0000] {logging_mixin.py:188} INFO - [2026-08-07T02:05:39.188+0000] {dag.py:3954} INFO - Setting next_dagrun for json_batch_to_hdfs to 2026-08-07 02:05:00+00:00, run_after=2026-08-07 02:10:00+00:00
[2026-08-07T02:05:39.253+0000] {processor.py:183} INFO - Processing /opt/airflow/dags/json_to_hdfs_dag.py took 0.151 seconds
[2026-08-07T02:06:09.311+0000] {processor.py:161} INFO - Started process (PID=933) to work on /opt/airflow/dags/json_to_hdfs_dag.py
[2026-08-07T02:06:09.313+0000] {processor.py:830} INFO - Processing file /opt/airflow/dags/json_to_hdfs_dag.py for tasks to queue
[2026-08-07T02:06:09.315+0000] {logging_mixin.py:188} INFO - [2026-08-07T02:06:09.314+0000] {dagbag.py:545} INFO - Filling up the DagBag from /opt/airflow/dags/json_to_hdfs_dag.py
[2026-08-07T02:06:09.336+0000] {processor.py:840} INFO - DAG(s) 'json_batch_to_hdfs' retrieved from /opt/airflow/dags/json_to_hdfs_dag.py
[2026-08-07T02:06:09.369+0000] {logging_mixin.py:188} INFO - [2026-08-07T02:06:09.368+0000] {dag.py:3096} INFO - Sync 1 DAGs
[2026-08-07T02:06:09.397+0000] {logging_mixin.py:188} INFO - [2026-08-07T02:06:09.397+0000] {dag.py:3954} INFO - Setting next_dagrun for json_batch_to_hdfs to 2026-08-07 02:05:00+00:00, run_after=2026-08-07 02:10:00+00:00
[2026-08-07T02:06:09.420+0000] {processor.py:183} INFO - Processing /opt/airflow/dags/json_to_hdfs_dag.py took 0.115 seconds
[2026-08-07T02:06:39.553+0000] {processor.py:161} INFO - Started process (PID=934) to work on /opt/airflow/dags/json_to_hdfs_dag.py
[2026-08-07T02:06:39.555+0000] {processor.py:830} INFO - Processing file /opt/airflow/dags/json_to_hdfs_dag.py for tasks to queue
[2026-08-07T02:06:39.557+0000] {logging_mixin.py:188} INFO - [2026-08-07T02:06:39.557+0000] {dagbag.py:545} INFO - Filling up the DagBag from /opt/airflow/dags/json_to_hdfs_dag.py
[2026-08-07T02:06:39.581+0000] {processor.py:840} INFO - DAG(s) 'json_batch_to_hdfs' retrieved from /opt/airflow/dags/json_to_hdfs_dag.py
[2026-08-07T02:06:39.615+0000] {logging_mixin.py:188} INFO - [2026-08-07T02:06:39.615+0000] {dag.py:3096} INFO - Sync 1 DAGs
[2026-08-07T02:06:39.645+0000] {logging_mixin.py:188} INFO - [2026-08-07T02:06:39.644+0000] {dag.py:3954} INFO - Setting next_dagrun for json_batch_to_hdfs to 2026-08-07 02:05:00+00:00, run_after=2026-08-07 02:10:00+00:00
[2026-08-07T02:06:39.668+0000] {processor.py:183} INFO - Processing /opt/airflow/dags/json_to_hdfs_dag.py took 0.120 seconds
[2026-08-07T02:07:09.905+0000] {processor.py:161} INFO - Started process (PID=935) to work on /opt/airflow/dags/json_to_hdfs_dag.py
[2026-08-07T02:07:09.907+0000] {processor.py:830} INFO - Processing file /opt/airflow/dags/json_to_hdfs_dag.py for tasks to queue
[2026-08-07T02:07:09.909+0000] {logging_mixin.py:188} INFO - [2026-08-07T02:07:09.909+0000] {dagbag.py:545} INFO - Filling up the DagBag from /opt/airflow/dags/json_to_hdfs_dag.py
[2026-08-07T02:07:09.930+0000] {processor.py:840} INFO - DAG(s) 'json_batch_to_hdfs' retrieved from /opt/airflow/dags/json_to_hdfs_dag.py
[2026-08-07T02:07:09.962+0000] {logging_mixin.py:188} INFO - [2026-08-07T02:07:09.961+0000] {dag.py:3096} INFO - Sync 1 DAGs
[2026-08-07T02:07:09.986+0000] {logging_mixin.py:188} INFO - [2026-08-07T02:07:09.986+0000] {dag.py:3954} INFO - Setting next_dagrun for json_batch_to_hdfs to 2026-08-07 02:05:00+00:00, run_after=2026-08-07 02:10:00+00:00
[2026-08-07T02:07:10.009+0000] {processor.py:183} INFO - Processing /opt/airflow/dags/json_to_hdfs_dag.py took 0.109 seconds
[2026-08-07T02:07:40.167+0000] {processor.py:161} INFO - Started process (PID=936) to work on /opt/airflow/dags/json_to_hdfs_dag.py
[2026-08-07T02:07:40.168+0000] {processor.py:830} INFO - Processing file /opt/airflow/dags/json_to_hdfs_dag.py for tasks to queue
[2026-08-07T02:07:40.170+0000] {logging_mixin.py:188} INFO - [2026-08-07T02:07:40.169+0000] {dagbag.py:545} INFO - Filling up the DagBag from /opt/airflow/dags/json_to_hdfs_dag.py
[2026-08-07T02:07:40.188+0000] {processor.py:840} INFO - DAG(s) 'json_batch_to_hdfs' retrieved from /opt/airflow/dags/json_to_hdfs_dag.py
[2026-08-07T02:07:40.218+0000] {logging_mixin.py:188} INFO - [2026-08-07T02:07:40.218+0000] {dag.py:3096} INFO - Sync 1 DAGs
[2026-08-07T02:07:40.243+0000] {logging_mixin.py:188} INFO - [2026-08-07T02:07:40.243+0000] {dag.py:3954} INFO - Setting next_dagrun for json_batch_to_hdfs to 2026-08-07 02:05:00+00:00, run_after=2026-08-07 02:10:00+00:00
[2026-08-07T02:07:40.269+0000] {processor.py:183} INFO - Processing /opt/airflow/dags/json_to_hdfs_dag.py took 0.107 seconds
[2026-08-07T02:08:10.528+0000] {processor.py:161} INFO - Started process (PID=937) to work on /opt/airflow/dags/json_to_hdfs_dag.py
[2026-08-07T02:08:10.530+0000] {processor.py:830} INFO - Processing file /opt/airflow/dags/json_to_hdfs_dag.py for tasks to queue
[2026-08-07T02:08:10.531+0000] {logging_mixin.py:188} INFO - [2026-08-07T02:08:10.531+0000] {dagbag.py:545} INFO - Filling up the DagBag from /opt/airflow/dags/json_to_hdfs_dag.py
[2026-08-07T02:08:10.551+0000] {processor.py:840} INFO - DAG(s) 'json_batch_to_hdfs' retrieved from /opt/airflow/dags/json_to_hdfs_dag.py
[2026-08-07T02:08:10.581+0000] {logging_mixin.py:188} INFO - [2026-08-07T02:08:10.581+0000] {dag.py:3096} INFO - Sync 1 DAGs
[2026-08-07T02:08:10.604+0000] {logging_mixin.py:188} INFO - [2026-08-07T02:08:10.604+0000] {dag.py:3954} INFO - Setting next_dagrun for json_batch_to_hdfs to 2026-08-07 02:05:00+00:00, run_after=2026-08-07 02:10:00+00:00
[2026-08-07T02:08:10.636+0000] {processor.py:183} INFO - Processing /opt/airflow/dags/json_to_hdfs_dag.py took 0.113 seconds
[2026-08-07T02:08:40.775+0000] {processor.py:161} INFO - Started process (PID=938) to work on /opt/airflow/dags/json_to_hdfs_dag.py
[2026-08-07T02:08:40.777+0000] {processor.py:830} INFO - Processing file /opt/airflow/dags/json_to_hdfs_dag.py for tasks to queue
[2026-08-07T02:08:40.779+0000] {logging_mixin.py:188} INFO - [2026-08-07T02:08:40.779+0000] {dagbag.py:545} INFO - Filling up the DagBag from /opt/airflow/dags/json_to_hdfs_dag.py
[2026-08-07T02:08:40.802+0000] {processor.py:840} INFO - DAG(s) 'json_batch_to_hdfs' retrieved from /opt/airflow/dags/json_to_hdfs_dag.py
[2026-08-07T02:08:40.832+0000] {logging_mixin.py:188} INFO - [2026-08-07T02:08:40.832+0000] {dag.py:3096} INFO - Sync 1 DAGs
[2026-08-07T02:08:40.858+0000] {logging_mixin.py:188} INFO - [2026-08-07T02:08:40.858+0000] {dag.py:3954} INFO - Setting next_dagrun for json_batch_to_hdfs to 2026-08-07 02:05:00+00:00, run_after=2026-08-07 02:10:00+00:00
[2026-08-07T02:08:40.907+0000] {processor.py:183} INFO - Processing /opt/airflow/dags/json_to_hdfs_dag.py took 0.138 seconds
[2026-08-07T02:09:11.108+0000] {processor.py:161} INFO - Started process (PID=939) to work on /opt/airflow/dags/json_to_hdfs_dag.py
[2026-08-07T02:09:11.110+0000] {processor.py:830} INFO - Processing file /opt/airflow/dags/json_to_hdfs_dag.py for tasks to queue
[2026-08-07T02:09:11.111+0000] {logging_mixin.py:188} INFO - [2026-08-07T02:09:11.111+0000] {dagbag.py:545} INFO - Filling up the DagBag from /opt/airflow/dags/json_to_hdfs_dag.py
[2026-08-07T02:09:11.132+0000] {processor.py:840} INFO - DAG(s) 'json_batch_to_hdfs' retrieved from /opt/airflow/dags/json_to_hdfs_dag.py
[2026-08-07T02:09:11.162+0000] {logging_mixin.py:188} INFO - [2026-08-07T02:09:11.162+0000] {dag.py:3096} INFO - Sync 1 DAGs
[2026-08-07T02:09:11.188+0000] {logging_mixin.py:188} INFO - [2026-08-07T02:09:11.187+0000] {dag.py:3954} INFO - Setting next_dagrun for json_batch_to_hdfs to 2026-08-07 02:05:00+00:00, run_after=2026-08-07 02:10:00+00:00
[2026-08-07T02:09:11.211+0000] {processor.py:183} INFO - Processing /opt/airflow/dags/json_to_hdfs_dag.py took 0.108 seconds
[2026-08-07T02:09:41.401+0000] {processor.py:161} INFO - Started process (PID=940) to work on /opt/airflow/dags/json_to_hdfs_dag.py
[2026-08-07T02:09:41.402+0000] {processor.py:830} INFO - Processing file /opt/airflow/dags/json_to_hdfs_dag.py for tasks to queue
[2026-08-07T02:09:41.404+0000] {logging_mixin.py:188} INFO - [2026-08-07T02:09:41.404+0000] {dagbag.py:545} INFO - Filling up the DagBag from /opt/airflow/dags/json_to_hdfs_dag.py
[2026-08-07T02:09:41.425+0000] {processor.py:840} INFO - DAG(s) 'json_batch_to_hdfs' retrieved from /opt/airflow/dags/json_to_hdfs_dag.py
[2026-08-07T02:09:41.458+0000] {logging_mixin.py:188} INFO - [2026-08-07T02:09:41.457+0000] {dag.py:3096} INFO - Sync 1 DAGs
[2026-08-07T02:09:41.481+0000] {logging_mixin.py:188} INFO - [2026-08-07T02:09:41.480+0000] {dag.py:3954} INFO - Setting next_dagrun for json_batch_to_hdfs to 2026-08-07 02:05:00+00:00, run_after=2026-08-07 02:10:00+00:00
[2026-08-07T02:09:41.504+0000] {processor.py:183} INFO - Processing /opt/airflow/dags/json_to_hdfs_dag.py took 0.109 seconds
[2026-08-07T02:10:11.708+0000] {processor.py:161} INFO - Started process (PID=950) to work on /opt/airflow/dags/json_to_hdfs_dag.py
[2026-08-07T02:10:11.712+0000] {processor.py:830} INFO - Processing file /opt/airflow/dags/json_to_hdfs_dag.py for tasks to queue
[2026-08-07T02:10:11.716+0000] {logging_mixin.py:188} INFO - [2026-08-07T02:10:11.715+0000] {dagbag.py:545} INFO - Filling up the DagBag from /opt/airflow/dags/json_to_hdfs_dag.py
[2026-08-07T02:10:11.761+0000] {processor.py:840} INFO - DAG(s) 'json_batch_to_hdfs' retrieved from /opt/airflow/dags/json_to_hdfs_dag.py
[2026-08-07T02:10:11.832+0000] {logging_mixin.py:188} INFO - [2026-08-07T02:10:11.822+0000] {dag.py:3096} INFO - Sync 1 DAGs
[2026-08-07T02:10:11.892+0000] {logging_mixin.py:188} INFO - [2026-08-07T02:10:11.892+0000] {dag.py:3954} INFO - Setting next_dagrun for json_batch_to_hdfs to 2026-08-07 02:10:00+00:00, run_after=2026-08-07 02:15:00+00:00
[2026-08-07T02:10:11.936+0000] {processor.py:183} INFO - Processing /opt/airflow/dags/json_to_hdfs_dag.py took 0.239 seconds
[2026-08-07T02:10:42.161+0000] {processor.py:161} INFO - Started process (PID=951) to work on /opt/airflow/dags/json_to_hdfs_dag.py
[2026-08-07T02:10:42.163+0000] {processor.py:830} INFO - Processing file /opt/airflow/dags/json_to_hdfs_dag.py for tasks to queue
[2026-08-07T02:10:42.164+0000] {logging_mixin.py:188} INFO - [2026-08-07T02:10:42.164+0000] {dagbag.py:545} INFO - Filling up the DagBag from /opt/airflow/dags/json_to_hdfs_dag.py
[2026-08-07T02:10:42.184+0000] {processor.py:840} INFO - DAG(s) 'json_batch_to_hdfs' retrieved from /opt/airflow/dags/json_to_hdfs_dag.py
[2026-08-07T02:10:42.215+0000] {logging_mixin.py:188} INFO - [2026-08-07T02:10:42.215+0000] {dag.py:3096} INFO - Sync 1 DAGs
[2026-08-07T02:10:42.239+0000] {logging_mixin.py:188} INFO - [2026-08-07T02:10:42.238+0000] {dag.py:3954} INFO - Setting next_dagrun for json_batch_to_hdfs to 2026-08-07 02:10:00+00:00, run_after=2026-08-07 02:15:00+00:00
[2026-08-07T02:10:42.261+0000] {processor.py:183} INFO - Processing /opt/airflow/dags/json_to_hdfs_dag.py took 0.105 seconds
[2026-08-07T02:11:12.410+0000] {processor.py:161} INFO - Started process (PID=952) to work on /opt/airflow/dags/json_to_hdfs_dag.py
[2026-08-07T02:11:12.411+0000] {processor.py:830} INFO - Processing file /opt/airflow/dags/json_to_hdfs_dag.py for tasks to queue
[2026-08-07T02:11:12.413+0000] {logging_mixin.py:188} INFO - [2026-08-07T02:11:12.412+0000] {dagbag.py:545} INFO - Filling up the DagBag from /opt/airflow/dags/json_to_hdfs_dag.py
[2026-08-07T02:11:12.432+0000] {processor.py:840} INFO - DAG(s) 'json_batch_to_hdfs' retrieved from /opt/airflow/dags/json_to_hdfs_dag.py
[2026-08-07T02:11:12.463+0000] {logging_mixin.py:188} INFO - [2026-08-07T02:11:12.463+0000] {dag.py:3096} INFO - Sync 1 DAGs
[2026-08-07T02:11:12.487+0000] {logging_mixin.py:188} INFO - [2026-08-07T02:11:12.487+0000] {dag.py:3954} INFO - Setting next_dagrun for json_batch_to_hdfs to 2026-08-07 02:10:00+00:00, run_after=2026-08-07 02:15:00+00:00
[2026-08-07T02:11:12.522+0000] {processor.py:183} INFO - Processing /opt/airflow/dags/json_to_hdfs_dag.py took 0.118 seconds
[2026-08-07T02:11:42.737+0000] {processor.py:161} INFO - Started process (PID=953) to work on /opt/airflow/dags/json_to_hdfs_dag.py
[2026-08-07T02:11:42.740+0000] {processor.py:830} INFO - Processing file /opt/airflow/dags/json_to_hdfs_dag.py for tasks to queue
[2026-08-07T02:11:42.742+0000] {logging_mixin.py:188} INFO - [2026-08-07T02:11:42.741+0000] {dagbag.py:545} INFO - Filling up the DagBag from /opt/airflow/dags/json_to_hdfs_dag.py
[2026-08-07T02:11:42.770+0000] {processor.py:840} INFO - DAG(s) 'json_batch_to_hdfs' retrieved from /opt/airflow/dags/json_to_hdfs_dag.py
[2026-08-07T02:11:42.814+0000] {logging_mixin.py:188} INFO - [2026-08-07T02:11:42.814+0000] {dag.py:3096} INFO - Sync 1 DAGs
[2026-08-07T02:11:42.852+0000] {logging_mixin.py:188} INFO - [2026-08-07T02:11:42.851+0000] {dag.py:3954} INFO - Setting next_dagrun for json_batch_to_hdfs to 2026-08-07 02:10:00+00:00, run_after=2026-08-07 02:15:00+00:00
[2026-08-07T02:11:42.886+0000] {processor.py:183} INFO - Processing /opt/airflow/dags/json_to_hdfs_dag.py took 0.155 seconds
[2026-08-07T02:20:02.727+0000] {processor.py:161} INFO - Started process (PID=954) to work on /opt/airflow/dags/json_to_hdfs_dag.py
[2026-08-07T02:20:02.730+0000] {processor.py:830} INFO - Processing file /opt/airflow/dags/json_to_hdfs_dag.py for tasks to queue
[2026-08-07T02:20:02.735+0000] {logging_mixin.py:188} INFO - [2026-08-07T02:20:02.734+0000] {dagbag.py:545} INFO - Filling up the DagBag from /opt/airflow/dags/json_to_hdfs_dag.py
[2026-08-07T02:20:02.766+0000] {processor.py:840} INFO - DAG(s) 'json_batch_to_hdfs' retrieved from /opt/airflow/dags/json_to_hdfs_dag.py
[2026-08-07T02:20:02.835+0000] {logging_mixin.py:188} INFO - [2026-08-07T02:20:02.834+0000] {dag.py:3096} INFO - Sync 1 DAGs
[2026-08-07T02:20:02.878+0000] {logging_mixin.py:188} INFO - [2026-08-07T02:20:02.877+0000] {dag.py:3954} INFO - Setting next_dagrun for json_batch_to_hdfs to 2026-08-07 02:15:00+00:00, run_after=2026-08-07 02:20:00+00:00
[2026-08-07T02:20:02.905+0000] {processor.py:183} INFO - Processing /opt/airflow/dags/json_to_hdfs_dag.py took 0.191 seconds
[2026-08-07T02:20:33.182+0000] {processor.py:161} INFO - Started process (PID=964) to work on /opt/airflow/dags/json_to_hdfs_dag.py
[2026-08-07T02:20:33.184+0000] {processor.py:830} INFO - Processing file /opt/airflow/dags/json_to_hdfs_dag.py for tasks to queue
[2026-08-07T02:20:33.186+0000] {logging_mixin.py:188} INFO - [2026-08-07T02:20:33.185+0000] {dagbag.py:545} INFO - Filling up the DagBag from /opt/airflow/dags/json_to_hdfs_dag.py
[2026-08-07T02:20:33.214+0000] {processor.py:840} INFO - DAG(s) 'json_batch_to_hdfs' retrieved from /opt/airflow/dags/json_to_hdfs_dag.py
[2026-08-07T02:20:33.249+0000] {logging_mixin.py:188} INFO - [2026-08-07T02:20:33.249+0000] {dag.py:3096} INFO - Sync 1 DAGs
[2026-08-07T02:20:33.278+0000] {logging_mixin.py:188} INFO - [2026-08-07T02:20:33.277+0000] {dag.py:3954} INFO - Setting next_dagrun for json_batch_to_hdfs to 2026-08-07 02:20:00+00:00, run_after=2026-08-07 02:25:00+00:00
[2026-08-07T02:20:33.305+0000] {processor.py:183} INFO - Processing /opt/airflow/dags/json_to_hdfs_dag.py took 0.129 seconds
[2026-08-07T02:21:03.438+0000] {processor.py:161} INFO - Started process (PID=965) to work on /opt/airflow/dags/json_to_hdfs_dag.py
[2026-08-07T02:21:03.442+0000] {processor.py:830} INFO - Processing file /opt/airflow/dags/json_to_hdfs_dag.py for tasks to queue
[2026-08-07T02:21:03.444+0000] {logging_mixin.py:188} INFO - [2026-08-07T02:21:03.443+0000] {dagbag.py:545} INFO - Filling up the DagBag from /opt/airflow/dags/json_to_hdfs_dag.py
[2026-08-07T02:21:03.491+0000] {processor.py:840} INFO - DAG(s) 'json_batch_to_hdfs' retrieved from /opt/airflow/dags/json_to_hdfs_dag.py
[2026-08-07T02:21:03.544+0000] {logging_mixin.py:188} INFO - [2026-08-07T02:21:03.544+0000] {dag.py:3096} INFO - Sync 1 DAGs
[2026-08-07T02:21:03.599+0000] {logging_mixin.py:188} INFO - [2026-08-07T02:21:03.599+0000] {dag.py:3954} INFO - Setting next_dagrun for json_batch_to_hdfs to 2026-08-07 02:20:00+00:00, run_after=2026-08-07 02:25:00+00:00
[2026-08-07T02:21:03.632+0000] {processor.py:183} INFO - Processing /opt/airflow/dags/json_to_hdfs_dag.py took 0.204 seconds
[2026-08-07T02:21:33.774+0000] {processor.py:161} INFO - Started process (PID=966) to work on /opt/airflow/dags/json_to_hdfs_dag.py
[2026-08-07T02:21:33.776+0000] {processor.py:830} INFO - Processing file /opt/airflow/dags/json_to_hdfs_dag.py for tasks to queue
[2026-08-07T02:21:33.778+0000] {logging_mixin.py:188} INFO - [2026-08-07T02:21:33.777+0000] {dagbag.py:545} INFO - Filling up the DagBag from /opt/airflow/dags/json_to_hdfs_dag.py
[2026-08-07T02:21:33.801+0000] {processor.py:840} INFO - DAG(s) 'json_batch_to_hdfs' retrieved from /opt/airflow/dags/json_to_hdfs_dag.py
[2026-08-07T02:21:33.833+0000] {logging_mixin.py:188} INFO - [2026-08-07T02:21:33.832+0000] {dag.py:3096} INFO - Sync 1 DAGs
[2026-08-07T02:21:33.861+0000] {logging_mixin.py:188} INFO - [2026-08-07T02:21:33.861+0000] {dag.py:3954} INFO - Setting next_dagrun for json_batch_to_hdfs to 2026-08-07 02:20:00+00:00, run_after=2026-08-07 02:25:00+00:00
[2026-08-07T02:21:33.900+0000] {processor.py:183} INFO - Processing /opt/airflow/dags/json_to_hdfs_dag.py took 0.134 seconds
[2026-08-07T02:22:04.070+0000] {processor.py:161} INFO - Started process (PID=967) to work on /opt/airflow/dags/json_to_hdfs_dag.py
[2026-08-07T02:22:04.072+0000] {processor.py:830} INFO - Processing file /opt/airflow/dags/json_to_hdfs_dag.py for tasks to queue
[2026-08-07T02:22:04.075+0000] {logging_mixin.py:188} INFO - [2026-08-07T02:22:04.075+0000] {dagbag.py:545} INFO - Filling up the DagBag from /opt/airflow/dags/json_to_hdfs_dag.py
[2026-08-07T02:22:04.099+0000] {processor.py:840} INFO - DAG(s) 'json_batch_to_hdfs' retrieved from /opt/airflow/dags/json_to_hdfs_dag.py
[2026-08-07T02:22:04.135+0000] {logging_mixin.py:188} INFO - [2026-08-07T02:22:04.135+0000] {dag.py:3096} INFO - Sync 1 DAGs
[2026-08-07T02:22:04.163+0000] {logging_mixin.py:188} INFO - [2026-08-07T02:22:04.163+0000] {dag.py:3954} INFO - Setting next_dagrun for json_batch_to_hdfs to 2026-08-07 02:20:00+00:00, run_after=2026-08-07 02:25:00+00:00
[2026-08-07T02:22:04.189+0000] {processor.py:183} INFO - Processing /opt/airflow/dags/json_to_hdfs_dag.py took 0.125 seconds
[2026-08-07T02:22:34.380+0000] {processor.py:161} INFO - Started process (PID=968) to work on /opt/airflow/dags/json_to_hdfs_dag.py
[2026-08-07T02:22:34.382+0000] {processor.py:830} INFO - Processing file /opt/airflow/dags/json_to_hdfs_dag.py for tasks to queue
[2026-08-07T02:22:34.384+0000] {logging_mixin.py:188} INFO - [2026-08-07T02:22:34.383+0000] {dagbag.py:545} INFO - Filling up the DagBag from /opt/airflow/dags/json_to_hdfs_dag.py
[2026-08-07T02:22:34.409+0000] {processor.py:840} INFO - DAG(s) 'json_batch_to_hdfs' retrieved from /opt/airflow/dags/json_to_hdfs_dag.py
[2026-08-07T02:22:34.446+0000] {logging_mixin.py:188} INFO - [2026-08-07T02:22:34.446+0000] {dag.py:3096} INFO - Sync 1 DAGs
[2026-08-07T02:22:34.480+0000] {logging_mixin.py:188} INFO - [2026-08-07T02:22:34.479+0000] {dag.py:3954} INFO - Setting next_dagrun for json_batch_to_hdfs to 2026-08-07 02:20:00+00:00, run_after=2026-08-07 02:25:00+00:00
[2026-08-07T02:22:34.505+0000] {processor.py:183} INFO - Processing /opt/airflow/dags/json_to_hdfs_dag.py took 0.130 seconds
[2026-08-07T02:23:04.640+0000] {processor.py:161} INFO - Started process (PID=969) to work on /opt/airflow/dags/json_to_hdfs_dag.py
[2026-08-07T02:23:04.642+0000] {processor.py:830} INFO - Processing file /opt/airflow/dags/json_to_hdfs_dag.py for tasks to queue
[2026-08-07T02:23:04.645+0000] {logging_mixin.py:188} INFO - [2026-08-07T02:23:04.645+0000] {dagbag.py:545} INFO - Filling up the DagBag from /opt/airflow/dags/json_to_hdfs_dag.py
[2026-08-07T02:23:04.672+0000] {processor.py:840} INFO - DAG(s) 'json_batch_to_hdfs' retrieved from /opt/airflow/dags/json_to_hdfs_dag.py
[2026-08-07T02:23:04.718+0000] {logging_mixin.py:188} INFO - [2026-08-07T02:23:04.718+0000] {dag.py:3096} INFO - Sync 1 DAGs
[2026-08-07T02:23:04.756+0000] {logging_mixin.py:188} INFO - [2026-08-07T02:23:04.756+0000] {dag.py:3954} INFO - Setting next_dagrun for json_batch_to_hdfs to 2026-08-07 02:20:00+00:00, run_after=2026-08-07 02:25:00+00:00
[2026-08-07T02:23:04.788+0000] {processor.py:183} INFO - Processing /opt/airflow/dags/json_to_hdfs_dag.py took 0.154 seconds
[2026-08-07T02:23:34.936+0000] {processor.py:161} INFO - Started process (PID=970) to work on /opt/airflow/dags/json_to_hdfs_dag.py
[2026-08-07T02:23:34.937+0000] {processor.py:830} INFO - Processing file /opt/airflow/dags/json_to_hdfs_dag.py for tasks to queue
[2026-08-07T02:23:34.939+0000] {logging_mixin.py:188} INFO - [2026-08-07T02:23:34.938+0000] {dagbag.py:545} INFO - Filling up the DagBag from /opt/airflow/dags/json_to_hdfs_dag.py
[2026-08-07T02:23:34.970+0000] {processor.py:840} INFO - DAG(s) 'json_batch_to_hdfs' retrieved from /opt/airflow/dags/json_to_hdfs_dag.py
[2026-08-07T02:23:35.015+0000] {logging_mixin.py:188} INFO - [2026-08-07T02:23:35.015+0000] {dag.py:3096} INFO - Sync 1 DAGs
[2026-08-07T02:23:35.053+0000] {logging_mixin.py:188} INFO - [2026-08-07T02:23:35.052+0000] {dag.py:3954} INFO - Setting next_dagrun for json_batch_to_hdfs to 2026-08-07 02:20:00+00:00, run_after=2026-08-07 02:25:00+00:00
[2026-08-07T02:23:35.087+0000] {processor.py:183} INFO - Processing /opt/airflow/dags/json_to_hdfs_dag.py took 0.157 seconds
[2026-08-07T02:24:05.272+0000] {processor.py:161} INFO - Started process (PID=971) to work on /opt/airflow/dags/json_to_hdfs_dag.py
[2026-08-07T02:24:05.275+0000] {processor.py:830} INFO - Processing file /opt/airflow/dags/json_to_hdfs_dag.py for tasks to queue
[2026-08-07T02:24:05.277+0000] {logging_mixin.py:188} INFO - [2026-08-07T02:24:05.277+0000] {dagbag.py:545} INFO - Filling up the DagBag from /opt/airflow/dags/json_to_hdfs_dag.py
[2026-08-07T02:24:05.309+0000] {processor.py:840} INFO - DAG(s) 'json_batch_to_hdfs' retrieved from /opt/airflow/dags/json_to_hdfs_dag.py
[2026-08-07T02:24:05.357+0000] {logging_mixin.py:188} INFO - [2026-08-07T02:24:05.357+0000] {dag.py:3096} INFO - Sync 1 DAGs
[2026-08-07T02:24:05.388+0000] {logging_mixin.py:188} INFO - [2026-08-07T02:24:05.387+0000] {dag.py:3954} INFO - Setting next_dagrun for json_batch_to_hdfs to 2026-08-07 02:20:00+00:00, run_after=2026-08-07 02:25:00+00:00
[2026-08-07T02:24:05.424+0000] {processor.py:183} INFO - Processing /opt/airflow/dags/json_to_hdfs_dag.py took 0.158 seconds
[2026-08-07T02:24:35.545+0000] {processor.py:161} INFO - Started process (PID=972) to work on /opt/airflow/dags/json_to_hdfs_dag.py
[2026-08-07T02:24:35.547+0000] {processor.py:830} INFO - Processing file /opt/airflow/dags/json_to_hdfs_dag.py for tasks to queue
[2026-08-07T02:24:35.548+0000] {logging_mixin.py:188} INFO - [2026-08-07T02:24:35.548+0000] {dagbag.py:545} INFO - Filling up the DagBag from /opt/airflow/dags/json_to_hdfs_dag.py
[2026-08-07T02:24:35.569+0000] {processor.py:840} INFO - DAG(s) 'json_batch_to_hdfs' retrieved from /opt/airflow/dags/json_to_hdfs_dag.py
[2026-08-07T02:24:35.615+0000] {logging_mixin.py:188} INFO - [2026-08-07T02:24:35.615+0000] {dag.py:3096} INFO - Sync 1 DAGs
[2026-08-07T02:24:35.656+0000] {logging_mixin.py:188} INFO - [2026-08-07T02:24:35.656+0000] {dag.py:3954} INFO - Setting next_dagrun for json_batch_to_hdfs to 2026-08-07 02:20:00+00:00, run_after=2026-08-07 02:25:00+00:00
[2026-08-07T02:24:35.692+0000] {processor.py:183} INFO - Processing /opt/airflow/dags/json_to_hdfs_dag.py took 0.154 seconds
[2026-08-07T02:25:05.877+0000] {processor.py:161} INFO - Started process (PID=982) to work on /opt/airflow/dags/json_to_hdfs_dag.py
[2026-08-07T02:25:05.879+0000] {processor.py:830} INFO - Processing file /opt/airflow/dags/json_to_hdfs_dag.py for tasks to queue
[2026-08-07T02:25:05.881+0000] {logging_mixin.py:188} INFO - [2026-08-07T02:25:05.880+0000] {dagbag.py:545} INFO - Filling up the DagBag from /opt/airflow/dags/json_to_hdfs_dag.py
[2026-08-07T02:25:05.922+0000] {processor.py:840} INFO - DAG(s) 'json_batch_to_hdfs' retrieved from /opt/airflow/dags/json_to_hdfs_dag.py
[2026-08-07T02:25:05.967+0000] {logging_mixin.py:188} INFO - [2026-08-07T02:25:05.967+0000] {dag.py:3096} INFO - Sync 1 DAGs
[2026-08-07T02:25:06.003+0000] {logging_mixin.py:188} INFO - [2026-08-07T02:25:06.003+0000] {dag.py:3954} INFO - Setting next_dagrun for json_batch_to_hdfs to 2026-08-07 02:25:00+00:00, run_after=2026-08-07 02:30:00+00:00
[2026-08-07T02:25:06.033+0000] {processor.py:183} INFO - Processing /opt/airflow/dags/json_to_hdfs_dag.py took 0.164 seconds
[2026-08-07T02:25:36.100+0000] {processor.py:161} INFO - Started process (PID=983) to work on /opt/airflow/dags/json_to_hdfs_dag.py
[2026-08-07T02:25:36.101+0000] {processor.py:830} INFO - Processing file /opt/airflow/dags/json_to_hdfs_dag.py for tasks to queue
[2026-08-07T02:25:36.103+0000] {logging_mixin.py:188} INFO - [2026-08-07T02:25:36.103+0000] {dagbag.py:545} INFO - Filling up the DagBag from /opt/airflow/dags/json_to_hdfs_dag.py
[2026-08-07T02:25:36.126+0000] {processor.py:840} INFO - DAG(s) 'json_batch_to_hdfs' retrieved from /opt/airflow/dags/json_to_hdfs_dag.py
[2026-08-07T02:25:36.158+0000] {logging_mixin.py:188} INFO - [2026-08-07T02:25:36.157+0000] {dag.py:3096} INFO - Sync 1 DAGs
[2026-08-07T02:25:36.183+0000] {logging_mixin.py:188} INFO - [2026-08-07T02:25:36.183+0000] {dag.py:3954} INFO - Setting next_dagrun for json_batch_to_hdfs to 2026-08-07 02:25:00+00:00, run_after=2026-08-07 02:30:00+00:00
[2026-08-07T02:25:36.210+0000] {processor.py:183} INFO - Processing /opt/airflow/dags/json_to_hdfs_dag.py took 0.117 seconds
[2026-08-07T02:26:06.334+0000] {processor.py:161} INFO - Started process (PID=984) to work on /opt/airflow/dags/json_to_hdfs_dag.py
[2026-08-07T02:26:06.335+0000] {processor.py:830} INFO - Processing file /opt/airflow/dags/json_to_hdfs_dag.py for tasks to queue
[2026-08-07T02:26:06.337+0000] {logging_mixin.py:188} INFO - [2026-08-07T02:26:06.337+0000] {dagbag.py:545} INFO - Filling up the DagBag from /opt/airflow/dags/json_to_hdfs_dag.py
[2026-08-07T02:26:06.356+0000] {processor.py:840} INFO - DAG(s) 'json_batch_to_hdfs' retrieved from /opt/airflow/dags/json_to_hdfs_dag.py
[2026-08-07T02:26:06.385+0000] {logging_mixin.py:188} INFO - [2026-08-07T02:26:06.385+0000] {dag.py:3096} INFO - Sync 1 DAGs
[2026-08-07T02:26:06.412+0000] {logging_mixin.py:188} INFO - [2026-08-07T02:26:06.411+0000] {dag.py:3954} INFO - Setting next_dagrun for json_batch_to_hdfs to 2026-08-07 02:25:00+00:00, run_after=2026-08-07 02:30:00+00:00
[2026-08-07T02:26:06.442+0000] {processor.py:183} INFO - Processing /opt/airflow/dags/json_to_hdfs_dag.py took 0.113 seconds
[2026-08-07T02:26:36.693+0000] {processor.py:161} INFO - Started process (PID=985) to work on /opt/airflow/dags/json_to_hdfs_dag.py
[2026-08-07T02:26:36.695+0000] {processor.py:830} INFO - Processing file /opt/airflow/dags/json_to_hdfs_dag.py for tasks to queue
[2026-08-07T02:26:36.697+0000] {logging_mixin.py:188} INFO - [2026-08-07T02:26:36.696+0000] {dagbag.py:545} INFO - Filling up the DagBag from /opt/airflow/dags/json_to_hdfs_dag.py
[2026-08-07T02:26:36.718+0000] {processor.py:840} INFO - DAG(s) 'json_batch_to_hdfs' retrieved from /opt/airflow/dags/json_to_hdfs_dag.py
[2026-08-07T02:26:36.748+0000] {logging_mixin.py:188} INFO - [2026-08-07T02:26:36.748+0000] {dag.py:3096} INFO - Sync 1 DAGs
[2026-08-07T02:26:36.774+0000] {logging_mixin.py:188} INFO - [2026-08-07T02:26:36.774+0000] {dag.py:3954} INFO - Setting next_dagrun for json_batch_to_hdfs to 2026-08-07 02:25:00+00:00, run_after=2026-08-07 02:30:00+00:00
[2026-08-07T02:26:36.797+0000] {processor.py:183} INFO - Processing /opt/airflow/dags/json_to_hdfs_dag.py took 0.109 seconds
[2026-08-07T02:27:06.909+0000] {processor.py:161} INFO - Started process (PID=986) to work on /opt/airflow/dags/json_to_hdfs_dag.py
[2026-08-07T02:27:06.911+0000] {processor.py:830} INFO - Processing file /opt/airflow/dags/json_to_hdfs_dag.py for tasks to queue
[2026-08-07T02:27:06.913+0000] {logging_mixin.py:188} INFO - [2026-08-07T02:27:06.912+0000] {dagbag.py:545} INFO - Filling up the DagBag from /opt/airflow/dags/json_to_hdfs_dag.py
[2026-08-07T02:27:06.935+0000] {processor.py:840} INFO - DAG(s) 'json_batch_to_hdfs' retrieved from /opt/airflow/dags/json_to_hdfs_dag.py
[2026-08-07T02:27:06.969+0000] {logging_mixin.py:188} INFO - [2026-08-07T02:27:06.968+0000] {dag.py:3096} INFO - Sync 1 DAGs
[2026-08-07T02:27:06.996+0000] {logging_mixin.py:188} INFO - [2026-08-07T02:27:06.996+0000] {dag.py:3954} INFO - Setting next_dagrun for json_batch_to_hdfs to 2026-08-07 02:25:00+00:00, run_after=2026-08-07 02:30:00+00:00
[2026-08-07T02:27:07.020+0000] {processor.py:183} INFO - Processing /opt/airflow/dags/json_to_hdfs_dag.py took 0.117 seconds
[2026-08-07T02:27:37.249+0000] {processor.py:161} INFO - Started process (PID=987) to work on /opt/airflow/dags/json_to_hdfs_dag.py
[2026-08-07T02:27:37.251+0000] {processor.py:830} INFO - Processing file /opt/airflow/dags/json_to_hdfs_dag.py for tasks to queue
[2026-08-07T02:27:37.252+0000] {logging_mixin.py:188} INFO - [2026-08-07T02:27:37.252+0000] {dagbag.py:545} INFO - Filling up the DagBag from /opt/airflow/dags/json_to_hdfs_dag.py
[2026-08-07T02:27:37.271+0000] {processor.py:840} INFO - DAG(s) 'json_batch_to_hdfs' retrieved from /opt/airflow/dags/json_to_hdfs_dag.py
[2026-08-07T02:27:37.299+0000] {logging_mixin.py:188} INFO - [2026-08-07T02:27:37.299+0000] {dag.py:3096} INFO - Sync 1 DAGs
[2026-08-07T02:27:37.321+0000] {logging_mixin.py:188} INFO - [2026-08-07T02:27:37.321+0000] {dag.py:3954} INFO - Setting next_dagrun for json_batch_to_hdfs to 2026-08-07 02:25:00+00:00, run_after=2026-08-07 02:30:00+00:00
[2026-08-07T02:27:37.346+0000] {processor.py:183} INFO - Processing /opt/airflow/dags/json_to_hdfs_dag.py took 0.102 seconds
[2026-08-07T02:28:07.496+0000] {processor.py:161} INFO - Started process (PID=988) to work on /opt/airflow/dags/json_to_hdfs_dag.py
[2026-08-07T02:28:07.498+0000] {processor.py:830} INFO - Processing file /opt/airflow/dags/json_to_hdfs_dag.py for tasks to queue
[2026-08-07T02:28:07.499+0000] {logging_mixin.py:188} INFO - [2026-08-07T02:28:07.499+0000] {dagbag.py:545} INFO - Filling up the DagBag from /opt/airflow/dags/json_to_hdfs_dag.py
[2026-08-07T02:28:07.521+0000] {processor.py:840} INFO - DAG(s) 'json_batch_to_hdfs' retrieved from /opt/airflow/dags/json_to_hdfs_dag.py
[2026-08-07T02:28:07.554+0000] {logging_mixin.py:188} INFO - [2026-08-07T02:28:07.553+0000] {dag.py:3096} INFO - Sync 1 DAGs
[2026-08-07T02:28:07.579+0000] {logging_mixin.py:188} INFO - [2026-08-07T02:28:07.579+0000] {dag.py:3954} INFO - Setting next_dagrun for json_batch_to_hdfs to 2026-08-07 02:25:00+00:00, run_after=2026-08-07 02:30:00+00:00
[2026-08-07T02:28:07.603+0000] {processor.py:183} INFO - Processing /opt/airflow/dags/json_to_hdfs_dag.py took 0.113 seconds
[2026-08-07T02:28:37.781+0000] {processor.py:161} INFO - Started process (PID=989) to work on /opt/airflow/dags/json_to_hdfs_dag.py
[2026-08-07T02:28:37.782+0000] {processor.py:830} INFO - Processing file /opt/airflow/dags/json_to_hdfs_dag.py for tasks to queue
[2026-08-07T02:28:37.784+0000] {logging_mixin.py:188} INFO - [2026-08-07T02:28:37.783+0000] {dagbag.py:545} INFO - Filling up the DagBag from /opt/airflow/dags/json_to_hdfs_dag.py
[2026-08-07T02:28:37.802+0000] {processor.py:840} INFO - DAG(s) 'json_batch_to_hdfs' retrieved from /opt/airflow/dags/json_to_hdfs_dag.py
[2026-08-07T02:28:37.834+0000] {logging_mixin.py:188} INFO - [2026-08-07T02:28:37.834+0000] {dag.py:3096} INFO - Sync 1 DAGs
[2026-08-07T02:28:37.859+0000] {logging_mixin.py:188} INFO - [2026-08-07T02:28:37.859+0000] {dag.py:3954} INFO - Setting next_dagrun for json_batch_to_hdfs to 2026-08-07 02:25:00+00:00, run_after=2026-08-07 02:30:00+00:00
[2026-08-07T02:28:37.883+0000] {processor.py:183} INFO - Processing /opt/airflow/dags/json_to_hdfs_dag.py took 0.108 seconds
[2026-08-07T02:29:08.108+0000] {processor.py:161} INFO - Started process (PID=990) to work on /opt/airflow/dags/json_to_hdfs_dag.py
[2026-08-07T02:29:08.110+0000] {processor.py:830} INFO - Processing file /opt/airflow/dags/json_to_hdfs_dag.py for tasks to queue
[2026-08-07T02:29:08.112+0000] {logging_mixin.py:188} INFO - [2026-08-07T02:29:08.111+0000] {dagbag.py:545} INFO - Filling up the DagBag from /opt/airflow/dags/json_to_hdfs_dag.py
[2026-08-07T02:29:08.136+0000] {processor.py:840} INFO - DAG(s) 'json_batch_to_hdfs' retrieved from /opt/airflow/dags/json_to_hdfs_dag.py
[2026-08-07T02:29:08.177+0000] {logging_mixin.py:188} INFO - [2026-08-07T02:29:08.177+0000] {dag.py:3096} INFO - Sync 1 DAGs
[2026-08-07T02:29:08.226+0000] {logging_mixin.py:188} INFO - [2026-08-07T02:29:08.226+0000] {dag.py:3954} INFO - Setting next_dagrun for json_batch_to_hdfs to 2026-08-07 02:25:00+00:00, run_after=2026-08-07 02:30:00+00:00
[2026-08-07T02:29:08.258+0000] {processor.py:183} INFO - Processing /opt/airflow/dags/json_to_hdfs_dag.py took 0.157 seconds
[2026-08-07T02:29:38.340+0000] {processor.py:161} INFO - Started process (PID=991) to work on /opt/airflow/dags/json_to_hdfs_dag.py
[2026-08-07T02:29:38.341+0000] {processor.py:830} INFO - Processing file /opt/airflow/dags/json_to_hdfs_dag.py for tasks to queue
[2026-08-07T02:29:38.343+0000] {logging_mixin.py:188} INFO - [2026-08-07T02:29:38.342+0000] {dagbag.py:545} INFO - Filling up the DagBag from /opt/airflow/dags/json_to_hdfs_dag.py
[2026-08-07T02:29:38.362+0000] {processor.py:840} INFO - DAG(s) 'json_batch_to_hdfs' retrieved from /opt/airflow/dags/json_to_hdfs_dag.py
[2026-08-07T02:29:38.393+0000] {logging_mixin.py:188} INFO - [2026-08-07T02:29:38.392+0000] {dag.py:3096} INFO - Sync 1 DAGs
[2026-08-07T02:29:38.418+0000] {logging_mixin.py:188} INFO - [2026-08-07T02:29:38.418+0000] {dag.py:3954} INFO - Setting next_dagrun for json_batch_to_hdfs to 2026-08-07 02:25:00+00:00, run_after=2026-08-07 02:30:00+00:00
[2026-08-07T02:29:38.443+0000] {processor.py:183} INFO - Processing /opt/airflow/dags/json_to_hdfs_dag.py took 0.108 seconds
[2026-08-07T02:30:08.608+0000] {processor.py:161} INFO - Started process (PID=1001) to work on /opt/airflow/dags/json_to_hdfs_dag.py
[2026-08-07T02:30:08.611+0000] {processor.py:830} INFO - Processing file /opt/airflow/dags/json_to_hdfs_dag.py for tasks to queue
[2026-08-07T02:30:08.614+0000] {logging_mixin.py:188} INFO - [2026-08-07T02:30:08.613+0000] {dagbag.py:545} INFO - Filling up the DagBag from /opt/airflow/dags/json_to_hdfs_dag.py
[2026-08-07T02:30:08.646+0000] {processor.py:840} INFO - DAG(s) 'json_batch_to_hdfs' retrieved from /opt/airflow/dags/json_to_hdfs_dag.py
[2026-08-07T02:30:08.721+0000] {logging_mixin.py:188} INFO - [2026-08-07T02:30:08.721+0000] {dag.py:3096} INFO - Sync 1 DAGs
[2026-08-07T02:30:08.756+0000] {logging_mixin.py:188} INFO - [2026-08-07T02:30:08.756+0000] {dag.py:3954} INFO - Setting next_dagrun for json_batch_to_hdfs to 2026-08-07 02:30:00+00:00, run_after=2026-08-07 02:35:00+00:00
[2026-08-07T02:30:08.793+0000] {processor.py:183} INFO - Processing /opt/airflow/dags/json_to_hdfs_dag.py took 0.194 seconds
[2026-08-07T02:30:38.885+0000] {processor.py:161} INFO - Started process (PID=1002) to work on /opt/airflow/dags/json_to_hdfs_dag.py
[2026-08-07T02:30:38.887+0000] {processor.py:830} INFO - Processing file /opt/airflow/dags/json_to_hdfs_dag.py for tasks to queue
[2026-08-07T02:30:38.889+0000] {logging_mixin.py:188} INFO - [2026-08-07T02:30:38.888+0000] {dagbag.py:545} INFO - Filling up the DagBag from /opt/airflow/dags/json_to_hdfs_dag.py
[2026-08-07T02:30:38.916+0000] {processor.py:840} INFO - DAG(s) 'json_batch_to_hdfs' retrieved from /opt/airflow/dags/json_to_hdfs_dag.py
[2026-08-07T02:30:38.951+0000] {logging_mixin.py:188} INFO - [2026-08-07T02:30:38.951+0000] {dag.py:3096} INFO - Sync 1 DAGs
[2026-08-07T02:30:38.981+0000] {logging_mixin.py:188} INFO - [2026-08-07T02:30:38.981+0000] {dag.py:3954} INFO - Setting next_dagrun for json_batch_to_hdfs to 2026-08-07 02:30:00+00:00, run_after=2026-08-07 02:35:00+00:00
[2026-08-07T02:30:39.006+0000] {processor.py:183} INFO - Processing /opt/airflow/dags/json_to_hdfs_dag.py took 0.127 seconds
[2026-08-07T02:31:09.228+0000] {processor.py:161} INFO - Started process (PID=1003) to work on /opt/airflow/dags/json_to_hdfs_dag.py
[2026-08-07T02:31:09.229+0000] {processor.py:830} INFO - Processing file /opt/airflow/dags/json_to_hdfs_dag.py for tasks to queue
[2026-08-07T02:31:09.231+0000] {logging_mixin.py:188} INFO - [2026-08-07T02:31:09.230+0000] {dagbag.py:545} INFO - Filling up the DagBag from /opt/airflow/dags/json_to_hdfs_dag.py
[2026-08-07T02:31:09.251+0000] {processor.py:840} INFO - DAG(s) 'json_batch_to_hdfs' retrieved from /opt/airflow/dags/json_to_hdfs_dag.py
[2026-08-07T02:31:09.282+0000] {logging_mixin.py:188} INFO - [2026-08-07T02:31:09.281+0000] {dag.py:3096} INFO - Sync 1 DAGs
[2026-08-07T02:31:09.311+0000] {logging_mixin.py:188} INFO - [2026-08-07T02:31:09.310+0000] {dag.py:3954} INFO - Setting next_dagrun for json_batch_to_hdfs to 2026-08-07 02:30:00+00:00, run_after=2026-08-07 02:35:00+00:00
[2026-08-07T02:31:09.333+0000] {processor.py:183} INFO - Processing /opt/airflow/dags/json_to_hdfs_dag.py took 0.111 seconds
[2026-08-07T02:31:39.449+0000] {processor.py:161} INFO - Started process (PID=1004) to work on /opt/airflow/dags/json_to_hdfs_dag.py
[2026-08-07T02:31:39.451+0000] {processor.py:830} INFO - Processing file /opt/airflow/dags/json_to_hdfs_dag.py for tasks to queue
[2026-08-07T02:31:39.453+0000] {logging_mixin.py:188} INFO - [2026-08-07T02:31:39.453+0000] {dagbag.py:545} INFO - Filling up the DagBag from /opt/airflow/dags/json_to_hdfs_dag.py
[2026-08-07T02:31:39.475+0000] {processor.py:840} INFO - DAG(s) 'json_batch_to_hdfs' retrieved from /opt/airflow/dags/json_to_hdfs_dag.py
[2026-08-07T02:31:39.505+0000] {logging_mixin.py:188} INFO - [2026-08-07T02:31:39.505+0000] {dag.py:3096} INFO - Sync 1 DAGs
[2026-08-07T02:31:39.535+0000] {logging_mixin.py:188} INFO - [2026-08-07T02:31:39.535+0000] {dag.py:3954} INFO - Setting next_dagrun for json_batch_to_hdfs to 2026-08-07 02:30:00+00:00, run_after=2026-08-07 02:35:00+00:00
[2026-08-07T02:31:39.561+0000] {processor.py:183} INFO - Processing /opt/airflow/dags/json_to_hdfs_dag.py took 0.118 seconds
[2026-08-07T02:32:09.808+0000] {processor.py:161} INFO - Started process (PID=1005) to work on /opt/airflow/dags/json_to_hdfs_dag.py
[2026-08-07T02:32:09.810+0000] {processor.py:830} INFO - Processing file /opt/airflow/dags/json_to_hdfs_dag.py for tasks to queue
[2026-08-07T02:32:09.812+0000] {logging_mixin.py:188} INFO - [2026-08-07T02:32:09.812+0000] {dagbag.py:545} INFO - Filling up the DagBag from /opt/airflow/dags/json_to_hdfs_dag.py
[2026-08-07T02:32:09.836+0000] {processor.py:840} INFO - DAG(s) 'json_batch_to_hdfs' retrieved from /opt/airflow/dags/json_to_hdfs_dag.py
[2026-08-07T02:32:09.873+0000] {logging_mixin.py:188} INFO - [2026-08-07T02:32:09.872+0000] {dag.py:3096} INFO - Sync 1 DAGs
[2026-08-07T02:32:09.909+0000] {logging_mixin.py:188} INFO - [2026-08-07T02:32:09.909+0000] {dag.py:3954} INFO - Setting next_dagrun for json_batch_to_hdfs to 2026-08-07 02:30:00+00:00, run_after=2026-08-07 02:35:00+00:00
[2026-08-07T02:32:09.951+0000] {processor.py:183} INFO - Processing /opt/airflow/dags/json_to_hdfs_dag.py took 0.148 seconds
[2026-08-07T02:32:40.074+0000] {processor.py:161} INFO - Started process (PID=1006) to work on /opt/airflow/dags/json_to_hdfs_dag.py
[2026-08-07T02:32:40.076+0000] {processor.py:830} INFO - Processing file /opt/airflow/dags/json_to_hdfs_dag.py for tasks to queue
[2026-08-07T02:32:40.078+0000] {logging_mixin.py:188} INFO - [2026-08-07T02:32:40.078+0000] {dagbag.py:545} INFO - Filling up the DagBag from /opt/airflow/dags/json_to_hdfs_dag.py
[2026-08-07T02:32:40.107+0000] {processor.py:840} INFO - DAG(s) 'json_batch_to_hdfs' retrieved from /opt/airflow/dags/json_to_hdfs_dag.py
[2026-08-07T02:32:40.144+0000] {logging_mixin.py:188} INFO - [2026-08-07T02:32:40.144+0000] {dag.py:3096} INFO - Sync 1 DAGs
[2026-08-07T02:32:40.188+0000] {logging_mixin.py:188} INFO - [2026-08-07T02:32:40.188+0000] {dag.py:3954} INFO - Setting next_dagrun for json_batch_to_hdfs to 2026-08-07 02:30:00+00:00, run_after=2026-08-07 02:35:00+00:00
[2026-08-07T02:32:40.221+0000] {processor.py:183} INFO - Processing /opt/airflow/dags/json_to_hdfs_dag.py took 0.158 seconds
[2026-08-07T02:33:10.448+0000] {processor.py:161} INFO - Started process (PID=1007) to work on /opt/airflow/dags/json_to_hdfs_dag.py
[2026-08-07T02:33:10.451+0000] {processor.py:830} INFO - Processing file /opt/airflow/dags/json_to_hdfs_dag.py for tasks to queue
[2026-08-07T02:33:10.454+0000] {logging_mixin.py:188} INFO - [2026-08-07T02:33:10.454+0000] {dagbag.py:545} INFO - Filling up the DagBag from /opt/airflow/dags/json_to_hdfs_dag.py
[2026-08-07T02:33:10.497+0000] {processor.py:840} INFO - DAG(s) 'json_batch_to_hdfs' retrieved from /opt/airflow/dags/json_to_hdfs_dag.py
[2026-08-07T02:33:10.560+0000] {logging_mixin.py:188} INFO - [2026-08-07T02:33:10.559+0000] {dag.py:3096} INFO - Sync 1 DAGs
[2026-08-07T02:33:10.592+0000] {logging_mixin.py:188} INFO - [2026-08-07T02:33:10.592+0000] {dag.py:3954} INFO - Setting next_dagrun for json_batch_to_hdfs to 2026-08-07 02:30:00+00:00, run_after=2026-08-07 02:35:00+00:00
[2026-08-07T02:33:10.625+0000] {processor.py:183} INFO - Processing /opt/airflow/dags/json_to_hdfs_dag.py took 0.182 seconds
[2026-08-07T02:33:40.755+0000] {processor.py:161} INFO - Started process (PID=1008) to work on /opt/airflow/dags/json_to_hdfs_dag.py
[2026-08-07T02:33:40.757+0000] {processor.py:830} INFO - Processing file /opt/airflow/dags/json_to_hdfs_dag.py for tasks to queue
[2026-08-07T02:33:40.759+0000] {logging_mixin.py:188} INFO - [2026-08-07T02:33:40.759+0000] {dagbag.py:545} INFO - Filling up the DagBag from /opt/airflow/dags/json_to_hdfs_dag.py
[2026-08-07T02:33:40.788+0000] {processor.py:840} INFO - DAG(s) 'json_batch_to_hdfs' retrieved from /opt/airflow/dags/json_to_hdfs_dag.py
[2026-08-07T02:33:40.839+0000] {logging_mixin.py:188} INFO - [2026-08-07T02:33:40.839+0000] {dag.py:3096} INFO - Sync 1 DAGs
[2026-08-07T02:33:40.880+0000] {logging_mixin.py:188} INFO - [2026-08-07T02:33:40.880+0000] {dag.py:3954} INFO - Setting next_dagrun for json_batch_to_hdfs to 2026-08-07 02:30:00+00:00, run_after=2026-08-07 02:35:00+00:00
[2026-08-07T02:33:40.917+0000] {processor.py:183} INFO - Processing /opt/airflow/dags/json_to_hdfs_dag.py took 0.170 seconds
[2026-08-07T02:34:11.155+0000] {processor.py:161} INFO - Started process (PID=1009) to work on /opt/airflow/dags/json_to_hdfs_dag.py
[2026-08-07T02:34:11.157+0000] {processor.py:830} INFO - Processing file /opt/airflow/dags/json_to_hdfs_dag.py for tasks to queue
[2026-08-07T02:34:11.159+0000] {logging_mixin.py:188} INFO - [2026-08-07T02:34:11.159+0000] {dagbag.py:545} INFO - Filling up the DagBag from /opt/airflow/dags/json_to_hdfs_dag.py
[2026-08-07T02:34:11.188+0000] {processor.py:840} INFO - DAG(s) 'json_batch_to_hdfs' retrieved from /opt/airflow/dags/json_to_hdfs_dag.py
[2026-08-07T02:34:11.229+0000] {logging_mixin.py:188} INFO - [2026-08-07T02:34:11.228+0000] {dag.py:3096} INFO - Sync 1 DAGs
[2026-08-07T02:34:11.260+0000] {logging_mixin.py:188} INFO - [2026-08-07T02:34:11.260+0000] {dag.py:3954} INFO - Setting next_dagrun for json_batch_to_hdfs to 2026-08-07 02:30:00+00:00, run_after=2026-08-07 02:35:00+00:00
[2026-08-07T02:34:11.288+0000] {processor.py:183} INFO - Processing /opt/airflow/dags/json_to_hdfs_dag.py took 0.143 seconds
[2026-08-07T02:34:41.428+0000] {processor.py:161} INFO - Started process (PID=1010) to work on /opt/airflow/dags/json_to_hdfs_dag.py
[2026-08-07T02:34:41.430+0000] {processor.py:830} INFO - Processing file /opt/airflow/dags/json_to_hdfs_dag.py for tasks to queue
[2026-08-07T02:34:41.431+0000] {logging_mixin.py:188} INFO - [2026-08-07T02:34:41.431+0000] {dagbag.py:545} INFO - Filling up the DagBag from /opt/airflow/dags/json_to_hdfs_dag.py
[2026-08-07T02:34:41.460+0000] {processor.py:840} INFO - DAG(s) 'json_batch_to_hdfs' retrieved from /opt/airflow/dags/json_to_hdfs_dag.py
[2026-08-07T02:34:41.506+0000] {logging_mixin.py:188} INFO - [2026-08-07T02:34:41.506+0000] {dag.py:3096} INFO - Sync 1 DAGs
[2026-08-07T02:34:41.545+0000] {logging_mixin.py:188} INFO - [2026-08-07T02:34:41.544+0000] {dag.py:3954} INFO - Setting next_dagrun for json_batch_to_hdfs to 2026-08-07 02:30:00+00:00, run_after=2026-08-07 02:35:00+00:00
[2026-08-07T02:34:41.584+0000] {processor.py:183} INFO - Processing /opt/airflow/dags/json_to_hdfs_dag.py took 0.165 seconds
[2026-08-07T02:35:11.824+0000] {processor.py:161} INFO - Started process (PID=1020) to work on /opt/airflow/dags/json_to_hdfs_dag.py
[2026-08-07T02:35:11.826+0000] {processor.py:830} INFO - Processing file /opt/airflow/dags/json_to_hdfs_dag.py for tasks to queue
[2026-08-07T02:35:11.828+0000] {logging_mixin.py:188} INFO - [2026-08-07T02:35:11.828+0000] {dagbag.py:545} INFO - Filling up the DagBag from /opt/airflow/dags/json_to_hdfs_dag.py
[2026-08-07T02:35:11.859+0000] {processor.py:840} INFO - DAG(s) 'json_batch_to_hdfs' retrieved from /opt/airflow/dags/json_to_hdfs_dag.py
[2026-08-07T02:35:11.899+0000] {logging_mixin.py:188} INFO - [2026-08-07T02:35:11.898+0000] {dag.py:3096} INFO - Sync 1 DAGs
[2026-08-07T02:35:11.931+0000] {logging_mixin.py:188} INFO - [2026-08-07T02:35:11.931+0000] {dag.py:3954} INFO - Setting next_dagrun for json_batch_to_hdfs to 2026-08-07 02:35:00+00:00, run_after=2026-08-07 02:40:00+00:00
[2026-08-07T02:35:11.966+0000] {processor.py:183} INFO - Processing /opt/airflow/dags/json_to_hdfs_dag.py took 0.151 seconds
[2026-08-07T02:35:42.125+0000] {processor.py:161} INFO - Started process (PID=1021) to work on /opt/airflow/dags/json_to_hdfs_dag.py
[2026-08-07T02:35:42.128+0000] {processor.py:830} INFO - Processing file /opt/airflow/dags/json_to_hdfs_dag.py for tasks to queue
[2026-08-07T02:35:42.130+0000] {logging_mixin.py:188} INFO - [2026-08-07T02:35:42.130+0000] {dagbag.py:545} INFO - Filling up the DagBag from /opt/airflow/dags/json_to_hdfs_dag.py
[2026-08-07T02:35:42.157+0000] {processor.py:840} INFO - DAG(s) 'json_batch_to_hdfs' retrieved from /opt/airflow/dags/json_to_hdfs_dag.py
[2026-08-07T02:35:42.200+0000] {logging_mixin.py:188} INFO - [2026-08-07T02:35:42.199+0000] {dag.py:3096} INFO - Sync 1 DAGs
[2026-08-07T02:35:42.232+0000] {logging_mixin.py:188} INFO - [2026-08-07T02:35:42.231+0000] {dag.py:3954} INFO - Setting next_dagrun for json_batch_to_hdfs to 2026-08-07 02:35:00+00:00, run_after=2026-08-07 02:40:00+00:00
[2026-08-07T02:35:42.264+0000] {processor.py:183} INFO - Processing /opt/airflow/dags/json_to_hdfs_dag.py took 0.147 seconds
[2026-08-07T02:36:12.471+0000] {processor.py:161} INFO - Started process (PID=1022) to work on /opt/airflow/dags/json_to_hdfs_dag.py
[2026-08-07T02:36:12.474+0000] {processor.py:830} INFO - Processing file /opt/airflow/dags/json_to_hdfs_dag.py for tasks to queue
[2026-08-07T02:36:12.476+0000] {logging_mixin.py:188} INFO - [2026-08-07T02:36:12.476+0000] {dagbag.py:545} INFO - Filling up the DagBag from /opt/airflow/dags/json_to_hdfs_dag.py
[2026-08-07T02:36:12.498+0000] {processor.py:840} INFO - DAG(s) 'json_batch_to_hdfs' retrieved from /opt/airflow/dags/json_to_hdfs_dag.py
[2026-08-07T02:36:12.534+0000] {logging_mixin.py:188} INFO - [2026-08-07T02:36:12.534+0000] {dag.py:3096} INFO - Sync 1 DAGs
[2026-08-07T02:36:12.564+0000] {logging_mixin.py:188} INFO - [2026-08-07T02:36:12.564+0000] {dag.py:3954} INFO - Setting next_dagrun for json_batch_to_hdfs to 2026-08-07 02:35:00+00:00, run_after=2026-08-07 02:40:00+00:00
[2026-08-07T02:36:12.593+0000] {processor.py:183} INFO - Processing /opt/airflow/dags/json_to_hdfs_dag.py took 0.130 seconds
[2026-08-07T02:36:42.706+0000] {processor.py:161} INFO - Started process (PID=1023) to work on /opt/airflow/dags/json_to_hdfs_dag.py
[2026-08-07T02:36:42.708+0000] {processor.py:830} INFO - Processing file /opt/airflow/dags/json_to_hdfs_dag.py for tasks to queue
[2026-08-07T02:36:42.710+0000] {logging_mixin.py:188} INFO - [2026-08-07T02:36:42.709+0000] {dagbag.py:545} INFO - Filling up the DagBag from /opt/airflow/dags/json_to_hdfs_dag.py
[2026-08-07T02:36:42.731+0000] {processor.py:840} INFO - DAG(s) 'json_batch_to_hdfs' retrieved from /opt/airflow/dags/json_to_hdfs_dag.py
[2026-08-07T02:36:42.766+0000] {logging_mixin.py:188} INFO - [2026-08-07T02:36:42.765+0000] {dag.py:3096} INFO - Sync 1 DAGs
[2026-08-07T02:36:42.794+0000] {logging_mixin.py:188} INFO - [2026-08-07T02:36:42.794+0000] {dag.py:3954} INFO - Setting next_dagrun for json_batch_to_hdfs to 2026-08-07 02:35:00+00:00, run_after=2026-08-07 02:40:00+00:00
[2026-08-07T02:36:42.827+0000] {processor.py:183} INFO - Processing /opt/airflow/dags/json_to_hdfs_dag.py took 0.129 seconds
[2026-08-07T02:36:43.846+0000] {processor.py:161} INFO - Started process (PID=1024) to work on /opt/airflow/dags/json_to_hdfs_dag.py
[2026-08-07T02:36:43.848+0000] {processor.py:830} INFO - Processing file /opt/airflow/dags/json_to_hdfs_dag.py for tasks to queue
[2026-08-07T02:36:43.850+0000] {logging_mixin.py:188} INFO - [2026-08-07T02:36:43.849+0000] {dagbag.py:545} INFO - Filling up the DagBag from /opt/airflow/dags/json_to_hdfs_dag.py
[2026-08-07T02:36:43.884+0000] {processor.py:840} INFO - DAG(s) 'json_batch_to_hdfs' retrieved from /opt/airflow/dags/json_to_hdfs_dag.py
[2026-08-07T02:36:43.921+0000] {logging_mixin.py:188} INFO - [2026-08-07T02:36:43.921+0000] {dag.py:3096} INFO - Sync 1 DAGs
[2026-08-07T02:36:43.953+0000] {logging_mixin.py:188} INFO - [2026-08-07T02:36:43.952+0000] {dag.py:3954} INFO - Setting next_dagrun for json_batch_to_hdfs to 2026-08-07 02:35:00+00:00, run_after=2026-08-07 02:40:00+00:00
[2026-08-07T02:36:43.995+0000] {processor.py:183} INFO - Processing /opt/airflow/dags/json_to_hdfs_dag.py took 0.156 seconds
[2026-08-07T02:37:03.078+0000] {processor.py:161} INFO - Started process (PID=1025) to work on /opt/airflow/dags/json_to_hdfs_dag.py
[2026-08-07T02:37:03.080+0000] {processor.py:830} INFO - Processing file /opt/airflow/dags/json_to_hdfs_dag.py for tasks to queue
[2026-08-07T02:37:03.081+0000] {logging_mixin.py:188} INFO - [2026-08-07T02:37:03.081+0000] {dagbag.py:545} INFO - Filling up the DagBag from /opt/airflow/dags/json_to_hdfs_dag.py
[2026-08-07T02:37:03.124+0000] {processor.py:840} INFO - DAG(s) 'json_batch_to_hdfs' retrieved from /opt/airflow/dags/json_to_hdfs_dag.py
[2026-08-07T02:37:03.159+0000] {logging_mixin.py:188} INFO - [2026-08-07T02:37:03.158+0000] {dag.py:3096} INFO - Sync 1 DAGs
[2026-08-07T02:37:03.187+0000] {logging_mixin.py:188} INFO - [2026-08-07T02:37:03.187+0000] {dag.py:3954} INFO - Setting next_dagrun for json_batch_to_hdfs to 2026-08-07 02:35:00+00:00, run_after=2026-08-07 02:40:00+00:00
[2026-08-07T02:37:03.217+0000] {processor.py:183} INFO - Processing /opt/airflow/dags/json_to_hdfs_dag.py took 0.146 seconds
[2026-08-07T02:37:12.251+0000] {processor.py:161} INFO - Started process (PID=1026) to work on /opt/airflow/dags/json_to_hdfs_dag.py
[2026-08-07T02:37:12.253+0000] {processor.py:830} INFO - Processing file /opt/airflow/dags/json_to_hdfs_dag.py for tasks to queue
[2026-08-07T02:37:12.256+0000] {logging_mixin.py:188} INFO - [2026-08-07T02:37:12.256+0000] {dagbag.py:545} INFO - Filling up the DagBag from /opt/airflow/dags/json_to_hdfs_dag.py
[2026-08-07T02:37:12.287+0000] {processor.py:840} INFO - DAG(s) 'json_batch_to_hdfs' retrieved from /opt/airflow/dags/json_to_hdfs_dag.py
[2026-08-07T02:37:12.802+0000] {logging_mixin.py:188} INFO - [2026-08-07T02:37:12.801+0000] {dag.py:3096} INFO - Sync 1 DAGs
[2026-08-07T02:37:12.831+0000] {logging_mixin.py:188} INFO - [2026-08-07T02:37:12.831+0000] {dag.py:3954} INFO - Setting next_dagrun for json_batch_to_hdfs to 2026-08-07 02:35:00+00:00, run_after=2026-08-07 02:40:00+00:00
[2026-08-07T02:37:12.866+0000] {processor.py:183} INFO - Processing /opt/airflow/dags/json_to_hdfs_dag.py took 0.620 seconds
[2026-08-07T02:37:43.091+0000] {processor.py:161} INFO - Started process (PID=1027) to work on /opt/airflow/dags/json_to_hdfs_dag.py
[2026-08-07T02:37:43.092+0000] {processor.py:830} INFO - Processing file /opt/airflow/dags/json_to_hdfs_dag.py for tasks to queue
[2026-08-07T02:37:43.093+0000] {logging_mixin.py:188} INFO - [2026-08-07T02:37:43.093+0000] {dagbag.py:545} INFO - Filling up the DagBag from /opt/airflow/dags/json_to_hdfs_dag.py
[2026-08-07T02:37:43.113+0000] {processor.py:840} INFO - DAG(s) 'json_batch_to_hdfs' retrieved from /opt/airflow/dags/json_to_hdfs_dag.py
[2026-08-07T02:37:43.147+0000] {logging_mixin.py:188} INFO - [2026-08-07T02:37:43.147+0000] {dag.py:3096} INFO - Sync 1 DAGs
[2026-08-07T02:37:43.179+0000] {logging_mixin.py:188} INFO - [2026-08-07T02:37:43.178+0000] {dag.py:3954} INFO - Setting next_dagrun for json_batch_to_hdfs to 2026-08-07 02:35:00+00:00, run_after=2026-08-07 02:40:00+00:00
[2026-08-07T02:37:43.214+0000] {processor.py:183} INFO - Processing /opt/airflow/dags/json_to_hdfs_dag.py took 0.128 seconds
[2026-08-07T02:38:13.321+0000] {processor.py:161} INFO - Started process (PID=1028) to work on /opt/airflow/dags/json_to_hdfs_dag.py
[2026-08-07T02:38:13.323+0000] {processor.py:830} INFO - Processing file /opt/airflow/dags/json_to_hdfs_dag.py for tasks to queue
[2026-08-07T02:38:13.325+0000] {logging_mixin.py:188} INFO - [2026-08-07T02:38:13.325+0000] {dagbag.py:545} INFO - Filling up the DagBag from /opt/airflow/dags/json_to_hdfs_dag.py
[2026-08-07T02:38:13.348+0000] {processor.py:840} INFO - DAG(s) 'json_batch_to_hdfs' retrieved from /opt/airflow/dags/json_to_hdfs_dag.py
[2026-08-07T02:38:13.386+0000] {logging_mixin.py:188} INFO - [2026-08-07T02:38:13.386+0000] {dag.py:3096} INFO - Sync 1 DAGs
[2026-08-07T02:38:13.416+0000] {logging_mixin.py:188} INFO - [2026-08-07T02:38:13.416+0000] {dag.py:3954} INFO - Setting next_dagrun for json_batch_to_hdfs to 2026-08-07 02:35:00+00:00, run_after=2026-08-07 02:40:00+00:00
[2026-08-07T02:38:13.439+0000] {processor.py:183} INFO - Processing /opt/airflow/dags/json_to_hdfs_dag.py took 0.123 seconds
[2026-08-07T02:38:43.652+0000] {processor.py:161} INFO - Started process (PID=1029) to work on /opt/airflow/dags/json_to_hdfs_dag.py
[2026-08-07T02:38:43.653+0000] {processor.py:830} INFO - Processing file /opt/airflow/dags/json_to_hdfs_dag.py for tasks to queue
[2026-08-07T02:38:43.655+0000] {logging_mixin.py:188} INFO - [2026-08-07T02:38:43.654+0000] {dagbag.py:545} INFO - Filling up the DagBag from /opt/airflow/dags/json_to_hdfs_dag.py
[2026-08-07T02:38:43.674+0000] {processor.py:840} INFO - DAG(s) 'json_batch_to_hdfs' retrieved from /opt/airflow/dags/json_to_hdfs_dag.py
[2026-08-07T02:38:43.702+0000] {logging_mixin.py:188} INFO - [2026-08-07T02:38:43.702+0000] {dag.py:3096} INFO - Sync 1 DAGs
[2026-08-07T02:38:43.726+0000] {logging_mixin.py:188} INFO - [2026-08-07T02:38:43.726+0000] {dag.py:3954} INFO - Setting next_dagrun for json_batch_to_hdfs to 2026-08-07 02:35:00+00:00, run_after=2026-08-07 02:40:00+00:00
[2026-08-07T02:38:43.748+0000] {processor.py:183} INFO - Processing /opt/airflow/dags/json_to_hdfs_dag.py took 0.102 seconds
[2026-08-07T02:39:13.899+0000] {processor.py:161} INFO - Started process (PID=1030) to work on /opt/airflow/dags/json_to_hdfs_dag.py
[2026-08-07T02:39:13.901+0000] {processor.py:830} INFO - Processing file /opt/airflow/dags/json_to_hdfs_dag.py for tasks to queue
[2026-08-07T02:39:13.902+0000] {logging_mixin.py:188} INFO - [2026-08-07T02:39:13.902+0000] {dagbag.py:545} INFO - Filling up the DagBag from /opt/airflow/dags/json_to_hdfs_dag.py
[2026-08-07T02:39:13.919+0000] {processor.py:840} INFO - DAG(s) 'json_batch_to_hdfs' retrieved from /opt/airflow/dags/json_to_hdfs_dag.py
[2026-08-07T02:39:13.950+0000] {logging_mixin.py:188} INFO - [2026-08-07T02:39:13.950+0000] {dag.py:3096} INFO - Sync 1 DAGs
[2026-08-07T02:39:13.976+0000] {logging_mixin.py:188} INFO - [2026-08-07T02:39:13.976+0000] {dag.py:3954} INFO - Setting next_dagrun for json_batch_to_hdfs to 2026-08-07 02:35:00+00:00, run_after=2026-08-07 02:40:00+00:00
[2026-08-07T02:39:14.023+0000] {processor.py:183} INFO - Processing /opt/airflow/dags/json_to_hdfs_dag.py took 0.129 seconds
[2026-08-07T02:39:44.247+0000] {processor.py:161} INFO - Started process (PID=1031) to work on /opt/airflow/dags/json_to_hdfs_dag.py
[2026-08-07T02:39:44.248+0000] {processor.py:830} INFO - Processing file /opt/airflow/dags/json_to_hdfs_dag.py for tasks to queue
[2026-08-07T02:39:44.249+0000] {logging_mixin.py:188} INFO - [2026-08-07T02:39:44.249+0000] {dagbag.py:545} INFO - Filling up the DagBag from /opt/airflow/dags/json_to_hdfs_dag.py
[2026-08-07T02:39:44.265+0000] {processor.py:840} INFO - DAG(s) 'json_batch_to_hdfs' retrieved from /opt/airflow/dags/json_to_hdfs_dag.py
[2026-08-07T02:39:44.295+0000] {logging_mixin.py:188} INFO - [2026-08-07T02:39:44.295+0000] {dag.py:3096} INFO - Sync 1 DAGs
[2026-08-07T02:39:44.320+0000] {logging_mixin.py:188} INFO - [2026-08-07T02:39:44.319+0000] {dag.py:3954} INFO - Setting next_dagrun for json_batch_to_hdfs to 2026-08-07 02:35:00+00:00, run_after=2026-08-07 02:40:00+00:00
[2026-08-07T02:39:44.345+0000] {processor.py:183} INFO - Processing /opt/airflow/dags/json_to_hdfs_dag.py took 0.104 seconds
[2026-08-07T02:40:14.532+0000] {processor.py:161} INFO - Started process (PID=1041) to work on /opt/airflow/dags/json_to_hdfs_dag.py
[2026-08-07T02:40:14.534+0000] {processor.py:830} INFO - Processing file /opt/airflow/dags/json_to_hdfs_dag.py for tasks to queue
[2026-08-07T02:40:14.535+0000] {logging_mixin.py:188} INFO - [2026-08-07T02:40:14.535+0000] {dagbag.py:545} INFO - Filling up the DagBag from /opt/airflow/dags/json_to_hdfs_dag.py
[2026-08-07T02:40:14.557+0000] {processor.py:840} INFO - DAG(s) 'json_batch_to_hdfs' retrieved from /opt/airflow/dags/json_to_hdfs_dag.py
[2026-08-07T02:40:14.598+0000] {logging_mixin.py:188} INFO - [2026-08-07T02:40:14.597+0000] {dag.py:3096} INFO - Sync 1 DAGs
[2026-08-07T02:40:14.621+0000] {logging_mixin.py:188} INFO - [2026-08-07T02:40:14.621+0000] {dag.py:3954} INFO - Setting next_dagrun for json_batch_to_hdfs to 2026-08-07 02:40:00+00:00, run_after=2026-08-07 02:45:00+00:00
[2026-08-07T02:40:14.647+0000] {processor.py:183} INFO - Processing /opt/airflow/dags/json_to_hdfs_dag.py took 0.121 seconds
[2026-08-07T02:40:44.832+0000] {processor.py:161} INFO - Started process (PID=1042) to work on /opt/airflow/dags/json_to_hdfs_dag.py
[2026-08-07T02:40:44.834+0000] {processor.py:830} INFO - Processing file /opt/airflow/dags/json_to_hdfs_dag.py for tasks to queue
[2026-08-07T02:40:44.835+0000] {logging_mixin.py:188} INFO - [2026-08-07T02:40:44.835+0000] {dagbag.py:545} INFO - Filling up the DagBag from /opt/airflow/dags/json_to_hdfs_dag.py
[2026-08-07T02:40:44.852+0000] {processor.py:840} INFO - DAG(s) 'json_batch_to_hdfs' retrieved from /opt/airflow/dags/json_to_hdfs_dag.py
[2026-08-07T02:40:44.884+0000] {logging_mixin.py:188} INFO - [2026-08-07T02:40:44.884+0000] {dag.py:3096} INFO - Sync 1 DAGs
[2026-08-07T02:40:44.913+0000] {logging_mixin.py:188} INFO - [2026-08-07T02:40:44.912+0000] {dag.py:3954} INFO - Setting next_dagrun for json_batch_to_hdfs to 2026-08-07 02:40:00+00:00, run_after=2026-08-07 02:45:00+00:00
[2026-08-07T02:40:44.951+0000] {processor.py:183} INFO - Processing /opt/airflow/dags/json_to_hdfs_dag.py took 0.125 seconds
[2026-08-07T02:41:15.090+0000] {processor.py:161} INFO - Started process (PID=1043) to work on /opt/airflow/dags/json_to_hdfs_dag.py
[2026-08-07T02:41:15.091+0000] {processor.py:830} INFO - Processing file /opt/airflow/dags/json_to_hdfs_dag.py for tasks to queue
[2026-08-07T02:41:15.093+0000] {logging_mixin.py:188} INFO - [2026-08-07T02:41:15.092+0000] {dagbag.py:545} INFO - Filling up the DagBag from /opt/airflow/dags/json_to_hdfs_dag.py
[2026-08-07T02:41:15.111+0000] {processor.py:840} INFO - DAG(s) 'json_batch_to_hdfs' retrieved from /opt/airflow/dags/json_to_hdfs_dag.py
[2026-08-07T02:41:15.142+0000] {logging_mixin.py:188} INFO - [2026-08-07T02:41:15.142+0000] {dag.py:3096} INFO - Sync 1 DAGs
[2026-08-07T02:41:15.168+0000] {logging_mixin.py:188} INFO - [2026-08-07T02:41:15.168+0000] {dag.py:3954} INFO - Setting next_dagrun for json_batch_to_hdfs to 2026-08-07 02:40:00+00:00, run_after=2026-08-07 02:45:00+00:00
[2026-08-07T02:41:15.210+0000] {processor.py:183} INFO - Processing /opt/airflow/dags/json_to_hdfs_dag.py took 0.127 seconds
[2026-08-07T02:41:45.425+0000] {processor.py:161} INFO - Started process (PID=1044) to work on /opt/airflow/dags/json_to_hdfs_dag.py
[2026-08-07T02:41:45.427+0000] {processor.py:830} INFO - Processing file /opt/airflow/dags/json_to_hdfs_dag.py for tasks to queue
[2026-08-07T02:41:45.428+0000] {logging_mixin.py:188} INFO - [2026-08-07T02:41:45.428+0000] {dagbag.py:545} INFO - Filling up the DagBag from /opt/airflow/dags/json_to_hdfs_dag.py
[2026-08-07T02:41:45.448+0000] {processor.py:840} INFO - DAG(s) 'json_batch_to_hdfs' retrieved from /opt/airflow/dags/json_to_hdfs_dag.py
[2026-08-07T02:41:45.477+0000] {logging_mixin.py:188} INFO - [2026-08-07T02:41:45.477+0000] {dag.py:3096} INFO - Sync 1 DAGs
[2026-08-07T02:41:45.501+0000] {logging_mixin.py:188} INFO - [2026-08-07T02:41:45.500+0000] {dag.py:3954} INFO - Setting next_dagrun for json_batch_to_hdfs to 2026-08-07 02:40:00+00:00, run_after=2026-08-07 02:45:00+00:00
[2026-08-07T02:41:45.524+0000] {processor.py:183} INFO - Processing /opt/airflow/dags/json_to_hdfs_dag.py took 0.106 seconds
[2026-08-07T02:42:15.725+0000] {processor.py:161} INFO - Started process (PID=1045) to work on /opt/airflow/dags/json_to_hdfs_dag.py
[2026-08-07T02:42:15.727+0000] {processor.py:830} INFO - Processing file /opt/airflow/dags/json_to_hdfs_dag.py for tasks to queue
[2026-08-07T02:42:15.728+0000] {logging_mixin.py:188} INFO - [2026-08-07T02:42:15.728+0000] {dagbag.py:545} INFO - Filling up the DagBag from /opt/airflow/dags/json_to_hdfs_dag.py
[2026-08-07T02:42:15.750+0000] {processor.py:840} INFO - DAG(s) 'json_batch_to_hdfs' retrieved from /opt/airflow/dags/json_to_hdfs_dag.py
[2026-08-07T02:42:15.785+0000] {logging_mixin.py:188} INFO - [2026-08-07T02:42:15.785+0000] {dag.py:3096} INFO - Sync 1 DAGs
[2026-08-07T02:42:15.818+0000] {logging_mixin.py:188} INFO - [2026-08-07T02:42:15.818+0000] {dag.py:3954} INFO - Setting next_dagrun for json_batch_to_hdfs to 2026-08-07 02:40:00+00:00, run_after=2026-08-07 02:45:00+00:00
[2026-08-07T02:42:15.843+0000] {processor.py:183} INFO - Processing /opt/airflow/dags/json_to_hdfs_dag.py took 0.124 seconds
[2026-08-07T02:42:46.005+0000] {processor.py:161} INFO - Started process (PID=1046) to work on /opt/airflow/dags/json_to_hdfs_dag.py
[2026-08-07T02:42:46.006+0000] {processor.py:830} INFO - Processing file /opt/airflow/dags/json_to_hdfs_dag.py for tasks to queue
[2026-08-07T02:42:46.008+0000] {logging_mixin.py:188} INFO - [2026-08-07T02:42:46.007+0000] {dagbag.py:545} INFO - Filling up the DagBag from /opt/airflow/dags/json_to_hdfs_dag.py
[2026-08-07T02:42:46.025+0000] {processor.py:840} INFO - DAG(s) 'json_batch_to_hdfs' retrieved from /opt/airflow/dags/json_to_hdfs_dag.py
[2026-08-07T02:42:46.056+0000] {logging_mixin.py:188} INFO - [2026-08-07T02:42:46.055+0000] {dag.py:3096} INFO - Sync 1 DAGs
[2026-08-07T02:42:46.078+0000] {logging_mixin.py:188} INFO - [2026-08-07T02:42:46.078+0000] {dag.py:3954} INFO - Setting next_dagrun for json_batch_to_hdfs to 2026-08-07 02:40:00+00:00, run_after=2026-08-07 02:45:00+00:00
[2026-08-07T02:42:46.103+0000] {processor.py:183} INFO - Processing /opt/airflow/dags/json_to_hdfs_dag.py took 0.103 seconds
[2026-08-07T02:43:16.366+0000] {processor.py:161} INFO - Started process (PID=1047) to work on /opt/airflow/dags/json_to_hdfs_dag.py
[2026-08-07T02:43:16.368+0000] {processor.py:830} INFO - Processing file /opt/airflow/dags/json_to_hdfs_dag.py for tasks to queue
[2026-08-07T02:43:16.369+0000] {logging_mixin.py:188} INFO - [2026-08-07T02:43:16.369+0000] {dagbag.py:545} INFO - Filling up the DagBag from /opt/airflow/dags/json_to_hdfs_dag.py
[2026-08-07T02:43:16.387+0000] {processor.py:840} INFO - DAG(s) 'json_batch_to_hdfs' retrieved from /opt/airflow/dags/json_to_hdfs_dag.py
[2026-08-07T02:43:16.417+0000] {logging_mixin.py:188} INFO - [2026-08-07T02:43:16.417+0000] {dag.py:3096} INFO - Sync 1 DAGs
[2026-08-07T02:43:16.442+0000] {logging_mixin.py:188} INFO - [2026-08-07T02:43:16.441+0000] {dag.py:3954} INFO - Setting next_dagrun for json_batch_to_hdfs to 2026-08-07 02:40:00+00:00, run_after=2026-08-07 02:45:00+00:00
[2026-08-07T02:43:16.464+0000] {processor.py:183} INFO - Processing /opt/airflow/dags/json_to_hdfs_dag.py took 0.103 seconds
[2026-08-07T02:43:46.625+0000] {processor.py:161} INFO - Started process (PID=1048) to work on /opt/airflow/dags/json_to_hdfs_dag.py
[2026-08-07T02:43:46.627+0000] {processor.py:830} INFO - Processing file /opt/airflow/dags/json_to_hdfs_dag.py for tasks to queue
[2026-08-07T02:43:46.628+0000] {logging_mixin.py:188} INFO - [2026-08-07T02:43:46.628+0000] {dagbag.py:545} INFO - Filling up the DagBag from /opt/airflow/dags/json_to_hdfs_dag.py
[2026-08-07T02:43:46.647+0000] {processor.py:840} INFO - DAG(s) 'json_batch_to_hdfs' retrieved from /opt/airflow/dags/json_to_hdfs_dag.py
[2026-08-07T02:43:46.682+0000] {logging_mixin.py:188} INFO - [2026-08-07T02:43:46.682+0000] {dag.py:3096} INFO - Sync 1 DAGs
[2026-08-07T02:43:46.708+0000] {logging_mixin.py:188} INFO - [2026-08-07T02:43:46.708+0000] {dag.py:3954} INFO - Setting next_dagrun for json_batch_to_hdfs to 2026-08-07 02:40:00+00:00, run_after=2026-08-07 02:45:00+00:00
[2026-08-07T02:43:46.735+0000] {processor.py:183} INFO - Processing /opt/airflow/dags/json_to_hdfs_dag.py took 0.116 seconds
[2026-08-07T02:44:16.946+0000] {processor.py:161} INFO - Started process (PID=1049) to work on /opt/airflow/dags/json_to_hdfs_dag.py
[2026-08-07T02:44:16.947+0000] {processor.py:830} INFO - Processing file /opt/airflow/dags/json_to_hdfs_dag.py for tasks to queue
[2026-08-07T02:44:16.948+0000] {logging_mixin.py:188} INFO - [2026-08-07T02:44:16.948+0000] {dagbag.py:545} INFO - Filling up the DagBag from /opt/airflow/dags/json_to_hdfs_dag.py
[2026-08-07T02:44:16.966+0000] {processor.py:840} INFO - DAG(s) 'json_batch_to_hdfs' retrieved from /opt/airflow/dags/json_to_hdfs_dag.py
[2026-08-07T02:44:16.997+0000] {logging_mixin.py:188} INFO - [2026-08-07T02:44:16.997+0000] {dag.py:3096} INFO - Sync 1 DAGs
[2026-08-07T02:44:17.025+0000] {logging_mixin.py:188} INFO - [2026-08-07T02:44:17.025+0000] {dag.py:3954} INFO - Setting next_dagrun for json_batch_to_hdfs to 2026-08-07 02:40:00+00:00, run_after=2026-08-07 02:45:00+00:00
[2026-08-07T02:44:17.048+0000] {processor.py:183} INFO - Processing /opt/airflow/dags/json_to_hdfs_dag.py took 0.108 seconds
[2026-08-07T02:44:47.219+0000] {processor.py:161} INFO - Started process (PID=1050) to work on /opt/airflow/dags/json_to_hdfs_dag.py
[2026-08-07T02:44:47.221+0000] {processor.py:830} INFO - Processing file /opt/airflow/dags/json_to_hdfs_dag.py for tasks to queue
[2026-08-07T02:44:47.222+0000] {logging_mixin.py:188} INFO - [2026-08-07T02:44:47.222+0000] {dagbag.py:545} INFO - Filling up the DagBag from /opt/airflow/dags/json_to_hdfs_dag.py
[2026-08-07T02:44:47.241+0000] {processor.py:840} INFO - DAG(s) 'json_batch_to_hdfs' retrieved from /opt/airflow/dags/json_to_hdfs_dag.py
[2026-08-07T02:44:47.273+0000] {logging_mixin.py:188} INFO - [2026-08-07T02:44:47.272+0000] {dag.py:3096} INFO - Sync 1 DAGs
[2026-08-07T02:44:47.297+0000] {logging_mixin.py:188} INFO - [2026-08-07T02:44:47.297+0000] {dag.py:3954} INFO - Setting next_dagrun for json_batch_to_hdfs to 2026-08-07 02:40:00+00:00, run_after=2026-08-07 02:45:00+00:00
[2026-08-07T02:44:47.320+0000] {processor.py:183} INFO - Processing /opt/airflow/dags/json_to_hdfs_dag.py took 0.106 seconds
[2026-08-07T02:45:17.550+0000] {processor.py:161} INFO - Started process (PID=1060) to work on /opt/airflow/dags/json_to_hdfs_dag.py
[2026-08-07T02:45:17.552+0000] {processor.py:830} INFO - Processing file /opt/airflow/dags/json_to_hdfs_dag.py for tasks to queue
[2026-08-07T02:45:17.553+0000] {logging_mixin.py:188} INFO - [2026-08-07T02:45:17.553+0000] {dagbag.py:545} INFO - Filling up the DagBag from /opt/airflow/dags/json_to_hdfs_dag.py
[2026-08-07T02:45:17.576+0000] {processor.py:840} INFO - DAG(s) 'json_batch_to_hdfs' retrieved from /opt/airflow/dags/json_to_hdfs_dag.py
[2026-08-07T02:45:17.613+0000] {logging_mixin.py:188} INFO - [2026-08-07T02:45:17.613+0000] {dag.py:3096} INFO - Sync 1 DAGs
[2026-08-07T02:45:17.643+0000] {logging_mixin.py:188} INFO - [2026-08-07T02:45:17.643+0000] {dag.py:3954} INFO - Setting next_dagrun for json_batch_to_hdfs to 2026-08-07 02:45:00+00:00, run_after=2026-08-07 02:50:00+00:00
[2026-08-07T02:45:17.683+0000] {processor.py:183} INFO - Processing /opt/airflow/dags/json_to_hdfs_dag.py took 0.139 seconds
[2026-08-07T02:45:47.775+0000] {processor.py:161} INFO - Started process (PID=1061) to work on /opt/airflow/dags/json_to_hdfs_dag.py
[2026-08-07T02:45:47.776+0000] {processor.py:830} INFO - Processing file /opt/airflow/dags/json_to_hdfs_dag.py for tasks to queue
[2026-08-07T02:45:47.778+0000] {logging_mixin.py:188} INFO - [2026-08-07T02:45:47.777+0000] {dagbag.py:545} INFO - Filling up the DagBag from /opt/airflow/dags/json_to_hdfs_dag.py
[2026-08-07T02:45:47.796+0000] {processor.py:840} INFO - DAG(s) 'json_batch_to_hdfs' retrieved from /opt/airflow/dags/json_to_hdfs_dag.py
[2026-08-07T02:45:47.827+0000] {logging_mixin.py:188} INFO - [2026-08-07T02:45:47.827+0000] {dag.py:3096} INFO - Sync 1 DAGs
[2026-08-07T02:45:47.854+0000] {logging_mixin.py:188} INFO - [2026-08-07T02:45:47.854+0000] {dag.py:3954} INFO - Setting next_dagrun for json_batch_to_hdfs to 2026-08-07 02:45:00+00:00, run_after=2026-08-07 02:50:00+00:00
[2026-08-07T02:45:47.883+0000] {processor.py:183} INFO - Processing /opt/airflow/dags/json_to_hdfs_dag.py took 0.114 seconds
[2026-08-07T02:46:18.042+0000] {processor.py:161} INFO - Started process (PID=1062) to work on /opt/airflow/dags/json_to_hdfs_dag.py
[2026-08-07T02:46:18.043+0000] {processor.py:830} INFO - Processing file /opt/airflow/dags/json_to_hdfs_dag.py for tasks to queue
[2026-08-07T02:46:18.045+0000] {logging_mixin.py:188} INFO - [2026-08-07T02:46:18.045+0000] {dagbag.py:545} INFO - Filling up the DagBag from /opt/airflow/dags/json_to_hdfs_dag.py
[2026-08-07T02:46:18.065+0000] {processor.py:840} INFO - DAG(s) 'json_batch_to_hdfs' retrieved from /opt/airflow/dags/json_to_hdfs_dag.py
[2026-08-07T02:46:18.101+0000] {logging_mixin.py:188} INFO - [2026-08-07T02:46:18.101+0000] {dag.py:3096} INFO - Sync 1 DAGs
[2026-08-07T02:46:18.131+0000] {logging_mixin.py:188} INFO - [2026-08-07T02:46:18.130+0000] {dag.py:3954} INFO - Setting next_dagrun for json_batch_to_hdfs to 2026-08-07 02:45:00+00:00, run_after=2026-08-07 02:50:00+00:00
[2026-08-07T02:46:18.157+0000] {processor.py:183} INFO - Processing /opt/airflow/dags/json_to_hdfs_dag.py took 0.121 seconds
[2026-08-07T02:46:48.315+0000] {processor.py:161} INFO - Started process (PID=1063) to work on /opt/airflow/dags/json_to_hdfs_dag.py
[2026-08-07T02:46:48.316+0000] {processor.py:830} INFO - Processing file /opt/airflow/dags/json_to_hdfs_dag.py for tasks to queue
[2026-08-07T02:46:48.318+0000] {logging_mixin.py:188} INFO - [2026-08-07T02:46:48.318+0000] {dagbag.py:545} INFO - Filling up the DagBag from /opt/airflow/dags/json_to_hdfs_dag.py
[2026-08-07T02:46:48.340+0000] {processor.py:840} INFO - DAG(s) 'json_batch_to_hdfs' retrieved from /opt/airflow/dags/json_to_hdfs_dag.py
[2026-08-07T02:46:48.373+0000] {logging_mixin.py:188} INFO - [2026-08-07T02:46:48.372+0000] {dag.py:3096} INFO - Sync 1 DAGs
[2026-08-07T02:46:48.399+0000] {logging_mixin.py:188} INFO - [2026-08-07T02:46:48.399+0000] {dag.py:3954} INFO - Setting next_dagrun for json_batch_to_hdfs to 2026-08-07 02:45:00+00:00, run_after=2026-08-07 02:50:00+00:00
[2026-08-07T02:46:48.422+0000] {processor.py:183} INFO - Processing /opt/airflow/dags/json_to_hdfs_dag.py took 0.113 seconds
[2026-08-07T02:47:18.698+0000] {processor.py:161} INFO - Started process (PID=1064) to work on /opt/airflow/dags/json_to_hdfs_dag.py
[2026-08-07T02:47:18.699+0000] {processor.py:830} INFO - Processing file /opt/airflow/dags/json_to_hdfs_dag.py for tasks to queue
[2026-08-07T02:47:18.701+0000] {logging_mixin.py:188} INFO - [2026-08-07T02:47:18.700+0000] {dagbag.py:545} INFO - Filling up the DagBag from /opt/airflow/dags/json_to_hdfs_dag.py
[2026-08-07T02:47:18.722+0000] {processor.py:840} INFO - DAG(s) 'json_batch_to_hdfs' retrieved from /opt/airflow/dags/json_to_hdfs_dag.py
[2026-08-07T02:47:18.753+0000] {logging_mixin.py:188} INFO - [2026-08-07T02:47:18.753+0000] {dag.py:3096} INFO - Sync 1 DAGs
[2026-08-07T02:47:18.782+0000] {logging_mixin.py:188} INFO - [2026-08-07T02:47:18.781+0000] {dag.py:3954} INFO - Setting next_dagrun for json_batch_to_hdfs to 2026-08-07 02:45:00+00:00, run_after=2026-08-07 02:50:00+00:00
[2026-08-07T02:47:18.805+0000] {processor.py:183} INFO - Processing /opt/airflow/dags/json_to_hdfs_dag.py took 0.113 seconds
[2026-08-07T02:47:48.938+0000] {processor.py:161} INFO - Started process (PID=1065) to work on /opt/airflow/dags/json_to_hdfs_dag.py
[2026-08-07T02:47:48.940+0000] {processor.py:830} INFO - Processing file /opt/airflow/dags/json_to_hdfs_dag.py for tasks to queue
[2026-08-07T02:47:48.942+0000] {logging_mixin.py:188} INFO - [2026-08-07T02:47:48.941+0000] {dagbag.py:545} INFO - Filling up the DagBag from /opt/airflow/dags/json_to_hdfs_dag.py
[2026-08-07T02:47:48.978+0000] {processor.py:840} INFO - DAG(s) 'json_batch_to_hdfs' retrieved from /opt/airflow/dags/json_to_hdfs_dag.py
[2026-08-07T02:47:49.038+0000] {logging_mixin.py:188} INFO - [2026-08-07T02:47:49.037+0000] {dag.py:3096} INFO - Sync 1 DAGs
[2026-08-07T02:47:49.082+0000] {logging_mixin.py:188} INFO - [2026-08-07T02:47:49.082+0000] {dag.py:3954} INFO - Setting next_dagrun for json_batch_to_hdfs to 2026-08-07 02:45:00+00:00, run_after=2026-08-07 02:50:00+00:00
[2026-08-07T02:47:49.109+0000] {processor.py:183} INFO - Processing /opt/airflow/dags/json_to_hdfs_dag.py took 0.178 seconds
[2026-08-07T02:48:19.286+0000] {processor.py:161} INFO - Started process (PID=1066) to work on /opt/airflow/dags/json_to_hdfs_dag.py
[2026-08-07T02:48:19.288+0000] {processor.py:830} INFO - Processing file /opt/airflow/dags/json_to_hdfs_dag.py for tasks to queue
[2026-08-07T02:48:19.289+0000] {logging_mixin.py:188} INFO - [2026-08-07T02:48:19.289+0000] {dagbag.py:545} INFO - Filling up the DagBag from /opt/airflow/dags/json_to_hdfs_dag.py
[2026-08-07T02:48:19.310+0000] {processor.py:840} INFO - DAG(s) 'json_batch_to_hdfs' retrieved from /opt/airflow/dags/json_to_hdfs_dag.py
[2026-08-07T02:48:19.342+0000] {logging_mixin.py:188} INFO - [2026-08-07T02:48:19.342+0000] {dag.py:3096} INFO - Sync 1 DAGs
[2026-08-07T02:48:19.368+0000] {logging_mixin.py:188} INFO - [2026-08-07T02:48:19.368+0000] {dag.py:3954} INFO - Setting next_dagrun for json_batch_to_hdfs to 2026-08-07 02:45:00+00:00, run_after=2026-08-07 02:50:00+00:00
[2026-08-07T02:48:19.392+0000] {processor.py:183} INFO - Processing /opt/airflow/dags/json_to_hdfs_dag.py took 0.113 seconds
[2026-08-07T02:48:49.598+0000] {processor.py:161} INFO - Started process (PID=1067) to work on /opt/airflow/dags/json_to_hdfs_dag.py
[2026-08-07T02:48:49.599+0000] {processor.py:830} INFO - Processing file /opt/airflow/dags/json_to_hdfs_dag.py for tasks to queue
[2026-08-07T02:48:49.601+0000] {logging_mixin.py:188} INFO - [2026-08-07T02:48:49.600+0000] {dagbag.py:545} INFO - Filling up the DagBag from /opt/airflow/dags/json_to_hdfs_dag.py
[2026-08-07T02:48:49.618+0000] {processor.py:840} INFO - DAG(s) 'json_batch_to_hdfs' retrieved from /opt/airflow/dags/json_to_hdfs_dag.py
[2026-08-07T02:48:49.645+0000] {logging_mixin.py:188} INFO - [2026-08-07T02:48:49.645+0000] {dag.py:3096} INFO - Sync 1 DAGs
[2026-08-07T02:48:49.668+0000] {logging_mixin.py:188} INFO - [2026-08-07T02:48:49.668+0000] {dag.py:3954} INFO - Setting next_dagrun for json_batch_to_hdfs to 2026-08-07 02:45:00+00:00, run_after=2026-08-07 02:50:00+00:00
[2026-08-07T02:48:49.703+0000] {processor.py:183} INFO - Processing /opt/airflow/dags/json_to_hdfs_dag.py took 0.111 seconds
[2026-08-07T02:49:19.842+0000] {processor.py:161} INFO - Started process (PID=1068) to work on /opt/airflow/dags/json_to_hdfs_dag.py
[2026-08-07T02:49:19.843+0000] {processor.py:830} INFO - Processing file /opt/airflow/dags/json_to_hdfs_dag.py for tasks to queue
[2026-08-07T02:49:19.845+0000] {logging_mixin.py:188} INFO - [2026-08-07T02:49:19.845+0000] {dagbag.py:545} INFO - Filling up the DagBag from /opt/airflow/dags/json_to_hdfs_dag.py
[2026-08-07T02:49:19.862+0000] {processor.py:840} INFO - DAG(s) 'json_batch_to_hdfs' retrieved from /opt/airflow/dags/json_to_hdfs_dag.py
[2026-08-07T02:49:19.891+0000] {logging_mixin.py:188} INFO - [2026-08-07T02:49:19.891+0000] {dag.py:3096} INFO - Sync 1 DAGs
[2026-08-07T02:49:19.918+0000] {logging_mixin.py:188} INFO - [2026-08-07T02:49:19.918+0000] {dag.py:3954} INFO - Setting next_dagrun for json_batch_to_hdfs to 2026-08-07 02:45:00+00:00, run_after=2026-08-07 02:50:00+00:00
[2026-08-07T02:49:19.941+0000] {processor.py:183} INFO - Processing /opt/airflow/dags/json_to_hdfs_dag.py took 0.104 seconds
[2026-08-07T02:49:50.145+0000] {processor.py:161} INFO - Started process (PID=1069) to work on /opt/airflow/dags/json_to_hdfs_dag.py
[2026-08-07T02:49:50.146+0000] {processor.py:830} INFO - Processing file /opt/airflow/dags/json_to_hdfs_dag.py for tasks to queue
[2026-08-07T02:49:50.149+0000] {logging_mixin.py:188} INFO - [2026-08-07T02:49:50.149+0000] {dagbag.py:545} INFO - Filling up the DagBag from /opt/airflow/dags/json_to_hdfs_dag.py
[2026-08-07T02:49:50.176+0000] {processor.py:840} INFO - DAG(s) 'json_batch_to_hdfs' retrieved from /opt/airflow/dags/json_to_hdfs_dag.py
[2026-08-07T02:49:50.209+0000] {logging_mixin.py:188} INFO - [2026-08-07T02:49:50.209+0000] {dag.py:3096} INFO - Sync 1 DAGs
[2026-08-07T02:49:50.238+0000] {logging_mixin.py:188} INFO - [2026-08-07T02:49:50.238+0000] {dag.py:3954} INFO - Setting next_dagrun for json_batch_to_hdfs to 2026-08-07 02:45:00+00:00, run_after=2026-08-07 02:50:00+00:00
[2026-08-07T02:49:50.267+0000] {processor.py:183} INFO - Processing /opt/airflow/dags/json_to_hdfs_dag.py took 0.128 seconds
[2026-08-07T02:50:20.526+0000] {processor.py:161} INFO - Started process (PID=1079) to work on /opt/airflow/dags/json_to_hdfs_dag.py
[2026-08-07T02:50:20.539+0000] {processor.py:830} INFO - Processing file /opt/airflow/dags/json_to_hdfs_dag.py for tasks to queue
[2026-08-07T02:50:20.543+0000] {logging_mixin.py:188} INFO - [2026-08-07T02:50:20.543+0000] {dagbag.py:545} INFO - Filling up the DagBag from /opt/airflow/dags/json_to_hdfs_dag.py
[2026-08-07T02:50:20.568+0000] {processor.py:840} INFO - DAG(s) 'json_batch_to_hdfs' retrieved from /opt/airflow/dags/json_to_hdfs_dag.py
[2026-08-07T02:50:20.612+0000] {logging_mixin.py:188} INFO - [2026-08-07T02:50:20.612+0000] {dag.py:3096} INFO - Sync 1 DAGs
[2026-08-07T02:50:20.656+0000] {logging_mixin.py:188} INFO - [2026-08-07T02:50:20.656+0000] {dag.py:3954} INFO - Setting next_dagrun for json_batch_to_hdfs to 2026-08-07 02:50:00+00:00, run_after=2026-08-07 02:55:00+00:00
[2026-08-07T02:50:20.678+0000] {processor.py:183} INFO - Processing /opt/airflow/dags/json_to_hdfs_dag.py took 0.162 seconds
[2026-08-07T02:50:50.891+0000] {processor.py:161} INFO - Started process (PID=1080) to work on /opt/airflow/dags/json_to_hdfs_dag.py
[2026-08-07T02:50:50.892+0000] {processor.py:830} INFO - Processing file /opt/airflow/dags/json_to_hdfs_dag.py for tasks to queue
[2026-08-07T02:50:50.894+0000] {logging_mixin.py:188} INFO - [2026-08-07T02:50:50.893+0000] {dagbag.py:545} INFO - Filling up the DagBag from /opt/airflow/dags/json_to_hdfs_dag.py
[2026-08-07T02:50:50.914+0000] {processor.py:840} INFO - DAG(s) 'json_batch_to_hdfs' retrieved from /opt/airflow/dags/json_to_hdfs_dag.py
[2026-08-07T02:50:50.945+0000] {logging_mixin.py:188} INFO - [2026-08-07T02:50:50.944+0000] {dag.py:3096} INFO - Sync 1 DAGs
[2026-08-07T02:50:50.972+0000] {logging_mixin.py:188} INFO - [2026-08-07T02:50:50.972+0000] {dag.py:3954} INFO - Setting next_dagrun for json_batch_to_hdfs to 2026-08-07 02:50:00+00:00, run_after=2026-08-07 02:55:00+00:00
[2026-08-07T02:50:51.002+0000] {processor.py:183} INFO - Processing /opt/airflow/dags/json_to_hdfs_dag.py took 0.117 seconds
[2026-08-07T02:51:21.077+0000] {processor.py:161} INFO - Started process (PID=1081) to work on /opt/airflow/dags/json_to_hdfs_dag.py
[2026-08-07T02:51:21.078+0000] {processor.py:830} INFO - Processing file /opt/airflow/dags/json_to_hdfs_dag.py for tasks to queue
[2026-08-07T02:51:21.080+0000] {logging_mixin.py:188} INFO - [2026-08-07T02:51:21.080+0000] {dagbag.py:545} INFO - Filling up the DagBag from /opt/airflow/dags/json_to_hdfs_dag.py
[2026-08-07T02:51:21.101+0000] {processor.py:840} INFO - DAG(s) 'json_batch_to_hdfs' retrieved from /opt/airflow/dags/json_to_hdfs_dag.py
[2026-08-07T02:51:21.135+0000] {logging_mixin.py:188} INFO - [2026-08-07T02:51:21.135+0000] {dag.py:3096} INFO - Sync 1 DAGs
[2026-08-07T02:51:21.165+0000] {logging_mixin.py:188} INFO - [2026-08-07T02:51:21.165+0000] {dag.py:3954} INFO - Setting next_dagrun for json_batch_to_hdfs to 2026-08-07 02:50:00+00:00, run_after=2026-08-07 02:55:00+00:00
[2026-08-07T02:51:21.194+0000] {processor.py:183} INFO - Processing /opt/airflow/dags/json_to_hdfs_dag.py took 0.123 seconds
[2026-08-07T02:51:51.436+0000] {processor.py:161} INFO - Started process (PID=1082) to work on /opt/airflow/dags/json_to_hdfs_dag.py
[2026-08-07T02:51:51.438+0000] {processor.py:830} INFO - Processing file /opt/airflow/dags/json_to_hdfs_dag.py for tasks to queue
[2026-08-07T02:51:51.440+0000] {logging_mixin.py:188} INFO - [2026-08-07T02:51:51.440+0000] {dagbag.py:545} INFO - Filling up the DagBag from /opt/airflow/dags/json_to_hdfs_dag.py
[2026-08-07T02:51:51.465+0000] {processor.py:840} INFO - DAG(s) 'json_batch_to_hdfs' retrieved from /opt/airflow/dags/json_to_hdfs_dag.py
[2026-08-07T02:51:51.497+0000] {logging_mixin.py:188} INFO - [2026-08-07T02:51:51.496+0000] {dag.py:3096} INFO - Sync 1 DAGs
[2026-08-07T02:51:51.523+0000] {logging_mixin.py:188} INFO - [2026-08-07T02:51:51.523+0000] {dag.py:3954} INFO - Setting next_dagrun for json_batch_to_hdfs to 2026-08-07 02:50:00+00:00, run_after=2026-08-07 02:55:00+00:00
[2026-08-07T02:51:51.559+0000] {processor.py:183} INFO - Processing /opt/airflow/dags/json_to_hdfs_dag.py took 0.129 seconds
[2026-08-07T02:52:21.681+0000] {processor.py:161} INFO - Started process (PID=1083) to work on /opt/airflow/dags/json_to_hdfs_dag.py
[2026-08-07T02:52:21.683+0000] {processor.py:830} INFO - Processing file /opt/airflow/dags/json_to_hdfs_dag.py for tasks to queue
[2026-08-07T02:52:21.685+0000] {logging_mixin.py:188} INFO - [2026-08-07T02:52:21.684+0000] {dagbag.py:545} INFO - Filling up the DagBag from /opt/airflow/dags/json_to_hdfs_dag.py
[2026-08-07T02:52:21.707+0000] {processor.py:840} INFO - DAG(s) 'json_batch_to_hdfs' retrieved from /opt/airflow/dags/json_to_hdfs_dag.py
[2026-08-07T02:52:21.739+0000] {logging_mixin.py:188} INFO - [2026-08-07T02:52:21.738+0000] {dag.py:3096} INFO - Sync 1 DAGs
[2026-08-07T02:52:21.764+0000] {logging_mixin.py:188} INFO - [2026-08-07T02:52:21.764+0000] {dag.py:3954} INFO - Setting next_dagrun for json_batch_to_hdfs to 2026-08-07 02:50:00+00:00, run_after=2026-08-07 02:55:00+00:00
[2026-08-07T02:52:21.790+0000] {processor.py:183} INFO - Processing /opt/airflow/dags/json_to_hdfs_dag.py took 0.114 seconds
[2026-08-07T02:52:51.961+0000] {processor.py:161} INFO - Started process (PID=1084) to work on /opt/airflow/dags/json_to_hdfs_dag.py
[2026-08-07T02:52:51.963+0000] {processor.py:830} INFO - Processing file /opt/airflow/dags/json_to_hdfs_dag.py for tasks to queue
[2026-08-07T02:52:51.965+0000] {logging_mixin.py:188} INFO - [2026-08-07T02:52:51.964+0000] {dagbag.py:545} INFO - Filling up the DagBag from /opt/airflow/dags/json_to_hdfs_dag.py
[2026-08-07T02:52:51.994+0000] {processor.py:840} INFO - DAG(s) 'json_batch_to_hdfs' retrieved from /opt/airflow/dags/json_to_hdfs_dag.py
[2026-08-07T02:52:52.044+0000] {logging_mixin.py:188} INFO - [2026-08-07T02:52:52.043+0000] {dag.py:3096} INFO - Sync 1 DAGs
[2026-08-07T02:52:52.086+0000] {logging_mixin.py:188} INFO - [2026-08-07T02:52:52.086+0000] {dag.py:3954} INFO - Setting next_dagrun for json_batch_to_hdfs to 2026-08-07 02:50:00+00:00, run_after=2026-08-07 02:55:00+00:00
[2026-08-07T02:52:52.117+0000] {processor.py:183} INFO - Processing /opt/airflow/dags/json_to_hdfs_dag.py took 0.162 seconds
[2026-08-07T02:53:22.234+0000] {processor.py:161} INFO - Started process (PID=1085) to work on /opt/airflow/dags/json_to_hdfs_dag.py
[2026-08-07T02:53:22.237+0000] {processor.py:830} INFO - Processing file /opt/airflow/dags/json_to_hdfs_dag.py for tasks to queue
[2026-08-07T02:53:22.240+0000] {logging_mixin.py:188} INFO - [2026-08-07T02:53:22.239+0000] {dagbag.py:545} INFO - Filling up the DagBag from /opt/airflow/dags/json_to_hdfs_dag.py
[2026-08-07T02:53:22.262+0000] {processor.py:840} INFO - DAG(s) 'json_batch_to_hdfs' retrieved from /opt/airflow/dags/json_to_hdfs_dag.py
[2026-08-07T02:53:22.302+0000] {logging_mixin.py:188} INFO - [2026-08-07T02:53:22.301+0000] {dag.py:3096} INFO - Sync 1 DAGs
[2026-08-07T02:53:22.334+0000] {logging_mixin.py:188} INFO - [2026-08-07T02:53:22.334+0000] {dag.py:3954} INFO - Setting next_dagrun for json_batch_to_hdfs to 2026-08-07 02:50:00+00:00, run_after=2026-08-07 02:55:00+00:00
[2026-08-07T02:53:22.366+0000] {processor.py:183} INFO - Processing /opt/airflow/dags/json_to_hdfs_dag.py took 0.138 seconds
[2026-08-07T02:53:52.507+0000] {processor.py:161} INFO - Started process (PID=1086) to work on /opt/airflow/dags/json_to_hdfs_dag.py
[2026-08-07T02:53:52.509+0000] {processor.py:830} INFO - Processing file /opt/airflow/dags/json_to_hdfs_dag.py for tasks to queue
[2026-08-07T02:53:52.510+0000] {logging_mixin.py:188} INFO - [2026-08-07T02:53:52.510+0000] {dagbag.py:545} INFO - Filling up the DagBag from /opt/airflow/dags/json_to_hdfs_dag.py
[2026-08-07T02:53:52.538+0000] {processor.py:840} INFO - DAG(s) 'json_batch_to_hdfs' retrieved from /opt/airflow/dags/json_to_hdfs_dag.py
[2026-08-07T02:53:52.568+0000] {logging_mixin.py:188} INFO - [2026-08-07T02:53:52.567+0000] {dag.py:3096} INFO - Sync 1 DAGs
[2026-08-07T02:53:52.595+0000] {logging_mixin.py:188} INFO - [2026-08-07T02:53:52.594+0000] {dag.py:3954} INFO - Setting next_dagrun for json_batch_to_hdfs to 2026-08-07 02:50:00+00:00, run_after=2026-08-07 02:55:00+00:00
[2026-08-07T02:53:52.620+0000] {processor.py:183} INFO - Processing /opt/airflow/dags/json_to_hdfs_dag.py took 0.118 seconds
[2026-08-07T02:54:22.752+0000] {processor.py:161} INFO - Started process (PID=1087) to work on /opt/airflow/dags/json_to_hdfs_dag.py
[2026-08-07T02:54:22.754+0000] {processor.py:830} INFO - Processing file /opt/airflow/dags/json_to_hdfs_dag.py for tasks to queue
[2026-08-07T02:54:22.755+0000] {logging_mixin.py:188} INFO - [2026-08-07T02:54:22.755+0000] {dagbag.py:545} INFO - Filling up the DagBag from /opt/airflow/dags/json_to_hdfs_dag.py
[2026-08-07T02:54:22.777+0000] {processor.py:840} INFO - DAG(s) 'json_batch_to_hdfs' retrieved from /opt/airflow/dags/json_to_hdfs_dag.py
[2026-08-07T02:54:22.810+0000] {logging_mixin.py:188} INFO - [2026-08-07T02:54:22.810+0000] {dag.py:3096} INFO - Sync 1 DAGs
[2026-08-07T02:54:22.840+0000] {logging_mixin.py:188} INFO - [2026-08-07T02:54:22.840+0000] {dag.py:3954} INFO - Setting next_dagrun for json_batch_to_hdfs to 2026-08-07 02:50:00+00:00, run_after=2026-08-07 02:55:00+00:00
[2026-08-07T02:54:22.865+0000] {processor.py:183} INFO - Processing /opt/airflow/dags/json_to_hdfs_dag.py took 0.119 seconds
[2026-08-07T02:54:53.015+0000] {processor.py:161} INFO - Started process (PID=1088) to work on /opt/airflow/dags/json_to_hdfs_dag.py
[2026-08-07T02:54:53.016+0000] {processor.py:830} INFO - Processing file /opt/airflow/dags/json_to_hdfs_dag.py for tasks to queue
[2026-08-07T02:54:53.018+0000] {logging_mixin.py:188} INFO - [2026-08-07T02:54:53.017+0000] {dagbag.py:545} INFO - Filling up the DagBag from /opt/airflow/dags/json_to_hdfs_dag.py
[2026-08-07T02:54:53.037+0000] {processor.py:840} INFO - DAG(s) 'json_batch_to_hdfs' retrieved from /opt/airflow/dags/json_to_hdfs_dag.py
[2026-08-07T02:54:53.069+0000] {logging_mixin.py:188} INFO - [2026-08-07T02:54:53.069+0000] {dag.py:3096} INFO - Sync 1 DAGs
[2026-08-07T02:54:53.094+0000] {logging_mixin.py:188} INFO - [2026-08-07T02:54:53.094+0000] {dag.py:3954} INFO - Setting next_dagrun for json_batch_to_hdfs to 2026-08-07 02:50:00+00:00, run_after=2026-08-07 02:55:00+00:00
[2026-08-07T02:54:53.129+0000] {processor.py:183} INFO - Processing /opt/airflow/dags/json_to_hdfs_dag.py took 0.121 seconds
[2026-08-07T02:55:23.403+0000] {processor.py:161} INFO - Started process (PID=1098) to work on /opt/airflow/dags/json_to_hdfs_dag.py
[2026-08-07T02:55:23.404+0000] {processor.py:830} INFO - Processing file /opt/airflow/dags/json_to_hdfs_dag.py for tasks to queue
[2026-08-07T02:55:23.406+0000] {logging_mixin.py:188} INFO - [2026-08-07T02:55:23.405+0000] {dagbag.py:545} INFO - Filling up the DagBag from /opt/airflow/dags/json_to_hdfs_dag.py
[2026-08-07T02:55:23.423+0000] {processor.py:840} INFO - DAG(s) 'json_batch_to_hdfs' retrieved from /opt/airflow/dags/json_to_hdfs_dag.py
[2026-08-07T02:55:23.453+0000] {logging_mixin.py:188} INFO - [2026-08-07T02:55:23.453+0000] {dag.py:3096} INFO - Sync 1 DAGs
[2026-08-07T02:55:23.477+0000] {logging_mixin.py:188} INFO - [2026-08-07T02:55:23.477+0000] {dag.py:3954} INFO - Setting next_dagrun for json_batch_to_hdfs to 2026-08-07 02:55:00+00:00, run_after=2026-08-07 03:00:00+00:00
[2026-08-07T02:55:23.499+0000] {processor.py:183} INFO - Processing /opt/airflow/dags/json_to_hdfs_dag.py took 0.102 seconds
[2026-08-07T02:55:53.625+0000] {processor.py:161} INFO - Started process (PID=1099) to work on /opt/airflow/dags/json_to_hdfs_dag.py
[2026-08-07T02:55:53.626+0000] {processor.py:830} INFO - Processing file /opt/airflow/dags/json_to_hdfs_dag.py for tasks to queue
[2026-08-07T02:55:53.628+0000] {logging_mixin.py:188} INFO - [2026-08-07T02:55:53.627+0000] {dagbag.py:545} INFO - Filling up the DagBag from /opt/airflow/dags/json_to_hdfs_dag.py
[2026-08-07T02:55:53.646+0000] {processor.py:840} INFO - DAG(s) 'json_batch_to_hdfs' retrieved from /opt/airflow/dags/json_to_hdfs_dag.py
[2026-08-07T02:55:53.680+0000] {logging_mixin.py:188} INFO - [2026-08-07T02:55:53.680+0000] {dag.py:3096} INFO - Sync 1 DAGs
[2026-08-07T02:55:53.706+0000] {logging_mixin.py:188} INFO - [2026-08-07T02:55:53.706+0000] {dag.py:3954} INFO - Setting next_dagrun for json_batch_to_hdfs to 2026-08-07 02:55:00+00:00, run_after=2026-08-07 03:00:00+00:00
[2026-08-07T02:55:53.730+0000] {processor.py:183} INFO - Processing /opt/airflow/dags/json_to_hdfs_dag.py took 0.112 seconds
[2026-08-07T02:56:23.949+0000] {processor.py:161} INFO - Started process (PID=1100) to work on /opt/airflow/dags/json_to_hdfs_dag.py
[2026-08-07T02:56:23.951+0000] {processor.py:830} INFO - Processing file /opt/airflow/dags/json_to_hdfs_dag.py for tasks to queue
[2026-08-07T02:56:23.952+0000] {logging_mixin.py:188} INFO - [2026-08-07T02:56:23.952+0000] {dagbag.py:545} INFO - Filling up the DagBag from /opt/airflow/dags/json_to_hdfs_dag.py
[2026-08-07T02:56:23.975+0000] {processor.py:840} INFO - DAG(s) 'json_batch_to_hdfs' retrieved from /opt/airflow/dags/json_to_hdfs_dag.py
[2026-08-07T02:56:24.012+0000] {logging_mixin.py:188} INFO - [2026-08-07T02:56:24.011+0000] {dag.py:3096} INFO - Sync 1 DAGs
[2026-08-07T02:56:24.043+0000] {logging_mixin.py:188} INFO - [2026-08-07T02:56:24.043+0000] {dag.py:3954} INFO - Setting next_dagrun for json_batch_to_hdfs to 2026-08-07 02:55:00+00:00, run_after=2026-08-07 03:00:00+00:00
[2026-08-07T02:56:24.076+0000] {processor.py:183} INFO - Processing /opt/airflow/dags/json_to_hdfs_dag.py took 0.133 seconds
[2026-08-07T02:56:54.179+0000] {processor.py:161} INFO - Started process (PID=1101) to work on /opt/airflow/dags/json_to_hdfs_dag.py
[2026-08-07T02:56:54.181+0000] {processor.py:830} INFO - Processing file /opt/airflow/dags/json_to_hdfs_dag.py for tasks to queue
[2026-08-07T02:56:54.182+0000] {logging_mixin.py:188} INFO - [2026-08-07T02:56:54.182+0000] {dagbag.py:545} INFO - Filling up the DagBag from /opt/airflow/dags/json_to_hdfs_dag.py
[2026-08-07T02:56:54.201+0000] {processor.py:840} INFO - DAG(s) 'json_batch_to_hdfs' retrieved from /opt/airflow/dags/json_to_hdfs_dag.py
[2026-08-07T02:56:54.233+0000] {logging_mixin.py:188} INFO - [2026-08-07T02:56:54.233+0000] {dag.py:3096} INFO - Sync 1 DAGs
[2026-08-07T02:56:54.259+0000] {logging_mixin.py:188} INFO - [2026-08-07T02:56:54.259+0000] {dag.py:3954} INFO - Setting next_dagrun for json_batch_to_hdfs to 2026-08-07 02:55:00+00:00, run_after=2026-08-07 03:00:00+00:00
[2026-08-07T02:56:54.281+0000] {processor.py:183} INFO - Processing /opt/airflow/dags/json_to_hdfs_dag.py took 0.107 seconds
[2026-08-07T02:57:24.544+0000] {processor.py:161} INFO - Started process (PID=1102) to work on /opt/airflow/dags/json_to_hdfs_dag.py
[2026-08-07T02:57:24.546+0000] {processor.py:830} INFO - Processing file /opt/airflow/dags/json_to_hdfs_dag.py for tasks to queue
[2026-08-07T02:57:24.548+0000] {logging_mixin.py:188} INFO - [2026-08-07T02:57:24.547+0000] {dagbag.py:545} INFO - Filling up the DagBag from /opt/airflow/dags/json_to_hdfs_dag.py
[2026-08-07T02:57:24.569+0000] {processor.py:840} INFO - DAG(s) 'json_batch_to_hdfs' retrieved from /opt/airflow/dags/json_to_hdfs_dag.py
[2026-08-07T02:57:24.600+0000] {logging_mixin.py:188} INFO - [2026-08-07T02:57:24.600+0000] {dag.py:3096} INFO - Sync 1 DAGs
[2026-08-07T02:57:24.627+0000] {logging_mixin.py:188} INFO - [2026-08-07T02:57:24.626+0000] {dag.py:3954} INFO - Setting next_dagrun for json_batch_to_hdfs to 2026-08-07 02:55:00+00:00, run_after=2026-08-07 03:00:00+00:00
[2026-08-07T02:57:24.649+0000] {processor.py:183} INFO - Processing /opt/airflow/dags/json_to_hdfs_dag.py took 0.111 seconds
[2026-08-07T02:57:54.794+0000] {processor.py:161} INFO - Started process (PID=1103) to work on /opt/airflow/dags/json_to_hdfs_dag.py
[2026-08-07T02:57:54.795+0000] {processor.py:830} INFO - Processing file /opt/airflow/dags/json_to_hdfs_dag.py for tasks to queue
[2026-08-07T02:57:54.796+0000] {logging_mixin.py:188} INFO - [2026-08-07T02:57:54.796+0000] {dagbag.py:545} INFO - Filling up the DagBag from /opt/airflow/dags/json_to_hdfs_dag.py
[2026-08-07T02:57:54.814+0000] {processor.py:840} INFO - DAG(s) 'json_batch_to_hdfs' retrieved from /opt/airflow/dags/json_to_hdfs_dag.py
[2026-08-07T02:57:54.846+0000] {logging_mixin.py:188} INFO - [2026-08-07T02:57:54.846+0000] {dag.py:3096} INFO - Sync 1 DAGs
[2026-08-07T02:57:54.870+0000] {logging_mixin.py:188} INFO - [2026-08-07T02:57:54.870+0000] {dag.py:3954} INFO - Setting next_dagrun for json_batch_to_hdfs to 2026-08-07 02:55:00+00:00, run_after=2026-08-07 03:00:00+00:00
[2026-08-07T02:57:54.894+0000] {processor.py:183} INFO - Processing /opt/airflow/dags/json_to_hdfs_dag.py took 0.106 seconds
[2026-08-07T02:58:25.147+0000] {processor.py:161} INFO - Started process (PID=1104) to work on /opt/airflow/dags/json_to_hdfs_dag.py
[2026-08-07T02:58:25.148+0000] {processor.py:830} INFO - Processing file /opt/airflow/dags/json_to_hdfs_dag.py for tasks to queue
[2026-08-07T02:58:25.150+0000] {logging_mixin.py:188} INFO - [2026-08-07T02:58:25.150+0000] {dagbag.py:545} INFO - Filling up the DagBag from /opt/airflow/dags/json_to_hdfs_dag.py
[2026-08-07T02:58:25.170+0000] {processor.py:840} INFO - DAG(s) 'json_batch_to_hdfs' retrieved from /opt/airflow/dags/json_to_hdfs_dag.py
[2026-08-07T02:58:25.204+0000] {logging_mixin.py:188} INFO - [2026-08-07T02:58:25.203+0000] {dag.py:3096} INFO - Sync 1 DAGs
[2026-08-07T02:58:25.228+0000] {logging_mixin.py:188} INFO - [2026-08-07T02:58:25.227+0000] {dag.py:3954} INFO - Setting next_dagrun for json_batch_to_hdfs to 2026-08-07 02:55:00+00:00, run_after=2026-08-07 03:00:00+00:00
[2026-08-07T02:58:25.266+0000] {processor.py:183} INFO - Processing /opt/airflow/dags/json_to_hdfs_dag.py took 0.125 seconds
[2026-08-07T02:58:55.407+0000] {processor.py:161} INFO - Started process (PID=1105) to work on /opt/airflow/dags/json_to_hdfs_dag.py
[2026-08-07T02:58:55.408+0000] {processor.py:830} INFO - Processing file /opt/airflow/dags/json_to_hdfs_dag.py for tasks to queue
[2026-08-07T02:58:55.409+0000] {logging_mixin.py:188} INFO - [2026-08-07T02:58:55.409+0000] {dagbag.py:545} INFO - Filling up the DagBag from /opt/airflow/dags/json_to_hdfs_dag.py
[2026-08-07T02:58:55.427+0000] {processor.py:840} INFO - DAG(s) 'json_batch_to_hdfs' retrieved from /opt/airflow/dags/json_to_hdfs_dag.py
[2026-08-07T02:58:55.458+0000] {logging_mixin.py:188} INFO - [2026-08-07T02:58:55.457+0000] {dag.py:3096} INFO - Sync 1 DAGs
[2026-08-07T02:58:55.482+0000] {logging_mixin.py:188} INFO - [2026-08-07T02:58:55.482+0000] {dag.py:3954} INFO - Setting next_dagrun for json_batch_to_hdfs to 2026-08-07 02:55:00+00:00, run_after=2026-08-07 03:00:00+00:00
[2026-08-07T02:58:55.508+0000] {processor.py:183} INFO - Processing /opt/airflow/dags/json_to_hdfs_dag.py took 0.107 seconds
[2026-08-07T02:59:25.778+0000] {processor.py:161} INFO - Started process (PID=1106) to work on /opt/airflow/dags/json_to_hdfs_dag.py
[2026-08-07T02:59:25.779+0000] {processor.py:830} INFO - Processing file /opt/airflow/dags/json_to_hdfs_dag.py for tasks to queue
[2026-08-07T02:59:25.780+0000] {logging_mixin.py:188} INFO - [2026-08-07T02:59:25.780+0000] {dagbag.py:545} INFO - Filling up the DagBag from /opt/airflow/dags/json_to_hdfs_dag.py
[2026-08-07T02:59:25.796+0000] {processor.py:840} INFO - DAG(s) 'json_batch_to_hdfs' retrieved from /opt/airflow/dags/json_to_hdfs_dag.py
[2026-08-07T02:59:25.824+0000] {logging_mixin.py:188} INFO - [2026-08-07T02:59:25.824+0000] {dag.py:3096} INFO - Sync 1 DAGs
[2026-08-07T02:59:25.849+0000] {logging_mixin.py:188} INFO - [2026-08-07T02:59:25.849+0000] {dag.py:3954} INFO - Setting next_dagrun for json_batch_to_hdfs to 2026-08-07 02:55:00+00:00, run_after=2026-08-07 03:00:00+00:00
[2026-08-07T02:59:25.884+0000] {processor.py:183} INFO - Processing /opt/airflow/dags/json_to_hdfs_dag.py took 0.111 seconds
[2026-08-07T02:59:56.056+0000] {processor.py:161} INFO - Started process (PID=1107) to work on /opt/airflow/dags/json_to_hdfs_dag.py
[2026-08-07T02:59:56.058+0000] {processor.py:830} INFO - Processing file /opt/airflow/dags/json_to_hdfs_dag.py for tasks to queue
[2026-08-07T02:59:56.060+0000] {logging_mixin.py:188} INFO - [2026-08-07T02:59:56.059+0000] {dagbag.py:545} INFO - Filling up the DagBag from /opt/airflow/dags/json_to_hdfs_dag.py
[2026-08-07T02:59:56.081+0000] {processor.py:840} INFO - DAG(s) 'json_batch_to_hdfs' retrieved from /opt/airflow/dags/json_to_hdfs_dag.py
[2026-08-07T02:59:56.112+0000] {logging_mixin.py:188} INFO - [2026-08-07T02:59:56.112+0000] {dag.py:3096} INFO - Sync 1 DAGs
[2026-08-07T02:59:56.136+0000] {logging_mixin.py:188} INFO - [2026-08-07T02:59:56.135+0000] {dag.py:3954} INFO - Setting next_dagrun for json_batch_to_hdfs to 2026-08-07 02:55:00+00:00, run_after=2026-08-07 03:00:00+00:00
[2026-08-07T02:59:56.160+0000] {processor.py:183} INFO - Processing /opt/airflow/dags/json_to_hdfs_dag.py took 0.110 seconds
[2026-08-07T03:00:26.411+0000] {processor.py:161} INFO - Started process (PID=1117) to work on /opt/airflow/dags/json_to_hdfs_dag.py
[2026-08-07T03:00:26.413+0000] {processor.py:830} INFO - Processing file /opt/airflow/dags/json_to_hdfs_dag.py for tasks to queue
[2026-08-07T03:00:26.416+0000] {logging_mixin.py:188} INFO - [2026-08-07T03:00:26.415+0000] {dagbag.py:545} INFO - Filling up the DagBag from /opt/airflow/dags/json_to_hdfs_dag.py
[2026-08-07T03:00:26.440+0000] {processor.py:840} INFO - DAG(s) 'json_batch_to_hdfs' retrieved from /opt/airflow/dags/json_to_hdfs_dag.py
[2026-08-07T03:00:26.477+0000] {logging_mixin.py:188} INFO - [2026-08-07T03:00:26.477+0000] {dag.py:3096} INFO - Sync 1 DAGs
[2026-08-07T03:00:26.514+0000] {logging_mixin.py:188} INFO - [2026-08-07T03:00:26.514+0000] {dag.py:3954} INFO - Setting next_dagrun for json_batch_to_hdfs to 2026-08-07 03:00:00+00:00, run_after=2026-08-07 03:05:00+00:00
[2026-08-07T03:00:26.545+0000] {processor.py:183} INFO - Processing /opt/airflow/dags/json_to_hdfs_dag.py took 0.139 seconds
[2026-08-07T03:00:56.678+0000] {processor.py:161} INFO - Started process (PID=1118) to work on /opt/airflow/dags/json_to_hdfs_dag.py
[2026-08-07T03:00:56.679+0000] {processor.py:830} INFO - Processing file /opt/airflow/dags/json_to_hdfs_dag.py for tasks to queue
[2026-08-07T03:00:56.680+0000] {logging_mixin.py:188} INFO - [2026-08-07T03:00:56.680+0000] {dagbag.py:545} INFO - Filling up the DagBag from /opt/airflow/dags/json_to_hdfs_dag.py
[2026-08-07T03:00:56.698+0000] {processor.py:840} INFO - DAG(s) 'json_batch_to_hdfs' retrieved from /opt/airflow/dags/json_to_hdfs_dag.py
[2026-08-07T03:00:56.726+0000] {logging_mixin.py:188} INFO - [2026-08-07T03:00:56.725+0000] {dag.py:3096} INFO - Sync 1 DAGs
[2026-08-07T03:00:56.748+0000] {logging_mixin.py:188} INFO - [2026-08-07T03:00:56.748+0000] {dag.py:3954} INFO - Setting next_dagrun for json_batch_to_hdfs to 2026-08-07 03:00:00+00:00, run_after=2026-08-07 03:05:00+00:00
[2026-08-07T03:00:56.772+0000] {processor.py:183} INFO - Processing /opt/airflow/dags/json_to_hdfs_dag.py took 0.100 seconds
[2026-08-07T03:01:27.038+0000] {processor.py:161} INFO - Started process (PID=1119) to work on /opt/airflow/dags/json_to_hdfs_dag.py
[2026-08-07T03:01:27.040+0000] {processor.py:830} INFO - Processing file /opt/airflow/dags/json_to_hdfs_dag.py for tasks to queue
[2026-08-07T03:01:27.042+0000] {logging_mixin.py:188} INFO - [2026-08-07T03:01:27.042+0000] {dagbag.py:545} INFO - Filling up the DagBag from /opt/airflow/dags/json_to_hdfs_dag.py
[2026-08-07T03:01:27.063+0000] {processor.py:840} INFO - DAG(s) 'json_batch_to_hdfs' retrieved from /opt/airflow/dags/json_to_hdfs_dag.py
[2026-08-07T03:01:27.094+0000] {logging_mixin.py:188} INFO - [2026-08-07T03:01:27.093+0000] {dag.py:3096} INFO - Sync 1 DAGs
[2026-08-07T03:01:27.118+0000] {logging_mixin.py:188} INFO - [2026-08-07T03:01:27.118+0000] {dag.py:3954} INFO - Setting next_dagrun for json_batch_to_hdfs to 2026-08-07 03:00:00+00:00, run_after=2026-08-07 03:05:00+00:00
[2026-08-07T03:01:27.142+0000] {processor.py:183} INFO - Processing /opt/airflow/dags/json_to_hdfs_dag.py took 0.108 seconds
[2026-08-07T03:01:57.273+0000] {processor.py:161} INFO - Started process (PID=1120) to work on /opt/airflow/dags/json_to_hdfs_dag.py
[2026-08-07T03:01:57.275+0000] {processor.py:830} INFO - Processing file /opt/airflow/dags/json_to_hdfs_dag.py for tasks to queue
[2026-08-07T03:01:57.276+0000] {logging_mixin.py:188} INFO - [2026-08-07T03:01:57.276+0000] {dagbag.py:545} INFO - Filling up the DagBag from /opt/airflow/dags/json_to_hdfs_dag.py
[2026-08-07T03:01:57.294+0000] {processor.py:840} INFO - DAG(s) 'json_batch_to_hdfs' retrieved from /opt/airflow/dags/json_to_hdfs_dag.py
[2026-08-07T03:01:57.325+0000] {logging_mixin.py:188} INFO - [2026-08-07T03:01:57.324+0000] {dag.py:3096} INFO - Sync 1 DAGs
[2026-08-07T03:01:57.349+0000] {logging_mixin.py:188} INFO - [2026-08-07T03:01:57.349+0000] {dag.py:3954} INFO - Setting next_dagrun for json_batch_to_hdfs to 2026-08-07 03:00:00+00:00, run_after=2026-08-07 03:05:00+00:00
[2026-08-07T03:01:57.372+0000] {processor.py:183} INFO - Processing /opt/airflow/dags/json_to_hdfs_dag.py took 0.104 seconds
[2026-08-07T03:02:27.638+0000] {processor.py:161} INFO - Started process (PID=1121) to work on /opt/airflow/dags/json_to_hdfs_dag.py
[2026-08-07T03:02:27.639+0000] {processor.py:830} INFO - Processing file /opt/airflow/dags/json_to_hdfs_dag.py for tasks to queue
[2026-08-07T03:02:27.641+0000] {logging_mixin.py:188} INFO - [2026-08-07T03:02:27.640+0000] {dagbag.py:545} INFO - Filling up the DagBag from /opt/airflow/dags/json_to_hdfs_dag.py
[2026-08-07T03:02:27.659+0000] {processor.py:840} INFO - DAG(s) 'json_batch_to_hdfs' retrieved from /opt/airflow/dags/json_to_hdfs_dag.py
[2026-08-07T03:02:27.688+0000] {logging_mixin.py:188} INFO - [2026-08-07T03:02:27.688+0000] {dag.py:3096} INFO - Sync 1 DAGs
[2026-08-07T03:02:27.715+0000] {logging_mixin.py:188} INFO - [2026-08-07T03:02:27.715+0000] {dag.py:3954} INFO - Setting next_dagrun for json_batch_to_hdfs to 2026-08-07 03:00:00+00:00, run_after=2026-08-07 03:05:00+00:00
[2026-08-07T03:02:27.749+0000] {processor.py:183} INFO - Processing /opt/airflow/dags/json_to_hdfs_dag.py took 0.116 seconds
[2026-08-07T03:02:57.911+0000] {processor.py:161} INFO - Started process (PID=1122) to work on /opt/airflow/dags/json_to_hdfs_dag.py
[2026-08-07T03:02:57.913+0000] {processor.py:830} INFO - Processing file /opt/airflow/dags/json_to_hdfs_dag.py for tasks to queue
[2026-08-07T03:02:57.914+0000] {logging_mixin.py:188} INFO - [2026-08-07T03:02:57.914+0000] {dagbag.py:545} INFO - Filling up the DagBag from /opt/airflow/dags/json_to_hdfs_dag.py
[2026-08-07T03:02:57.930+0000] {processor.py:840} INFO - DAG(s) 'json_batch_to_hdfs' retrieved from /opt/airflow/dags/json_to_hdfs_dag.py
[2026-08-07T03:02:57.959+0000] {logging_mixin.py:188} INFO - [2026-08-07T03:02:57.959+0000] {dag.py:3096} INFO - Sync 1 DAGs
[2026-08-07T03:02:57.984+0000] {logging_mixin.py:188} INFO - [2026-08-07T03:02:57.983+0000] {dag.py:3954} INFO - Setting next_dagrun for json_batch_to_hdfs to 2026-08-07 03:00:00+00:00, run_after=2026-08-07 03:05:00+00:00
[2026-08-07T03:02:58.017+0000] {processor.py:183} INFO - Processing /opt/airflow/dags/json_to_hdfs_dag.py took 0.111 seconds
[2026-08-07T03:03:28.266+0000] {processor.py:161} INFO - Started process (PID=1123) to work on /opt/airflow/dags/json_to_hdfs_dag.py
[2026-08-07T03:03:28.267+0000] {processor.py:830} INFO - Processing file /opt/airflow/dags/json_to_hdfs_dag.py for tasks to queue
[2026-08-07T03:03:28.269+0000] {logging_mixin.py:188} INFO - [2026-08-07T03:03:28.269+0000] {dagbag.py:545} INFO - Filling up the DagBag from /opt/airflow/dags/json_to_hdfs_dag.py
[2026-08-07T03:03:28.285+0000] {processor.py:840} INFO - DAG(s) 'json_batch_to_hdfs' retrieved from /opt/airflow/dags/json_to_hdfs_dag.py
[2026-08-07T03:03:28.315+0000] {logging_mixin.py:188} INFO - [2026-08-07T03:03:28.315+0000] {dag.py:3096} INFO - Sync 1 DAGs
[2026-08-07T03:03:28.338+0000] {logging_mixin.py:188} INFO - [2026-08-07T03:03:28.338+0000] {dag.py:3954} INFO - Setting next_dagrun for json_batch_to_hdfs to 2026-08-07 03:00:00+00:00, run_after=2026-08-07 03:05:00+00:00
[2026-08-07T03:03:28.362+0000] {processor.py:183} INFO - Processing /opt/airflow/dags/json_to_hdfs_dag.py took 0.100 seconds
[2026-08-07T03:03:58.542+0000] {processor.py:161} INFO - Started process (PID=1124) to work on /opt/airflow/dags/json_to_hdfs_dag.py
[2026-08-07T03:03:58.544+0000] {processor.py:830} INFO - Processing file /opt/airflow/dags/json_to_hdfs_dag.py for tasks to queue
[2026-08-07T03:03:58.545+0000] {logging_mixin.py:188} INFO - [2026-08-07T03:03:58.545+0000] {dagbag.py:545} INFO - Filling up the DagBag from /opt/airflow/dags/json_to_hdfs_dag.py
[2026-08-07T03:03:58.564+0000] {processor.py:840} INFO - DAG(s) 'json_batch_to_hdfs' retrieved from /opt/airflow/dags/json_to_hdfs_dag.py
[2026-08-07T03:03:58.595+0000] {logging_mixin.py:188} INFO - [2026-08-07T03:03:58.595+0000] {dag.py:3096} INFO - Sync 1 DAGs
[2026-08-07T03:03:58.622+0000] {logging_mixin.py:188} INFO - [2026-08-07T03:03:58.622+0000] {dag.py:3954} INFO - Setting next_dagrun for json_batch_to_hdfs to 2026-08-07 03:00:00+00:00, run_after=2026-08-07 03:05:00+00:00
[2026-08-07T03:03:58.646+0000] {processor.py:183} INFO - Processing /opt/airflow/dags/json_to_hdfs_dag.py took 0.109 seconds
[2026-08-07T03:04:28.883+0000] {processor.py:161} INFO - Started process (PID=1125) to work on /opt/airflow/dags/json_to_hdfs_dag.py
[2026-08-07T03:04:28.885+0000] {processor.py:830} INFO - Processing file /opt/airflow/dags/json_to_hdfs_dag.py for tasks to queue
[2026-08-07T03:04:28.886+0000] {logging_mixin.py:188} INFO - [2026-08-07T03:04:28.886+0000] {dagbag.py:545} INFO - Filling up the DagBag from /opt/airflow/dags/json_to_hdfs_dag.py
[2026-08-07T03:04:28.907+0000] {processor.py:840} INFO - DAG(s) 'json_batch_to_hdfs' retrieved from /opt/airflow/dags/json_to_hdfs_dag.py
[2026-08-07T03:04:28.939+0000] {logging_mixin.py:188} INFO - [2026-08-07T03:04:28.939+0000] {dag.py:3096} INFO - Sync 1 DAGs
[2026-08-07T03:04:28.965+0000] {logging_mixin.py:188} INFO - [2026-08-07T03:04:28.964+0000] {dag.py:3954} INFO - Setting next_dagrun for json_batch_to_hdfs to 2026-08-07 03:00:00+00:00, run_after=2026-08-07 03:05:00+00:00
[2026-08-07T03:04:29.000+0000] {processor.py:183} INFO - Processing /opt/airflow/dags/json_to_hdfs_dag.py took 0.123 seconds
[2026-08-07T03:04:59.126+0000] {processor.py:161} INFO - Started process (PID=1126) to work on /opt/airflow/dags/json_to_hdfs_dag.py
[2026-08-07T03:04:59.128+0000] {processor.py:830} INFO - Processing file /opt/airflow/dags/json_to_hdfs_dag.py for tasks to queue
[2026-08-07T03:04:59.130+0000] {logging_mixin.py:188} INFO - [2026-08-07T03:04:59.129+0000] {dagbag.py:545} INFO - Filling up the DagBag from /opt/airflow/dags/json_to_hdfs_dag.py
[2026-08-07T03:04:59.147+0000] {processor.py:840} INFO - DAG(s) 'json_batch_to_hdfs' retrieved from /opt/airflow/dags/json_to_hdfs_dag.py
[2026-08-07T03:04:59.177+0000] {logging_mixin.py:188} INFO - [2026-08-07T03:04:59.177+0000] {dag.py:3096} INFO - Sync 1 DAGs
[2026-08-07T03:04:59.201+0000] {logging_mixin.py:188} INFO - [2026-08-07T03:04:59.201+0000] {dag.py:3954} INFO - Setting next_dagrun for json_batch_to_hdfs to 2026-08-07 03:00:00+00:00, run_after=2026-08-07 03:05:00+00:00
[2026-08-07T03:04:59.234+0000] {processor.py:183} INFO - Processing /opt/airflow/dags/json_to_hdfs_dag.py took 0.113 seconds
[2026-08-07T03:05:29.546+0000] {processor.py:161} INFO - Started process (PID=1136) to work on /opt/airflow/dags/json_to_hdfs_dag.py
[2026-08-07T03:05:29.547+0000] {processor.py:830} INFO - Processing file /opt/airflow/dags/json_to_hdfs_dag.py for tasks to queue
[2026-08-07T03:05:29.549+0000] {logging_mixin.py:188} INFO - [2026-08-07T03:05:29.548+0000] {dagbag.py:545} INFO - Filling up the DagBag from /opt/airflow/dags/json_to_hdfs_dag.py
[2026-08-07T03:05:29.571+0000] {processor.py:840} INFO - DAG(s) 'json_batch_to_hdfs' retrieved from /opt/airflow/dags/json_to_hdfs_dag.py
[2026-08-07T03:05:29.600+0000] {logging_mixin.py:188} INFO - [2026-08-07T03:05:29.599+0000] {dag.py:3096} INFO - Sync 1 DAGs
[2026-08-07T03:05:29.625+0000] {logging_mixin.py:188} INFO - [2026-08-07T03:05:29.625+0000] {dag.py:3954} INFO - Setting next_dagrun for json_batch_to_hdfs to 2026-08-07 03:05:00+00:00, run_after=2026-08-07 03:10:00+00:00
[2026-08-07T03:05:29.649+0000] {processor.py:183} INFO - Processing /opt/airflow/dags/json_to_hdfs_dag.py took 0.108 seconds
[2026-08-07T03:05:59.836+0000] {processor.py:161} INFO - Started process (PID=1137) to work on /opt/airflow/dags/json_to_hdfs_dag.py
[2026-08-07T03:05:59.839+0000] {processor.py:830} INFO - Processing file /opt/airflow/dags/json_to_hdfs_dag.py for tasks to queue
[2026-08-07T03:05:59.843+0000] {logging_mixin.py:188} INFO - [2026-08-07T03:05:59.842+0000] {dagbag.py:545} INFO - Filling up the DagBag from /opt/airflow/dags/json_to_hdfs_dag.py
[2026-08-07T03:05:59.871+0000] {processor.py:840} INFO - DAG(s) 'json_batch_to_hdfs' retrieved from /opt/airflow/dags/json_to_hdfs_dag.py
[2026-08-07T03:05:59.905+0000] {logging_mixin.py:188} INFO - [2026-08-07T03:05:59.905+0000] {dag.py:3096} INFO - Sync 1 DAGs
[2026-08-07T03:05:59.932+0000] {logging_mixin.py:188} INFO - [2026-08-07T03:05:59.931+0000] {dag.py:3954} INFO - Setting next_dagrun for json_batch_to_hdfs to 2026-08-07 03:05:00+00:00, run_after=2026-08-07 03:10:00+00:00
[2026-08-07T03:05:59.969+0000] {processor.py:183} INFO - Processing /opt/airflow/dags/json_to_hdfs_dag.py took 0.143 seconds
[2026-08-07T03:06:30.161+0000] {processor.py:161} INFO - Started process (PID=1138) to work on /opt/airflow/dags/json_to_hdfs_dag.py
[2026-08-07T03:06:30.163+0000] {processor.py:830} INFO - Processing file /opt/airflow/dags/json_to_hdfs_dag.py for tasks to queue
[2026-08-07T03:06:30.164+0000] {logging_mixin.py:188} INFO - [2026-08-07T03:06:30.164+0000] {dagbag.py:545} INFO - Filling up the DagBag from /opt/airflow/dags/json_to_hdfs_dag.py
[2026-08-07T03:06:30.182+0000] {processor.py:840} INFO - DAG(s) 'json_batch_to_hdfs' retrieved from /opt/airflow/dags/json_to_hdfs_dag.py
[2026-08-07T03:06:30.214+0000] {logging_mixin.py:188} INFO - [2026-08-07T03:06:30.214+0000] {dag.py:3096} INFO - Sync 1 DAGs
[2026-08-07T03:06:30.238+0000] {logging_mixin.py:188} INFO - [2026-08-07T03:06:30.238+0000] {dag.py:3954} INFO - Setting next_dagrun for json_batch_to_hdfs to 2026-08-07 03:05:00+00:00, run_after=2026-08-07 03:10:00+00:00
[2026-08-07T03:06:30.261+0000] {processor.py:183} INFO - Processing /opt/airflow/dags/json_to_hdfs_dag.py took 0.105 seconds
[2026-08-07T03:07:00.472+0000] {processor.py:161} INFO - Started process (PID=1139) to work on /opt/airflow/dags/json_to_hdfs_dag.py
[2026-08-07T03:07:00.473+0000] {processor.py:830} INFO - Processing file /opt/airflow/dags/json_to_hdfs_dag.py for tasks to queue
[2026-08-07T03:07:00.475+0000] {logging_mixin.py:188} INFO - [2026-08-07T03:07:00.474+0000] {dagbag.py:545} INFO - Filling up the DagBag from /opt/airflow/dags/json_to_hdfs_dag.py
[2026-08-07T03:07:00.493+0000] {processor.py:840} INFO - DAG(s) 'json_batch_to_hdfs' retrieved from /opt/airflow/dags/json_to_hdfs_dag.py
[2026-08-07T03:07:00.523+0000] {logging_mixin.py:188} INFO - [2026-08-07T03:07:00.522+0000] {dag.py:3096} INFO - Sync 1 DAGs
[2026-08-07T03:07:00.545+0000] {logging_mixin.py:188} INFO - [2026-08-07T03:07:00.545+0000] {dag.py:3954} INFO - Setting next_dagrun for json_batch_to_hdfs to 2026-08-07 03:05:00+00:00, run_after=2026-08-07 03:10:00+00:00
[2026-08-07T03:07:00.574+0000] {processor.py:183} INFO - Processing /opt/airflow/dags/json_to_hdfs_dag.py took 0.107 seconds
[2026-08-07T03:09:29.388+0000] {processor.py:161} INFO - Started process (PID=1140) to work on /opt/airflow/dags/json_to_hdfs_dag.py
[2026-08-07T03:09:29.390+0000] {processor.py:830} INFO - Processing file /opt/airflow/dags/json_to_hdfs_dag.py for tasks to queue
[2026-08-07T03:09:29.400+0000] {logging_mixin.py:188} INFO - [2026-08-07T03:09:29.399+0000] {dagbag.py:545} INFO - Filling up the DagBag from /opt/airflow/dags/json_to_hdfs_dag.py
[2026-08-07T03:09:29.425+0000] {processor.py:840} INFO - DAG(s) 'json_batch_to_hdfs' retrieved from /opt/airflow/dags/json_to_hdfs_dag.py
[2026-08-07T03:09:29.477+0000] {logging_mixin.py:188} INFO - [2026-08-07T03:09:29.477+0000] {dag.py:3096} INFO - Sync 1 DAGs
[2026-08-07T03:09:29.505+0000] {logging_mixin.py:188} INFO - [2026-08-07T03:09:29.505+0000] {dag.py:3954} INFO - Setting next_dagrun for json_batch_to_hdfs to 2026-08-07 03:05:00+00:00, run_after=2026-08-07 03:10:00+00:00
[2026-08-07T03:09:29.536+0000] {processor.py:183} INFO - Processing /opt/airflow/dags/json_to_hdfs_dag.py took 0.155 seconds
[2026-08-07T03:09:59.598+0000] {processor.py:161} INFO - Started process (PID=1141) to work on /opt/airflow/dags/json_to_hdfs_dag.py
[2026-08-07T03:09:59.600+0000] {processor.py:830} INFO - Processing file /opt/airflow/dags/json_to_hdfs_dag.py for tasks to queue
[2026-08-07T03:09:59.601+0000] {logging_mixin.py:188} INFO - [2026-08-07T03:09:59.601+0000] {dagbag.py:545} INFO - Filling up the DagBag from /opt/airflow/dags/json_to_hdfs_dag.py
[2026-08-07T03:09:59.619+0000] {processor.py:840} INFO - DAG(s) 'json_batch_to_hdfs' retrieved from /opt/airflow/dags/json_to_hdfs_dag.py
[2026-08-07T03:09:59.648+0000] {logging_mixin.py:188} INFO - [2026-08-07T03:09:59.647+0000] {dag.py:3096} INFO - Sync 1 DAGs
[2026-08-07T03:09:59.671+0000] {logging_mixin.py:188} INFO - [2026-08-07T03:09:59.671+0000] {dag.py:3954} INFO - Setting next_dagrun for json_batch_to_hdfs to 2026-08-07 03:05:00+00:00, run_after=2026-08-07 03:10:00+00:00
[2026-08-07T03:09:59.699+0000] {processor.py:183} INFO - Processing /opt/airflow/dags/json_to_hdfs_dag.py took 0.106 seconds
[2026-08-07T03:10:29.860+0000] {processor.py:161} INFO - Started process (PID=1151) to work on /opt/airflow/dags/json_to_hdfs_dag.py
[2026-08-07T03:10:29.863+0000] {processor.py:830} INFO - Processing file /opt/airflow/dags/json_to_hdfs_dag.py for tasks to queue
[2026-08-07T03:10:29.866+0000] {logging_mixin.py:188} INFO - [2026-08-07T03:10:29.865+0000] {dagbag.py:545} INFO - Filling up the DagBag from /opt/airflow/dags/json_to_hdfs_dag.py
[2026-08-07T03:10:29.888+0000] {processor.py:840} INFO - DAG(s) 'json_batch_to_hdfs' retrieved from /opt/airflow/dags/json_to_hdfs_dag.py
[2026-08-07T03:10:29.926+0000] {logging_mixin.py:188} INFO - [2026-08-07T03:10:29.926+0000] {dag.py:3096} INFO - Sync 1 DAGs
[2026-08-07T03:10:29.953+0000] {logging_mixin.py:188} INFO - [2026-08-07T03:10:29.953+0000] {dag.py:3954} INFO - Setting next_dagrun for json_batch_to_hdfs to 2026-08-07 03:10:00+00:00, run_after=2026-08-07 03:15:00+00:00
[2026-08-07T03:10:29.979+0000] {processor.py:183} INFO - Processing /opt/airflow/dags/json_to_hdfs_dag.py took 0.125 seconds
[2026-08-07T03:11:00.186+0000] {processor.py:161} INFO - Started process (PID=1152) to work on /opt/airflow/dags/json_to_hdfs_dag.py
[2026-08-07T03:11:00.189+0000] {processor.py:830} INFO - Processing file /opt/airflow/dags/json_to_hdfs_dag.py for tasks to queue
[2026-08-07T03:11:00.191+0000] {logging_mixin.py:188} INFO - [2026-08-07T03:11:00.190+0000] {dagbag.py:545} INFO - Filling up the DagBag from /opt/airflow/dags/json_to_hdfs_dag.py
[2026-08-07T03:11:00.214+0000] {processor.py:840} INFO - DAG(s) 'json_batch_to_hdfs' retrieved from /opt/airflow/dags/json_to_hdfs_dag.py
[2026-08-07T03:11:00.250+0000] {logging_mixin.py:188} INFO - [2026-08-07T03:11:00.249+0000] {dag.py:3096} INFO - Sync 1 DAGs
[2026-08-07T03:11:00.277+0000] {logging_mixin.py:188} INFO - [2026-08-07T03:11:00.277+0000] {dag.py:3954} INFO - Setting next_dagrun for json_batch_to_hdfs to 2026-08-07 03:10:00+00:00, run_after=2026-08-07 03:15:00+00:00
[2026-08-07T03:11:00.302+0000] {processor.py:183} INFO - Processing /opt/airflow/dags/json_to_hdfs_dag.py took 0.127 seconds
[2026-08-07T03:11:30.517+0000] {processor.py:161} INFO - Started process (PID=1153) to work on /opt/airflow/dags/json_to_hdfs_dag.py
[2026-08-07T03:11:30.518+0000] {processor.py:830} INFO - Processing file /opt/airflow/dags/json_to_hdfs_dag.py for tasks to queue
[2026-08-07T03:11:30.520+0000] {logging_mixin.py:188} INFO - [2026-08-07T03:11:30.519+0000] {dagbag.py:545} INFO - Filling up the DagBag from /opt/airflow/dags/json_to_hdfs_dag.py
[2026-08-07T03:11:30.537+0000] {processor.py:840} INFO - DAG(s) 'json_batch_to_hdfs' retrieved from /opt/airflow/dags/json_to_hdfs_dag.py
[2026-08-07T03:11:30.566+0000] {logging_mixin.py:188} INFO - [2026-08-07T03:11:30.565+0000] {dag.py:3096} INFO - Sync 1 DAGs
[2026-08-07T03:11:30.590+0000] {logging_mixin.py:188} INFO - [2026-08-07T03:11:30.590+0000] {dag.py:3954} INFO - Setting next_dagrun for json_batch_to_hdfs to 2026-08-07 03:10:00+00:00, run_after=2026-08-07 03:15:00+00:00
[2026-08-07T03:11:30.614+0000] {processor.py:183} INFO - Processing /opt/airflow/dags/json_to_hdfs_dag.py took 0.103 seconds
[2026-08-07T03:12:00.751+0000] {processor.py:161} INFO - Started process (PID=1154) to work on /opt/airflow/dags/json_to_hdfs_dag.py
[2026-08-07T03:12:00.754+0000] {processor.py:830} INFO - Processing file /opt/airflow/dags/json_to_hdfs_dag.py for tasks to queue
[2026-08-07T03:12:00.755+0000] {logging_mixin.py:188} INFO - [2026-08-07T03:12:00.755+0000] {dagbag.py:545} INFO - Filling up the DagBag from /opt/airflow/dags/json_to_hdfs_dag.py
[2026-08-07T03:12:00.772+0000] {processor.py:840} INFO - DAG(s) 'json_batch_to_hdfs' retrieved from /opt/airflow/dags/json_to_hdfs_dag.py
[2026-08-07T03:12:00.807+0000] {logging_mixin.py:188} INFO - [2026-08-07T03:12:00.806+0000] {dag.py:3096} INFO - Sync 1 DAGs
[2026-08-07T03:12:00.831+0000] {logging_mixin.py:188} INFO - [2026-08-07T03:12:00.831+0000] {dag.py:3954} INFO - Setting next_dagrun for json_batch_to_hdfs to 2026-08-07 03:10:00+00:00, run_after=2026-08-07 03:15:00+00:00
[2026-08-07T03:12:00.855+0000] {processor.py:183} INFO - Processing /opt/airflow/dags/json_to_hdfs_dag.py took 0.110 seconds
[2026-08-07T03:12:31.085+0000] {processor.py:161} INFO - Started process (PID=1155) to work on /opt/airflow/dags/json_to_hdfs_dag.py
[2026-08-07T03:12:31.087+0000] {processor.py:830} INFO - Processing file /opt/airflow/dags/json_to_hdfs_dag.py for tasks to queue
[2026-08-07T03:12:31.088+0000] {logging_mixin.py:188} INFO - [2026-08-07T03:12:31.088+0000] {dagbag.py:545} INFO - Filling up the DagBag from /opt/airflow/dags/json_to_hdfs_dag.py
[2026-08-07T03:12:31.106+0000] {processor.py:840} INFO - DAG(s) 'json_batch_to_hdfs' retrieved from /opt/airflow/dags/json_to_hdfs_dag.py
[2026-08-07T03:12:31.135+0000] {logging_mixin.py:188} INFO - [2026-08-07T03:12:31.134+0000] {dag.py:3096} INFO - Sync 1 DAGs
[2026-08-07T03:12:31.158+0000] {logging_mixin.py:188} INFO - [2026-08-07T03:12:31.158+0000] {dag.py:3954} INFO - Setting next_dagrun for json_batch_to_hdfs to 2026-08-07 03:10:00+00:00, run_after=2026-08-07 03:15:00+00:00
[2026-08-07T03:12:31.181+0000] {processor.py:183} INFO - Processing /opt/airflow/dags/json_to_hdfs_dag.py took 0.102 seconds
[2026-08-07T03:13:01.332+0000] {processor.py:161} INFO - Started process (PID=1156) to work on /opt/airflow/dags/json_to_hdfs_dag.py
[2026-08-07T03:13:01.333+0000] {processor.py:830} INFO - Processing file /opt/airflow/dags/json_to_hdfs_dag.py for tasks to queue
[2026-08-07T03:13:01.335+0000] {logging_mixin.py:188} INFO - [2026-08-07T03:13:01.334+0000] {dagbag.py:545} INFO - Filling up the DagBag from /opt/airflow/dags/json_to_hdfs_dag.py
[2026-08-07T03:13:01.356+0000] {processor.py:840} INFO - DAG(s) 'json_batch_to_hdfs' retrieved from /opt/airflow/dags/json_to_hdfs_dag.py
[2026-08-07T03:13:01.388+0000] {logging_mixin.py:188} INFO - [2026-08-07T03:13:01.388+0000] {dag.py:3096} INFO - Sync 1 DAGs
[2026-08-07T03:13:01.414+0000] {logging_mixin.py:188} INFO - [2026-08-07T03:13:01.414+0000] {dag.py:3954} INFO - Setting next_dagrun for json_batch_to_hdfs to 2026-08-07 03:10:00+00:00, run_after=2026-08-07 03:15:00+00:00
[2026-08-07T03:13:01.440+0000] {processor.py:183} INFO - Processing /opt/airflow/dags/json_to_hdfs_dag.py took 0.113 seconds
[2026-08-07T03:13:31.613+0000] {processor.py:161} INFO - Started process (PID=1157) to work on /opt/airflow/dags/json_to_hdfs_dag.py
[2026-08-07T03:13:31.615+0000] {processor.py:830} INFO - Processing file /opt/airflow/dags/json_to_hdfs_dag.py for tasks to queue
[2026-08-07T03:13:31.616+0000] {logging_mixin.py:188} INFO - [2026-08-07T03:13:31.616+0000] {dagbag.py:545} INFO - Filling up the DagBag from /opt/airflow/dags/json_to_hdfs_dag.py
[2026-08-07T03:13:31.634+0000] {processor.py:840} INFO - DAG(s) 'json_batch_to_hdfs' retrieved from /opt/airflow/dags/json_to_hdfs_dag.py
[2026-08-07T03:13:31.665+0000] {logging_mixin.py:188} INFO - [2026-08-07T03:13:31.665+0000] {dag.py:3096} INFO - Sync 1 DAGs
[2026-08-07T03:13:31.690+0000] {logging_mixin.py:188} INFO - [2026-08-07T03:13:31.689+0000] {dag.py:3954} INFO - Setting next_dagrun for json_batch_to_hdfs to 2026-08-07 03:10:00+00:00, run_after=2026-08-07 03:15:00+00:00
[2026-08-07T03:13:31.727+0000] {processor.py:183} INFO - Processing /opt/airflow/dags/json_to_hdfs_dag.py took 0.118 seconds
[2026-08-07T03:14:01.903+0000] {processor.py:161} INFO - Started process (PID=1158) to work on /opt/airflow/dags/json_to_hdfs_dag.py
[2026-08-07T03:14:01.905+0000] {processor.py:830} INFO - Processing file /opt/airflow/dags/json_to_hdfs_dag.py for tasks to queue
[2026-08-07T03:14:01.906+0000] {logging_mixin.py:188} INFO - [2026-08-07T03:14:01.906+0000] {dagbag.py:545} INFO - Filling up the DagBag from /opt/airflow/dags/json_to_hdfs_dag.py
[2026-08-07T03:14:01.928+0000] {processor.py:840} INFO - DAG(s) 'json_batch_to_hdfs' retrieved from /opt/airflow/dags/json_to_hdfs_dag.py
[2026-08-07T03:14:01.968+0000] {logging_mixin.py:188} INFO - [2026-08-07T03:14:01.968+0000] {dag.py:3096} INFO - Sync 1 DAGs
[2026-08-07T03:14:02.003+0000] {logging_mixin.py:188} INFO - [2026-08-07T03:14:02.003+0000] {dag.py:3954} INFO - Setting next_dagrun for json_batch_to_hdfs to 2026-08-07 03:10:00+00:00, run_after=2026-08-07 03:15:00+00:00
[2026-08-07T03:14:02.034+0000] {processor.py:183} INFO - Processing /opt/airflow/dags/json_to_hdfs_dag.py took 0.137 seconds
[2026-08-07T03:14:32.319+0000] {processor.py:161} INFO - Started process (PID=1159) to work on /opt/airflow/dags/json_to_hdfs_dag.py
[2026-08-07T03:14:32.321+0000] {processor.py:830} INFO - Processing file /opt/airflow/dags/json_to_hdfs_dag.py for tasks to queue
[2026-08-07T03:14:32.323+0000] {logging_mixin.py:188} INFO - [2026-08-07T03:14:32.322+0000] {dagbag.py:545} INFO - Filling up the DagBag from /opt/airflow/dags/json_to_hdfs_dag.py
[2026-08-07T03:14:32.365+0000] {processor.py:840} INFO - DAG(s) 'json_batch_to_hdfs' retrieved from /opt/airflow/dags/json_to_hdfs_dag.py
[2026-08-07T03:14:32.404+0000] {logging_mixin.py:188} INFO - [2026-08-07T03:14:32.403+0000] {dag.py:3096} INFO - Sync 1 DAGs
[2026-08-07T03:14:32.433+0000] {logging_mixin.py:188} INFO - [2026-08-07T03:14:32.433+0000] {dag.py:3954} INFO - Setting next_dagrun for json_batch_to_hdfs to 2026-08-07 03:10:00+00:00, run_after=2026-08-07 03:15:00+00:00
[2026-08-07T03:14:32.463+0000] {processor.py:183} INFO - Processing /opt/airflow/dags/json_to_hdfs_dag.py took 0.165 seconds
[2026-08-07T03:15:02.515+0000] {processor.py:161} INFO - Started process (PID=1169) to work on /opt/airflow/dags/json_to_hdfs_dag.py
[2026-08-07T03:15:02.519+0000] {processor.py:830} INFO - Processing file /opt/airflow/dags/json_to_hdfs_dag.py for tasks to queue
[2026-08-07T03:15:02.523+0000] {logging_mixin.py:188} INFO - [2026-08-07T03:15:02.522+0000] {dagbag.py:545} INFO - Filling up the DagBag from /opt/airflow/dags/json_to_hdfs_dag.py
[2026-08-07T03:15:02.550+0000] {processor.py:840} INFO - DAG(s) 'json_batch_to_hdfs' retrieved from /opt/airflow/dags/json_to_hdfs_dag.py
[2026-08-07T03:15:02.599+0000] {logging_mixin.py:188} INFO - [2026-08-07T03:15:02.598+0000] {dag.py:3096} INFO - Sync 1 DAGs
[2026-08-07T03:15:02.678+0000] {processor.py:183} INFO - Processing /opt/airflow/dags/json_to_hdfs_dag.py took 0.172 seconds
[2026-08-07T03:15:32.920+0000] {processor.py:161} INFO - Started process (PID=1170) to work on /opt/airflow/dags/json_to_hdfs_dag.py
[2026-08-07T03:15:32.921+0000] {processor.py:830} INFO - Processing file /opt/airflow/dags/json_to_hdfs_dag.py for tasks to queue
[2026-08-07T03:15:32.924+0000] {logging_mixin.py:188} INFO - [2026-08-07T03:15:32.923+0000] {dagbag.py:545} INFO - Filling up the DagBag from /opt/airflow/dags/json_to_hdfs_dag.py
[2026-08-07T03:15:32.942+0000] {processor.py:840} INFO - DAG(s) 'json_batch_to_hdfs' retrieved from /opt/airflow/dags/json_to_hdfs_dag.py
[2026-08-07T03:15:32.975+0000] {logging_mixin.py:188} INFO - [2026-08-07T03:15:32.974+0000] {dag.py:3096} INFO - Sync 1 DAGs
[2026-08-07T03:15:33.000+0000] {logging_mixin.py:188} INFO - [2026-08-07T03:15:33.000+0000] {dag.py:3954} INFO - Setting next_dagrun for json_batch_to_hdfs to 2026-08-07 03:15:00+00:00, run_after=2026-08-07 03:20:00+00:00
[2026-08-07T03:15:33.025+0000] {processor.py:183} INFO - Processing /opt/airflow/dags/json_to_hdfs_dag.py took 0.111 seconds
[2026-08-07T03:16:03.219+0000] {processor.py:161} INFO - Started process (PID=1171) to work on /opt/airflow/dags/json_to_hdfs_dag.py
[2026-08-07T03:16:03.221+0000] {processor.py:830} INFO - Processing file /opt/airflow/dags/json_to_hdfs_dag.py for tasks to queue
[2026-08-07T03:16:03.223+0000] {logging_mixin.py:188} INFO - [2026-08-07T03:16:03.222+0000] {dagbag.py:545} INFO - Filling up the DagBag from /opt/airflow/dags/json_to_hdfs_dag.py
[2026-08-07T03:16:03.241+0000] {processor.py:840} INFO - DAG(s) 'json_batch_to_hdfs' retrieved from /opt/airflow/dags/json_to_hdfs_dag.py
[2026-08-07T03:16:03.271+0000] {logging_mixin.py:188} INFO - [2026-08-07T03:16:03.270+0000] {dag.py:3096} INFO - Sync 1 DAGs
[2026-08-07T03:16:03.295+0000] {logging_mixin.py:188} INFO - [2026-08-07T03:16:03.295+0000] {dag.py:3954} INFO - Setting next_dagrun for json_batch_to_hdfs to 2026-08-07 03:15:00+00:00, run_after=2026-08-07 03:20:00+00:00
[2026-08-07T03:16:03.319+0000] {processor.py:183} INFO - Processing /opt/airflow/dags/json_to_hdfs_dag.py took 0.106 seconds
[2026-08-07T03:16:33.480+0000] {processor.py:161} INFO - Started process (PID=1172) to work on /opt/airflow/dags/json_to_hdfs_dag.py
[2026-08-07T03:16:33.481+0000] {processor.py:830} INFO - Processing file /opt/airflow/dags/json_to_hdfs_dag.py for tasks to queue
[2026-08-07T03:16:33.482+0000] {logging_mixin.py:188} INFO - [2026-08-07T03:16:33.482+0000] {dagbag.py:545} INFO - Filling up the DagBag from /opt/airflow/dags/json_to_hdfs_dag.py
[2026-08-07T03:16:33.503+0000] {processor.py:840} INFO - DAG(s) 'json_batch_to_hdfs' retrieved from /opt/airflow/dags/json_to_hdfs_dag.py
[2026-08-07T03:16:33.539+0000] {logging_mixin.py:188} INFO - [2026-08-07T03:16:33.538+0000] {dag.py:3096} INFO - Sync 1 DAGs
[2026-08-07T03:16:33.569+0000] {logging_mixin.py:188} INFO - [2026-08-07T03:16:33.569+0000] {dag.py:3954} INFO - Setting next_dagrun for json_batch_to_hdfs to 2026-08-07 03:15:00+00:00, run_after=2026-08-07 03:20:00+00:00
[2026-08-07T03:16:33.598+0000] {processor.py:183} INFO - Processing /opt/airflow/dags/json_to_hdfs_dag.py took 0.124 seconds
[2026-08-07T03:17:03.770+0000] {processor.py:161} INFO - Started process (PID=1173) to work on /opt/airflow/dags/json_to_hdfs_dag.py
[2026-08-07T03:17:03.771+0000] {processor.py:830} INFO - Processing file /opt/airflow/dags/json_to_hdfs_dag.py for tasks to queue
[2026-08-07T03:17:03.773+0000] {logging_mixin.py:188} INFO - [2026-08-07T03:17:03.773+0000] {dagbag.py:545} INFO - Filling up the DagBag from /opt/airflow/dags/json_to_hdfs_dag.py
[2026-08-07T03:17:03.796+0000] {processor.py:840} INFO - DAG(s) 'json_batch_to_hdfs' retrieved from /opt/airflow/dags/json_to_hdfs_dag.py
[2026-08-07T03:17:03.825+0000] {logging_mixin.py:188} INFO - [2026-08-07T03:17:03.825+0000] {dag.py:3096} INFO - Sync 1 DAGs
[2026-08-07T03:17:03.860+0000] {logging_mixin.py:188} INFO - [2026-08-07T03:17:03.859+0000] {dag.py:3954} INFO - Setting next_dagrun for json_batch_to_hdfs to 2026-08-07 03:15:00+00:00, run_after=2026-08-07 03:20:00+00:00
[2026-08-07T03:17:03.898+0000] {processor.py:183} INFO - Processing /opt/airflow/dags/json_to_hdfs_dag.py took 0.135 seconds
[2026-08-07T03:17:34.028+0000] {processor.py:161} INFO - Started process (PID=1174) to work on /opt/airflow/dags/json_to_hdfs_dag.py
[2026-08-07T03:17:34.030+0000] {processor.py:830} INFO - Processing file /opt/airflow/dags/json_to_hdfs_dag.py for tasks to queue
[2026-08-07T03:17:34.032+0000] {logging_mixin.py:188} INFO - [2026-08-07T03:17:34.031+0000] {dagbag.py:545} INFO - Filling up the DagBag from /opt/airflow/dags/json_to_hdfs_dag.py
[2026-08-07T03:17:34.052+0000] {processor.py:840} INFO - DAG(s) 'json_batch_to_hdfs' retrieved from /opt/airflow/dags/json_to_hdfs_dag.py
[2026-08-07T03:17:34.090+0000] {logging_mixin.py:188} INFO - [2026-08-07T03:17:34.089+0000] {dag.py:3096} INFO - Sync 1 DAGs
[2026-08-07T03:17:34.119+0000] {logging_mixin.py:188} INFO - [2026-08-07T03:17:34.119+0000] {dag.py:3954} INFO - Setting next_dagrun for json_batch_to_hdfs to 2026-08-07 03:15:00+00:00, run_after=2026-08-07 03:20:00+00:00
[2026-08-07T03:17:34.143+0000] {processor.py:183} INFO - Processing /opt/airflow/dags/json_to_hdfs_dag.py took 0.123 seconds
[2026-08-07T03:18:04.305+0000] {processor.py:161} INFO - Started process (PID=1175) to work on /opt/airflow/dags/json_to_hdfs_dag.py
[2026-08-07T03:18:04.306+0000] {processor.py:830} INFO - Processing file /opt/airflow/dags/json_to_hdfs_dag.py for tasks to queue
[2026-08-07T03:18:04.308+0000] {logging_mixin.py:188} INFO - [2026-08-07T03:18:04.307+0000] {dagbag.py:545} INFO - Filling up the DagBag from /opt/airflow/dags/json_to_hdfs_dag.py
[2026-08-07T03:18:04.326+0000] {processor.py:840} INFO - DAG(s) 'json_batch_to_hdfs' retrieved from /opt/airflow/dags/json_to_hdfs_dag.py
[2026-08-07T03:18:04.358+0000] {logging_mixin.py:188} INFO - [2026-08-07T03:18:04.358+0000] {dag.py:3096} INFO - Sync 1 DAGs
[2026-08-07T03:18:04.383+0000] {logging_mixin.py:188} INFO - [2026-08-07T03:18:04.383+0000] {dag.py:3954} INFO - Setting next_dagrun for json_batch_to_hdfs to 2026-08-07 03:15:00+00:00, run_after=2026-08-07 03:20:00+00:00
[2026-08-07T03:18:04.415+0000] {processor.py:183} INFO - Processing /opt/airflow/dags/json_to_hdfs_dag.py took 0.115 seconds
[2026-08-07T03:18:34.576+0000] {processor.py:161} INFO - Started process (PID=1176) to work on /opt/airflow/dags/json_to_hdfs_dag.py
[2026-08-07T03:18:34.578+0000] {processor.py:830} INFO - Processing file /opt/airflow/dags/json_to_hdfs_dag.py for tasks to queue
[2026-08-07T03:18:34.580+0000] {logging_mixin.py:188} INFO - [2026-08-07T03:18:34.579+0000] {dagbag.py:545} INFO - Filling up the DagBag from /opt/airflow/dags/json_to_hdfs_dag.py
[2026-08-07T03:18:34.597+0000] {processor.py:840} INFO - DAG(s) 'json_batch_to_hdfs' retrieved from /opt/airflow/dags/json_to_hdfs_dag.py
[2026-08-07T03:18:34.629+0000] {logging_mixin.py:188} INFO - [2026-08-07T03:18:34.628+0000] {dag.py:3096} INFO - Sync 1 DAGs
[2026-08-07T03:18:34.655+0000] {logging_mixin.py:188} INFO - [2026-08-07T03:18:34.654+0000] {dag.py:3954} INFO - Setting next_dagrun for json_batch_to_hdfs to 2026-08-07 03:15:00+00:00, run_after=2026-08-07 03:20:00+00:00
[2026-08-07T03:18:34.680+0000] {processor.py:183} INFO - Processing /opt/airflow/dags/json_to_hdfs_dag.py took 0.111 seconds
[2026-08-07T03:19:04.853+0000] {processor.py:161} INFO - Started process (PID=1177) to work on /opt/airflow/dags/json_to_hdfs_dag.py
[2026-08-07T03:19:04.855+0000] {processor.py:830} INFO - Processing file /opt/airflow/dags/json_to_hdfs_dag.py for tasks to queue
[2026-08-07T03:19:04.857+0000] {logging_mixin.py:188} INFO - [2026-08-07T03:19:04.856+0000] {dagbag.py:545} INFO - Filling up the DagBag from /opt/airflow/dags/json_to_hdfs_dag.py
[2026-08-07T03:19:04.877+0000] {processor.py:840} INFO - DAG(s) 'json_batch_to_hdfs' retrieved from /opt/airflow/dags/json_to_hdfs_dag.py
[2026-08-07T03:19:04.906+0000] {logging_mixin.py:188} INFO - [2026-08-07T03:19:04.906+0000] {dag.py:3096} INFO - Sync 1 DAGs
[2026-08-07T03:19:04.935+0000] {logging_mixin.py:188} INFO - [2026-08-07T03:19:04.934+0000] {dag.py:3954} INFO - Setting next_dagrun for json_batch_to_hdfs to 2026-08-07 03:15:00+00:00, run_after=2026-08-07 03:20:00+00:00
[2026-08-07T03:19:05.002+0000] {processor.py:183} INFO - Processing /opt/airflow/dags/json_to_hdfs_dag.py took 0.154 seconds
[2026-08-07T03:19:35.087+0000] {processor.py:161} INFO - Started process (PID=1178) to work on /opt/airflow/dags/json_to_hdfs_dag.py
[2026-08-07T03:19:35.089+0000] {processor.py:830} INFO - Processing file /opt/airflow/dags/json_to_hdfs_dag.py for tasks to queue
[2026-08-07T03:19:35.091+0000] {logging_mixin.py:188} INFO - [2026-08-07T03:19:35.090+0000] {dagbag.py:545} INFO - Filling up the DagBag from /opt/airflow/dags/json_to_hdfs_dag.py
[2026-08-07T03:19:35.110+0000] {processor.py:840} INFO - DAG(s) 'json_batch_to_hdfs' retrieved from /opt/airflow/dags/json_to_hdfs_dag.py
[2026-08-07T03:19:35.144+0000] {logging_mixin.py:188} INFO - [2026-08-07T03:19:35.143+0000] {dag.py:3096} INFO - Sync 1 DAGs
[2026-08-07T03:19:35.169+0000] {logging_mixin.py:188} INFO - [2026-08-07T03:19:35.169+0000] {dag.py:3954} INFO - Setting next_dagrun for json_batch_to_hdfs to 2026-08-07 03:15:00+00:00, run_after=2026-08-07 03:20:00+00:00
[2026-08-07T03:19:35.194+0000] {processor.py:183} INFO - Processing /opt/airflow/dags/json_to_hdfs_dag.py took 0.116 seconds
[2026-08-07T03:20:05.471+0000] {processor.py:161} INFO - Started process (PID=1188) to work on /opt/airflow/dags/json_to_hdfs_dag.py
[2026-08-07T03:20:05.475+0000] {processor.py:830} INFO - Processing file /opt/airflow/dags/json_to_hdfs_dag.py for tasks to queue
[2026-08-07T03:20:05.478+0000] {logging_mixin.py:188} INFO - [2026-08-07T03:20:05.477+0000] {dagbag.py:545} INFO - Filling up the DagBag from /opt/airflow/dags/json_to_hdfs_dag.py
[2026-08-07T03:20:05.516+0000] {processor.py:840} INFO - DAG(s) 'json_batch_to_hdfs' retrieved from /opt/airflow/dags/json_to_hdfs_dag.py
[2026-08-07T03:20:05.553+0000] {logging_mixin.py:188} INFO - [2026-08-07T03:20:05.552+0000] {dag.py:3096} INFO - Sync 1 DAGs
[2026-08-07T03:20:05.586+0000] {logging_mixin.py:188} INFO - [2026-08-07T03:20:05.586+0000] {dag.py:3954} INFO - Setting next_dagrun for json_batch_to_hdfs to 2026-08-07 03:20:00+00:00, run_after=2026-08-07 03:25:00+00:00
[2026-08-07T03:20:05.613+0000] {processor.py:183} INFO - Processing /opt/airflow/dags/json_to_hdfs_dag.py took 0.149 seconds
[2026-08-07T03:20:35.721+0000] {processor.py:161} INFO - Started process (PID=1189) to work on /opt/airflow/dags/json_to_hdfs_dag.py
[2026-08-07T03:20:35.722+0000] {processor.py:830} INFO - Processing file /opt/airflow/dags/json_to_hdfs_dag.py for tasks to queue
[2026-08-07T03:20:35.723+0000] {logging_mixin.py:188} INFO - [2026-08-07T03:20:35.723+0000] {dagbag.py:545} INFO - Filling up the DagBag from /opt/airflow/dags/json_to_hdfs_dag.py
[2026-08-07T03:20:35.741+0000] {processor.py:840} INFO - DAG(s) 'json_batch_to_hdfs' retrieved from /opt/airflow/dags/json_to_hdfs_dag.py
[2026-08-07T03:20:35.795+0000] {logging_mixin.py:188} INFO - [2026-08-07T03:20:35.795+0000] {dag.py:3096} INFO - Sync 1 DAGs
[2026-08-07T03:20:35.822+0000] {logging_mixin.py:188} INFO - [2026-08-07T03:20:35.822+0000] {dag.py:3954} INFO - Setting next_dagrun for json_batch_to_hdfs to 2026-08-07 03:20:00+00:00, run_after=2026-08-07 03:25:00+00:00
[2026-08-07T03:20:35.845+0000] {processor.py:183} INFO - Processing /opt/airflow/dags/json_to_hdfs_dag.py took 0.129 seconds
[2026-08-07T03:21:06.041+0000] {processor.py:161} INFO - Started process (PID=1190) to work on /opt/airflow/dags/json_to_hdfs_dag.py
[2026-08-07T03:21:06.042+0000] {processor.py:830} INFO - Processing file /opt/airflow/dags/json_to_hdfs_dag.py for tasks to queue
[2026-08-07T03:21:06.044+0000] {logging_mixin.py:188} INFO - [2026-08-07T03:21:06.043+0000] {dagbag.py:545} INFO - Filling up the DagBag from /opt/airflow/dags/json_to_hdfs_dag.py
[2026-08-07T03:21:06.061+0000] {processor.py:840} INFO - DAG(s) 'json_batch_to_hdfs' retrieved from /opt/airflow/dags/json_to_hdfs_dag.py
[2026-08-07T03:21:06.093+0000] {logging_mixin.py:188} INFO - [2026-08-07T03:21:06.092+0000] {dag.py:3096} INFO - Sync 1 DAGs
[2026-08-07T03:21:06.116+0000] {logging_mixin.py:188} INFO - [2026-08-07T03:21:06.115+0000] {dag.py:3954} INFO - Setting next_dagrun for json_batch_to_hdfs to 2026-08-07 03:20:00+00:00, run_after=2026-08-07 03:25:00+00:00
[2026-08-07T03:21:06.137+0000] {processor.py:183} INFO - Processing /opt/airflow/dags/json_to_hdfs_dag.py took 0.103 seconds
[2026-08-07T03:21:36.309+0000] {processor.py:161} INFO - Started process (PID=1191) to work on /opt/airflow/dags/json_to_hdfs_dag.py
[2026-08-07T03:21:36.311+0000] {processor.py:830} INFO - Processing file /opt/airflow/dags/json_to_hdfs_dag.py for tasks to queue
[2026-08-07T03:21:36.313+0000] {logging_mixin.py:188} INFO - [2026-08-07T03:21:36.312+0000] {dagbag.py:545} INFO - Filling up the DagBag from /opt/airflow/dags/json_to_hdfs_dag.py
[2026-08-07T03:21:36.335+0000] {processor.py:840} INFO - DAG(s) 'json_batch_to_hdfs' retrieved from /opt/airflow/dags/json_to_hdfs_dag.py
[2026-08-07T03:21:36.366+0000] {logging_mixin.py:188} INFO - [2026-08-07T03:21:36.366+0000] {dag.py:3096} INFO - Sync 1 DAGs
[2026-08-07T03:21:36.395+0000] {logging_mixin.py:188} INFO - [2026-08-07T03:21:36.394+0000] {dag.py:3954} INFO - Setting next_dagrun for json_batch_to_hdfs to 2026-08-07 03:20:00+00:00, run_after=2026-08-07 03:25:00+00:00
[2026-08-07T03:21:36.418+0000] {processor.py:183} INFO - Processing /opt/airflow/dags/json_to_hdfs_dag.py took 0.115 seconds
[2026-08-07T03:22:06.622+0000] {processor.py:161} INFO - Started process (PID=1192) to work on /opt/airflow/dags/json_to_hdfs_dag.py
[2026-08-07T03:22:06.624+0000] {processor.py:830} INFO - Processing file /opt/airflow/dags/json_to_hdfs_dag.py for tasks to queue
[2026-08-07T03:22:06.626+0000] {logging_mixin.py:188} INFO - [2026-08-07T03:22:06.625+0000] {dagbag.py:545} INFO - Filling up the DagBag from /opt/airflow/dags/json_to_hdfs_dag.py
[2026-08-07T03:22:06.649+0000] {processor.py:840} INFO - DAG(s) 'json_batch_to_hdfs' retrieved from /opt/airflow/dags/json_to_hdfs_dag.py
[2026-08-07T03:22:06.680+0000] {logging_mixin.py:188} INFO - [2026-08-07T03:22:06.680+0000] {dag.py:3096} INFO - Sync 1 DAGs
[2026-08-07T03:22:06.704+0000] {logging_mixin.py:188} INFO - [2026-08-07T03:22:06.704+0000] {dag.py:3954} INFO - Setting next_dagrun for json_batch_to_hdfs to 2026-08-07 03:20:00+00:00, run_after=2026-08-07 03:25:00+00:00
[2026-08-07T03:22:06.730+0000] {processor.py:183} INFO - Processing /opt/airflow/dags/json_to_hdfs_dag.py took 0.113 seconds
[2026-08-07T03:22:36.912+0000] {processor.py:161} INFO - Started process (PID=1193) to work on /opt/airflow/dags/json_to_hdfs_dag.py
[2026-08-07T03:22:36.913+0000] {processor.py:830} INFO - Processing file /opt/airflow/dags/json_to_hdfs_dag.py for tasks to queue
[2026-08-07T03:22:36.915+0000] {logging_mixin.py:188} INFO - [2026-08-07T03:22:36.914+0000] {dagbag.py:545} INFO - Filling up the DagBag from /opt/airflow/dags/json_to_hdfs_dag.py
[2026-08-07T03:22:36.936+0000] {processor.py:840} INFO - DAG(s) 'json_batch_to_hdfs' retrieved from /opt/airflow/dags/json_to_hdfs_dag.py
[2026-08-07T03:22:36.971+0000] {logging_mixin.py:188} INFO - [2026-08-07T03:22:36.970+0000] {dag.py:3096} INFO - Sync 1 DAGs
[2026-08-07T03:22:37.002+0000] {logging_mixin.py:188} INFO - [2026-08-07T03:22:37.002+0000] {dag.py:3954} INFO - Setting next_dagrun for json_batch_to_hdfs to 2026-08-07 03:20:00+00:00, run_after=2026-08-07 03:25:00+00:00
[2026-08-07T03:22:37.025+0000] {processor.py:183} INFO - Processing /opt/airflow/dags/json_to_hdfs_dag.py took 0.119 seconds
[2026-08-07T03:23:07.245+0000] {processor.py:161} INFO - Started process (PID=1194) to work on /opt/airflow/dags/json_to_hdfs_dag.py
[2026-08-07T03:23:07.247+0000] {processor.py:830} INFO - Processing file /opt/airflow/dags/json_to_hdfs_dag.py for tasks to queue
[2026-08-07T03:23:07.248+0000] {logging_mixin.py:188} INFO - [2026-08-07T03:23:07.248+0000] {dagbag.py:545} INFO - Filling up the DagBag from /opt/airflow/dags/json_to_hdfs_dag.py
[2026-08-07T03:23:07.267+0000] {processor.py:840} INFO - DAG(s) 'json_batch_to_hdfs' retrieved from /opt/airflow/dags/json_to_hdfs_dag.py
[2026-08-07T03:23:07.297+0000] {logging_mixin.py:188} INFO - [2026-08-07T03:23:07.297+0000] {dag.py:3096} INFO - Sync 1 DAGs
[2026-08-07T03:23:07.321+0000] {logging_mixin.py:188} INFO - [2026-08-07T03:23:07.321+0000] {dag.py:3954} INFO - Setting next_dagrun for json_batch_to_hdfs to 2026-08-07 03:20:00+00:00, run_after=2026-08-07 03:25:00+00:00
[2026-08-07T03:23:07.351+0000] {processor.py:183} INFO - Processing /opt/airflow/dags/json_to_hdfs_dag.py took 0.111 seconds
[2026-08-07T03:23:37.507+0000] {processor.py:161} INFO - Started process (PID=1195) to work on /opt/airflow/dags/json_to_hdfs_dag.py
[2026-08-07T03:23:37.509+0000] {processor.py:830} INFO - Processing file /opt/airflow/dags/json_to_hdfs_dag.py for tasks to queue
[2026-08-07T03:23:37.511+0000] {logging_mixin.py:188} INFO - [2026-08-07T03:23:37.510+0000] {dagbag.py:545} INFO - Filling up the DagBag from /opt/airflow/dags/json_to_hdfs_dag.py
[2026-08-07T03:23:37.529+0000] {processor.py:840} INFO - DAG(s) 'json_batch_to_hdfs' retrieved from /opt/airflow/dags/json_to_hdfs_dag.py
[2026-08-07T03:23:37.560+0000] {logging_mixin.py:188} INFO - [2026-08-07T03:23:37.560+0000] {dag.py:3096} INFO - Sync 1 DAGs
[2026-08-07T03:23:37.586+0000] {logging_mixin.py:188} INFO - [2026-08-07T03:23:37.586+0000] {dag.py:3954} INFO - Setting next_dagrun for json_batch_to_hdfs to 2026-08-07 03:20:00+00:00, run_after=2026-08-07 03:25:00+00:00
[2026-08-07T03:23:37.626+0000] {processor.py:183} INFO - Processing /opt/airflow/dags/json_to_hdfs_dag.py took 0.124 seconds
[2026-08-07T03:24:07.823+0000] {processor.py:161} INFO - Started process (PID=1196) to work on /opt/airflow/dags/json_to_hdfs_dag.py
[2026-08-07T03:24:07.824+0000] {processor.py:830} INFO - Processing file /opt/airflow/dags/json_to_hdfs_dag.py for tasks to queue
[2026-08-07T03:24:07.826+0000] {logging_mixin.py:188} INFO - [2026-08-07T03:24:07.826+0000] {dagbag.py:545} INFO - Filling up the DagBag from /opt/airflow/dags/json_to_hdfs_dag.py
[2026-08-07T03:24:07.843+0000] {processor.py:840} INFO - DAG(s) 'json_batch_to_hdfs' retrieved from /opt/airflow/dags/json_to_hdfs_dag.py
[2026-08-07T03:24:07.873+0000] {logging_mixin.py:188} INFO - [2026-08-07T03:24:07.873+0000] {dag.py:3096} INFO - Sync 1 DAGs
[2026-08-07T03:24:07.900+0000] {logging_mixin.py:188} INFO - [2026-08-07T03:24:07.900+0000] {dag.py:3954} INFO - Setting next_dagrun for json_batch_to_hdfs to 2026-08-07 03:20:00+00:00, run_after=2026-08-07 03:25:00+00:00
[2026-08-07T03:24:07.925+0000] {processor.py:183} INFO - Processing /opt/airflow/dags/json_to_hdfs_dag.py took 0.107 seconds
[2026-08-07T03:24:38.138+0000] {processor.py:161} INFO - Started process (PID=1197) to work on /opt/airflow/dags/json_to_hdfs_dag.py
[2026-08-07T03:24:38.140+0000] {processor.py:830} INFO - Processing file /opt/airflow/dags/json_to_hdfs_dag.py for tasks to queue
[2026-08-07T03:24:38.141+0000] {logging_mixin.py:188} INFO - [2026-08-07T03:24:38.141+0000] {dagbag.py:545} INFO - Filling up the DagBag from /opt/airflow/dags/json_to_hdfs_dag.py
[2026-08-07T03:24:38.160+0000] {processor.py:840} INFO - DAG(s) 'json_batch_to_hdfs' retrieved from /opt/airflow/dags/json_to_hdfs_dag.py
[2026-08-07T03:24:38.190+0000] {logging_mixin.py:188} INFO - [2026-08-07T03:24:38.190+0000] {dag.py:3096} INFO - Sync 1 DAGs
[2026-08-07T03:24:38.216+0000] {logging_mixin.py:188} INFO - [2026-08-07T03:24:38.216+0000] {dag.py:3954} INFO - Setting next_dagrun for json_batch_to_hdfs to 2026-08-07 03:20:00+00:00, run_after=2026-08-07 03:25:00+00:00
[2026-08-07T03:24:38.238+0000] {processor.py:183} INFO - Processing /opt/airflow/dags/json_to_hdfs_dag.py took 0.106 seconds
[2026-08-07T03:25:08.447+0000] {processor.py:161} INFO - Started process (PID=1207) to work on /opt/airflow/dags/json_to_hdfs_dag.py
[2026-08-07T03:25:08.449+0000] {processor.py:830} INFO - Processing file /opt/airflow/dags/json_to_hdfs_dag.py for tasks to queue
[2026-08-07T03:25:08.450+0000] {logging_mixin.py:188} INFO - [2026-08-07T03:25:08.450+0000] {dagbag.py:545} INFO - Filling up the DagBag from /opt/airflow/dags/json_to_hdfs_dag.py
[2026-08-07T03:25:08.467+0000] {processor.py:840} INFO - DAG(s) 'json_batch_to_hdfs' retrieved from /opt/airflow/dags/json_to_hdfs_dag.py
[2026-08-07T03:25:08.493+0000] {logging_mixin.py:188} INFO - [2026-08-07T03:25:08.493+0000] {dag.py:3096} INFO - Sync 1 DAGs
[2026-08-07T03:25:08.517+0000] {logging_mixin.py:188} INFO - [2026-08-07T03:25:08.517+0000] {dag.py:3954} INFO - Setting next_dagrun for json_batch_to_hdfs to 2026-08-07 03:25:00+00:00, run_after=2026-08-07 03:30:00+00:00
[2026-08-07T03:25:08.552+0000] {processor.py:183} INFO - Processing /opt/airflow/dags/json_to_hdfs_dag.py took 0.110 seconds
[2026-08-07T03:25:38.685+0000] {processor.py:161} INFO - Started process (PID=1208) to work on /opt/airflow/dags/json_to_hdfs_dag.py
[2026-08-07T03:25:38.686+0000] {processor.py:830} INFO - Processing file /opt/airflow/dags/json_to_hdfs_dag.py for tasks to queue
[2026-08-07T03:25:38.688+0000] {logging_mixin.py:188} INFO - [2026-08-07T03:25:38.687+0000] {dagbag.py:545} INFO - Filling up the DagBag from /opt/airflow/dags/json_to_hdfs_dag.py
[2026-08-07T03:25:38.706+0000] {processor.py:840} INFO - DAG(s) 'json_batch_to_hdfs' retrieved from /opt/airflow/dags/json_to_hdfs_dag.py
[2026-08-07T03:25:38.737+0000] {logging_mixin.py:188} INFO - [2026-08-07T03:25:38.737+0000] {dag.py:3096} INFO - Sync 1 DAGs
[2026-08-07T03:25:38.764+0000] {logging_mixin.py:188} INFO - [2026-08-07T03:25:38.764+0000] {dag.py:3954} INFO - Setting next_dagrun for json_batch_to_hdfs to 2026-08-07 03:25:00+00:00, run_after=2026-08-07 03:30:00+00:00
[2026-08-07T03:25:38.788+0000] {processor.py:183} INFO - Processing /opt/airflow/dags/json_to_hdfs_dag.py took 0.109 seconds
[2026-08-07T03:26:09.019+0000] {processor.py:161} INFO - Started process (PID=1209) to work on /opt/airflow/dags/json_to_hdfs_dag.py
[2026-08-07T03:26:09.022+0000] {processor.py:830} INFO - Processing file /opt/airflow/dags/json_to_hdfs_dag.py for tasks to queue
[2026-08-07T03:26:09.025+0000] {logging_mixin.py:188} INFO - [2026-08-07T03:26:09.024+0000] {dagbag.py:545} INFO - Filling up the DagBag from /opt/airflow/dags/json_to_hdfs_dag.py
[2026-08-07T03:26:09.055+0000] {processor.py:840} INFO - DAG(s) 'json_batch_to_hdfs' retrieved from /opt/airflow/dags/json_to_hdfs_dag.py
[2026-08-07T03:26:09.095+0000] {logging_mixin.py:188} INFO - [2026-08-07T03:26:09.095+0000] {dag.py:3096} INFO - Sync 1 DAGs
[2026-08-07T03:26:09.136+0000] {logging_mixin.py:188} INFO - [2026-08-07T03:26:09.135+0000] {dag.py:3954} INFO - Setting next_dagrun for json_batch_to_hdfs to 2026-08-07 03:25:00+00:00, run_after=2026-08-07 03:30:00+00:00
[2026-08-07T03:26:09.175+0000] {processor.py:183} INFO - Processing /opt/airflow/dags/json_to_hdfs_dag.py took 0.169 seconds
[2026-08-07T03:26:39.318+0000] {processor.py:161} INFO - Started process (PID=1210) to work on /opt/airflow/dags/json_to_hdfs_dag.py
[2026-08-07T03:26:39.321+0000] {processor.py:830} INFO - Processing file /opt/airflow/dags/json_to_hdfs_dag.py for tasks to queue
[2026-08-07T03:26:39.326+0000] {logging_mixin.py:188} INFO - [2026-08-07T03:26:39.325+0000] {dagbag.py:545} INFO - Filling up the DagBag from /opt/airflow/dags/json_to_hdfs_dag.py
[2026-08-07T03:26:39.365+0000] {processor.py:840} INFO - DAG(s) 'json_batch_to_hdfs' retrieved from /opt/airflow/dags/json_to_hdfs_dag.py
[2026-08-07T03:26:39.418+0000] {logging_mixin.py:188} INFO - [2026-08-07T03:26:39.418+0000] {dag.py:3096} INFO - Sync 1 DAGs
[2026-08-07T03:26:39.472+0000] {logging_mixin.py:188} INFO - [2026-08-07T03:26:39.470+0000] {dag.py:3954} INFO - Setting next_dagrun for json_batch_to_hdfs to 2026-08-07 03:25:00+00:00, run_after=2026-08-07 03:30:00+00:00
[2026-08-07T03:26:39.509+0000] {processor.py:183} INFO - Processing /opt/airflow/dags/json_to_hdfs_dag.py took 0.200 seconds
[2026-08-07T03:27:09.594+0000] {processor.py:161} INFO - Started process (PID=1211) to work on /opt/airflow/dags/json_to_hdfs_dag.py
[2026-08-07T03:27:09.596+0000] {processor.py:830} INFO - Processing file /opt/airflow/dags/json_to_hdfs_dag.py for tasks to queue
[2026-08-07T03:27:09.598+0000] {logging_mixin.py:188} INFO - [2026-08-07T03:27:09.598+0000] {dagbag.py:545} INFO - Filling up the DagBag from /opt/airflow/dags/json_to_hdfs_dag.py
[2026-08-07T03:27:09.626+0000] {processor.py:840} INFO - DAG(s) 'json_batch_to_hdfs' retrieved from /opt/airflow/dags/json_to_hdfs_dag.py
[2026-08-07T03:27:09.662+0000] {logging_mixin.py:188} INFO - [2026-08-07T03:27:09.661+0000] {dag.py:3096} INFO - Sync 1 DAGs
[2026-08-07T03:27:09.688+0000] {logging_mixin.py:188} INFO - [2026-08-07T03:27:09.688+0000] {dag.py:3954} INFO - Setting next_dagrun for json_batch_to_hdfs to 2026-08-07 03:25:00+00:00, run_after=2026-08-07 03:30:00+00:00
[2026-08-07T03:27:09.713+0000] {processor.py:183} INFO - Processing /opt/airflow/dags/json_to_hdfs_dag.py took 0.126 seconds
[2026-08-07T03:27:39.835+0000] {processor.py:161} INFO - Started process (PID=1212) to work on /opt/airflow/dags/json_to_hdfs_dag.py
[2026-08-07T03:27:39.838+0000] {processor.py:830} INFO - Processing file /opt/airflow/dags/json_to_hdfs_dag.py for tasks to queue
[2026-08-07T03:27:39.840+0000] {logging_mixin.py:188} INFO - [2026-08-07T03:27:39.839+0000] {dagbag.py:545} INFO - Filling up the DagBag from /opt/airflow/dags/json_to_hdfs_dag.py
[2026-08-07T03:27:39.862+0000] {processor.py:840} INFO - DAG(s) 'json_batch_to_hdfs' retrieved from /opt/airflow/dags/json_to_hdfs_dag.py
[2026-08-07T03:27:39.909+0000] {logging_mixin.py:188} INFO - [2026-08-07T03:27:39.908+0000] {dag.py:3096} INFO - Sync 1 DAGs
[2026-08-07T03:27:39.951+0000] {logging_mixin.py:188} INFO - [2026-08-07T03:27:39.950+0000] {dag.py:3954} INFO - Setting next_dagrun for json_batch_to_hdfs to 2026-08-07 03:25:00+00:00, run_after=2026-08-07 03:30:00+00:00
[2026-08-07T03:27:39.984+0000] {processor.py:183} INFO - Processing /opt/airflow/dags/json_to_hdfs_dag.py took 0.154 seconds
[2026-08-07T03:28:10.106+0000] {processor.py:161} INFO - Started process (PID=1213) to work on /opt/airflow/dags/json_to_hdfs_dag.py
[2026-08-07T03:28:10.107+0000] {processor.py:830} INFO - Processing file /opt/airflow/dags/json_to_hdfs_dag.py for tasks to queue
[2026-08-07T03:28:10.109+0000] {logging_mixin.py:188} INFO - [2026-08-07T03:28:10.109+0000] {dagbag.py:545} INFO - Filling up the DagBag from /opt/airflow/dags/json_to_hdfs_dag.py
[2026-08-07T03:28:10.128+0000] {processor.py:840} INFO - DAG(s) 'json_batch_to_hdfs' retrieved from /opt/airflow/dags/json_to_hdfs_dag.py
[2026-08-07T03:28:10.159+0000] {logging_mixin.py:188} INFO - [2026-08-07T03:28:10.159+0000] {dag.py:3096} INFO - Sync 1 DAGs
[2026-08-07T03:28:10.186+0000] {logging_mixin.py:188} INFO - [2026-08-07T03:28:10.186+0000] {dag.py:3954} INFO - Setting next_dagrun for json_batch_to_hdfs to 2026-08-07 03:25:00+00:00, run_after=2026-08-07 03:30:00+00:00
[2026-08-07T03:28:10.225+0000] {processor.py:183} INFO - Processing /opt/airflow/dags/json_to_hdfs_dag.py took 0.128 seconds
[2026-08-07T03:28:40.411+0000] {processor.py:161} INFO - Started process (PID=1214) to work on /opt/airflow/dags/json_to_hdfs_dag.py
[2026-08-07T03:28:40.413+0000] {processor.py:830} INFO - Processing file /opt/airflow/dags/json_to_hdfs_dag.py for tasks to queue
[2026-08-07T03:28:40.415+0000] {logging_mixin.py:188} INFO - [2026-08-07T03:28:40.415+0000] {dagbag.py:545} INFO - Filling up the DagBag from /opt/airflow/dags/json_to_hdfs_dag.py
[2026-08-07T03:28:40.444+0000] {processor.py:840} INFO - DAG(s) 'json_batch_to_hdfs' retrieved from /opt/airflow/dags/json_to_hdfs_dag.py
[2026-08-07T03:28:40.489+0000] {logging_mixin.py:188} INFO - [2026-08-07T03:28:40.489+0000] {dag.py:3096} INFO - Sync 1 DAGs
[2026-08-07T03:28:40.532+0000] {logging_mixin.py:188} INFO - [2026-08-07T03:28:40.531+0000] {dag.py:3954} INFO - Setting next_dagrun for json_batch_to_hdfs to 2026-08-07 03:25:00+00:00, run_after=2026-08-07 03:30:00+00:00
[2026-08-07T03:28:40.562+0000] {processor.py:183} INFO - Processing /opt/airflow/dags/json_to_hdfs_dag.py took 0.162 seconds
[2026-08-07T03:29:10.646+0000] {processor.py:161} INFO - Started process (PID=1215) to work on /opt/airflow/dags/json_to_hdfs_dag.py
[2026-08-07T03:29:10.649+0000] {processor.py:830} INFO - Processing file /opt/airflow/dags/json_to_hdfs_dag.py for tasks to queue
[2026-08-07T03:29:10.651+0000] {logging_mixin.py:188} INFO - [2026-08-07T03:29:10.650+0000] {dagbag.py:545} INFO - Filling up the DagBag from /opt/airflow/dags/json_to_hdfs_dag.py
[2026-08-07T03:29:10.677+0000] {processor.py:840} INFO - DAG(s) 'json_batch_to_hdfs' retrieved from /opt/airflow/dags/json_to_hdfs_dag.py
[2026-08-07T03:29:10.717+0000] {logging_mixin.py:188} INFO - [2026-08-07T03:29:10.716+0000] {dag.py:3096} INFO - Sync 1 DAGs
[2026-08-07T03:29:10.755+0000] {logging_mixin.py:188} INFO - [2026-08-07T03:29:10.754+0000] {dag.py:3954} INFO - Setting next_dagrun for json_batch_to_hdfs to 2026-08-07 03:25:00+00:00, run_after=2026-08-07 03:30:00+00:00
[2026-08-07T03:29:10.782+0000] {processor.py:183} INFO - Processing /opt/airflow/dags/json_to_hdfs_dag.py took 0.142 seconds
[2026-08-07T03:29:40.953+0000] {processor.py:161} INFO - Started process (PID=1216) to work on /opt/airflow/dags/json_to_hdfs_dag.py
[2026-08-07T03:29:40.954+0000] {processor.py:830} INFO - Processing file /opt/airflow/dags/json_to_hdfs_dag.py for tasks to queue
[2026-08-07T03:29:40.957+0000] {logging_mixin.py:188} INFO - [2026-08-07T03:29:40.956+0000] {dagbag.py:545} INFO - Filling up the DagBag from /opt/airflow/dags/json_to_hdfs_dag.py
[2026-08-07T03:29:40.974+0000] {processor.py:840} INFO - DAG(s) 'json_batch_to_hdfs' retrieved from /opt/airflow/dags/json_to_hdfs_dag.py
[2026-08-07T03:29:41.004+0000] {logging_mixin.py:188} INFO - [2026-08-07T03:29:41.004+0000] {dag.py:3096} INFO - Sync 1 DAGs
[2026-08-07T03:29:41.031+0000] {logging_mixin.py:188} INFO - [2026-08-07T03:29:41.031+0000] {dag.py:3954} INFO - Setting next_dagrun for json_batch_to_hdfs to 2026-08-07 03:25:00+00:00, run_after=2026-08-07 03:30:00+00:00
[2026-08-07T03:29:41.054+0000] {processor.py:183} INFO - Processing /opt/airflow/dags/json_to_hdfs_dag.py took 0.107 seconds
[2026-08-07T03:30:11.229+0000] {processor.py:161} INFO - Started process (PID=1226) to work on /opt/airflow/dags/json_to_hdfs_dag.py
[2026-08-07T03:30:11.245+0000] {processor.py:830} INFO - Processing file /opt/airflow/dags/json_to_hdfs_dag.py for tasks to queue
[2026-08-07T03:30:11.253+0000] {logging_mixin.py:188} INFO - [2026-08-07T03:30:11.252+0000] {dagbag.py:545} INFO - Filling up the DagBag from /opt/airflow/dags/json_to_hdfs_dag.py
[2026-08-07T03:30:11.283+0000] {processor.py:840} INFO - DAG(s) 'json_batch_to_hdfs' retrieved from /opt/airflow/dags/json_to_hdfs_dag.py
[2026-08-07T03:30:11.348+0000] {logging_mixin.py:188} INFO - [2026-08-07T03:30:11.341+0000] {dag.py:3096} INFO - Sync 1 DAGs
[2026-08-07T03:30:11.424+0000] {logging_mixin.py:188} INFO - [2026-08-07T03:30:11.423+0000] {dag.py:3954} INFO - Setting next_dagrun for json_batch_to_hdfs to 2026-08-07 03:30:00+00:00, run_after=2026-08-07 03:35:00+00:00
[2026-08-07T03:30:11.460+0000] {processor.py:183} INFO - Processing /opt/airflow/dags/json_to_hdfs_dag.py took 0.245 seconds
[2026-08-07T03:30:41.719+0000] {processor.py:161} INFO - Started process (PID=1227) to work on /opt/airflow/dags/json_to_hdfs_dag.py
[2026-08-07T03:30:41.723+0000] {processor.py:830} INFO - Processing file /opt/airflow/dags/json_to_hdfs_dag.py for tasks to queue
[2026-08-07T03:30:41.726+0000] {logging_mixin.py:188} INFO - [2026-08-07T03:30:41.725+0000] {dagbag.py:545} INFO - Filling up the DagBag from /opt/airflow/dags/json_to_hdfs_dag.py
[2026-08-07T03:30:41.780+0000] {processor.py:840} INFO - DAG(s) 'json_batch_to_hdfs' retrieved from /opt/airflow/dags/json_to_hdfs_dag.py
[2026-08-07T03:30:41.866+0000] {logging_mixin.py:188} INFO - [2026-08-07T03:30:41.866+0000] {dag.py:3096} INFO - Sync 1 DAGs
[2026-08-07T03:30:41.908+0000] {logging_mixin.py:188} INFO - [2026-08-07T03:30:41.908+0000] {dag.py:3954} INFO - Setting next_dagrun for json_batch_to_hdfs to 2026-08-07 03:30:00+00:00, run_after=2026-08-07 03:35:00+00:00
[2026-08-07T03:30:41.941+0000] {processor.py:183} INFO - Processing /opt/airflow/dags/json_to_hdfs_dag.py took 0.230 seconds
[2026-08-07T03:31:12.180+0000] {processor.py:161} INFO - Started process (PID=1228) to work on /opt/airflow/dags/json_to_hdfs_dag.py
[2026-08-07T03:31:12.181+0000] {processor.py:830} INFO - Processing file /opt/airflow/dags/json_to_hdfs_dag.py for tasks to queue
[2026-08-07T03:31:12.183+0000] {logging_mixin.py:188} INFO - [2026-08-07T03:31:12.183+0000] {dagbag.py:545} INFO - Filling up the DagBag from /opt/airflow/dags/json_to_hdfs_dag.py
[2026-08-07T03:31:12.204+0000] {processor.py:840} INFO - DAG(s) 'json_batch_to_hdfs' retrieved from /opt/airflow/dags/json_to_hdfs_dag.py
[2026-08-07T03:31:12.250+0000] {logging_mixin.py:188} INFO - [2026-08-07T03:31:12.250+0000] {dag.py:3096} INFO - Sync 1 DAGs
[2026-08-07T03:31:12.298+0000] {logging_mixin.py:188} INFO - [2026-08-07T03:31:12.298+0000] {dag.py:3954} INFO - Setting next_dagrun for json_batch_to_hdfs to 2026-08-07 03:30:00+00:00, run_after=2026-08-07 03:35:00+00:00
[2026-08-07T03:31:12.329+0000] {processor.py:183} INFO - Processing /opt/airflow/dags/json_to_hdfs_dag.py took 0.156 seconds
[2026-08-07T03:31:42.411+0000] {processor.py:161} INFO - Started process (PID=1229) to work on /opt/airflow/dags/json_to_hdfs_dag.py
[2026-08-07T03:31:42.412+0000] {processor.py:830} INFO - Processing file /opt/airflow/dags/json_to_hdfs_dag.py for tasks to queue
[2026-08-07T03:31:42.414+0000] {logging_mixin.py:188} INFO - [2026-08-07T03:31:42.414+0000] {dagbag.py:545} INFO - Filling up the DagBag from /opt/airflow/dags/json_to_hdfs_dag.py
[2026-08-07T03:31:42.436+0000] {processor.py:840} INFO - DAG(s) 'json_batch_to_hdfs' retrieved from /opt/airflow/dags/json_to_hdfs_dag.py
[2026-08-07T03:31:42.468+0000] {logging_mixin.py:188} INFO - [2026-08-07T03:31:42.468+0000] {dag.py:3096} INFO - Sync 1 DAGs
[2026-08-07T03:31:42.494+0000] {logging_mixin.py:188} INFO - [2026-08-07T03:31:42.493+0000] {dag.py:3954} INFO - Setting next_dagrun for json_batch_to_hdfs to 2026-08-07 03:30:00+00:00, run_after=2026-08-07 03:35:00+00:00
[2026-08-07T03:31:42.519+0000] {processor.py:183} INFO - Processing /opt/airflow/dags/json_to_hdfs_dag.py took 0.115 seconds
[2026-08-07T03:32:12.760+0000] {processor.py:161} INFO - Started process (PID=1230) to work on /opt/airflow/dags/json_to_hdfs_dag.py
[2026-08-07T03:32:12.761+0000] {processor.py:830} INFO - Processing file /opt/airflow/dags/json_to_hdfs_dag.py for tasks to queue
[2026-08-07T03:32:12.763+0000] {logging_mixin.py:188} INFO - [2026-08-07T03:32:12.763+0000] {dagbag.py:545} INFO - Filling up the DagBag from /opt/airflow/dags/json_to_hdfs_dag.py
[2026-08-07T03:32:12.780+0000] {processor.py:840} INFO - DAG(s) 'json_batch_to_hdfs' retrieved from /opt/airflow/dags/json_to_hdfs_dag.py
[2026-08-07T03:32:12.811+0000] {logging_mixin.py:188} INFO - [2026-08-07T03:32:12.810+0000] {dag.py:3096} INFO - Sync 1 DAGs
[2026-08-07T03:32:12.834+0000] {logging_mixin.py:188} INFO - [2026-08-07T03:32:12.834+0000] {dag.py:3954} INFO - Setting next_dagrun for json_batch_to_hdfs to 2026-08-07 03:30:00+00:00, run_after=2026-08-07 03:35:00+00:00
[2026-08-07T03:32:12.868+0000] {processor.py:183} INFO - Processing /opt/airflow/dags/json_to_hdfs_dag.py took 0.114 seconds
[2026-08-07T03:32:42.996+0000] {processor.py:161} INFO - Started process (PID=1231) to work on /opt/airflow/dags/json_to_hdfs_dag.py
[2026-08-07T03:32:42.998+0000] {processor.py:830} INFO - Processing file /opt/airflow/dags/json_to_hdfs_dag.py for tasks to queue
[2026-08-07T03:32:43.001+0000] {logging_mixin.py:188} INFO - [2026-08-07T03:32:43.000+0000] {dagbag.py:545} INFO - Filling up the DagBag from /opt/airflow/dags/json_to_hdfs_dag.py
[2026-08-07T03:32:43.026+0000] {processor.py:840} INFO - DAG(s) 'json_batch_to_hdfs' retrieved from /opt/airflow/dags/json_to_hdfs_dag.py
[2026-08-07T03:32:43.070+0000] {logging_mixin.py:188} INFO - [2026-08-07T03:32:43.069+0000] {dag.py:3096} INFO - Sync 1 DAGs
[2026-08-07T03:32:43.101+0000] {logging_mixin.py:188} INFO - [2026-08-07T03:32:43.101+0000] {dag.py:3954} INFO - Setting next_dagrun for json_batch_to_hdfs to 2026-08-07 03:30:00+00:00, run_after=2026-08-07 03:35:00+00:00
[2026-08-07T03:32:43.127+0000] {processor.py:183} INFO - Processing /opt/airflow/dags/json_to_hdfs_dag.py took 0.137 seconds
[2026-08-07T03:33:03.221+0000] {processor.py:161} INFO - Started process (PID=1232) to work on /opt/airflow/dags/json_to_hdfs_dag.py
[2026-08-07T03:33:03.223+0000] {processor.py:830} INFO - Processing file /opt/airflow/dags/json_to_hdfs_dag.py for tasks to queue
[2026-08-07T03:33:03.227+0000] {logging_mixin.py:188} INFO - [2026-08-07T03:33:03.225+0000] {dagbag.py:545} INFO - Filling up the DagBag from /opt/airflow/dags/json_to_hdfs_dag.py
[2026-08-07T03:33:03.266+0000] {processor.py:840} INFO - DAG(s) 'json_batch_to_hdfs' retrieved from /opt/airflow/dags/json_to_hdfs_dag.py
[2026-08-07T03:33:03.319+0000] {logging_mixin.py:188} INFO - [2026-08-07T03:33:03.318+0000] {dag.py:3096} INFO - Sync 1 DAGs
[2026-08-07T03:33:03.348+0000] {logging_mixin.py:188} INFO - [2026-08-07T03:33:03.347+0000] {dag.py:3954} INFO - Setting next_dagrun for json_batch_to_hdfs to 2026-08-07 03:30:00+00:00, run_after=2026-08-07 03:35:00+00:00
[2026-08-07T03:33:03.382+0000] {processor.py:183} INFO - Processing /opt/airflow/dags/json_to_hdfs_dag.py took 0.168 seconds
[2026-08-07T03:33:07.310+0000] {processor.py:161} INFO - Started process (PID=1233) to work on /opt/airflow/dags/json_to_hdfs_dag.py
[2026-08-07T03:33:07.312+0000] {processor.py:830} INFO - Processing file /opt/airflow/dags/json_to_hdfs_dag.py for tasks to queue
[2026-08-07T03:33:07.315+0000] {logging_mixin.py:188} INFO - [2026-08-07T03:33:07.315+0000] {dagbag.py:545} INFO - Filling up the DagBag from /opt/airflow/dags/json_to_hdfs_dag.py
[2026-08-07T03:33:07.338+0000] {logging_mixin.py:188} INFO - [2026-08-07T03:33:07.334+0000] {dagbag.py:355} ERROR - Failed to import: /opt/airflow/dags/json_to_hdfs_dag.py
Traceback (most recent call last):
  File "/home/airflow/.local/lib/python3.12/site-packages/airflow/models/dagbag.py", line 351, in parse
    loader.exec_module(new_module)
  File "<frozen importlib._bootstrap_external>", line 991, in exec_module
  File "<frozen importlib._bootstrap_external>", line 1129, in get_code
  File "<frozen importlib._bootstrap_external>", line 1059, in source_to_code
  File "<frozen importlib._bootstrap>", line 488, in _call_with_frames_removed
  File "/opt/airflow/dags/json_to_hdfs_dag.py", line 46
    schedule="*/5 * * * *",
    ^^^^^^^^^^^^^^^^^^^^^^
SyntaxError: keyword argument repeated: schedule
[2026-08-07T03:33:07.340+0000] {processor.py:842} WARNING - No viable dags retrieved from /opt/airflow/dags/json_to_hdfs_dag.py
[2026-08-07T03:33:07.395+0000] {processor.py:183} INFO - Processing /opt/airflow/dags/json_to_hdfs_dag.py took 0.092 seconds
[2026-08-07T03:33:08.385+0000] {processor.py:161} INFO - Started process (PID=1234) to work on /opt/airflow/dags/json_to_hdfs_dag.py
[2026-08-07T03:33:08.387+0000] {processor.py:830} INFO - Processing file /opt/airflow/dags/json_to_hdfs_dag.py for tasks to queue
[2026-08-07T03:33:08.389+0000] {logging_mixin.py:188} INFO - [2026-08-07T03:33:08.389+0000] {dagbag.py:545} INFO - Filling up the DagBag from /opt/airflow/dags/json_to_hdfs_dag.py
[2026-08-07T03:33:08.425+0000] {processor.py:840} INFO - DAG(s) 'json_batch_to_hdfs' retrieved from /opt/airflow/dags/json_to_hdfs_dag.py
[2026-08-07T03:33:08.459+0000] {logging_mixin.py:188} INFO - [2026-08-07T03:33:08.459+0000] {dag.py:3096} INFO - Sync 1 DAGs
[2026-08-07T03:33:08.487+0000] {logging_mixin.py:188} INFO - [2026-08-07T03:33:08.487+0000] {dag.py:3954} INFO - Setting next_dagrun for json_batch_to_hdfs to 2026-08-07 03:30:00+00:00, run_after=2026-08-07 03:35:00+00:00
[2026-08-07T03:33:08.521+0000] {processor.py:183} INFO - Processing /opt/airflow/dags/json_to_hdfs_dag.py took 0.144 seconds
[2026-08-07T03:33:10.477+0000] {processor.py:161} INFO - Started process (PID=1235) to work on /opt/airflow/dags/json_to_hdfs_dag.py
[2026-08-07T03:33:10.479+0000] {processor.py:830} INFO - Processing file /opt/airflow/dags/json_to_hdfs_dag.py for tasks to queue
[2026-08-07T03:33:10.482+0000] {logging_mixin.py:188} INFO - [2026-08-07T03:33:10.481+0000] {dagbag.py:545} INFO - Filling up the DagBag from /opt/airflow/dags/json_to_hdfs_dag.py
[2026-08-07T03:33:10.511+0000] {processor.py:840} INFO - DAG(s) 'json_batch_to_hdfs' retrieved from /opt/airflow/dags/json_to_hdfs_dag.py
[2026-08-07T03:33:10.546+0000] {logging_mixin.py:188} INFO - [2026-08-07T03:33:10.546+0000] {dag.py:3096} INFO - Sync 1 DAGs
[2026-08-07T03:33:10.571+0000] {logging_mixin.py:188} INFO - [2026-08-07T03:33:10.570+0000] {dag.py:3954} INFO - Setting next_dagrun for json_batch_to_hdfs to 2026-08-07 03:30:00+00:00, run_after=2026-08-07 03:35:00+00:00
[2026-08-07T03:33:10.599+0000] {processor.py:183} INFO - Processing /opt/airflow/dags/json_to_hdfs_dag.py took 0.128 seconds
[2026-08-07T03:33:12.616+0000] {processor.py:161} INFO - Started process (PID=1236) to work on /opt/airflow/dags/json_to_hdfs_dag.py
[2026-08-07T03:33:12.618+0000] {processor.py:830} INFO - Processing file /opt/airflow/dags/json_to_hdfs_dag.py for tasks to queue
[2026-08-07T03:33:12.620+0000] {logging_mixin.py:188} INFO - [2026-08-07T03:33:12.620+0000] {dagbag.py:545} INFO - Filling up the DagBag from /opt/airflow/dags/json_to_hdfs_dag.py
[2026-08-07T03:33:12.659+0000] {processor.py:840} INFO - DAG(s) 'json_batch_to_hdfs' retrieved from /opt/airflow/dags/json_to_hdfs_dag.py
[2026-08-07T03:33:12.700+0000] {logging_mixin.py:188} INFO - [2026-08-07T03:33:12.699+0000] {dag.py:3096} INFO - Sync 1 DAGs
[2026-08-07T03:33:12.738+0000] {logging_mixin.py:188} INFO - [2026-08-07T03:33:12.737+0000] {dag.py:3954} INFO - Setting next_dagrun for json_batch_to_hdfs to 2026-08-07 03:30:00+00:00, run_after=2026-08-07 03:35:00+00:00
[2026-08-07T03:33:12.770+0000] {processor.py:183} INFO - Processing /opt/airflow/dags/json_to_hdfs_dag.py took 0.160 seconds
[2026-08-07T03:33:17.683+0000] {processor.py:161} INFO - Started process (PID=1237) to work on /opt/airflow/dags/json_to_hdfs_dag.py
[2026-08-07T03:33:17.684+0000] {processor.py:830} INFO - Processing file /opt/airflow/dags/json_to_hdfs_dag.py for tasks to queue
[2026-08-07T03:33:17.686+0000] {logging_mixin.py:188} INFO - [2026-08-07T03:33:17.686+0000] {dagbag.py:545} INFO - Filling up the DagBag from /opt/airflow/dags/json_to_hdfs_dag.py
[2026-08-07T03:33:17.715+0000] {processor.py:840} INFO - DAG(s) 'json_batch_to_hdfs' retrieved from /opt/airflow/dags/json_to_hdfs_dag.py
[2026-08-07T03:33:17.752+0000] {logging_mixin.py:188} INFO - [2026-08-07T03:33:17.752+0000] {dag.py:3096} INFO - Sync 1 DAGs
[2026-08-07T03:33:17.792+0000] {logging_mixin.py:188} INFO - [2026-08-07T03:33:17.792+0000] {dag.py:3954} INFO - Setting next_dagrun for json_batch_to_hdfs to 2026-08-07 03:30:00+00:00, run_after=2026-08-07 03:35:00+00:00
[2026-08-07T03:33:17.830+0000] {processor.py:183} INFO - Processing /opt/airflow/dags/json_to_hdfs_dag.py took 0.153 seconds
[2026-08-07T03:33:20.871+0000] {processor.py:161} INFO - Started process (PID=1238) to work on /opt/airflow/dags/json_to_hdfs_dag.py
[2026-08-07T03:33:20.872+0000] {processor.py:830} INFO - Processing file /opt/airflow/dags/json_to_hdfs_dag.py for tasks to queue
[2026-08-07T03:33:20.874+0000] {logging_mixin.py:188} INFO - [2026-08-07T03:33:20.874+0000] {dagbag.py:545} INFO - Filling up the DagBag from /opt/airflow/dags/json_to_hdfs_dag.py
[2026-08-07T03:33:20.905+0000] {processor.py:840} INFO - DAG(s) 'json_batch_to_hdfs' retrieved from /opt/airflow/dags/json_to_hdfs_dag.py
[2026-08-07T03:33:20.940+0000] {logging_mixin.py:188} INFO - [2026-08-07T03:33:20.940+0000] {dag.py:3096} INFO - Sync 1 DAGs
[2026-08-07T03:33:20.968+0000] {logging_mixin.py:188} INFO - [2026-08-07T03:33:20.968+0000] {dag.py:3954} INFO - Setting next_dagrun for json_batch_to_hdfs to 2026-08-07 03:30:00+00:00, run_after=2026-08-07 03:35:00+00:00
[2026-08-07T03:33:21.002+0000] {processor.py:183} INFO - Processing /opt/airflow/dags/json_to_hdfs_dag.py took 0.137 seconds
[2026-08-07T03:33:51.143+0000] {processor.py:161} INFO - Started process (PID=1239) to work on /opt/airflow/dags/json_to_hdfs_dag.py
[2026-08-07T03:33:51.145+0000] {processor.py:830} INFO - Processing file /opt/airflow/dags/json_to_hdfs_dag.py for tasks to queue
[2026-08-07T03:33:51.148+0000] {logging_mixin.py:188} INFO - [2026-08-07T03:33:51.147+0000] {dagbag.py:545} INFO - Filling up the DagBag from /opt/airflow/dags/json_to_hdfs_dag.py
[2026-08-07T03:33:51.171+0000] {processor.py:840} INFO - DAG(s) 'json_batch_to_hdfs' retrieved from /opt/airflow/dags/json_to_hdfs_dag.py
[2026-08-07T03:33:51.206+0000] {logging_mixin.py:188} INFO - [2026-08-07T03:33:51.206+0000] {dag.py:3096} INFO - Sync 1 DAGs
[2026-08-07T03:33:51.234+0000] {logging_mixin.py:188} INFO - [2026-08-07T03:33:51.234+0000] {dag.py:3954} INFO - Setting next_dagrun for json_batch_to_hdfs to 2026-08-07 03:30:00+00:00, run_after=2026-08-07 03:35:00+00:00
[2026-08-07T03:33:51.257+0000] {processor.py:183} INFO - Processing /opt/airflow/dags/json_to_hdfs_dag.py took 0.120 seconds
[2026-08-07T03:34:21.456+0000] {processor.py:161} INFO - Started process (PID=1240) to work on /opt/airflow/dags/json_to_hdfs_dag.py
[2026-08-07T03:34:21.458+0000] {processor.py:830} INFO - Processing file /opt/airflow/dags/json_to_hdfs_dag.py for tasks to queue
[2026-08-07T03:34:21.461+0000] {logging_mixin.py:188} INFO - [2026-08-07T03:34:21.460+0000] {dagbag.py:545} INFO - Filling up the DagBag from /opt/airflow/dags/json_to_hdfs_dag.py
[2026-08-07T03:34:21.481+0000] {processor.py:840} INFO - DAG(s) 'json_batch_to_hdfs' retrieved from /opt/airflow/dags/json_to_hdfs_dag.py
[2026-08-07T03:34:21.513+0000] {logging_mixin.py:188} INFO - [2026-08-07T03:34:21.513+0000] {dag.py:3096} INFO - Sync 1 DAGs
[2026-08-07T03:34:21.539+0000] {logging_mixin.py:188} INFO - [2026-08-07T03:34:21.539+0000] {dag.py:3954} INFO - Setting next_dagrun for json_batch_to_hdfs to 2026-08-07 03:30:00+00:00, run_after=2026-08-07 03:35:00+00:00
[2026-08-07T03:34:21.566+0000] {processor.py:183} INFO - Processing /opt/airflow/dags/json_to_hdfs_dag.py took 0.116 seconds
[2026-08-07T03:34:51.695+0000] {processor.py:161} INFO - Started process (PID=1241) to work on /opt/airflow/dags/json_to_hdfs_dag.py
[2026-08-07T03:34:51.698+0000] {processor.py:830} INFO - Processing file /opt/airflow/dags/json_to_hdfs_dag.py for tasks to queue
[2026-08-07T03:34:51.702+0000] {logging_mixin.py:188} INFO - [2026-08-07T03:34:51.700+0000] {dagbag.py:545} INFO - Filling up the DagBag from /opt/airflow/dags/json_to_hdfs_dag.py
[2026-08-07T03:34:51.735+0000] {processor.py:840} INFO - DAG(s) 'json_batch_to_hdfs' retrieved from /opt/airflow/dags/json_to_hdfs_dag.py
[2026-08-07T03:34:51.797+0000] {logging_mixin.py:188} INFO - [2026-08-07T03:34:51.795+0000] {dag.py:3096} INFO - Sync 1 DAGs
[2026-08-07T03:34:51.853+0000] {logging_mixin.py:188} INFO - [2026-08-07T03:34:51.853+0000] {dag.py:3954} INFO - Setting next_dagrun for json_batch_to_hdfs to 2026-08-07 03:30:00+00:00, run_after=2026-08-07 03:35:00+00:00
[2026-08-07T03:34:51.906+0000] {processor.py:183} INFO - Processing /opt/airflow/dags/json_to_hdfs_dag.py took 0.221 seconds
[2026-08-07T03:35:22.181+0000] {processor.py:161} INFO - Started process (PID=1251) to work on /opt/airflow/dags/json_to_hdfs_dag.py
[2026-08-07T03:35:22.188+0000] {processor.py:830} INFO - Processing file /opt/airflow/dags/json_to_hdfs_dag.py for tasks to queue
[2026-08-07T03:35:22.212+0000] {logging_mixin.py:188} INFO - [2026-08-07T03:35:22.211+0000] {dagbag.py:545} INFO - Filling up the DagBag from /opt/airflow/dags/json_to_hdfs_dag.py
[2026-08-07T03:35:22.294+0000] {processor.py:840} INFO - DAG(s) 'json_batch_to_hdfs' retrieved from /opt/airflow/dags/json_to_hdfs_dag.py
[2026-08-07T03:35:22.480+0000] {logging_mixin.py:188} INFO - [2026-08-07T03:35:22.479+0000] {dag.py:3096} INFO - Sync 1 DAGs
[2026-08-07T03:35:22.614+0000] {logging_mixin.py:188} INFO - [2026-08-07T03:35:22.613+0000] {dag.py:3954} INFO - Setting next_dagrun for json_batch_to_hdfs to 2026-08-07 03:35:00+00:00, run_after=2026-08-07 03:40:00+00:00
[2026-08-07T03:35:22.667+0000] {processor.py:183} INFO - Processing /opt/airflow/dags/json_to_hdfs_dag.py took 0.552 seconds
[2026-08-07T03:35:52.921+0000] {processor.py:161} INFO - Started process (PID=1252) to work on /opt/airflow/dags/json_to_hdfs_dag.py
[2026-08-07T03:35:52.923+0000] {processor.py:830} INFO - Processing file /opt/airflow/dags/json_to_hdfs_dag.py for tasks to queue
[2026-08-07T03:35:52.924+0000] {logging_mixin.py:188} INFO - [2026-08-07T03:35:52.924+0000] {dagbag.py:545} INFO - Filling up the DagBag from /opt/airflow/dags/json_to_hdfs_dag.py
[2026-08-07T03:35:52.951+0000] {processor.py:840} INFO - DAG(s) 'json_batch_to_hdfs' retrieved from /opt/airflow/dags/json_to_hdfs_dag.py
[2026-08-07T03:35:52.998+0000] {logging_mixin.py:188} INFO - [2026-08-07T03:35:52.998+0000] {dag.py:3096} INFO - Sync 1 DAGs
[2026-08-07T03:35:53.033+0000] {logging_mixin.py:188} INFO - [2026-08-07T03:35:53.033+0000] {dag.py:3954} INFO - Setting next_dagrun for json_batch_to_hdfs to 2026-08-07 03:35:00+00:00, run_after=2026-08-07 03:40:00+00:00
[2026-08-07T03:35:53.062+0000] {processor.py:183} INFO - Processing /opt/airflow/dags/json_to_hdfs_dag.py took 0.149 seconds
[2026-08-07T03:36:23.175+0000] {processor.py:161} INFO - Started process (PID=1253) to work on /opt/airflow/dags/json_to_hdfs_dag.py
[2026-08-07T03:36:23.178+0000] {processor.py:830} INFO - Processing file /opt/airflow/dags/json_to_hdfs_dag.py for tasks to queue
[2026-08-07T03:36:23.180+0000] {logging_mixin.py:188} INFO - [2026-08-07T03:36:23.179+0000] {dagbag.py:545} INFO - Filling up the DagBag from /opt/airflow/dags/json_to_hdfs_dag.py
[2026-08-07T03:36:23.200+0000] {processor.py:840} INFO - DAG(s) 'json_batch_to_hdfs' retrieved from /opt/airflow/dags/json_to_hdfs_dag.py
[2026-08-07T03:36:23.251+0000] {logging_mixin.py:188} INFO - [2026-08-07T03:36:23.251+0000] {dag.py:3096} INFO - Sync 1 DAGs
[2026-08-07T03:36:23.290+0000] {logging_mixin.py:188} INFO - [2026-08-07T03:36:23.290+0000] {dag.py:3954} INFO - Setting next_dagrun for json_batch_to_hdfs to 2026-08-07 03:35:00+00:00, run_after=2026-08-07 03:40:00+00:00
[2026-08-07T03:36:23.320+0000] {processor.py:183} INFO - Processing /opt/airflow/dags/json_to_hdfs_dag.py took 0.150 seconds
[2026-08-07T03:36:53.540+0000] {processor.py:161} INFO - Started process (PID=1254) to work on /opt/airflow/dags/json_to_hdfs_dag.py
[2026-08-07T03:36:53.542+0000] {processor.py:830} INFO - Processing file /opt/airflow/dags/json_to_hdfs_dag.py for tasks to queue
[2026-08-07T03:36:53.546+0000] {logging_mixin.py:188} INFO - [2026-08-07T03:36:53.545+0000] {dagbag.py:545} INFO - Filling up the DagBag from /opt/airflow/dags/json_to_hdfs_dag.py
[2026-08-07T03:36:53.574+0000] {processor.py:840} INFO - DAG(s) 'json_batch_to_hdfs' retrieved from /opt/airflow/dags/json_to_hdfs_dag.py
[2026-08-07T03:36:53.608+0000] {logging_mixin.py:188} INFO - [2026-08-07T03:36:53.608+0000] {dag.py:3096} INFO - Sync 1 DAGs
[2026-08-07T03:36:53.637+0000] {logging_mixin.py:188} INFO - [2026-08-07T03:36:53.637+0000] {dag.py:3954} INFO - Setting next_dagrun for json_batch_to_hdfs to 2026-08-07 03:35:00+00:00, run_after=2026-08-07 03:40:00+00:00
[2026-08-07T03:36:53.663+0000] {processor.py:183} INFO - Processing /opt/airflow/dags/json_to_hdfs_dag.py took 0.131 seconds
[2026-08-07T03:37:23.745+0000] {processor.py:161} INFO - Started process (PID=1255) to work on /opt/airflow/dags/json_to_hdfs_dag.py
[2026-08-07T03:37:23.747+0000] {processor.py:830} INFO - Processing file /opt/airflow/dags/json_to_hdfs_dag.py for tasks to queue
[2026-08-07T03:37:23.749+0000] {logging_mixin.py:188} INFO - [2026-08-07T03:37:23.748+0000] {dagbag.py:545} INFO - Filling up the DagBag from /opt/airflow/dags/json_to_hdfs_dag.py
[2026-08-07T03:37:23.771+0000] {processor.py:840} INFO - DAG(s) 'json_batch_to_hdfs' retrieved from /opt/airflow/dags/json_to_hdfs_dag.py
[2026-08-07T03:37:23.807+0000] {logging_mixin.py:188} INFO - [2026-08-07T03:37:23.807+0000] {dag.py:3096} INFO - Sync 1 DAGs
[2026-08-07T03:37:23.835+0000] {logging_mixin.py:188} INFO - [2026-08-07T03:37:23.835+0000] {dag.py:3954} INFO - Setting next_dagrun for json_batch_to_hdfs to 2026-08-07 03:35:00+00:00, run_after=2026-08-07 03:40:00+00:00
[2026-08-07T03:37:23.860+0000] {processor.py:183} INFO - Processing /opt/airflow/dags/json_to_hdfs_dag.py took 0.121 seconds
[2026-08-07T03:37:54.092+0000] {processor.py:161} INFO - Started process (PID=1256) to work on /opt/airflow/dags/json_to_hdfs_dag.py
[2026-08-07T03:37:54.094+0000] {processor.py:830} INFO - Processing file /opt/airflow/dags/json_to_hdfs_dag.py for tasks to queue
[2026-08-07T03:37:54.097+0000] {logging_mixin.py:188} INFO - [2026-08-07T03:37:54.096+0000] {dagbag.py:545} INFO - Filling up the DagBag from /opt/airflow/dags/json_to_hdfs_dag.py
[2026-08-07T03:37:54.119+0000] {processor.py:840} INFO - DAG(s) 'json_batch_to_hdfs' retrieved from /opt/airflow/dags/json_to_hdfs_dag.py
[2026-08-07T03:37:54.152+0000] {logging_mixin.py:188} INFO - [2026-08-07T03:37:54.152+0000] {dag.py:3096} INFO - Sync 1 DAGs
[2026-08-07T03:37:54.179+0000] {logging_mixin.py:188} INFO - [2026-08-07T03:37:54.178+0000] {dag.py:3954} INFO - Setting next_dagrun for json_batch_to_hdfs to 2026-08-07 03:35:00+00:00, run_after=2026-08-07 03:40:00+00:00
[2026-08-07T03:37:54.204+0000] {processor.py:183} INFO - Processing /opt/airflow/dags/json_to_hdfs_dag.py took 0.117 seconds
[2026-08-07T03:38:24.327+0000] {processor.py:161} INFO - Started process (PID=1257) to work on /opt/airflow/dags/json_to_hdfs_dag.py
[2026-08-07T03:38:24.329+0000] {processor.py:830} INFO - Processing file /opt/airflow/dags/json_to_hdfs_dag.py for tasks to queue
[2026-08-07T03:38:24.331+0000] {logging_mixin.py:188} INFO - [2026-08-07T03:38:24.330+0000] {dagbag.py:545} INFO - Filling up the DagBag from /opt/airflow/dags/json_to_hdfs_dag.py
[2026-08-07T03:38:24.352+0000] {processor.py:840} INFO - DAG(s) 'json_batch_to_hdfs' retrieved from /opt/airflow/dags/json_to_hdfs_dag.py
[2026-08-07T03:38:24.387+0000] {logging_mixin.py:188} INFO - [2026-08-07T03:38:24.386+0000] {dag.py:3096} INFO - Sync 1 DAGs
[2026-08-07T03:38:24.415+0000] {logging_mixin.py:188} INFO - [2026-08-07T03:38:24.415+0000] {dag.py:3954} INFO - Setting next_dagrun for json_batch_to_hdfs to 2026-08-07 03:35:00+00:00, run_after=2026-08-07 03:40:00+00:00
[2026-08-07T03:38:24.453+0000] {processor.py:183} INFO - Processing /opt/airflow/dags/json_to_hdfs_dag.py took 0.131 seconds
[2026-08-07T03:38:54.677+0000] {processor.py:161} INFO - Started process (PID=1258) to work on /opt/airflow/dags/json_to_hdfs_dag.py
[2026-08-07T03:38:54.680+0000] {processor.py:830} INFO - Processing file /opt/airflow/dags/json_to_hdfs_dag.py for tasks to queue
[2026-08-07T03:38:54.683+0000] {logging_mixin.py:188} INFO - [2026-08-07T03:38:54.683+0000] {dagbag.py:545} INFO - Filling up the DagBag from /opt/airflow/dags/json_to_hdfs_dag.py
[2026-08-07T03:38:54.740+0000] {processor.py:840} INFO - DAG(s) 'json_batch_to_hdfs' retrieved from /opt/airflow/dags/json_to_hdfs_dag.py
[2026-08-07T03:38:54.872+0000] {logging_mixin.py:188} INFO - [2026-08-07T03:38:54.872+0000] {dag.py:3096} INFO - Sync 1 DAGs
[2026-08-07T03:38:54.920+0000] {logging_mixin.py:188} INFO - [2026-08-07T03:38:54.919+0000] {dag.py:3954} INFO - Setting next_dagrun for json_batch_to_hdfs to 2026-08-07 03:35:00+00:00, run_after=2026-08-07 03:40:00+00:00
[2026-08-07T03:38:54.961+0000] {processor.py:183} INFO - Processing /opt/airflow/dags/json_to_hdfs_dag.py took 0.292 seconds
[2026-08-07T03:39:25.187+0000] {processor.py:161} INFO - Started process (PID=1259) to work on /opt/airflow/dags/json_to_hdfs_dag.py
[2026-08-07T03:39:25.190+0000] {processor.py:830} INFO - Processing file /opt/airflow/dags/json_to_hdfs_dag.py for tasks to queue
[2026-08-07T03:39:25.193+0000] {logging_mixin.py:188} INFO - [2026-08-07T03:39:25.192+0000] {dagbag.py:545} INFO - Filling up the DagBag from /opt/airflow/dags/json_to_hdfs_dag.py
[2026-08-07T03:39:25.224+0000] {processor.py:840} INFO - DAG(s) 'json_batch_to_hdfs' retrieved from /opt/airflow/dags/json_to_hdfs_dag.py
[2026-08-07T03:39:25.272+0000] {logging_mixin.py:188} INFO - [2026-08-07T03:39:25.272+0000] {dag.py:3096} INFO - Sync 1 DAGs
[2026-08-07T03:39:25.328+0000] {logging_mixin.py:188} INFO - [2026-08-07T03:39:25.327+0000] {dag.py:3954} INFO - Setting next_dagrun for json_batch_to_hdfs to 2026-08-07 03:35:00+00:00, run_after=2026-08-07 03:40:00+00:00
[2026-08-07T03:39:25.377+0000] {processor.py:183} INFO - Processing /opt/airflow/dags/json_to_hdfs_dag.py took 0.200 seconds
[2026-08-07T03:39:55.616+0000] {processor.py:161} INFO - Started process (PID=1260) to work on /opt/airflow/dags/json_to_hdfs_dag.py
[2026-08-07T03:39:55.620+0000] {processor.py:830} INFO - Processing file /opt/airflow/dags/json_to_hdfs_dag.py for tasks to queue
[2026-08-07T03:39:55.627+0000] {logging_mixin.py:188} INFO - [2026-08-07T03:39:55.624+0000] {dagbag.py:545} INFO - Filling up the DagBag from /opt/airflow/dags/json_to_hdfs_dag.py
[2026-08-07T03:39:55.685+0000] {processor.py:840} INFO - DAG(s) 'json_batch_to_hdfs' retrieved from /opt/airflow/dags/json_to_hdfs_dag.py
[2026-08-07T03:39:55.808+0000] {logging_mixin.py:188} INFO - [2026-08-07T03:39:55.808+0000] {dag.py:3096} INFO - Sync 1 DAGs
[2026-08-07T03:39:55.895+0000] {logging_mixin.py:188} INFO - [2026-08-07T03:39:55.895+0000] {dag.py:3954} INFO - Setting next_dagrun for json_batch_to_hdfs to 2026-08-07 03:35:00+00:00, run_after=2026-08-07 03:40:00+00:00
[2026-08-07T03:39:55.929+0000] {processor.py:183} INFO - Processing /opt/airflow/dags/json_to_hdfs_dag.py took 0.357 seconds
[2026-08-07T03:40:26.177+0000] {processor.py:161} INFO - Started process (PID=1270) to work on /opt/airflow/dags/json_to_hdfs_dag.py
[2026-08-07T03:40:26.179+0000] {processor.py:830} INFO - Processing file /opt/airflow/dags/json_to_hdfs_dag.py for tasks to queue
[2026-08-07T03:40:26.182+0000] {logging_mixin.py:188} INFO - [2026-08-07T03:40:26.181+0000] {dagbag.py:545} INFO - Filling up the DagBag from /opt/airflow/dags/json_to_hdfs_dag.py
[2026-08-07T03:40:26.212+0000] {processor.py:840} INFO - DAG(s) 'json_batch_to_hdfs' retrieved from /opt/airflow/dags/json_to_hdfs_dag.py
[2026-08-07T03:40:26.261+0000] {logging_mixin.py:188} INFO - [2026-08-07T03:40:26.261+0000] {dag.py:3096} INFO - Sync 1 DAGs
[2026-08-07T03:40:26.294+0000] {logging_mixin.py:188} INFO - [2026-08-07T03:40:26.293+0000] {dag.py:3954} INFO - Setting next_dagrun for json_batch_to_hdfs to 2026-08-07 03:40:00+00:00, run_after=2026-08-07 03:45:00+00:00
[2026-08-07T03:40:26.322+0000] {processor.py:183} INFO - Processing /opt/airflow/dags/json_to_hdfs_dag.py took 0.153 seconds
[2026-08-07T03:40:56.498+0000] {processor.py:161} INFO - Started process (PID=1271) to work on /opt/airflow/dags/json_to_hdfs_dag.py
[2026-08-07T03:40:56.499+0000] {processor.py:830} INFO - Processing file /opt/airflow/dags/json_to_hdfs_dag.py for tasks to queue
[2026-08-07T03:40:56.501+0000] {logging_mixin.py:188} INFO - [2026-08-07T03:40:56.500+0000] {dagbag.py:545} INFO - Filling up the DagBag from /opt/airflow/dags/json_to_hdfs_dag.py
[2026-08-07T03:40:56.527+0000] {processor.py:840} INFO - DAG(s) 'json_batch_to_hdfs' retrieved from /opt/airflow/dags/json_to_hdfs_dag.py
[2026-08-07T03:40:56.563+0000] {logging_mixin.py:188} INFO - [2026-08-07T03:40:56.563+0000] {dag.py:3096} INFO - Sync 1 DAGs
[2026-08-07T03:40:56.593+0000] {logging_mixin.py:188} INFO - [2026-08-07T03:40:56.592+0000] {dag.py:3954} INFO - Setting next_dagrun for json_batch_to_hdfs to 2026-08-07 03:40:00+00:00, run_after=2026-08-07 03:45:00+00:00
[2026-08-07T03:40:56.618+0000] {processor.py:183} INFO - Processing /opt/airflow/dags/json_to_hdfs_dag.py took 0.127 seconds
[2026-08-07T03:41:26.692+0000] {processor.py:161} INFO - Started process (PID=1272) to work on /opt/airflow/dags/json_to_hdfs_dag.py
[2026-08-07T03:41:26.694+0000] {processor.py:830} INFO - Processing file /opt/airflow/dags/json_to_hdfs_dag.py for tasks to queue
[2026-08-07T03:41:26.696+0000] {logging_mixin.py:188} INFO - [2026-08-07T03:41:26.695+0000] {dagbag.py:545} INFO - Filling up the DagBag from /opt/airflow/dags/json_to_hdfs_dag.py
[2026-08-07T03:41:26.724+0000] {processor.py:840} INFO - DAG(s) 'json_batch_to_hdfs' retrieved from /opt/airflow/dags/json_to_hdfs_dag.py
[2026-08-07T03:41:26.779+0000] {logging_mixin.py:188} INFO - [2026-08-07T03:41:26.778+0000] {dag.py:3096} INFO - Sync 1 DAGs
[2026-08-07T03:41:26.807+0000] {logging_mixin.py:188} INFO - [2026-08-07T03:41:26.807+0000] {dag.py:3954} INFO - Setting next_dagrun for json_batch_to_hdfs to 2026-08-07 03:40:00+00:00, run_after=2026-08-07 03:45:00+00:00
[2026-08-07T03:41:26.831+0000] {processor.py:183} INFO - Processing /opt/airflow/dags/json_to_hdfs_dag.py took 0.146 seconds
[2026-08-07T03:41:57.009+0000] {processor.py:161} INFO - Started process (PID=1273) to work on /opt/airflow/dags/json_to_hdfs_dag.py
[2026-08-07T03:41:57.013+0000] {processor.py:830} INFO - Processing file /opt/airflow/dags/json_to_hdfs_dag.py for tasks to queue
[2026-08-07T03:41:57.015+0000] {logging_mixin.py:188} INFO - [2026-08-07T03:41:57.014+0000] {dagbag.py:545} INFO - Filling up the DagBag from /opt/airflow/dags/json_to_hdfs_dag.py
[2026-08-07T03:41:57.046+0000] {processor.py:840} INFO - DAG(s) 'json_batch_to_hdfs' retrieved from /opt/airflow/dags/json_to_hdfs_dag.py
[2026-08-07T03:41:57.151+0000] {logging_mixin.py:188} INFO - [2026-08-07T03:41:57.151+0000] {dag.py:3096} INFO - Sync 1 DAGs
[2026-08-07T03:41:57.196+0000] {logging_mixin.py:188} INFO - [2026-08-07T03:41:57.196+0000] {dag.py:3954} INFO - Setting next_dagrun for json_batch_to_hdfs to 2026-08-07 03:40:00+00:00, run_after=2026-08-07 03:45:00+00:00
[2026-08-07T03:41:57.224+0000] {processor.py:183} INFO - Processing /opt/airflow/dags/json_to_hdfs_dag.py took 0.239 seconds
[2026-08-07T03:42:27.419+0000] {processor.py:161} INFO - Started process (PID=1274) to work on /opt/airflow/dags/json_to_hdfs_dag.py
[2026-08-07T03:42:27.422+0000] {processor.py:830} INFO - Processing file /opt/airflow/dags/json_to_hdfs_dag.py for tasks to queue
[2026-08-07T03:42:27.424+0000] {logging_mixin.py:188} INFO - [2026-08-07T03:42:27.423+0000] {dagbag.py:545} INFO - Filling up the DagBag from /opt/airflow/dags/json_to_hdfs_dag.py
[2026-08-07T03:42:27.446+0000] {processor.py:840} INFO - DAG(s) 'json_batch_to_hdfs' retrieved from /opt/airflow/dags/json_to_hdfs_dag.py
[2026-08-07T03:42:27.488+0000] {logging_mixin.py:188} INFO - [2026-08-07T03:42:27.488+0000] {dag.py:3096} INFO - Sync 1 DAGs
[2026-08-07T03:42:27.535+0000] {logging_mixin.py:188} INFO - [2026-08-07T03:42:27.535+0000] {dag.py:3954} INFO - Setting next_dagrun for json_batch_to_hdfs to 2026-08-07 03:40:00+00:00, run_after=2026-08-07 03:45:00+00:00
[2026-08-07T03:42:27.572+0000] {processor.py:183} INFO - Processing /opt/airflow/dags/json_to_hdfs_dag.py took 0.179 seconds
[2026-08-07T03:42:57.772+0000] {processor.py:161} INFO - Started process (PID=1275) to work on /opt/airflow/dags/json_to_hdfs_dag.py
[2026-08-07T03:42:57.777+0000] {processor.py:830} INFO - Processing file /opt/airflow/dags/json_to_hdfs_dag.py for tasks to queue
[2026-08-07T03:42:57.780+0000] {logging_mixin.py:188} INFO - [2026-08-07T03:42:57.779+0000] {dagbag.py:545} INFO - Filling up the DagBag from /opt/airflow/dags/json_to_hdfs_dag.py
[2026-08-07T03:42:57.807+0000] {processor.py:840} INFO - DAG(s) 'json_batch_to_hdfs' retrieved from /opt/airflow/dags/json_to_hdfs_dag.py
[2026-08-07T03:42:57.858+0000] {logging_mixin.py:188} INFO - [2026-08-07T03:42:57.857+0000] {dag.py:3096} INFO - Sync 1 DAGs
[2026-08-07T03:42:57.922+0000] {logging_mixin.py:188} INFO - [2026-08-07T03:42:57.922+0000] {dag.py:3954} INFO - Setting next_dagrun for json_batch_to_hdfs to 2026-08-07 03:40:00+00:00, run_after=2026-08-07 03:45:00+00:00
[2026-08-07T03:42:57.963+0000] {processor.py:183} INFO - Processing /opt/airflow/dags/json_to_hdfs_dag.py took 0.221 seconds
[2026-08-07T03:43:28.213+0000] {processor.py:161} INFO - Started process (PID=1276) to work on /opt/airflow/dags/json_to_hdfs_dag.py
[2026-08-07T03:43:28.220+0000] {processor.py:830} INFO - Processing file /opt/airflow/dags/json_to_hdfs_dag.py for tasks to queue
[2026-08-07T03:43:28.224+0000] {logging_mixin.py:188} INFO - [2026-08-07T03:43:28.223+0000] {dagbag.py:545} INFO - Filling up the DagBag from /opt/airflow/dags/json_to_hdfs_dag.py
[2026-08-07T03:43:28.265+0000] {processor.py:840} INFO - DAG(s) 'json_batch_to_hdfs' retrieved from /opt/airflow/dags/json_to_hdfs_dag.py
[2026-08-07T03:43:28.337+0000] {logging_mixin.py:188} INFO - [2026-08-07T03:43:28.336+0000] {dag.py:3096} INFO - Sync 1 DAGs
[2026-08-07T03:43:28.420+0000] {logging_mixin.py:188} INFO - [2026-08-07T03:43:28.420+0000] {dag.py:3954} INFO - Setting next_dagrun for json_batch_to_hdfs to 2026-08-07 03:40:00+00:00, run_after=2026-08-07 03:45:00+00:00
[2026-08-07T03:43:28.473+0000] {processor.py:183} INFO - Processing /opt/airflow/dags/json_to_hdfs_dag.py took 0.276 seconds
[2026-08-07T03:43:58.645+0000] {processor.py:161} INFO - Started process (PID=1277) to work on /opt/airflow/dags/json_to_hdfs_dag.py
[2026-08-07T03:43:58.646+0000] {processor.py:830} INFO - Processing file /opt/airflow/dags/json_to_hdfs_dag.py for tasks to queue
[2026-08-07T03:43:58.648+0000] {logging_mixin.py:188} INFO - [2026-08-07T03:43:58.647+0000] {dagbag.py:545} INFO - Filling up the DagBag from /opt/airflow/dags/json_to_hdfs_dag.py
[2026-08-07T03:43:58.668+0000] {processor.py:840} INFO - DAG(s) 'json_batch_to_hdfs' retrieved from /opt/airflow/dags/json_to_hdfs_dag.py
[2026-08-07T03:43:58.713+0000] {logging_mixin.py:188} INFO - [2026-08-07T03:43:58.713+0000] {dag.py:3096} INFO - Sync 1 DAGs
[2026-08-07T03:43:58.749+0000] {logging_mixin.py:188} INFO - [2026-08-07T03:43:58.748+0000] {dag.py:3954} INFO - Setting next_dagrun for json_batch_to_hdfs to 2026-08-07 03:40:00+00:00, run_after=2026-08-07 03:45:00+00:00
[2026-08-07T03:43:58.773+0000] {processor.py:183} INFO - Processing /opt/airflow/dags/json_to_hdfs_dag.py took 0.134 seconds
[2026-08-07T03:44:28.926+0000] {processor.py:161} INFO - Started process (PID=1278) to work on /opt/airflow/dags/json_to_hdfs_dag.py
[2026-08-07T03:44:28.928+0000] {processor.py:830} INFO - Processing file /opt/airflow/dags/json_to_hdfs_dag.py for tasks to queue
[2026-08-07T03:44:28.929+0000] {logging_mixin.py:188} INFO - [2026-08-07T03:44:28.929+0000] {dagbag.py:545} INFO - Filling up the DagBag from /opt/airflow/dags/json_to_hdfs_dag.py
[2026-08-07T03:44:28.951+0000] {processor.py:840} INFO - DAG(s) 'json_batch_to_hdfs' retrieved from /opt/airflow/dags/json_to_hdfs_dag.py
[2026-08-07T03:44:28.984+0000] {logging_mixin.py:188} INFO - [2026-08-07T03:44:28.984+0000] {dag.py:3096} INFO - Sync 1 DAGs
[2026-08-07T03:44:29.011+0000] {logging_mixin.py:188} INFO - [2026-08-07T03:44:29.011+0000] {dag.py:3954} INFO - Setting next_dagrun for json_batch_to_hdfs to 2026-08-07 03:40:00+00:00, run_after=2026-08-07 03:45:00+00:00
[2026-08-07T03:44:29.035+0000] {processor.py:183} INFO - Processing /opt/airflow/dags/json_to_hdfs_dag.py took 0.114 seconds
[2026-08-07T03:44:59.078+0000] {processor.py:161} INFO - Started process (PID=1279) to work on /opt/airflow/dags/json_to_hdfs_dag.py
[2026-08-07T03:44:59.079+0000] {processor.py:830} INFO - Processing file /opt/airflow/dags/json_to_hdfs_dag.py for tasks to queue
[2026-08-07T03:44:59.081+0000] {logging_mixin.py:188} INFO - [2026-08-07T03:44:59.080+0000] {dagbag.py:545} INFO - Filling up the DagBag from /opt/airflow/dags/json_to_hdfs_dag.py
[2026-08-07T03:44:59.098+0000] {processor.py:840} INFO - DAG(s) 'json_batch_to_hdfs' retrieved from /opt/airflow/dags/json_to_hdfs_dag.py
[2026-08-07T03:44:59.129+0000] {logging_mixin.py:188} INFO - [2026-08-07T03:44:59.128+0000] {dag.py:3096} INFO - Sync 1 DAGs
[2026-08-07T03:44:59.153+0000] {logging_mixin.py:188} INFO - [2026-08-07T03:44:59.153+0000] {dag.py:3954} INFO - Setting next_dagrun for json_batch_to_hdfs to 2026-08-07 03:40:00+00:00, run_after=2026-08-07 03:45:00+00:00
[2026-08-07T03:44:59.175+0000] {processor.py:183} INFO - Processing /opt/airflow/dags/json_to_hdfs_dag.py took 0.103 seconds
[2026-08-07T03:45:29.377+0000] {processor.py:161} INFO - Started process (PID=1289) to work on /opt/airflow/dags/json_to_hdfs_dag.py
[2026-08-07T03:45:29.378+0000] {processor.py:830} INFO - Processing file /opt/airflow/dags/json_to_hdfs_dag.py for tasks to queue
[2026-08-07T03:45:29.380+0000] {logging_mixin.py:188} INFO - [2026-08-07T03:45:29.379+0000] {dagbag.py:545} INFO - Filling up the DagBag from /opt/airflow/dags/json_to_hdfs_dag.py
[2026-08-07T03:45:29.400+0000] {processor.py:840} INFO - DAG(s) 'json_batch_to_hdfs' retrieved from /opt/airflow/dags/json_to_hdfs_dag.py
[2026-08-07T03:45:29.431+0000] {logging_mixin.py:188} INFO - [2026-08-07T03:45:29.431+0000] {dag.py:3096} INFO - Sync 1 DAGs
[2026-08-07T03:45:29.459+0000] {logging_mixin.py:188} INFO - [2026-08-07T03:45:29.459+0000] {dag.py:3954} INFO - Setting next_dagrun for json_batch_to_hdfs to 2026-08-07 03:45:00+00:00, run_after=2026-08-07 03:50:00+00:00
[2026-08-07T03:45:29.481+0000] {processor.py:183} INFO - Processing /opt/airflow/dags/json_to_hdfs_dag.py took 0.110 seconds
[2026-08-07T03:45:59.540+0000] {processor.py:161} INFO - Started process (PID=1290) to work on /opt/airflow/dags/json_to_hdfs_dag.py
[2026-08-07T03:45:59.542+0000] {processor.py:830} INFO - Processing file /opt/airflow/dags/json_to_hdfs_dag.py for tasks to queue
[2026-08-07T03:45:59.544+0000] {logging_mixin.py:188} INFO - [2026-08-07T03:45:59.543+0000] {dagbag.py:545} INFO - Filling up the DagBag from /opt/airflow/dags/json_to_hdfs_dag.py
[2026-08-07T03:45:59.567+0000] {processor.py:840} INFO - DAG(s) 'json_batch_to_hdfs' retrieved from /opt/airflow/dags/json_to_hdfs_dag.py
[2026-08-07T03:45:59.599+0000] {logging_mixin.py:188} INFO - [2026-08-07T03:45:59.599+0000] {dag.py:3096} INFO - Sync 1 DAGs
[2026-08-07T03:45:59.626+0000] {logging_mixin.py:188} INFO - [2026-08-07T03:45:59.625+0000] {dag.py:3954} INFO - Setting next_dagrun for json_batch_to_hdfs to 2026-08-07 03:45:00+00:00, run_after=2026-08-07 03:50:00+00:00
[2026-08-07T03:45:59.651+0000] {processor.py:183} INFO - Processing /opt/airflow/dags/json_to_hdfs_dag.py took 0.120 seconds
[2026-08-07T03:46:29.790+0000] {processor.py:161} INFO - Started process (PID=1291) to work on /opt/airflow/dags/json_to_hdfs_dag.py
[2026-08-07T03:46:29.791+0000] {processor.py:830} INFO - Processing file /opt/airflow/dags/json_to_hdfs_dag.py for tasks to queue
[2026-08-07T03:46:29.796+0000] {logging_mixin.py:188} INFO - [2026-08-07T03:46:29.794+0000] {dagbag.py:545} INFO - Filling up the DagBag from /opt/airflow/dags/json_to_hdfs_dag.py
[2026-08-07T03:46:29.815+0000] {processor.py:840} INFO - DAG(s) 'json_batch_to_hdfs' retrieved from /opt/airflow/dags/json_to_hdfs_dag.py
[2026-08-07T03:46:29.844+0000] {logging_mixin.py:188} INFO - [2026-08-07T03:46:29.844+0000] {dag.py:3096} INFO - Sync 1 DAGs
[2026-08-07T03:46:29.869+0000] {logging_mixin.py:188} INFO - [2026-08-07T03:46:29.868+0000] {dag.py:3954} INFO - Setting next_dagrun for json_batch_to_hdfs to 2026-08-07 03:45:00+00:00, run_after=2026-08-07 03:50:00+00:00
[2026-08-07T03:46:29.893+0000] {processor.py:183} INFO - Processing /opt/airflow/dags/json_to_hdfs_dag.py took 0.111 seconds
[2026-08-07T03:46:59.956+0000] {processor.py:161} INFO - Started process (PID=1292) to work on /opt/airflow/dags/json_to_hdfs_dag.py
[2026-08-07T03:46:59.957+0000] {processor.py:830} INFO - Processing file /opt/airflow/dags/json_to_hdfs_dag.py for tasks to queue
[2026-08-07T03:46:59.959+0000] {logging_mixin.py:188} INFO - [2026-08-07T03:46:59.958+0000] {dagbag.py:545} INFO - Filling up the DagBag from /opt/airflow/dags/json_to_hdfs_dag.py
[2026-08-07T03:46:59.979+0000] {processor.py:840} INFO - DAG(s) 'json_batch_to_hdfs' retrieved from /opt/airflow/dags/json_to_hdfs_dag.py
[2026-08-07T03:47:00.018+0000] {logging_mixin.py:188} INFO - [2026-08-07T03:47:00.018+0000] {dag.py:3096} INFO - Sync 1 DAGs
[2026-08-07T03:47:00.047+0000] {logging_mixin.py:188} INFO - [2026-08-07T03:47:00.047+0000] {dag.py:3954} INFO - Setting next_dagrun for json_batch_to_hdfs to 2026-08-07 03:45:00+00:00, run_after=2026-08-07 03:50:00+00:00
[2026-08-07T03:47:00.073+0000] {processor.py:183} INFO - Processing /opt/airflow/dags/json_to_hdfs_dag.py took 0.124 seconds
[2026-08-07T03:47:30.200+0000] {processor.py:161} INFO - Started process (PID=1293) to work on /opt/airflow/dags/json_to_hdfs_dag.py
[2026-08-07T03:47:30.202+0000] {processor.py:830} INFO - Processing file /opt/airflow/dags/json_to_hdfs_dag.py for tasks to queue
[2026-08-07T03:47:30.203+0000] {logging_mixin.py:188} INFO - [2026-08-07T03:47:30.203+0000] {dagbag.py:545} INFO - Filling up the DagBag from /opt/airflow/dags/json_to_hdfs_dag.py
[2026-08-07T03:47:30.222+0000] {processor.py:840} INFO - DAG(s) 'json_batch_to_hdfs' retrieved from /opt/airflow/dags/json_to_hdfs_dag.py
[2026-08-07T03:47:30.254+0000] {logging_mixin.py:188} INFO - [2026-08-07T03:47:30.254+0000] {dag.py:3096} INFO - Sync 1 DAGs
[2026-08-07T03:47:30.283+0000] {logging_mixin.py:188} INFO - [2026-08-07T03:47:30.282+0000] {dag.py:3954} INFO - Setting next_dagrun for json_batch_to_hdfs to 2026-08-07 03:45:00+00:00, run_after=2026-08-07 03:50:00+00:00
[2026-08-07T03:47:30.306+0000] {processor.py:183} INFO - Processing /opt/airflow/dags/json_to_hdfs_dag.py took 0.113 seconds
[2026-08-07T03:48:00.374+0000] {processor.py:161} INFO - Started process (PID=1295) to work on /opt/airflow/dags/json_to_hdfs_dag.py
[2026-08-07T03:48:00.376+0000] {processor.py:830} INFO - Processing file /opt/airflow/dags/json_to_hdfs_dag.py for tasks to queue
[2026-08-07T03:48:00.378+0000] {logging_mixin.py:188} INFO - [2026-08-07T03:48:00.377+0000] {dagbag.py:545} INFO - Filling up the DagBag from /opt/airflow/dags/json_to_hdfs_dag.py
[2026-08-07T03:48:00.400+0000] {processor.py:840} INFO - DAG(s) 'json_batch_to_hdfs' retrieved from /opt/airflow/dags/json_to_hdfs_dag.py
[2026-08-07T03:48:00.447+0000] {logging_mixin.py:188} INFO - [2026-08-07T03:48:00.446+0000] {dag.py:3096} INFO - Sync 1 DAGs
[2026-08-07T03:48:00.477+0000] {logging_mixin.py:188} INFO - [2026-08-07T03:48:00.477+0000] {dag.py:3954} INFO - Setting next_dagrun for json_batch_to_hdfs to 2026-08-07 03:45:00+00:00, run_after=2026-08-07 03:50:00+00:00
[2026-08-07T03:48:00.501+0000] {processor.py:183} INFO - Processing /opt/airflow/dags/json_to_hdfs_dag.py took 0.133 seconds
[2026-08-07T03:48:30.600+0000] {processor.py:161} INFO - Started process (PID=1296) to work on /opt/airflow/dags/json_to_hdfs_dag.py
[2026-08-07T03:48:30.602+0000] {processor.py:830} INFO - Processing file /opt/airflow/dags/json_to_hdfs_dag.py for tasks to queue
[2026-08-07T03:48:30.604+0000] {logging_mixin.py:188} INFO - [2026-08-07T03:48:30.603+0000] {dagbag.py:545} INFO - Filling up the DagBag from /opt/airflow/dags/json_to_hdfs_dag.py
[2026-08-07T03:48:30.625+0000] {processor.py:840} INFO - DAG(s) 'json_batch_to_hdfs' retrieved from /opt/airflow/dags/json_to_hdfs_dag.py
[2026-08-07T03:48:30.660+0000] {logging_mixin.py:188} INFO - [2026-08-07T03:48:30.660+0000] {dag.py:3096} INFO - Sync 1 DAGs
[2026-08-07T03:48:30.700+0000] {logging_mixin.py:188} INFO - [2026-08-07T03:48:30.699+0000] {dag.py:3954} INFO - Setting next_dagrun for json_batch_to_hdfs to 2026-08-07 03:45:00+00:00, run_after=2026-08-07 03:50:00+00:00
[2026-08-07T03:48:30.724+0000] {processor.py:183} INFO - Processing /opt/airflow/dags/json_to_hdfs_dag.py took 0.132 seconds
[2026-08-07T03:49:58.015+0000] {processor.py:161} INFO - Started process (PID=1297) to work on /opt/airflow/dags/json_to_hdfs_dag.py
[2026-08-07T03:49:58.021+0000] {processor.py:830} INFO - Processing file /opt/airflow/dags/json_to_hdfs_dag.py for tasks to queue
[2026-08-07T03:49:58.029+0000] {logging_mixin.py:188} INFO - [2026-08-07T03:49:58.026+0000] {dagbag.py:545} INFO - Filling up the DagBag from /opt/airflow/dags/json_to_hdfs_dag.py
[2026-08-07T03:49:58.106+0000] {processor.py:840} INFO - DAG(s) 'json_batch_to_hdfs' retrieved from /opt/airflow/dags/json_to_hdfs_dag.py
[2026-08-07T03:49:58.358+0000] {logging_mixin.py:188} INFO - [2026-08-07T03:49:58.358+0000] {dag.py:3096} INFO - Sync 1 DAGs
[2026-08-07T03:49:58.542+0000] {logging_mixin.py:188} INFO - [2026-08-07T03:49:58.541+0000] {dag.py:3954} INFO - Setting next_dagrun for json_batch_to_hdfs to 2026-08-07 03:45:00+00:00, run_after=2026-08-07 03:50:00+00:00
[2026-08-07T03:49:58.621+0000] {processor.py:183} INFO - Processing /opt/airflow/dags/json_to_hdfs_dag.py took 0.641 seconds
[2026-08-07T03:50:28.858+0000] {processor.py:161} INFO - Started process (PID=1307) to work on /opt/airflow/dags/json_to_hdfs_dag.py
[2026-08-07T03:50:28.860+0000] {processor.py:830} INFO - Processing file /opt/airflow/dags/json_to_hdfs_dag.py for tasks to queue
[2026-08-07T03:50:28.861+0000] {logging_mixin.py:188} INFO - [2026-08-07T03:50:28.861+0000] {dagbag.py:545} INFO - Filling up the DagBag from /opt/airflow/dags/json_to_hdfs_dag.py
[2026-08-07T03:50:28.884+0000] {processor.py:840} INFO - DAG(s) 'json_batch_to_hdfs' retrieved from /opt/airflow/dags/json_to_hdfs_dag.py
[2026-08-07T03:50:28.927+0000] {logging_mixin.py:188} INFO - [2026-08-07T03:50:28.926+0000] {dag.py:3096} INFO - Sync 1 DAGs
[2026-08-07T03:50:28.955+0000] {logging_mixin.py:188} INFO - [2026-08-07T03:50:28.955+0000] {dag.py:3954} INFO - Setting next_dagrun for json_batch_to_hdfs to 2026-08-07 03:50:00+00:00, run_after=2026-08-07 03:55:00+00:00
[2026-08-07T03:50:28.982+0000] {processor.py:183} INFO - Processing /opt/airflow/dags/json_to_hdfs_dag.py took 0.132 seconds
[2026-08-07T03:50:35.047+0000] {processor.py:161} INFO - Started process (PID=1308) to work on /opt/airflow/dags/json_to_hdfs_dag.py
[2026-08-07T03:50:35.048+0000] {processor.py:830} INFO - Processing file /opt/airflow/dags/json_to_hdfs_dag.py for tasks to queue
[2026-08-07T03:50:35.050+0000] {logging_mixin.py:188} INFO - [2026-08-07T03:50:35.049+0000] {dagbag.py:545} INFO - Filling up the DagBag from /opt/airflow/dags/json_to_hdfs_dag.py
[2026-08-07T03:50:35.082+0000] {processor.py:840} INFO - DAG(s) 'json_batch_to_hdfs' retrieved from /opt/airflow/dags/json_to_hdfs_dag.py
[2026-08-07T03:50:35.116+0000] {logging_mixin.py:188} INFO - [2026-08-07T03:50:35.116+0000] {dag.py:3096} INFO - Sync 1 DAGs
[2026-08-07T03:50:35.145+0000] {logging_mixin.py:188} INFO - [2026-08-07T03:50:35.145+0000] {dag.py:3954} INFO - Setting next_dagrun for json_batch_to_hdfs to 2026-08-07 03:50:00+00:00, run_after=2026-08-07 03:55:00+00:00
[2026-08-07T03:50:35.178+0000] {processor.py:183} INFO - Processing /opt/airflow/dags/json_to_hdfs_dag.py took 0.138 seconds
[2026-08-07T03:51:05.342+0000] {processor.py:161} INFO - Started process (PID=1309) to work on /opt/airflow/dags/json_to_hdfs_dag.py
[2026-08-07T03:51:05.344+0000] {processor.py:830} INFO - Processing file /opt/airflow/dags/json_to_hdfs_dag.py for tasks to queue
[2026-08-07T03:51:05.347+0000] {logging_mixin.py:188} INFO - [2026-08-07T03:51:05.346+0000] {dagbag.py:545} INFO - Filling up the DagBag from /opt/airflow/dags/json_to_hdfs_dag.py
[2026-08-07T03:51:05.369+0000] {processor.py:840} INFO - DAG(s) 'json_batch_to_hdfs' retrieved from /opt/airflow/dags/json_to_hdfs_dag.py
[2026-08-07T03:51:05.410+0000] {logging_mixin.py:188} INFO - [2026-08-07T03:51:05.410+0000] {dag.py:3096} INFO - Sync 1 DAGs
[2026-08-07T03:51:05.438+0000] {logging_mixin.py:188} INFO - [2026-08-07T03:51:05.438+0000] {dag.py:3954} INFO - Setting next_dagrun for json_batch_to_hdfs to 2026-08-07 03:50:00+00:00, run_after=2026-08-07 03:55:00+00:00
[2026-08-07T03:51:05.465+0000] {processor.py:183} INFO - Processing /opt/airflow/dags/json_to_hdfs_dag.py took 0.130 seconds
[2026-08-07T03:51:35.626+0000] {processor.py:161} INFO - Started process (PID=1310) to work on /opt/airflow/dags/json_to_hdfs_dag.py
[2026-08-07T03:51:35.636+0000] {processor.py:830} INFO - Processing file /opt/airflow/dags/json_to_hdfs_dag.py for tasks to queue
[2026-08-07T03:51:35.639+0000] {logging_mixin.py:188} INFO - [2026-08-07T03:51:35.638+0000] {dagbag.py:545} INFO - Filling up the DagBag from /opt/airflow/dags/json_to_hdfs_dag.py
[2026-08-07T03:51:35.677+0000] {processor.py:840} INFO - DAG(s) 'json_batch_to_hdfs' retrieved from /opt/airflow/dags/json_to_hdfs_dag.py
[2026-08-07T03:51:35.743+0000] {logging_mixin.py:188} INFO - [2026-08-07T03:51:35.743+0000] {dag.py:3096} INFO - Sync 1 DAGs
[2026-08-07T03:51:35.796+0000] {logging_mixin.py:188} INFO - [2026-08-07T03:51:35.796+0000] {dag.py:3954} INFO - Setting next_dagrun for json_batch_to_hdfs to 2026-08-07 03:50:00+00:00, run_after=2026-08-07 03:55:00+00:00
[2026-08-07T03:51:35.823+0000] {processor.py:183} INFO - Processing /opt/airflow/dags/json_to_hdfs_dag.py took 0.207 seconds
[2026-08-07T03:52:05.985+0000] {processor.py:161} INFO - Started process (PID=1311) to work on /opt/airflow/dags/json_to_hdfs_dag.py
[2026-08-07T03:52:05.987+0000] {processor.py:830} INFO - Processing file /opt/airflow/dags/json_to_hdfs_dag.py for tasks to queue
[2026-08-07T03:52:05.989+0000] {logging_mixin.py:188} INFO - [2026-08-07T03:52:05.988+0000] {dagbag.py:545} INFO - Filling up the DagBag from /opt/airflow/dags/json_to_hdfs_dag.py
[2026-08-07T03:52:06.009+0000] {processor.py:840} INFO - DAG(s) 'json_batch_to_hdfs' retrieved from /opt/airflow/dags/json_to_hdfs_dag.py
[2026-08-07T03:52:06.042+0000] {logging_mixin.py:188} INFO - [2026-08-07T03:52:06.042+0000] {dag.py:3096} INFO - Sync 1 DAGs
[2026-08-07T03:52:06.070+0000] {logging_mixin.py:188} INFO - [2026-08-07T03:52:06.070+0000] {dag.py:3954} INFO - Setting next_dagrun for json_batch_to_hdfs to 2026-08-07 03:50:00+00:00, run_after=2026-08-07 03:55:00+00:00
[2026-08-07T03:52:06.095+0000] {processor.py:183} INFO - Processing /opt/airflow/dags/json_to_hdfs_dag.py took 0.116 seconds
[2026-08-07T03:52:36.153+0000] {processor.py:161} INFO - Started process (PID=1312) to work on /opt/airflow/dags/json_to_hdfs_dag.py
[2026-08-07T03:52:36.155+0000] {processor.py:830} INFO - Processing file /opt/airflow/dags/json_to_hdfs_dag.py for tasks to queue
[2026-08-07T03:52:36.156+0000] {logging_mixin.py:188} INFO - [2026-08-07T03:52:36.156+0000] {dagbag.py:545} INFO - Filling up the DagBag from /opt/airflow/dags/json_to_hdfs_dag.py
[2026-08-07T03:52:36.174+0000] {processor.py:840} INFO - DAG(s) 'json_batch_to_hdfs' retrieved from /opt/airflow/dags/json_to_hdfs_dag.py
[2026-08-07T03:52:36.205+0000] {logging_mixin.py:188} INFO - [2026-08-07T03:52:36.205+0000] {dag.py:3096} INFO - Sync 1 DAGs
[2026-08-07T03:52:36.235+0000] {logging_mixin.py:188} INFO - [2026-08-07T03:52:36.235+0000] {dag.py:3954} INFO - Setting next_dagrun for json_batch_to_hdfs to 2026-08-07 03:50:00+00:00, run_after=2026-08-07 03:55:00+00:00
[2026-08-07T03:52:36.260+0000] {processor.py:183} INFO - Processing /opt/airflow/dags/json_to_hdfs_dag.py took 0.112 seconds
[2026-08-07T03:53:06.416+0000] {processor.py:161} INFO - Started process (PID=1313) to work on /opt/airflow/dags/json_to_hdfs_dag.py
[2026-08-07T03:53:06.417+0000] {processor.py:830} INFO - Processing file /opt/airflow/dags/json_to_hdfs_dag.py for tasks to queue
[2026-08-07T03:53:06.419+0000] {logging_mixin.py:188} INFO - [2026-08-07T03:53:06.419+0000] {dagbag.py:545} INFO - Filling up the DagBag from /opt/airflow/dags/json_to_hdfs_dag.py
[2026-08-07T03:53:06.444+0000] {processor.py:840} INFO - DAG(s) 'json_batch_to_hdfs' retrieved from /opt/airflow/dags/json_to_hdfs_dag.py
[2026-08-07T03:53:06.477+0000] {logging_mixin.py:188} INFO - [2026-08-07T03:53:06.476+0000] {dag.py:3096} INFO - Sync 1 DAGs
[2026-08-07T03:53:06.507+0000] {logging_mixin.py:188} INFO - [2026-08-07T03:53:06.507+0000] {dag.py:3954} INFO - Setting next_dagrun for json_batch_to_hdfs to 2026-08-07 03:50:00+00:00, run_after=2026-08-07 03:55:00+00:00
[2026-08-07T03:53:06.535+0000] {processor.py:183} INFO - Processing /opt/airflow/dags/json_to_hdfs_dag.py took 0.124 seconds
[2026-08-07T03:53:36.596+0000] {processor.py:161} INFO - Started process (PID=1314) to work on /opt/airflow/dags/json_to_hdfs_dag.py
[2026-08-07T03:53:36.598+0000] {processor.py:830} INFO - Processing file /opt/airflow/dags/json_to_hdfs_dag.py for tasks to queue
[2026-08-07T03:53:36.600+0000] {logging_mixin.py:188} INFO - [2026-08-07T03:53:36.600+0000] {dagbag.py:545} INFO - Filling up the DagBag from /opt/airflow/dags/json_to_hdfs_dag.py
[2026-08-07T03:53:36.625+0000] {processor.py:840} INFO - DAG(s) 'json_batch_to_hdfs' retrieved from /opt/airflow/dags/json_to_hdfs_dag.py
[2026-08-07T03:53:36.661+0000] {logging_mixin.py:188} INFO - [2026-08-07T03:53:36.661+0000] {dag.py:3096} INFO - Sync 1 DAGs
[2026-08-07T03:53:36.689+0000] {logging_mixin.py:188} INFO - [2026-08-07T03:53:36.689+0000] {dag.py:3954} INFO - Setting next_dagrun for json_batch_to_hdfs to 2026-08-07 03:50:00+00:00, run_after=2026-08-07 03:55:00+00:00
[2026-08-07T03:53:36.715+0000] {processor.py:183} INFO - Processing /opt/airflow/dags/json_to_hdfs_dag.py took 0.127 seconds
[2026-08-07T03:54:06.934+0000] {processor.py:161} INFO - Started process (PID=1315) to work on /opt/airflow/dags/json_to_hdfs_dag.py
[2026-08-07T03:54:06.937+0000] {processor.py:830} INFO - Processing file /opt/airflow/dags/json_to_hdfs_dag.py for tasks to queue
[2026-08-07T03:54:06.940+0000] {logging_mixin.py:188} INFO - [2026-08-07T03:54:06.939+0000] {dagbag.py:545} INFO - Filling up the DagBag from /opt/airflow/dags/json_to_hdfs_dag.py
[2026-08-07T03:54:06.983+0000] {processor.py:840} INFO - DAG(s) 'json_batch_to_hdfs' retrieved from /opt/airflow/dags/json_to_hdfs_dag.py
[2026-08-07T03:54:07.035+0000] {logging_mixin.py:188} INFO - [2026-08-07T03:54:07.034+0000] {dag.py:3096} INFO - Sync 1 DAGs
[2026-08-07T03:54:07.085+0000] {logging_mixin.py:188} INFO - [2026-08-07T03:54:07.085+0000] {dag.py:3954} INFO - Setting next_dagrun for json_batch_to_hdfs to 2026-08-07 03:50:00+00:00, run_after=2026-08-07 03:55:00+00:00
[2026-08-07T03:54:07.132+0000] {processor.py:183} INFO - Processing /opt/airflow/dags/json_to_hdfs_dag.py took 0.209 seconds
[2026-08-07T03:54:37.443+0000] {processor.py:161} INFO - Started process (PID=1316) to work on /opt/airflow/dags/json_to_hdfs_dag.py
[2026-08-07T03:54:37.449+0000] {processor.py:830} INFO - Processing file /opt/airflow/dags/json_to_hdfs_dag.py for tasks to queue
[2026-08-07T03:54:37.454+0000] {logging_mixin.py:188} INFO - [2026-08-07T03:54:37.453+0000] {dagbag.py:545} INFO - Filling up the DagBag from /opt/airflow/dags/json_to_hdfs_dag.py
[2026-08-07T03:54:37.514+0000] {processor.py:840} INFO - DAG(s) 'json_batch_to_hdfs' retrieved from /opt/airflow/dags/json_to_hdfs_dag.py
[2026-08-07T03:54:37.583+0000] {logging_mixin.py:188} INFO - [2026-08-07T03:54:37.582+0000] {dag.py:3096} INFO - Sync 1 DAGs
[2026-08-07T03:54:37.639+0000] {logging_mixin.py:188} INFO - [2026-08-07T03:54:37.639+0000] {dag.py:3954} INFO - Setting next_dagrun for json_batch_to_hdfs to 2026-08-07 03:50:00+00:00, run_after=2026-08-07 03:55:00+00:00
[2026-08-07T03:54:37.687+0000] {processor.py:183} INFO - Processing /opt/airflow/dags/json_to_hdfs_dag.py took 0.259 seconds
[2026-08-07T03:55:08.034+0000] {processor.py:161} INFO - Started process (PID=1326) to work on /opt/airflow/dags/json_to_hdfs_dag.py
[2026-08-07T03:55:08.037+0000] {processor.py:830} INFO - Processing file /opt/airflow/dags/json_to_hdfs_dag.py for tasks to queue
[2026-08-07T03:55:08.040+0000] {logging_mixin.py:188} INFO - [2026-08-07T03:55:08.040+0000] {dagbag.py:545} INFO - Filling up the DagBag from /opt/airflow/dags/json_to_hdfs_dag.py
[2026-08-07T03:55:08.103+0000] {processor.py:840} INFO - DAG(s) 'json_batch_to_hdfs' retrieved from /opt/airflow/dags/json_to_hdfs_dag.py
[2026-08-07T03:55:08.173+0000] {logging_mixin.py:188} INFO - [2026-08-07T03:55:08.172+0000] {dag.py:3096} INFO - Sync 1 DAGs
[2026-08-07T03:55:08.230+0000] {logging_mixin.py:188} INFO - [2026-08-07T03:55:08.229+0000] {dag.py:3954} INFO - Setting next_dagrun for json_batch_to_hdfs to 2026-08-07 03:55:00+00:00, run_after=2026-08-07 04:00:00+00:00
[2026-08-07T03:55:08.282+0000] {processor.py:183} INFO - Processing /opt/airflow/dags/json_to_hdfs_dag.py took 0.263 seconds
[2026-08-07T03:55:38.589+0000] {processor.py:161} INFO - Started process (PID=1327) to work on /opt/airflow/dags/json_to_hdfs_dag.py
[2026-08-07T03:55:38.592+0000] {processor.py:830} INFO - Processing file /opt/airflow/dags/json_to_hdfs_dag.py for tasks to queue
[2026-08-07T03:55:38.595+0000] {logging_mixin.py:188} INFO - [2026-08-07T03:55:38.594+0000] {dagbag.py:545} INFO - Filling up the DagBag from /opt/airflow/dags/json_to_hdfs_dag.py
[2026-08-07T03:55:38.638+0000] {processor.py:840} INFO - DAG(s) 'json_batch_to_hdfs' retrieved from /opt/airflow/dags/json_to_hdfs_dag.py
[2026-08-07T03:55:38.694+0000] {logging_mixin.py:188} INFO - [2026-08-07T03:55:38.694+0000] {dag.py:3096} INFO - Sync 1 DAGs
[2026-08-07T03:55:38.733+0000] {logging_mixin.py:188} INFO - [2026-08-07T03:55:38.733+0000] {dag.py:3954} INFO - Setting next_dagrun for json_batch_to_hdfs to 2026-08-07 03:55:00+00:00, run_after=2026-08-07 04:00:00+00:00
[2026-08-07T03:55:38.770+0000] {processor.py:183} INFO - Processing /opt/airflow/dags/json_to_hdfs_dag.py took 0.193 seconds
[2026-08-07T03:56:09.041+0000] {processor.py:161} INFO - Started process (PID=1328) to work on /opt/airflow/dags/json_to_hdfs_dag.py
[2026-08-07T03:56:09.044+0000] {processor.py:830} INFO - Processing file /opt/airflow/dags/json_to_hdfs_dag.py for tasks to queue
[2026-08-07T03:56:09.049+0000] {logging_mixin.py:188} INFO - [2026-08-07T03:56:09.047+0000] {dagbag.py:545} INFO - Filling up the DagBag from /opt/airflow/dags/json_to_hdfs_dag.py
[2026-08-07T03:56:09.088+0000] {processor.py:840} INFO - DAG(s) 'json_batch_to_hdfs' retrieved from /opt/airflow/dags/json_to_hdfs_dag.py
[2026-08-07T03:56:09.144+0000] {logging_mixin.py:188} INFO - [2026-08-07T03:56:09.143+0000] {dag.py:3096} INFO - Sync 1 DAGs
[2026-08-07T03:56:09.187+0000] {logging_mixin.py:188} INFO - [2026-08-07T03:56:09.186+0000] {dag.py:3954} INFO - Setting next_dagrun for json_batch_to_hdfs to 2026-08-07 03:55:00+00:00, run_after=2026-08-07 04:00:00+00:00
[2026-08-07T03:56:09.233+0000] {processor.py:183} INFO - Processing /opt/airflow/dags/json_to_hdfs_dag.py took 0.201 seconds
[2026-08-07T03:56:39.506+0000] {processor.py:161} INFO - Started process (PID=1329) to work on /opt/airflow/dags/json_to_hdfs_dag.py
[2026-08-07T03:56:39.510+0000] {processor.py:830} INFO - Processing file /opt/airflow/dags/json_to_hdfs_dag.py for tasks to queue
[2026-08-07T03:56:39.512+0000] {logging_mixin.py:188} INFO - [2026-08-07T03:56:39.512+0000] {dagbag.py:545} INFO - Filling up the DagBag from /opt/airflow/dags/json_to_hdfs_dag.py
[2026-08-07T03:56:39.555+0000] {processor.py:840} INFO - DAG(s) 'json_batch_to_hdfs' retrieved from /opt/airflow/dags/json_to_hdfs_dag.py
[2026-08-07T03:56:39.611+0000] {logging_mixin.py:188} INFO - [2026-08-07T03:56:39.611+0000] {dag.py:3096} INFO - Sync 1 DAGs
[2026-08-07T03:56:39.659+0000] {logging_mixin.py:188} INFO - [2026-08-07T03:56:39.658+0000] {dag.py:3954} INFO - Setting next_dagrun for json_batch_to_hdfs to 2026-08-07 03:55:00+00:00, run_after=2026-08-07 04:00:00+00:00
[2026-08-07T03:56:39.704+0000] {processor.py:183} INFO - Processing /opt/airflow/dags/json_to_hdfs_dag.py took 0.215 seconds
[2026-08-07T03:57:09.978+0000] {processor.py:161} INFO - Started process (PID=1330) to work on /opt/airflow/dags/json_to_hdfs_dag.py
[2026-08-07T03:57:09.981+0000] {processor.py:830} INFO - Processing file /opt/airflow/dags/json_to_hdfs_dag.py for tasks to queue
[2026-08-07T03:57:09.985+0000] {logging_mixin.py:188} INFO - [2026-08-07T03:57:09.984+0000] {dagbag.py:545} INFO - Filling up the DagBag from /opt/airflow/dags/json_to_hdfs_dag.py
[2026-08-07T03:57:10.030+0000] {processor.py:840} INFO - DAG(s) 'json_batch_to_hdfs' retrieved from /opt/airflow/dags/json_to_hdfs_dag.py
[2026-08-07T03:57:10.088+0000] {logging_mixin.py:188} INFO - [2026-08-07T03:57:10.088+0000] {dag.py:3096} INFO - Sync 1 DAGs
[2026-08-07T03:57:10.147+0000] {logging_mixin.py:188} INFO - [2026-08-07T03:57:10.147+0000] {dag.py:3954} INFO - Setting next_dagrun for json_batch_to_hdfs to 2026-08-07 03:55:00+00:00, run_after=2026-08-07 04:00:00+00:00
[2026-08-07T03:57:10.196+0000] {processor.py:183} INFO - Processing /opt/airflow/dags/json_to_hdfs_dag.py took 0.230 seconds
[2026-08-07T03:57:40.505+0000] {processor.py:161} INFO - Started process (PID=1331) to work on /opt/airflow/dags/json_to_hdfs_dag.py
[2026-08-07T03:57:40.508+0000] {processor.py:830} INFO - Processing file /opt/airflow/dags/json_to_hdfs_dag.py for tasks to queue
[2026-08-07T03:57:40.512+0000] {logging_mixin.py:188} INFO - [2026-08-07T03:57:40.511+0000] {dagbag.py:545} INFO - Filling up the DagBag from /opt/airflow/dags/json_to_hdfs_dag.py
[2026-08-07T03:57:40.567+0000] {processor.py:840} INFO - DAG(s) 'json_batch_to_hdfs' retrieved from /opt/airflow/dags/json_to_hdfs_dag.py
[2026-08-07T03:57:40.633+0000] {logging_mixin.py:188} INFO - [2026-08-07T03:57:40.630+0000] {dag.py:3096} INFO - Sync 1 DAGs
[2026-08-07T03:57:40.695+0000] {logging_mixin.py:188} INFO - [2026-08-07T03:57:40.694+0000] {dag.py:3954} INFO - Setting next_dagrun for json_batch_to_hdfs to 2026-08-07 03:55:00+00:00, run_after=2026-08-07 04:00:00+00:00
[2026-08-07T03:57:40.741+0000] {processor.py:183} INFO - Processing /opt/airflow/dags/json_to_hdfs_dag.py took 0.252 seconds
[2026-08-07T03:57:51.891+0000] {processor.py:161} INFO - Started process (PID=1332) to work on /opt/airflow/dags/json_to_hdfs_dag.py
[2026-08-07T03:57:51.895+0000] {processor.py:830} INFO - Processing file /opt/airflow/dags/json_to_hdfs_dag.py for tasks to queue
[2026-08-07T03:57:51.898+0000] {logging_mixin.py:188} INFO - [2026-08-07T03:57:51.897+0000] {dagbag.py:545} INFO - Filling up the DagBag from /opt/airflow/dags/json_to_hdfs_dag.py
[2026-08-07T03:57:51.975+0000] {processor.py:840} INFO - DAG(s) 'json_batch_to_hdfs' retrieved from /opt/airflow/dags/json_to_hdfs_dag.py
[2026-08-07T03:57:52.026+0000] {logging_mixin.py:188} INFO - [2026-08-07T03:57:52.025+0000] {dag.py:3096} INFO - Sync 1 DAGs
[2026-08-07T03:57:52.069+0000] {logging_mixin.py:188} INFO - [2026-08-07T03:57:52.068+0000] {dag.py:3954} INFO - Setting next_dagrun for json_batch_to_hdfs to 2026-08-07 03:55:00+00:00, run_after=2026-08-07 04:00:00+00:00
[2026-08-07T03:57:52.110+0000] {processor.py:183} INFO - Processing /opt/airflow/dags/json_to_hdfs_dag.py took 0.231 seconds
[2026-08-07T03:58:22.389+0000] {processor.py:161} INFO - Started process (PID=1333) to work on /opt/airflow/dags/json_to_hdfs_dag.py
[2026-08-07T03:58:22.391+0000] {processor.py:830} INFO - Processing file /opt/airflow/dags/json_to_hdfs_dag.py for tasks to queue
[2026-08-07T03:58:22.395+0000] {logging_mixin.py:188} INFO - [2026-08-07T03:58:22.394+0000] {dagbag.py:545} INFO - Filling up the DagBag from /opt/airflow/dags/json_to_hdfs_dag.py
[2026-08-07T03:58:22.432+0000] {processor.py:840} INFO - DAG(s) 'json_batch_to_hdfs' retrieved from /opt/airflow/dags/json_to_hdfs_dag.py
[2026-08-07T03:58:22.487+0000] {logging_mixin.py:188} INFO - [2026-08-07T03:58:22.487+0000] {dag.py:3096} INFO - Sync 1 DAGs
[2026-08-07T03:58:22.528+0000] {logging_mixin.py:188} INFO - [2026-08-07T03:58:22.528+0000] {dag.py:3954} INFO - Setting next_dagrun for json_batch_to_hdfs to 2026-08-07 03:55:00+00:00, run_after=2026-08-07 04:00:00+00:00
[2026-08-07T03:58:22.574+0000] {processor.py:183} INFO - Processing /opt/airflow/dags/json_to_hdfs_dag.py took 0.197 seconds
[2026-08-07T03:58:52.823+0000] {processor.py:161} INFO - Started process (PID=1334) to work on /opt/airflow/dags/json_to_hdfs_dag.py
[2026-08-07T03:58:52.826+0000] {processor.py:830} INFO - Processing file /opt/airflow/dags/json_to_hdfs_dag.py for tasks to queue
[2026-08-07T03:58:52.830+0000] {logging_mixin.py:188} INFO - [2026-08-07T03:58:52.829+0000] {dagbag.py:545} INFO - Filling up the DagBag from /opt/airflow/dags/json_to_hdfs_dag.py
[2026-08-07T03:58:52.867+0000] {processor.py:840} INFO - DAG(s) 'json_batch_to_hdfs' retrieved from /opt/airflow/dags/json_to_hdfs_dag.py
[2026-08-07T03:58:52.926+0000] {logging_mixin.py:188} INFO - [2026-08-07T03:58:52.926+0000] {dag.py:3096} INFO - Sync 1 DAGs
[2026-08-07T03:58:52.965+0000] {logging_mixin.py:188} INFO - [2026-08-07T03:58:52.965+0000] {dag.py:3954} INFO - Setting next_dagrun for json_batch_to_hdfs to 2026-08-07 03:55:00+00:00, run_after=2026-08-07 04:00:00+00:00
[2026-08-07T03:58:52.998+0000] {processor.py:183} INFO - Processing /opt/airflow/dags/json_to_hdfs_dag.py took 0.185 seconds
[2026-08-07T03:59:23.058+0000] {processor.py:161} INFO - Started process (PID=1335) to work on /opt/airflow/dags/json_to_hdfs_dag.py
[2026-08-07T03:59:23.061+0000] {processor.py:830} INFO - Processing file /opt/airflow/dags/json_to_hdfs_dag.py for tasks to queue
[2026-08-07T03:59:23.065+0000] {logging_mixin.py:188} INFO - [2026-08-07T03:59:23.064+0000] {dagbag.py:545} INFO - Filling up the DagBag from /opt/airflow/dags/json_to_hdfs_dag.py
[2026-08-07T03:59:23.103+0000] {processor.py:840} INFO - DAG(s) 'json_batch_to_hdfs' retrieved from /opt/airflow/dags/json_to_hdfs_dag.py
[2026-08-07T03:59:23.156+0000] {logging_mixin.py:188} INFO - [2026-08-07T03:59:23.154+0000] {dag.py:3096} INFO - Sync 1 DAGs
[2026-08-07T03:59:23.197+0000] {logging_mixin.py:188} INFO - [2026-08-07T03:59:23.197+0000] {dag.py:3954} INFO - Setting next_dagrun for json_batch_to_hdfs to 2026-08-07 03:55:00+00:00, run_after=2026-08-07 04:00:00+00:00
[2026-08-07T03:59:23.261+0000] {processor.py:183} INFO - Processing /opt/airflow/dags/json_to_hdfs_dag.py took 0.212 seconds
[2026-08-07T03:59:53.515+0000] {processor.py:161} INFO - Started process (PID=1336) to work on /opt/airflow/dags/json_to_hdfs_dag.py
[2026-08-07T03:59:53.518+0000] {processor.py:830} INFO - Processing file /opt/airflow/dags/json_to_hdfs_dag.py for tasks to queue
[2026-08-07T03:59:53.521+0000] {logging_mixin.py:188} INFO - [2026-08-07T03:59:53.521+0000] {dagbag.py:545} INFO - Filling up the DagBag from /opt/airflow/dags/json_to_hdfs_dag.py
[2026-08-07T03:59:53.562+0000] {processor.py:840} INFO - DAG(s) 'json_batch_to_hdfs' retrieved from /opt/airflow/dags/json_to_hdfs_dag.py
[2026-08-07T03:59:53.621+0000] {logging_mixin.py:188} INFO - [2026-08-07T03:59:53.621+0000] {dag.py:3096} INFO - Sync 1 DAGs
[2026-08-07T03:59:53.664+0000] {logging_mixin.py:188} INFO - [2026-08-07T03:59:53.664+0000] {dag.py:3954} INFO - Setting next_dagrun for json_batch_to_hdfs to 2026-08-07 03:55:00+00:00, run_after=2026-08-07 04:00:00+00:00
[2026-08-07T03:59:53.706+0000] {processor.py:183} INFO - Processing /opt/airflow/dags/json_to_hdfs_dag.py took 0.200 seconds
[2026-08-07T04:00:23.855+0000] {processor.py:161} INFO - Started process (PID=1346) to work on /opt/airflow/dags/json_to_hdfs_dag.py
[2026-08-07T04:00:23.861+0000] {processor.py:830} INFO - Processing file /opt/airflow/dags/json_to_hdfs_dag.py for tasks to queue
[2026-08-07T04:00:23.865+0000] {logging_mixin.py:188} INFO - [2026-08-07T04:00:23.865+0000] {dagbag.py:545} INFO - Filling up the DagBag from /opt/airflow/dags/json_to_hdfs_dag.py
[2026-08-07T04:00:23.916+0000] {processor.py:840} INFO - DAG(s) 'json_batch_to_hdfs' retrieved from /opt/airflow/dags/json_to_hdfs_dag.py
[2026-08-07T04:00:23.981+0000] {logging_mixin.py:188} INFO - [2026-08-07T04:00:23.980+0000] {dag.py:3096} INFO - Sync 1 DAGs
[2026-08-07T04:00:24.029+0000] {logging_mixin.py:188} INFO - [2026-08-07T04:00:24.029+0000] {dag.py:3954} INFO - Setting next_dagrun for json_batch_to_hdfs to 2026-08-07 04:00:00+00:00, run_after=2026-08-07 04:05:00+00:00
[2026-08-07T04:00:24.067+0000] {processor.py:183} INFO - Processing /opt/airflow/dags/json_to_hdfs_dag.py took 0.224 seconds
[2026-08-07T04:00:54.212+0000] {processor.py:161} INFO - Started process (PID=1347) to work on /opt/airflow/dags/json_to_hdfs_dag.py
[2026-08-07T04:00:54.214+0000] {processor.py:830} INFO - Processing file /opt/airflow/dags/json_to_hdfs_dag.py for tasks to queue
[2026-08-07T04:00:54.217+0000] {logging_mixin.py:188} INFO - [2026-08-07T04:00:54.217+0000] {dagbag.py:545} INFO - Filling up the DagBag from /opt/airflow/dags/json_to_hdfs_dag.py
[2026-08-07T04:00:54.254+0000] {processor.py:840} INFO - DAG(s) 'json_batch_to_hdfs' retrieved from /opt/airflow/dags/json_to_hdfs_dag.py
[2026-08-07T04:00:54.310+0000] {logging_mixin.py:188} INFO - [2026-08-07T04:00:54.310+0000] {dag.py:3096} INFO - Sync 1 DAGs
[2026-08-07T04:00:54.355+0000] {logging_mixin.py:188} INFO - [2026-08-07T04:00:54.355+0000] {dag.py:3954} INFO - Setting next_dagrun for json_batch_to_hdfs to 2026-08-07 04:00:00+00:00, run_after=2026-08-07 04:05:00+00:00
[2026-08-07T04:00:54.392+0000] {processor.py:183} INFO - Processing /opt/airflow/dags/json_to_hdfs_dag.py took 0.192 seconds
[2026-08-07T04:01:24.690+0000] {processor.py:161} INFO - Started process (PID=1348) to work on /opt/airflow/dags/json_to_hdfs_dag.py
[2026-08-07T04:01:24.696+0000] {processor.py:830} INFO - Processing file /opt/airflow/dags/json_to_hdfs_dag.py for tasks to queue
[2026-08-07T04:01:24.701+0000] {logging_mixin.py:188} INFO - [2026-08-07T04:01:24.700+0000] {dagbag.py:545} INFO - Filling up the DagBag from /opt/airflow/dags/json_to_hdfs_dag.py
[2026-08-07T04:01:24.799+0000] {processor.py:840} INFO - DAG(s) 'json_batch_to_hdfs' retrieved from /opt/airflow/dags/json_to_hdfs_dag.py
[2026-08-07T04:01:24.919+0000] {logging_mixin.py:188} INFO - [2026-08-07T04:01:24.919+0000] {dag.py:3096} INFO - Sync 1 DAGs
[2026-08-07T04:01:24.991+0000] {logging_mixin.py:188} INFO - [2026-08-07T04:01:24.991+0000] {dag.py:3954} INFO - Setting next_dagrun for json_batch_to_hdfs to 2026-08-07 04:00:00+00:00, run_after=2026-08-07 04:05:00+00:00
[2026-08-07T04:01:25.045+0000] {processor.py:183} INFO - Processing /opt/airflow/dags/json_to_hdfs_dag.py took 0.378 seconds
[2026-08-07T04:01:55.369+0000] {processor.py:161} INFO - Started process (PID=1349) to work on /opt/airflow/dags/json_to_hdfs_dag.py
[2026-08-07T04:01:55.374+0000] {processor.py:830} INFO - Processing file /opt/airflow/dags/json_to_hdfs_dag.py for tasks to queue
[2026-08-07T04:01:55.378+0000] {logging_mixin.py:188} INFO - [2026-08-07T04:01:55.377+0000] {dagbag.py:545} INFO - Filling up the DagBag from /opt/airflow/dags/json_to_hdfs_dag.py
[2026-08-07T04:01:55.430+0000] {processor.py:840} INFO - DAG(s) 'json_batch_to_hdfs' retrieved from /opt/airflow/dags/json_to_hdfs_dag.py
[2026-08-07T04:01:55.500+0000] {logging_mixin.py:188} INFO - [2026-08-07T04:01:55.499+0000] {dag.py:3096} INFO - Sync 1 DAGs
[2026-08-07T04:01:55.543+0000] {logging_mixin.py:188} INFO - [2026-08-07T04:01:55.543+0000] {dag.py:3954} INFO - Setting next_dagrun for json_batch_to_hdfs to 2026-08-07 04:00:00+00:00, run_after=2026-08-07 04:05:00+00:00
[2026-08-07T04:01:55.586+0000] {processor.py:183} INFO - Processing /opt/airflow/dags/json_to_hdfs_dag.py took 0.230 seconds
[2026-08-07T04:02:25.676+0000] {processor.py:161} INFO - Started process (PID=1350) to work on /opt/airflow/dags/json_to_hdfs_dag.py
[2026-08-07T04:02:25.678+0000] {processor.py:830} INFO - Processing file /opt/airflow/dags/json_to_hdfs_dag.py for tasks to queue
[2026-08-07T04:02:25.682+0000] {logging_mixin.py:188} INFO - [2026-08-07T04:02:25.681+0000] {dagbag.py:545} INFO - Filling up the DagBag from /opt/airflow/dags/json_to_hdfs_dag.py
[2026-08-07T04:02:25.722+0000] {processor.py:840} INFO - DAG(s) 'json_batch_to_hdfs' retrieved from /opt/airflow/dags/json_to_hdfs_dag.py
[2026-08-07T04:02:25.784+0000] {logging_mixin.py:188} INFO - [2026-08-07T04:02:25.783+0000] {dag.py:3096} INFO - Sync 1 DAGs
[2026-08-07T04:02:25.827+0000] {logging_mixin.py:188} INFO - [2026-08-07T04:02:25.826+0000] {dag.py:3954} INFO - Setting next_dagrun for json_batch_to_hdfs to 2026-08-07 04:00:00+00:00, run_after=2026-08-07 04:05:00+00:00
[2026-08-07T04:02:25.876+0000] {processor.py:183} INFO - Processing /opt/airflow/dags/json_to_hdfs_dag.py took 0.209 seconds
[2026-08-07T04:02:56.127+0000] {processor.py:161} INFO - Started process (PID=1351) to work on /opt/airflow/dags/json_to_hdfs_dag.py
[2026-08-07T04:02:56.132+0000] {processor.py:830} INFO - Processing file /opt/airflow/dags/json_to_hdfs_dag.py for tasks to queue
[2026-08-07T04:02:56.135+0000] {logging_mixin.py:188} INFO - [2026-08-07T04:02:56.134+0000] {dagbag.py:545} INFO - Filling up the DagBag from /opt/airflow/dags/json_to_hdfs_dag.py
[2026-08-07T04:02:56.183+0000] {processor.py:840} INFO - DAG(s) 'json_batch_to_hdfs' retrieved from /opt/airflow/dags/json_to_hdfs_dag.py
[2026-08-07T04:02:56.252+0000] {logging_mixin.py:188} INFO - [2026-08-07T04:02:56.251+0000] {dag.py:3096} INFO - Sync 1 DAGs
[2026-08-07T04:02:56.301+0000] {logging_mixin.py:188} INFO - [2026-08-07T04:02:56.301+0000] {dag.py:3954} INFO - Setting next_dagrun for json_batch_to_hdfs to 2026-08-07 04:00:00+00:00, run_after=2026-08-07 04:05:00+00:00
[2026-08-07T04:02:56.346+0000] {processor.py:183} INFO - Processing /opt/airflow/dags/json_to_hdfs_dag.py took 0.230 seconds
[2026-08-07T04:03:26.623+0000] {processor.py:161} INFO - Started process (PID=1352) to work on /opt/airflow/dags/json_to_hdfs_dag.py
[2026-08-07T04:03:26.625+0000] {processor.py:830} INFO - Processing file /opt/airflow/dags/json_to_hdfs_dag.py for tasks to queue
[2026-08-07T04:03:26.628+0000] {logging_mixin.py:188} INFO - [2026-08-07T04:03:26.628+0000] {dagbag.py:545} INFO - Filling up the DagBag from /opt/airflow/dags/json_to_hdfs_dag.py
[2026-08-07T04:03:26.678+0000] {processor.py:840} INFO - DAG(s) 'json_batch_to_hdfs' retrieved from /opt/airflow/dags/json_to_hdfs_dag.py
[2026-08-07T04:03:26.730+0000] {logging_mixin.py:188} INFO - [2026-08-07T04:03:26.729+0000] {dag.py:3096} INFO - Sync 1 DAGs
[2026-08-07T04:03:26.773+0000] {logging_mixin.py:188} INFO - [2026-08-07T04:03:26.773+0000] {dag.py:3954} INFO - Setting next_dagrun for json_batch_to_hdfs to 2026-08-07 04:00:00+00:00, run_after=2026-08-07 04:05:00+00:00
[2026-08-07T04:03:26.817+0000] {processor.py:183} INFO - Processing /opt/airflow/dags/json_to_hdfs_dag.py took 0.205 seconds
[2026-08-07T04:03:57.149+0000] {processor.py:161} INFO - Started process (PID=1353) to work on /opt/airflow/dags/json_to_hdfs_dag.py
[2026-08-07T04:03:57.151+0000] {processor.py:830} INFO - Processing file /opt/airflow/dags/json_to_hdfs_dag.py for tasks to queue
[2026-08-07T04:03:57.155+0000] {logging_mixin.py:188} INFO - [2026-08-07T04:03:57.154+0000] {dagbag.py:545} INFO - Filling up the DagBag from /opt/airflow/dags/json_to_hdfs_dag.py
[2026-08-07T04:03:57.203+0000] {processor.py:840} INFO - DAG(s) 'json_batch_to_hdfs' retrieved from /opt/airflow/dags/json_to_hdfs_dag.py
[2026-08-07T04:03:57.267+0000] {logging_mixin.py:188} INFO - [2026-08-07T04:03:57.266+0000] {dag.py:3096} INFO - Sync 1 DAGs
[2026-08-07T04:03:57.324+0000] {logging_mixin.py:188} INFO - [2026-08-07T04:03:57.322+0000] {dag.py:3954} INFO - Setting next_dagrun for json_batch_to_hdfs to 2026-08-07 04:00:00+00:00, run_after=2026-08-07 04:05:00+00:00
[2026-08-07T04:03:57.376+0000] {processor.py:183} INFO - Processing /opt/airflow/dags/json_to_hdfs_dag.py took 0.240 seconds
[2026-08-07T04:04:27.646+0000] {processor.py:161} INFO - Started process (PID=1354) to work on /opt/airflow/dags/json_to_hdfs_dag.py
[2026-08-07T04:04:27.649+0000] {processor.py:830} INFO - Processing file /opt/airflow/dags/json_to_hdfs_dag.py for tasks to queue
[2026-08-07T04:04:27.652+0000] {logging_mixin.py:188} INFO - [2026-08-07T04:04:27.651+0000] {dagbag.py:545} INFO - Filling up the DagBag from /opt/airflow/dags/json_to_hdfs_dag.py
[2026-08-07T04:04:27.698+0000] {processor.py:840} INFO - DAG(s) 'json_batch_to_hdfs' retrieved from /opt/airflow/dags/json_to_hdfs_dag.py
[2026-08-07T04:04:27.774+0000] {logging_mixin.py:188} INFO - [2026-08-07T04:04:27.773+0000] {dag.py:3096} INFO - Sync 1 DAGs
[2026-08-07T04:04:27.820+0000] {logging_mixin.py:188} INFO - [2026-08-07T04:04:27.819+0000] {dag.py:3954} INFO - Setting next_dagrun for json_batch_to_hdfs to 2026-08-07 04:00:00+00:00, run_after=2026-08-07 04:05:00+00:00
[2026-08-07T04:04:27.882+0000] {processor.py:183} INFO - Processing /opt/airflow/dags/json_to_hdfs_dag.py took 0.245 seconds
[2026-08-07T04:04:58.157+0000] {processor.py:161} INFO - Started process (PID=1355) to work on /opt/airflow/dags/json_to_hdfs_dag.py
[2026-08-07T04:04:58.161+0000] {processor.py:830} INFO - Processing file /opt/airflow/dags/json_to_hdfs_dag.py for tasks to queue
[2026-08-07T04:04:58.165+0000] {logging_mixin.py:188} INFO - [2026-08-07T04:04:58.165+0000] {dagbag.py:545} INFO - Filling up the DagBag from /opt/airflow/dags/json_to_hdfs_dag.py
[2026-08-07T04:04:58.210+0000] {processor.py:840} INFO - DAG(s) 'json_batch_to_hdfs' retrieved from /opt/airflow/dags/json_to_hdfs_dag.py
[2026-08-07T04:04:58.278+0000] {logging_mixin.py:188} INFO - [2026-08-07T04:04:58.277+0000] {dag.py:3096} INFO - Sync 1 DAGs
[2026-08-07T04:04:58.319+0000] {logging_mixin.py:188} INFO - [2026-08-07T04:04:58.318+0000] {dag.py:3954} INFO - Setting next_dagrun for json_batch_to_hdfs to 2026-08-07 04:00:00+00:00, run_after=2026-08-07 04:05:00+00:00
[2026-08-07T04:04:58.361+0000] {processor.py:183} INFO - Processing /opt/airflow/dags/json_to_hdfs_dag.py took 0.219 seconds
[2026-08-07T04:05:28.477+0000] {processor.py:161} INFO - Started process (PID=1365) to work on /opt/airflow/dags/json_to_hdfs_dag.py
[2026-08-07T04:05:28.480+0000] {processor.py:830} INFO - Processing file /opt/airflow/dags/json_to_hdfs_dag.py for tasks to queue
[2026-08-07T04:05:28.486+0000] {logging_mixin.py:188} INFO - [2026-08-07T04:05:28.484+0000] {dagbag.py:545} INFO - Filling up the DagBag from /opt/airflow/dags/json_to_hdfs_dag.py
[2026-08-07T04:05:28.535+0000] {processor.py:840} INFO - DAG(s) 'json_batch_to_hdfs' retrieved from /opt/airflow/dags/json_to_hdfs_dag.py
[2026-08-07T04:05:28.597+0000] {logging_mixin.py:188} INFO - [2026-08-07T04:05:28.597+0000] {dag.py:3096} INFO - Sync 1 DAGs
[2026-08-07T04:05:28.644+0000] {logging_mixin.py:188} INFO - [2026-08-07T04:05:28.644+0000] {dag.py:3954} INFO - Setting next_dagrun for json_batch_to_hdfs to 2026-08-07 04:05:00+00:00, run_after=2026-08-07 04:10:00+00:00
[2026-08-07T04:05:28.692+0000] {processor.py:183} INFO - Processing /opt/airflow/dags/json_to_hdfs_dag.py took 0.235 seconds
[2026-08-07T04:05:58.844+0000] {processor.py:161} INFO - Started process (PID=1366) to work on /opt/airflow/dags/json_to_hdfs_dag.py
[2026-08-07T04:05:58.847+0000] {processor.py:830} INFO - Processing file /opt/airflow/dags/json_to_hdfs_dag.py for tasks to queue
[2026-08-07T04:05:58.850+0000] {logging_mixin.py:188} INFO - [2026-08-07T04:05:58.849+0000] {dagbag.py:545} INFO - Filling up the DagBag from /opt/airflow/dags/json_to_hdfs_dag.py
[2026-08-07T04:05:58.893+0000] {processor.py:840} INFO - DAG(s) 'json_batch_to_hdfs' retrieved from /opt/airflow/dags/json_to_hdfs_dag.py
[2026-08-07T04:05:58.974+0000] {logging_mixin.py:188} INFO - [2026-08-07T04:05:58.973+0000] {dag.py:3096} INFO - Sync 1 DAGs
[2026-08-07T04:05:59.054+0000] {logging_mixin.py:188} INFO - [2026-08-07T04:05:59.054+0000] {dag.py:3954} INFO - Setting next_dagrun for json_batch_to_hdfs to 2026-08-07 04:05:00+00:00, run_after=2026-08-07 04:10:00+00:00
[2026-08-07T04:05:59.102+0000] {processor.py:183} INFO - Processing /opt/airflow/dags/json_to_hdfs_dag.py took 0.270 seconds
[2026-08-07T04:06:29.303+0000] {processor.py:161} INFO - Started process (PID=1367) to work on /opt/airflow/dags/json_to_hdfs_dag.py
[2026-08-07T04:06:29.307+0000] {processor.py:830} INFO - Processing file /opt/airflow/dags/json_to_hdfs_dag.py for tasks to queue
[2026-08-07T04:06:29.311+0000] {logging_mixin.py:188} INFO - [2026-08-07T04:06:29.310+0000] {dagbag.py:545} INFO - Filling up the DagBag from /opt/airflow/dags/json_to_hdfs_dag.py
[2026-08-07T04:06:29.388+0000] {processor.py:840} INFO - DAG(s) 'json_batch_to_hdfs' retrieved from /opt/airflow/dags/json_to_hdfs_dag.py
[2026-08-07T04:06:29.463+0000] {logging_mixin.py:188} INFO - [2026-08-07T04:06:29.463+0000] {dag.py:3096} INFO - Sync 1 DAGs
[2026-08-07T04:06:29.532+0000] {logging_mixin.py:188} INFO - [2026-08-07T04:06:29.532+0000] {dag.py:3954} INFO - Setting next_dagrun for json_batch_to_hdfs to 2026-08-07 04:05:00+00:00, run_after=2026-08-07 04:10:00+00:00
[2026-08-07T04:06:29.586+0000] {processor.py:183} INFO - Processing /opt/airflow/dags/json_to_hdfs_dag.py took 0.299 seconds
[2026-08-07T04:06:59.666+0000] {processor.py:161} INFO - Started process (PID=1368) to work on /opt/airflow/dags/json_to_hdfs_dag.py
[2026-08-07T04:06:59.668+0000] {processor.py:830} INFO - Processing file /opt/airflow/dags/json_to_hdfs_dag.py for tasks to queue
[2026-08-07T04:06:59.672+0000] {logging_mixin.py:188} INFO - [2026-08-07T04:06:59.671+0000] {dagbag.py:545} INFO - Filling up the DagBag from /opt/airflow/dags/json_to_hdfs_dag.py
[2026-08-07T04:06:59.717+0000] {processor.py:840} INFO - DAG(s) 'json_batch_to_hdfs' retrieved from /opt/airflow/dags/json_to_hdfs_dag.py
[2026-08-07T04:06:59.774+0000] {logging_mixin.py:188} INFO - [2026-08-07T04:06:59.774+0000] {dag.py:3096} INFO - Sync 1 DAGs
[2026-08-07T04:06:59.816+0000] {logging_mixin.py:188} INFO - [2026-08-07T04:06:59.816+0000] {dag.py:3954} INFO - Setting next_dagrun for json_batch_to_hdfs to 2026-08-07 04:05:00+00:00, run_after=2026-08-07 04:10:00+00:00
[2026-08-07T04:06:59.849+0000] {processor.py:183} INFO - Processing /opt/airflow/dags/json_to_hdfs_dag.py took 0.192 seconds
[2026-08-07T04:07:30.080+0000] {processor.py:161} INFO - Started process (PID=1369) to work on /opt/airflow/dags/json_to_hdfs_dag.py
[2026-08-07T04:07:30.083+0000] {processor.py:830} INFO - Processing file /opt/airflow/dags/json_to_hdfs_dag.py for tasks to queue
[2026-08-07T04:07:30.088+0000] {logging_mixin.py:188} INFO - [2026-08-07T04:07:30.087+0000] {dagbag.py:545} INFO - Filling up the DagBag from /opt/airflow/dags/json_to_hdfs_dag.py
[2026-08-07T04:07:30.133+0000] {processor.py:840} INFO - DAG(s) 'json_batch_to_hdfs' retrieved from /opt/airflow/dags/json_to_hdfs_dag.py
[2026-08-07T04:07:30.181+0000] {logging_mixin.py:188} INFO - [2026-08-07T04:07:30.180+0000] {dag.py:3096} INFO - Sync 1 DAGs
[2026-08-07T04:07:30.218+0000] {logging_mixin.py:188} INFO - [2026-08-07T04:07:30.218+0000] {dag.py:3954} INFO - Setting next_dagrun for json_batch_to_hdfs to 2026-08-07 04:05:00+00:00, run_after=2026-08-07 04:10:00+00:00
[2026-08-07T04:07:30.258+0000] {processor.py:183} INFO - Processing /opt/airflow/dags/json_to_hdfs_dag.py took 0.188 seconds
[2026-08-07T04:08:00.486+0000] {processor.py:161} INFO - Started process (PID=1370) to work on /opt/airflow/dags/json_to_hdfs_dag.py
[2026-08-07T04:08:00.489+0000] {processor.py:830} INFO - Processing file /opt/airflow/dags/json_to_hdfs_dag.py for tasks to queue
[2026-08-07T04:08:00.494+0000] {logging_mixin.py:188} INFO - [2026-08-07T04:08:00.494+0000] {dagbag.py:545} INFO - Filling up the DagBag from /opt/airflow/dags/json_to_hdfs_dag.py
[2026-08-07T04:08:00.541+0000] {processor.py:840} INFO - DAG(s) 'json_batch_to_hdfs' retrieved from /opt/airflow/dags/json_to_hdfs_dag.py
[2026-08-07T04:08:00.616+0000] {logging_mixin.py:188} INFO - [2026-08-07T04:08:00.616+0000] {dag.py:3096} INFO - Sync 1 DAGs
[2026-08-07T04:08:00.658+0000] {logging_mixin.py:188} INFO - [2026-08-07T04:08:00.658+0000] {dag.py:3954} INFO - Setting next_dagrun for json_batch_to_hdfs to 2026-08-07 04:05:00+00:00, run_after=2026-08-07 04:10:00+00:00
[2026-08-07T04:08:00.696+0000] {processor.py:183} INFO - Processing /opt/airflow/dags/json_to_hdfs_dag.py took 0.218 seconds
[2026-08-07T04:08:30.971+0000] {processor.py:161} INFO - Started process (PID=1371) to work on /opt/airflow/dags/json_to_hdfs_dag.py
[2026-08-07T04:08:30.974+0000] {processor.py:830} INFO - Processing file /opt/airflow/dags/json_to_hdfs_dag.py for tasks to queue
[2026-08-07T04:08:30.979+0000] {logging_mixin.py:188} INFO - [2026-08-07T04:08:30.978+0000] {dagbag.py:545} INFO - Filling up the DagBag from /opt/airflow/dags/json_to_hdfs_dag.py
[2026-08-07T04:08:31.030+0000] {processor.py:840} INFO - DAG(s) 'json_batch_to_hdfs' retrieved from /opt/airflow/dags/json_to_hdfs_dag.py
[2026-08-07T04:08:31.088+0000] {logging_mixin.py:188} INFO - [2026-08-07T04:08:31.088+0000] {dag.py:3096} INFO - Sync 1 DAGs
[2026-08-07T04:08:31.127+0000] {logging_mixin.py:188} INFO - [2026-08-07T04:08:31.127+0000] {dag.py:3954} INFO - Setting next_dagrun for json_batch_to_hdfs to 2026-08-07 04:05:00+00:00, run_after=2026-08-07 04:10:00+00:00
[2026-08-07T04:08:31.166+0000] {processor.py:183} INFO - Processing /opt/airflow/dags/json_to_hdfs_dag.py took 0.205 seconds
[2026-08-07T04:09:01.490+0000] {processor.py:161} INFO - Started process (PID=1372) to work on /opt/airflow/dags/json_to_hdfs_dag.py
[2026-08-07T04:09:01.494+0000] {processor.py:830} INFO - Processing file /opt/airflow/dags/json_to_hdfs_dag.py for tasks to queue
[2026-08-07T04:09:01.496+0000] {logging_mixin.py:188} INFO - [2026-08-07T04:09:01.496+0000] {dagbag.py:545} INFO - Filling up the DagBag from /opt/airflow/dags/json_to_hdfs_dag.py
[2026-08-07T04:09:01.537+0000] {processor.py:840} INFO - DAG(s) 'json_batch_to_hdfs' retrieved from /opt/airflow/dags/json_to_hdfs_dag.py
[2026-08-07T04:09:01.617+0000] {logging_mixin.py:188} INFO - [2026-08-07T04:09:01.617+0000] {dag.py:3096} INFO - Sync 1 DAGs
[2026-08-07T04:09:01.675+0000] {logging_mixin.py:188} INFO - [2026-08-07T04:09:01.675+0000] {dag.py:3954} INFO - Setting next_dagrun for json_batch_to_hdfs to 2026-08-07 04:05:00+00:00, run_after=2026-08-07 04:10:00+00:00
[2026-08-07T04:09:01.724+0000] {processor.py:183} INFO - Processing /opt/airflow/dags/json_to_hdfs_dag.py took 0.244 seconds
[2026-08-07T04:09:32.025+0000] {processor.py:161} INFO - Started process (PID=1373) to work on /opt/airflow/dags/json_to_hdfs_dag.py
[2026-08-07T04:09:32.029+0000] {processor.py:830} INFO - Processing file /opt/airflow/dags/json_to_hdfs_dag.py for tasks to queue
[2026-08-07T04:09:32.033+0000] {logging_mixin.py:188} INFO - [2026-08-07T04:09:32.032+0000] {dagbag.py:545} INFO - Filling up the DagBag from /opt/airflow/dags/json_to_hdfs_dag.py
[2026-08-07T04:09:32.084+0000] {processor.py:840} INFO - DAG(s) 'json_batch_to_hdfs' retrieved from /opt/airflow/dags/json_to_hdfs_dag.py
[2026-08-07T04:09:32.143+0000] {logging_mixin.py:188} INFO - [2026-08-07T04:09:32.143+0000] {dag.py:3096} INFO - Sync 1 DAGs
[2026-08-07T04:09:32.192+0000] {logging_mixin.py:188} INFO - [2026-08-07T04:09:32.191+0000] {dag.py:3954} INFO - Setting next_dagrun for json_batch_to_hdfs to 2026-08-07 04:05:00+00:00, run_after=2026-08-07 04:10:00+00:00
[2026-08-07T04:09:32.229+0000] {processor.py:183} INFO - Processing /opt/airflow/dags/json_to_hdfs_dag.py took 0.215 seconds
[2026-08-07T04:10:02.553+0000] {processor.py:161} INFO - Started process (PID=1375) to work on /opt/airflow/dags/json_to_hdfs_dag.py
[2026-08-07T04:10:02.569+0000] {processor.py:830} INFO - Processing file /opt/airflow/dags/json_to_hdfs_dag.py for tasks to queue
[2026-08-07T04:10:02.580+0000] {logging_mixin.py:188} INFO - [2026-08-07T04:10:02.579+0000] {dagbag.py:545} INFO - Filling up the DagBag from /opt/airflow/dags/json_to_hdfs_dag.py
[2026-08-07T04:10:02.877+0000] {processor.py:840} INFO - DAG(s) 'json_batch_to_hdfs' retrieved from /opt/airflow/dags/json_to_hdfs_dag.py
[2026-08-07T04:10:02.952+0000] {logging_mixin.py:188} INFO - [2026-08-07T04:10:02.952+0000] {dag.py:3096} INFO - Sync 1 DAGs
[2026-08-07T04:10:03.033+0000] {processor.py:183} INFO - Processing /opt/airflow/dags/json_to_hdfs_dag.py took 0.516 seconds
[2026-08-07T04:10:33.346+0000] {processor.py:161} INFO - Started process (PID=1384) to work on /opt/airflow/dags/json_to_hdfs_dag.py
[2026-08-07T04:10:33.348+0000] {processor.py:830} INFO - Processing file /opt/airflow/dags/json_to_hdfs_dag.py for tasks to queue
[2026-08-07T04:10:33.352+0000] {logging_mixin.py:188} INFO - [2026-08-07T04:10:33.351+0000] {dagbag.py:545} INFO - Filling up the DagBag from /opt/airflow/dags/json_to_hdfs_dag.py
[2026-08-07T04:10:33.428+0000] {processor.py:840} INFO - DAG(s) 'json_batch_to_hdfs' retrieved from /opt/airflow/dags/json_to_hdfs_dag.py
[2026-08-07T04:10:33.520+0000] {logging_mixin.py:188} INFO - [2026-08-07T04:10:33.520+0000] {dag.py:3096} INFO - Sync 1 DAGs
[2026-08-07T04:10:33.614+0000] {logging_mixin.py:188} INFO - [2026-08-07T04:10:33.614+0000] {dag.py:3954} INFO - Setting next_dagrun for json_batch_to_hdfs to 2026-08-07 04:10:00+00:00, run_after=2026-08-07 04:15:00+00:00
[2026-08-07T04:10:33.653+0000] {processor.py:183} INFO - Processing /opt/airflow/dags/json_to_hdfs_dag.py took 0.321 seconds
[2026-08-07T04:11:04.084+0000] {processor.py:161} INFO - Started process (PID=1385) to work on /opt/airflow/dags/json_to_hdfs_dag.py
[2026-08-07T04:11:04.094+0000] {processor.py:830} INFO - Processing file /opt/airflow/dags/json_to_hdfs_dag.py for tasks to queue
[2026-08-07T04:11:04.100+0000] {logging_mixin.py:188} INFO - [2026-08-07T04:11:04.099+0000] {dagbag.py:545} INFO - Filling up the DagBag from /opt/airflow/dags/json_to_hdfs_dag.py
[2026-08-07T04:11:04.212+0000] {processor.py:840} INFO - DAG(s) 'json_batch_to_hdfs' retrieved from /opt/airflow/dags/json_to_hdfs_dag.py
[2026-08-07T04:11:04.500+0000] {logging_mixin.py:188} INFO - [2026-08-07T04:11:04.499+0000] {dag.py:3096} INFO - Sync 1 DAGs
[2026-08-07T04:11:04.779+0000] {logging_mixin.py:188} INFO - [2026-08-07T04:11:04.778+0000] {dag.py:3954} INFO - Setting next_dagrun for json_batch_to_hdfs to 2026-08-07 04:10:00+00:00, run_after=2026-08-07 04:15:00+00:00
[2026-08-07T04:11:04.858+0000] {processor.py:183} INFO - Processing /opt/airflow/dags/json_to_hdfs_dag.py took 0.840 seconds
[2026-08-07T04:11:35.235+0000] {processor.py:161} INFO - Started process (PID=1392) to work on /opt/airflow/dags/json_to_hdfs_dag.py
[2026-08-07T04:11:35.270+0000] {processor.py:830} INFO - Processing file /opt/airflow/dags/json_to_hdfs_dag.py for tasks to queue
[2026-08-07T04:11:35.286+0000] {logging_mixin.py:188} INFO - [2026-08-07T04:11:35.283+0000] {dagbag.py:545} INFO - Filling up the DagBag from /opt/airflow/dags/json_to_hdfs_dag.py
[2026-08-07T04:11:35.533+0000] {processor.py:840} INFO - DAG(s) 'json_batch_to_hdfs' retrieved from /opt/airflow/dags/json_to_hdfs_dag.py
[2026-08-07T04:11:36.181+0000] {logging_mixin.py:188} INFO - [2026-08-07T04:11:36.181+0000] {dag.py:3096} INFO - Sync 1 DAGs
[2026-08-07T04:11:36.470+0000] {logging_mixin.py:188} INFO - [2026-08-07T04:11:36.470+0000] {dag.py:3954} INFO - Setting next_dagrun for json_batch_to_hdfs to 2026-08-07 04:10:00+00:00, run_after=2026-08-07 04:15:00+00:00
[2026-08-07T04:11:36.989+0000] {processor.py:183} INFO - Processing /opt/airflow/dags/json_to_hdfs_dag.py took 1.838 seconds
[2026-08-07T04:12:07.619+0000] {processor.py:161} INFO - Started process (PID=1393) to work on /opt/airflow/dags/json_to_hdfs_dag.py
[2026-08-07T04:12:07.633+0000] {processor.py:830} INFO - Processing file /opt/airflow/dags/json_to_hdfs_dag.py for tasks to queue
[2026-08-07T04:12:07.640+0000] {logging_mixin.py:188} INFO - [2026-08-07T04:12:07.638+0000] {dagbag.py:545} INFO - Filling up the DagBag from /opt/airflow/dags/json_to_hdfs_dag.py
[2026-08-07T04:12:08.317+0000] {processor.py:840} INFO - DAG(s) 'json_batch_to_hdfs' retrieved from /opt/airflow/dags/json_to_hdfs_dag.py
[2026-08-07T04:12:08.708+0000] {logging_mixin.py:188} INFO - [2026-08-07T04:12:08.706+0000] {dag.py:3096} INFO - Sync 1 DAGs
[2026-08-07T04:12:09.091+0000] {logging_mixin.py:188} INFO - [2026-08-07T04:12:09.090+0000] {dag.py:3954} INFO - Setting next_dagrun for json_batch_to_hdfs to 2026-08-07 04:10:00+00:00, run_after=2026-08-07 04:15:00+00:00
[2026-08-07T04:12:09.234+0000] {processor.py:183} INFO - Processing /opt/airflow/dags/json_to_hdfs_dag.py took 1.715 seconds
[2026-08-07T04:12:39.956+0000] {processor.py:161} INFO - Started process (PID=1394) to work on /opt/airflow/dags/json_to_hdfs_dag.py
[2026-08-07T04:12:39.960+0000] {processor.py:830} INFO - Processing file /opt/airflow/dags/json_to_hdfs_dag.py for tasks to queue
[2026-08-07T04:12:39.965+0000] {logging_mixin.py:188} INFO - [2026-08-07T04:12:39.964+0000] {dagbag.py:545} INFO - Filling up the DagBag from /opt/airflow/dags/json_to_hdfs_dag.py
[2026-08-07T04:12:40.018+0000] {processor.py:840} INFO - DAG(s) 'json_batch_to_hdfs' retrieved from /opt/airflow/dags/json_to_hdfs_dag.py
[2026-08-07T04:12:40.107+0000] {logging_mixin.py:188} INFO - [2026-08-07T04:12:40.107+0000] {dag.py:3096} INFO - Sync 1 DAGs
[2026-08-07T04:12:40.179+0000] {logging_mixin.py:188} INFO - [2026-08-07T04:12:40.179+0000] {dag.py:3954} INFO - Setting next_dagrun for json_batch_to_hdfs to 2026-08-07 04:10:00+00:00, run_after=2026-08-07 04:15:00+00:00
[2026-08-07T04:12:40.248+0000] {processor.py:183} INFO - Processing /opt/airflow/dags/json_to_hdfs_dag.py took 0.306 seconds
[2026-08-07T04:13:10.531+0000] {processor.py:161} INFO - Started process (PID=1395) to work on /opt/airflow/dags/json_to_hdfs_dag.py
[2026-08-07T04:13:10.534+0000] {processor.py:830} INFO - Processing file /opt/airflow/dags/json_to_hdfs_dag.py for tasks to queue
[2026-08-07T04:13:10.537+0000] {logging_mixin.py:188} INFO - [2026-08-07T04:13:10.537+0000] {dagbag.py:545} INFO - Filling up the DagBag from /opt/airflow/dags/json_to_hdfs_dag.py
[2026-08-07T04:13:10.576+0000] {processor.py:840} INFO - DAG(s) 'json_batch_to_hdfs' retrieved from /opt/airflow/dags/json_to_hdfs_dag.py
[2026-08-07T04:13:10.628+0000] {logging_mixin.py:188} INFO - [2026-08-07T04:13:10.628+0000] {dag.py:3096} INFO - Sync 1 DAGs
[2026-08-07T04:13:10.667+0000] {logging_mixin.py:188} INFO - [2026-08-07T04:13:10.667+0000] {dag.py:3954} INFO - Setting next_dagrun for json_batch_to_hdfs to 2026-08-07 04:10:00+00:00, run_after=2026-08-07 04:15:00+00:00
[2026-08-07T04:13:10.702+0000] {processor.py:183} INFO - Processing /opt/airflow/dags/json_to_hdfs_dag.py took 0.183 seconds
[2026-08-07T04:13:40.972+0000] {processor.py:161} INFO - Started process (PID=1396) to work on /opt/airflow/dags/json_to_hdfs_dag.py
[2026-08-07T04:13:40.977+0000] {processor.py:830} INFO - Processing file /opt/airflow/dags/json_to_hdfs_dag.py for tasks to queue
[2026-08-07T04:13:40.982+0000] {logging_mixin.py:188} INFO - [2026-08-07T04:13:40.981+0000] {dagbag.py:545} INFO - Filling up the DagBag from /opt/airflow/dags/json_to_hdfs_dag.py
[2026-08-07T04:13:41.022+0000] {processor.py:840} INFO - DAG(s) 'json_batch_to_hdfs' retrieved from /opt/airflow/dags/json_to_hdfs_dag.py
[2026-08-07T04:13:41.068+0000] {logging_mixin.py:188} INFO - [2026-08-07T04:13:41.068+0000] {dag.py:3096} INFO - Sync 1 DAGs
[2026-08-07T04:13:41.104+0000] {logging_mixin.py:188} INFO - [2026-08-07T04:13:41.103+0000] {dag.py:3954} INFO - Setting next_dagrun for json_batch_to_hdfs to 2026-08-07 04:10:00+00:00, run_after=2026-08-07 04:15:00+00:00
[2026-08-07T04:13:41.136+0000] {processor.py:183} INFO - Processing /opt/airflow/dags/json_to_hdfs_dag.py took 0.173 seconds
[2026-08-07T04:14:11.209+0000] {processor.py:161} INFO - Started process (PID=1397) to work on /opt/airflow/dags/json_to_hdfs_dag.py
[2026-08-07T04:14:11.212+0000] {processor.py:830} INFO - Processing file /opt/airflow/dags/json_to_hdfs_dag.py for tasks to queue
[2026-08-07T04:14:11.215+0000] {logging_mixin.py:188} INFO - [2026-08-07T04:14:11.215+0000] {dagbag.py:545} INFO - Filling up the DagBag from /opt/airflow/dags/json_to_hdfs_dag.py
[2026-08-07T04:14:11.257+0000] {processor.py:840} INFO - DAG(s) 'json_batch_to_hdfs' retrieved from /opt/airflow/dags/json_to_hdfs_dag.py
[2026-08-07T04:14:11.302+0000] {logging_mixin.py:188} INFO - [2026-08-07T04:14:11.301+0000] {dag.py:3096} INFO - Sync 1 DAGs
[2026-08-07T04:14:11.340+0000] {logging_mixin.py:188} INFO - [2026-08-07T04:14:11.340+0000] {dag.py:3954} INFO - Setting next_dagrun for json_batch_to_hdfs to 2026-08-07 04:10:00+00:00, run_after=2026-08-07 04:15:00+00:00
[2026-08-07T04:14:11.380+0000] {processor.py:183} INFO - Processing /opt/airflow/dags/json_to_hdfs_dag.py took 0.181 seconds
[2026-08-07T04:14:41.643+0000] {processor.py:161} INFO - Started process (PID=1398) to work on /opt/airflow/dags/json_to_hdfs_dag.py
[2026-08-07T04:14:41.645+0000] {processor.py:830} INFO - Processing file /opt/airflow/dags/json_to_hdfs_dag.py for tasks to queue
[2026-08-07T04:14:41.650+0000] {logging_mixin.py:188} INFO - [2026-08-07T04:14:41.649+0000] {dagbag.py:545} INFO - Filling up the DagBag from /opt/airflow/dags/json_to_hdfs_dag.py
[2026-08-07T04:14:41.703+0000] {processor.py:840} INFO - DAG(s) 'json_batch_to_hdfs' retrieved from /opt/airflow/dags/json_to_hdfs_dag.py
[2026-08-07T04:14:41.794+0000] {logging_mixin.py:188} INFO - [2026-08-07T04:14:41.793+0000] {dag.py:3096} INFO - Sync 1 DAGs
[2026-08-07T04:14:41.864+0000] {logging_mixin.py:188} INFO - [2026-08-07T04:14:41.864+0000] {dag.py:3954} INFO - Setting next_dagrun for json_batch_to_hdfs to 2026-08-07 04:10:00+00:00, run_after=2026-08-07 04:15:00+00:00
[2026-08-07T04:14:41.904+0000] {processor.py:183} INFO - Processing /opt/airflow/dags/json_to_hdfs_dag.py took 0.272 seconds
[2026-08-07T04:15:12.187+0000] {processor.py:161} INFO - Started process (PID=1408) to work on /opt/airflow/dags/json_to_hdfs_dag.py
[2026-08-07T04:15:12.190+0000] {processor.py:830} INFO - Processing file /opt/airflow/dags/json_to_hdfs_dag.py for tasks to queue
[2026-08-07T04:15:12.194+0000] {logging_mixin.py:188} INFO - [2026-08-07T04:15:12.193+0000] {dagbag.py:545} INFO - Filling up the DagBag from /opt/airflow/dags/json_to_hdfs_dag.py
[2026-08-07T04:15:12.244+0000] {processor.py:840} INFO - DAG(s) 'json_batch_to_hdfs' retrieved from /opt/airflow/dags/json_to_hdfs_dag.py
[2026-08-07T04:15:12.327+0000] {logging_mixin.py:188} INFO - [2026-08-07T04:15:12.326+0000] {dag.py:3096} INFO - Sync 1 DAGs
[2026-08-07T04:15:12.392+0000] {logging_mixin.py:188} INFO - [2026-08-07T04:15:12.391+0000] {dag.py:3954} INFO - Setting next_dagrun for json_batch_to_hdfs to 2026-08-07 04:15:00+00:00, run_after=2026-08-07 04:20:00+00:00
[2026-08-07T04:15:12.432+0000] {processor.py:183} INFO - Processing /opt/airflow/dags/json_to_hdfs_dag.py took 0.260 seconds
[2026-08-07T04:15:42.646+0000] {processor.py:161} INFO - Started process (PID=1409) to work on /opt/airflow/dags/json_to_hdfs_dag.py
[2026-08-07T04:15:42.649+0000] {processor.py:830} INFO - Processing file /opt/airflow/dags/json_to_hdfs_dag.py for tasks to queue
[2026-08-07T04:15:42.655+0000] {logging_mixin.py:188} INFO - [2026-08-07T04:15:42.654+0000] {dagbag.py:545} INFO - Filling up the DagBag from /opt/airflow/dags/json_to_hdfs_dag.py
[2026-08-07T04:15:42.706+0000] {processor.py:840} INFO - DAG(s) 'json_batch_to_hdfs' retrieved from /opt/airflow/dags/json_to_hdfs_dag.py
[2026-08-07T04:15:42.790+0000] {logging_mixin.py:188} INFO - [2026-08-07T04:15:42.790+0000] {dag.py:3096} INFO - Sync 1 DAGs
[2026-08-07T04:15:42.850+0000] {logging_mixin.py:188} INFO - [2026-08-07T04:15:42.849+0000] {dag.py:3954} INFO - Setting next_dagrun for json_batch_to_hdfs to 2026-08-07 04:15:00+00:00, run_after=2026-08-07 04:20:00+00:00
[2026-08-07T04:15:42.896+0000] {processor.py:183} INFO - Processing /opt/airflow/dags/json_to_hdfs_dag.py took 0.261 seconds
[2026-08-07T04:16:13.180+0000] {processor.py:161} INFO - Started process (PID=1410) to work on /opt/airflow/dags/json_to_hdfs_dag.py
[2026-08-07T04:16:13.182+0000] {processor.py:830} INFO - Processing file /opt/airflow/dags/json_to_hdfs_dag.py for tasks to queue
[2026-08-07T04:16:13.187+0000] {logging_mixin.py:188} INFO - [2026-08-07T04:16:13.186+0000] {dagbag.py:545} INFO - Filling up the DagBag from /opt/airflow/dags/json_to_hdfs_dag.py
[2026-08-07T04:16:13.231+0000] {processor.py:840} INFO - DAG(s) 'json_batch_to_hdfs' retrieved from /opt/airflow/dags/json_to_hdfs_dag.py
[2026-08-07T04:16:13.289+0000] {logging_mixin.py:188} INFO - [2026-08-07T04:16:13.288+0000] {dag.py:3096} INFO - Sync 1 DAGs
[2026-08-07T04:16:13.332+0000] {logging_mixin.py:188} INFO - [2026-08-07T04:16:13.331+0000] {dag.py:3954} INFO - Setting next_dagrun for json_batch_to_hdfs to 2026-08-07 04:15:00+00:00, run_after=2026-08-07 04:20:00+00:00
[2026-08-07T04:16:13.371+0000] {processor.py:183} INFO - Processing /opt/airflow/dags/json_to_hdfs_dag.py took 0.202 seconds
[2026-08-07T04:16:43.658+0000] {processor.py:161} INFO - Started process (PID=1411) to work on /opt/airflow/dags/json_to_hdfs_dag.py
[2026-08-07T04:16:43.661+0000] {processor.py:830} INFO - Processing file /opt/airflow/dags/json_to_hdfs_dag.py for tasks to queue
[2026-08-07T04:16:43.666+0000] {logging_mixin.py:188} INFO - [2026-08-07T04:16:43.665+0000] {dagbag.py:545} INFO - Filling up the DagBag from /opt/airflow/dags/json_to_hdfs_dag.py
[2026-08-07T04:16:43.712+0000] {processor.py:840} INFO - DAG(s) 'json_batch_to_hdfs' retrieved from /opt/airflow/dags/json_to_hdfs_dag.py
[2026-08-07T04:16:43.776+0000] {logging_mixin.py:188} INFO - [2026-08-07T04:16:43.776+0000] {dag.py:3096} INFO - Sync 1 DAGs
[2026-08-07T04:16:43.826+0000] {logging_mixin.py:188} INFO - [2026-08-07T04:16:43.825+0000] {dag.py:3954} INFO - Setting next_dagrun for json_batch_to_hdfs to 2026-08-07 04:15:00+00:00, run_after=2026-08-07 04:20:00+00:00
[2026-08-07T04:16:43.860+0000] {processor.py:183} INFO - Processing /opt/airflow/dags/json_to_hdfs_dag.py took 0.210 seconds
[2026-08-07T04:17:14.157+0000] {processor.py:161} INFO - Started process (PID=1412) to work on /opt/airflow/dags/json_to_hdfs_dag.py
[2026-08-07T04:17:14.160+0000] {processor.py:830} INFO - Processing file /opt/airflow/dags/json_to_hdfs_dag.py for tasks to queue
[2026-08-07T04:17:14.162+0000] {logging_mixin.py:188} INFO - [2026-08-07T04:17:14.162+0000] {dagbag.py:545} INFO - Filling up the DagBag from /opt/airflow/dags/json_to_hdfs_dag.py
[2026-08-07T04:17:14.205+0000] {processor.py:840} INFO - DAG(s) 'json_batch_to_hdfs' retrieved from /opt/airflow/dags/json_to_hdfs_dag.py
[2026-08-07T04:17:14.256+0000] {logging_mixin.py:188} INFO - [2026-08-07T04:17:14.255+0000] {dag.py:3096} INFO - Sync 1 DAGs
[2026-08-07T04:17:14.308+0000] {logging_mixin.py:188} INFO - [2026-08-07T04:17:14.308+0000] {dag.py:3954} INFO - Setting next_dagrun for json_batch_to_hdfs to 2026-08-07 04:15:00+00:00, run_after=2026-08-07 04:20:00+00:00
[2026-08-07T04:17:14.348+0000] {processor.py:183} INFO - Processing /opt/airflow/dags/json_to_hdfs_dag.py took 0.200 seconds
[2026-08-07T04:17:44.628+0000] {processor.py:161} INFO - Started process (PID=1413) to work on /opt/airflow/dags/json_to_hdfs_dag.py
[2026-08-07T04:17:44.631+0000] {processor.py:830} INFO - Processing file /opt/airflow/dags/json_to_hdfs_dag.py for tasks to queue
[2026-08-07T04:17:44.638+0000] {logging_mixin.py:188} INFO - [2026-08-07T04:17:44.637+0000] {dagbag.py:545} INFO - Filling up the DagBag from /opt/airflow/dags/json_to_hdfs_dag.py
[2026-08-07T04:17:44.690+0000] {processor.py:840} INFO - DAG(s) 'json_batch_to_hdfs' retrieved from /opt/airflow/dags/json_to_hdfs_dag.py
[2026-08-07T04:17:44.767+0000] {logging_mixin.py:188} INFO - [2026-08-07T04:17:44.767+0000] {dag.py:3096} INFO - Sync 1 DAGs
[2026-08-07T04:17:44.838+0000] {logging_mixin.py:188} INFO - [2026-08-07T04:17:44.838+0000] {dag.py:3954} INFO - Setting next_dagrun for json_batch_to_hdfs to 2026-08-07 04:15:00+00:00, run_after=2026-08-07 04:20:00+00:00
[2026-08-07T04:17:44.917+0000] {processor.py:183} INFO - Processing /opt/airflow/dags/json_to_hdfs_dag.py took 0.303 seconds
[2026-08-07T04:18:15.379+0000] {processor.py:161} INFO - Started process (PID=1414) to work on /opt/airflow/dags/json_to_hdfs_dag.py
[2026-08-07T04:18:15.385+0000] {processor.py:830} INFO - Processing file /opt/airflow/dags/json_to_hdfs_dag.py for tasks to queue
[2026-08-07T04:18:15.395+0000] {logging_mixin.py:188} INFO - [2026-08-07T04:18:15.394+0000] {dagbag.py:545} INFO - Filling up the DagBag from /opt/airflow/dags/json_to_hdfs_dag.py
[2026-08-07T04:18:15.521+0000] {processor.py:840} INFO - DAG(s) 'json_batch_to_hdfs' retrieved from /opt/airflow/dags/json_to_hdfs_dag.py
[2026-08-07T04:18:15.643+0000] {logging_mixin.py:188} INFO - [2026-08-07T04:18:15.643+0000] {dag.py:3096} INFO - Sync 1 DAGs
[2026-08-07T04:18:15.723+0000] {logging_mixin.py:188} INFO - [2026-08-07T04:18:15.723+0000] {dag.py:3954} INFO - Setting next_dagrun for json_batch_to_hdfs to 2026-08-07 04:15:00+00:00, run_after=2026-08-07 04:20:00+00:00
[2026-08-07T04:18:15.784+0000] {processor.py:183} INFO - Processing /opt/airflow/dags/json_to_hdfs_dag.py took 0.438 seconds
[2026-08-07T04:18:46.086+0000] {processor.py:161} INFO - Started process (PID=1415) to work on /opt/airflow/dags/json_to_hdfs_dag.py
[2026-08-07T04:18:46.088+0000] {processor.py:830} INFO - Processing file /opt/airflow/dags/json_to_hdfs_dag.py for tasks to queue
[2026-08-07T04:18:46.090+0000] {logging_mixin.py:188} INFO - [2026-08-07T04:18:46.090+0000] {dagbag.py:545} INFO - Filling up the DagBag from /opt/airflow/dags/json_to_hdfs_dag.py
[2026-08-07T04:18:46.121+0000] {processor.py:840} INFO - DAG(s) 'json_batch_to_hdfs' retrieved from /opt/airflow/dags/json_to_hdfs_dag.py
[2026-08-07T04:18:46.162+0000] {logging_mixin.py:188} INFO - [2026-08-07T04:18:46.161+0000] {dag.py:3096} INFO - Sync 1 DAGs
[2026-08-07T04:18:46.199+0000] {logging_mixin.py:188} INFO - [2026-08-07T04:18:46.199+0000] {dag.py:3954} INFO - Setting next_dagrun for json_batch_to_hdfs to 2026-08-07 04:15:00+00:00, run_after=2026-08-07 04:20:00+00:00
[2026-08-07T04:18:46.249+0000] {processor.py:183} INFO - Processing /opt/airflow/dags/json_to_hdfs_dag.py took 0.170 seconds
[2026-08-07T04:19:16.355+0000] {processor.py:161} INFO - Started process (PID=1416) to work on /opt/airflow/dags/json_to_hdfs_dag.py
[2026-08-07T04:19:16.358+0000] {processor.py:830} INFO - Processing file /opt/airflow/dags/json_to_hdfs_dag.py for tasks to queue
[2026-08-07T04:19:16.361+0000] {logging_mixin.py:188} INFO - [2026-08-07T04:19:16.360+0000] {dagbag.py:545} INFO - Filling up the DagBag from /opt/airflow/dags/json_to_hdfs_dag.py
[2026-08-07T04:19:16.403+0000] {processor.py:840} INFO - DAG(s) 'json_batch_to_hdfs' retrieved from /opt/airflow/dags/json_to_hdfs_dag.py
[2026-08-07T04:19:16.445+0000] {logging_mixin.py:188} INFO - [2026-08-07T04:19:16.445+0000] {dag.py:3096} INFO - Sync 1 DAGs
[2026-08-07T04:19:16.478+0000] {logging_mixin.py:188} INFO - [2026-08-07T04:19:16.478+0000] {dag.py:3954} INFO - Setting next_dagrun for json_batch_to_hdfs to 2026-08-07 04:15:00+00:00, run_after=2026-08-07 04:20:00+00:00
[2026-08-07T04:19:16.514+0000] {processor.py:183} INFO - Processing /opt/airflow/dags/json_to_hdfs_dag.py took 0.167 seconds
[2026-08-07T04:19:46.636+0000] {processor.py:161} INFO - Started process (PID=1417) to work on /opt/airflow/dags/json_to_hdfs_dag.py
[2026-08-07T04:19:46.640+0000] {processor.py:830} INFO - Processing file /opt/airflow/dags/json_to_hdfs_dag.py for tasks to queue
[2026-08-07T04:19:46.644+0000] {logging_mixin.py:188} INFO - [2026-08-07T04:19:46.643+0000] {dagbag.py:545} INFO - Filling up the DagBag from /opt/airflow/dags/json_to_hdfs_dag.py
[2026-08-07T04:19:46.685+0000] {processor.py:840} INFO - DAG(s) 'json_batch_to_hdfs' retrieved from /opt/airflow/dags/json_to_hdfs_dag.py
[2026-08-07T04:19:46.747+0000] {logging_mixin.py:188} INFO - [2026-08-07T04:19:46.746+0000] {dag.py:3096} INFO - Sync 1 DAGs
[2026-08-07T04:19:46.798+0000] {logging_mixin.py:188} INFO - [2026-08-07T04:19:46.797+0000] {dag.py:3954} INFO - Setting next_dagrun for json_batch_to_hdfs to 2026-08-07 04:15:00+00:00, run_after=2026-08-07 04:20:00+00:00
[2026-08-07T04:19:46.850+0000] {processor.py:183} INFO - Processing /opt/airflow/dags/json_to_hdfs_dag.py took 0.246 seconds
[2026-08-07T04:20:17.122+0000] {processor.py:161} INFO - Started process (PID=1427) to work on /opt/airflow/dags/json_to_hdfs_dag.py
[2026-08-07T04:20:17.125+0000] {processor.py:830} INFO - Processing file /opt/airflow/dags/json_to_hdfs_dag.py for tasks to queue
[2026-08-07T04:20:17.129+0000] {logging_mixin.py:188} INFO - [2026-08-07T04:20:17.128+0000] {dagbag.py:545} INFO - Filling up the DagBag from /opt/airflow/dags/json_to_hdfs_dag.py
[2026-08-07T04:20:17.174+0000] {processor.py:840} INFO - DAG(s) 'json_batch_to_hdfs' retrieved from /opt/airflow/dags/json_to_hdfs_dag.py
[2026-08-07T04:20:17.246+0000] {logging_mixin.py:188} INFO - [2026-08-07T04:20:17.246+0000] {dag.py:3096} INFO - Sync 1 DAGs
[2026-08-07T04:20:17.317+0000] {logging_mixin.py:188} INFO - [2026-08-07T04:20:17.316+0000] {dag.py:3954} INFO - Setting next_dagrun for json_batch_to_hdfs to 2026-08-07 04:20:00+00:00, run_after=2026-08-07 04:25:00+00:00
[2026-08-07T04:20:17.373+0000] {processor.py:183} INFO - Processing /opt/airflow/dags/json_to_hdfs_dag.py took 0.263 seconds
[2026-08-07T04:20:47.655+0000] {processor.py:161} INFO - Started process (PID=1428) to work on /opt/airflow/dags/json_to_hdfs_dag.py
[2026-08-07T04:20:47.659+0000] {processor.py:830} INFO - Processing file /opt/airflow/dags/json_to_hdfs_dag.py for tasks to queue
[2026-08-07T04:20:47.662+0000] {logging_mixin.py:188} INFO - [2026-08-07T04:20:47.662+0000] {dagbag.py:545} INFO - Filling up the DagBag from /opt/airflow/dags/json_to_hdfs_dag.py
[2026-08-07T04:20:47.728+0000] {processor.py:840} INFO - DAG(s) 'json_batch_to_hdfs' retrieved from /opt/airflow/dags/json_to_hdfs_dag.py
[2026-08-07T04:20:47.786+0000] {logging_mixin.py:188} INFO - [2026-08-07T04:20:47.785+0000] {dag.py:3096} INFO - Sync 1 DAGs
[2026-08-07T04:20:47.824+0000] {logging_mixin.py:188} INFO - [2026-08-07T04:20:47.823+0000] {dag.py:3954} INFO - Setting next_dagrun for json_batch_to_hdfs to 2026-08-07 04:20:00+00:00, run_after=2026-08-07 04:25:00+00:00
[2026-08-07T04:20:47.877+0000] {processor.py:183} INFO - Processing /opt/airflow/dags/json_to_hdfs_dag.py took 0.230 seconds
[2026-08-07T04:21:18.131+0000] {processor.py:161} INFO - Started process (PID=1429) to work on /opt/airflow/dags/json_to_hdfs_dag.py
[2026-08-07T04:21:18.133+0000] {processor.py:830} INFO - Processing file /opt/airflow/dags/json_to_hdfs_dag.py for tasks to queue
[2026-08-07T04:21:18.137+0000] {logging_mixin.py:188} INFO - [2026-08-07T04:21:18.136+0000] {dagbag.py:545} INFO - Filling up the DagBag from /opt/airflow/dags/json_to_hdfs_dag.py
[2026-08-07T04:21:18.171+0000] {processor.py:840} INFO - DAG(s) 'json_batch_to_hdfs' retrieved from /opt/airflow/dags/json_to_hdfs_dag.py
[2026-08-07T04:21:18.209+0000] {logging_mixin.py:188} INFO - [2026-08-07T04:21:18.209+0000] {dag.py:3096} INFO - Sync 1 DAGs
[2026-08-07T04:21:18.241+0000] {logging_mixin.py:188} INFO - [2026-08-07T04:21:18.241+0000] {dag.py:3954} INFO - Setting next_dagrun for json_batch_to_hdfs to 2026-08-07 04:20:00+00:00, run_after=2026-08-07 04:25:00+00:00
[2026-08-07T04:21:18.293+0000] {processor.py:183} INFO - Processing /opt/airflow/dags/json_to_hdfs_dag.py took 0.169 seconds
[2026-08-07T04:21:48.415+0000] {processor.py:161} INFO - Started process (PID=1430) to work on /opt/airflow/dags/json_to_hdfs_dag.py
[2026-08-07T04:21:48.418+0000] {processor.py:830} INFO - Processing file /opt/airflow/dags/json_to_hdfs_dag.py for tasks to queue
[2026-08-07T04:21:48.421+0000] {logging_mixin.py:188} INFO - [2026-08-07T04:21:48.420+0000] {dagbag.py:545} INFO - Filling up the DagBag from /opt/airflow/dags/json_to_hdfs_dag.py
[2026-08-07T04:21:48.461+0000] {processor.py:840} INFO - DAG(s) 'json_batch_to_hdfs' retrieved from /opt/airflow/dags/json_to_hdfs_dag.py
[2026-08-07T04:21:48.510+0000] {logging_mixin.py:188} INFO - [2026-08-07T04:21:48.510+0000] {dag.py:3096} INFO - Sync 1 DAGs
[2026-08-07T04:21:48.558+0000] {logging_mixin.py:188} INFO - [2026-08-07T04:21:48.558+0000] {dag.py:3954} INFO - Setting next_dagrun for json_batch_to_hdfs to 2026-08-07 04:20:00+00:00, run_after=2026-08-07 04:25:00+00:00
[2026-08-07T04:21:48.611+0000] {processor.py:183} INFO - Processing /opt/airflow/dags/json_to_hdfs_dag.py took 0.205 seconds
[2026-08-07T04:22:18.910+0000] {processor.py:161} INFO - Started process (PID=1431) to work on /opt/airflow/dags/json_to_hdfs_dag.py
[2026-08-07T04:22:18.913+0000] {processor.py:830} INFO - Processing file /opt/airflow/dags/json_to_hdfs_dag.py for tasks to queue
[2026-08-07T04:22:18.916+0000] {logging_mixin.py:188} INFO - [2026-08-07T04:22:18.915+0000] {dagbag.py:545} INFO - Filling up the DagBag from /opt/airflow/dags/json_to_hdfs_dag.py
[2026-08-07T04:22:18.951+0000] {processor.py:840} INFO - DAG(s) 'json_batch_to_hdfs' retrieved from /opt/airflow/dags/json_to_hdfs_dag.py
[2026-08-07T04:22:19.000+0000] {logging_mixin.py:188} INFO - [2026-08-07T04:22:19.000+0000] {dag.py:3096} INFO - Sync 1 DAGs
[2026-08-07T04:22:19.042+0000] {logging_mixin.py:188} INFO - [2026-08-07T04:22:19.041+0000] {dag.py:3954} INFO - Setting next_dagrun for json_batch_to_hdfs to 2026-08-07 04:20:00+00:00, run_after=2026-08-07 04:25:00+00:00
[2026-08-07T04:22:19.079+0000] {processor.py:183} INFO - Processing /opt/airflow/dags/json_to_hdfs_dag.py took 0.179 seconds
[2026-08-07T04:22:49.166+0000] {processor.py:161} INFO - Started process (PID=1432) to work on /opt/airflow/dags/json_to_hdfs_dag.py
[2026-08-07T04:22:49.169+0000] {processor.py:830} INFO - Processing file /opt/airflow/dags/json_to_hdfs_dag.py for tasks to queue
[2026-08-07T04:22:49.172+0000] {logging_mixin.py:188} INFO - [2026-08-07T04:22:49.171+0000] {dagbag.py:545} INFO - Filling up the DagBag from /opt/airflow/dags/json_to_hdfs_dag.py
[2026-08-07T04:22:49.213+0000] {processor.py:840} INFO - DAG(s) 'json_batch_to_hdfs' retrieved from /opt/airflow/dags/json_to_hdfs_dag.py
[2026-08-07T04:22:49.270+0000] {logging_mixin.py:188} INFO - [2026-08-07T04:22:49.269+0000] {dag.py:3096} INFO - Sync 1 DAGs
[2026-08-07T04:22:49.314+0000] {logging_mixin.py:188} INFO - [2026-08-07T04:22:49.314+0000] {dag.py:3954} INFO - Setting next_dagrun for json_batch_to_hdfs to 2026-08-07 04:20:00+00:00, run_after=2026-08-07 04:25:00+00:00
[2026-08-07T04:22:49.356+0000] {processor.py:183} INFO - Processing /opt/airflow/dags/json_to_hdfs_dag.py took 0.196 seconds
[2026-08-07T04:23:19.590+0000] {processor.py:161} INFO - Started process (PID=1433) to work on /opt/airflow/dags/json_to_hdfs_dag.py
[2026-08-07T04:23:19.593+0000] {processor.py:830} INFO - Processing file /opt/airflow/dags/json_to_hdfs_dag.py for tasks to queue
[2026-08-07T04:23:19.596+0000] {logging_mixin.py:188} INFO - [2026-08-07T04:23:19.595+0000] {dagbag.py:545} INFO - Filling up the DagBag from /opt/airflow/dags/json_to_hdfs_dag.py
[2026-08-07T04:23:19.624+0000] {processor.py:840} INFO - DAG(s) 'json_batch_to_hdfs' retrieved from /opt/airflow/dags/json_to_hdfs_dag.py
[2026-08-07T04:23:19.661+0000] {logging_mixin.py:188} INFO - [2026-08-07T04:23:19.661+0000] {dag.py:3096} INFO - Sync 1 DAGs
[2026-08-07T04:23:19.694+0000] {logging_mixin.py:188} INFO - [2026-08-07T04:23:19.693+0000] {dag.py:3954} INFO - Setting next_dagrun for json_batch_to_hdfs to 2026-08-07 04:20:00+00:00, run_after=2026-08-07 04:25:00+00:00
[2026-08-07T04:23:19.733+0000] {processor.py:183} INFO - Processing /opt/airflow/dags/json_to_hdfs_dag.py took 0.148 seconds
[2026-08-07T04:23:49.826+0000] {processor.py:161} INFO - Started process (PID=1434) to work on /opt/airflow/dags/json_to_hdfs_dag.py
[2026-08-07T04:23:49.827+0000] {processor.py:830} INFO - Processing file /opt/airflow/dags/json_to_hdfs_dag.py for tasks to queue
[2026-08-07T04:23:49.830+0000] {logging_mixin.py:188} INFO - [2026-08-07T04:23:49.830+0000] {dagbag.py:545} INFO - Filling up the DagBag from /opt/airflow/dags/json_to_hdfs_dag.py
[2026-08-07T04:23:49.851+0000] {processor.py:840} INFO - DAG(s) 'json_batch_to_hdfs' retrieved from /opt/airflow/dags/json_to_hdfs_dag.py
[2026-08-07T04:23:49.895+0000] {logging_mixin.py:188} INFO - [2026-08-07T04:23:49.895+0000] {dag.py:3096} INFO - Sync 1 DAGs
[2026-08-07T04:23:49.929+0000] {logging_mixin.py:188} INFO - [2026-08-07T04:23:49.929+0000] {dag.py:3954} INFO - Setting next_dagrun for json_batch_to_hdfs to 2026-08-07 04:20:00+00:00, run_after=2026-08-07 04:25:00+00:00
[2026-08-07T04:23:49.960+0000] {processor.py:183} INFO - Processing /opt/airflow/dags/json_to_hdfs_dag.py took 0.140 seconds
[2026-08-07T04:24:20.517+0000] {processor.py:161} INFO - Started process (PID=1435) to work on /opt/airflow/dags/json_to_hdfs_dag.py
[2026-08-07T04:24:20.520+0000] {processor.py:830} INFO - Processing file /opt/airflow/dags/json_to_hdfs_dag.py for tasks to queue
[2026-08-07T04:24:20.522+0000] {logging_mixin.py:188} INFO - [2026-08-07T04:24:20.522+0000] {dagbag.py:545} INFO - Filling up the DagBag from /opt/airflow/dags/json_to_hdfs_dag.py
[2026-08-07T04:24:20.564+0000] {processor.py:840} INFO - DAG(s) 'json_batch_to_hdfs' retrieved from /opt/airflow/dags/json_to_hdfs_dag.py
[2026-08-07T04:24:20.614+0000] {logging_mixin.py:188} INFO - [2026-08-07T04:24:20.613+0000] {dag.py:3096} INFO - Sync 1 DAGs
[2026-08-07T04:24:20.655+0000] {logging_mixin.py:188} INFO - [2026-08-07T04:24:20.654+0000] {dag.py:3954} INFO - Setting next_dagrun for json_batch_to_hdfs to 2026-08-07 04:20:00+00:00, run_after=2026-08-07 04:25:00+00:00
[2026-08-07T04:24:20.711+0000] {processor.py:183} INFO - Processing /opt/airflow/dags/json_to_hdfs_dag.py took 0.202 seconds
[2026-08-07T04:24:50.897+0000] {processor.py:161} INFO - Started process (PID=1436) to work on /opt/airflow/dags/json_to_hdfs_dag.py
[2026-08-07T04:24:50.901+0000] {processor.py:830} INFO - Processing file /opt/airflow/dags/json_to_hdfs_dag.py for tasks to queue
[2026-08-07T04:24:50.905+0000] {logging_mixin.py:188} INFO - [2026-08-07T04:24:50.904+0000] {dagbag.py:545} INFO - Filling up the DagBag from /opt/airflow/dags/json_to_hdfs_dag.py
[2026-08-07T04:24:51.009+0000] {processor.py:840} INFO - DAG(s) 'json_batch_to_hdfs' retrieved from /opt/airflow/dags/json_to_hdfs_dag.py
[2026-08-07T04:24:51.085+0000] {logging_mixin.py:188} INFO - [2026-08-07T04:24:51.084+0000] {dag.py:3096} INFO - Sync 1 DAGs
[2026-08-07T04:24:51.183+0000] {logging_mixin.py:188} INFO - [2026-08-07T04:24:51.183+0000] {dag.py:3954} INFO - Setting next_dagrun for json_batch_to_hdfs to 2026-08-07 04:20:00+00:00, run_after=2026-08-07 04:25:00+00:00
[2026-08-07T04:24:51.284+0000] {processor.py:183} INFO - Processing /opt/airflow/dags/json_to_hdfs_dag.py took 0.403 seconds
[2026-08-07T04:25:21.581+0000] {processor.py:161} INFO - Started process (PID=1446) to work on /opt/airflow/dags/json_to_hdfs_dag.py
[2026-08-07T04:25:21.585+0000] {processor.py:830} INFO - Processing file /opt/airflow/dags/json_to_hdfs_dag.py for tasks to queue
[2026-08-07T04:25:21.588+0000] {logging_mixin.py:188} INFO - [2026-08-07T04:25:21.587+0000] {dagbag.py:545} INFO - Filling up the DagBag from /opt/airflow/dags/json_to_hdfs_dag.py
[2026-08-07T04:25:21.687+0000] {processor.py:840} INFO - DAG(s) 'json_batch_to_hdfs' retrieved from /opt/airflow/dags/json_to_hdfs_dag.py
[2026-08-07T04:25:21.813+0000] {logging_mixin.py:188} INFO - [2026-08-07T04:25:21.813+0000] {dag.py:3096} INFO - Sync 1 DAGs
[2026-08-07T04:25:21.896+0000] {logging_mixin.py:188} INFO - [2026-08-07T04:25:21.896+0000] {dag.py:3954} INFO - Setting next_dagrun for json_batch_to_hdfs to 2026-08-07 04:25:00+00:00, run_after=2026-08-07 04:30:00+00:00
[2026-08-07T04:25:21.949+0000] {processor.py:183} INFO - Processing /opt/airflow/dags/json_to_hdfs_dag.py took 0.392 seconds
[2026-08-07T04:25:52.282+0000] {processor.py:161} INFO - Started process (PID=1447) to work on /opt/airflow/dags/json_to_hdfs_dag.py
[2026-08-07T04:25:52.287+0000] {processor.py:830} INFO - Processing file /opt/airflow/dags/json_to_hdfs_dag.py for tasks to queue
[2026-08-07T04:25:52.294+0000] {logging_mixin.py:188} INFO - [2026-08-07T04:25:52.292+0000] {dagbag.py:545} INFO - Filling up the DagBag from /opt/airflow/dags/json_to_hdfs_dag.py
[2026-08-07T04:25:52.388+0000] {processor.py:840} INFO - DAG(s) 'json_batch_to_hdfs' retrieved from /opt/airflow/dags/json_to_hdfs_dag.py
[2026-08-07T04:25:52.531+0000] {logging_mixin.py:188} INFO - [2026-08-07T04:25:52.530+0000] {dag.py:3096} INFO - Sync 1 DAGs
[2026-08-07T04:25:52.585+0000] {logging_mixin.py:188} INFO - [2026-08-07T04:25:52.584+0000] {dag.py:3954} INFO - Setting next_dagrun for json_batch_to_hdfs to 2026-08-07 04:25:00+00:00, run_after=2026-08-07 04:30:00+00:00
[2026-08-07T04:25:52.625+0000] {processor.py:183} INFO - Processing /opt/airflow/dags/json_to_hdfs_dag.py took 0.365 seconds
[2026-08-07T04:26:22.924+0000] {processor.py:161} INFO - Started process (PID=1448) to work on /opt/airflow/dags/json_to_hdfs_dag.py
[2026-08-07T04:26:22.927+0000] {processor.py:830} INFO - Processing file /opt/airflow/dags/json_to_hdfs_dag.py for tasks to queue
[2026-08-07T04:26:22.933+0000] {logging_mixin.py:188} INFO - [2026-08-07T04:26:22.932+0000] {dagbag.py:545} INFO - Filling up the DagBag from /opt/airflow/dags/json_to_hdfs_dag.py
[2026-08-07T04:26:22.998+0000] {processor.py:840} INFO - DAG(s) 'json_batch_to_hdfs' retrieved from /opt/airflow/dags/json_to_hdfs_dag.py
[2026-08-07T04:26:23.083+0000] {logging_mixin.py:188} INFO - [2026-08-07T04:26:23.083+0000] {dag.py:3096} INFO - Sync 1 DAGs
[2026-08-07T04:26:23.160+0000] {logging_mixin.py:188} INFO - [2026-08-07T04:26:23.159+0000] {dag.py:3954} INFO - Setting next_dagrun for json_batch_to_hdfs to 2026-08-07 04:25:00+00:00, run_after=2026-08-07 04:30:00+00:00
[2026-08-07T04:26:23.210+0000] {processor.py:183} INFO - Processing /opt/airflow/dags/json_to_hdfs_dag.py took 0.298 seconds
[2026-08-07T04:26:53.525+0000] {processor.py:161} INFO - Started process (PID=1449) to work on /opt/airflow/dags/json_to_hdfs_dag.py
[2026-08-07T04:26:53.528+0000] {processor.py:830} INFO - Processing file /opt/airflow/dags/json_to_hdfs_dag.py for tasks to queue
[2026-08-07T04:26:53.531+0000] {logging_mixin.py:188} INFO - [2026-08-07T04:26:53.530+0000] {dagbag.py:545} INFO - Filling up the DagBag from /opt/airflow/dags/json_to_hdfs_dag.py
[2026-08-07T04:26:53.581+0000] {processor.py:840} INFO - DAG(s) 'json_batch_to_hdfs' retrieved from /opt/airflow/dags/json_to_hdfs_dag.py
[2026-08-07T04:26:53.646+0000] {logging_mixin.py:188} INFO - [2026-08-07T04:26:53.646+0000] {dag.py:3096} INFO - Sync 1 DAGs
[2026-08-07T04:26:53.695+0000] {logging_mixin.py:188} INFO - [2026-08-07T04:26:53.694+0000] {dag.py:3954} INFO - Setting next_dagrun for json_batch_to_hdfs to 2026-08-07 04:25:00+00:00, run_after=2026-08-07 04:30:00+00:00
[2026-08-07T04:26:53.754+0000] {processor.py:183} INFO - Processing /opt/airflow/dags/json_to_hdfs_dag.py took 0.244 seconds
[2026-08-07T04:27:24.086+0000] {processor.py:161} INFO - Started process (PID=1450) to work on /opt/airflow/dags/json_to_hdfs_dag.py
[2026-08-07T04:27:24.089+0000] {processor.py:830} INFO - Processing file /opt/airflow/dags/json_to_hdfs_dag.py for tasks to queue
[2026-08-07T04:27:24.092+0000] {logging_mixin.py:188} INFO - [2026-08-07T04:27:24.091+0000] {dagbag.py:545} INFO - Filling up the DagBag from /opt/airflow/dags/json_to_hdfs_dag.py
[2026-08-07T04:27:24.142+0000] {processor.py:840} INFO - DAG(s) 'json_batch_to_hdfs' retrieved from /opt/airflow/dags/json_to_hdfs_dag.py
[2026-08-07T04:27:24.205+0000] {logging_mixin.py:188} INFO - [2026-08-07T04:27:24.204+0000] {dag.py:3096} INFO - Sync 1 DAGs
[2026-08-07T04:27:24.258+0000] {logging_mixin.py:188} INFO - [2026-08-07T04:27:24.258+0000] {dag.py:3954} INFO - Setting next_dagrun for json_batch_to_hdfs to 2026-08-07 04:25:00+00:00, run_after=2026-08-07 04:30:00+00:00
[2026-08-07T04:27:24.308+0000] {processor.py:183} INFO - Processing /opt/airflow/dags/json_to_hdfs_dag.py took 0.237 seconds
[2026-08-07T04:27:54.667+0000] {processor.py:161} INFO - Started process (PID=1451) to work on /opt/airflow/dags/json_to_hdfs_dag.py
[2026-08-07T04:27:54.670+0000] {processor.py:830} INFO - Processing file /opt/airflow/dags/json_to_hdfs_dag.py for tasks to queue
[2026-08-07T04:27:54.675+0000] {logging_mixin.py:188} INFO - [2026-08-07T04:27:54.674+0000] {dagbag.py:545} INFO - Filling up the DagBag from /opt/airflow/dags/json_to_hdfs_dag.py
[2026-08-07T04:27:54.746+0000] {processor.py:840} INFO - DAG(s) 'json_batch_to_hdfs' retrieved from /opt/airflow/dags/json_to_hdfs_dag.py
[2026-08-07T04:27:54.837+0000] {logging_mixin.py:188} INFO - [2026-08-07T04:27:54.836+0000] {dag.py:3096} INFO - Sync 1 DAGs
[2026-08-07T04:27:54.926+0000] {logging_mixin.py:188} INFO - [2026-08-07T04:27:54.925+0000] {dag.py:3954} INFO - Setting next_dagrun for json_batch_to_hdfs to 2026-08-07 04:25:00+00:00, run_after=2026-08-07 04:30:00+00:00
[2026-08-07T04:27:55.411+0000] {processor.py:183} INFO - Processing /opt/airflow/dags/json_to_hdfs_dag.py took 0.767 seconds
[2026-08-07T04:28:25.657+0000] {processor.py:161} INFO - Started process (PID=1452) to work on /opt/airflow/dags/json_to_hdfs_dag.py
[2026-08-07T04:28:25.659+0000] {processor.py:830} INFO - Processing file /opt/airflow/dags/json_to_hdfs_dag.py for tasks to queue
[2026-08-07T04:28:25.662+0000] {logging_mixin.py:188} INFO - [2026-08-07T04:28:25.661+0000] {dagbag.py:545} INFO - Filling up the DagBag from /opt/airflow/dags/json_to_hdfs_dag.py
[2026-08-07T04:28:25.700+0000] {processor.py:840} INFO - DAG(s) 'json_batch_to_hdfs' retrieved from /opt/airflow/dags/json_to_hdfs_dag.py
[2026-08-07T04:28:25.752+0000] {logging_mixin.py:188} INFO - [2026-08-07T04:28:25.752+0000] {dag.py:3096} INFO - Sync 1 DAGs
[2026-08-07T04:28:25.796+0000] {logging_mixin.py:188} INFO - [2026-08-07T04:28:25.795+0000] {dag.py:3954} INFO - Setting next_dagrun for json_batch_to_hdfs to 2026-08-07 04:25:00+00:00, run_after=2026-08-07 04:30:00+00:00
[2026-08-07T04:28:25.841+0000] {processor.py:183} INFO - Processing /opt/airflow/dags/json_to_hdfs_dag.py took 0.192 seconds
[2026-08-07T04:28:56.136+0000] {processor.py:161} INFO - Started process (PID=1453) to work on /opt/airflow/dags/json_to_hdfs_dag.py
[2026-08-07T04:28:56.140+0000] {processor.py:830} INFO - Processing file /opt/airflow/dags/json_to_hdfs_dag.py for tasks to queue
[2026-08-07T04:28:56.144+0000] {logging_mixin.py:188} INFO - [2026-08-07T04:28:56.143+0000] {dagbag.py:545} INFO - Filling up the DagBag from /opt/airflow/dags/json_to_hdfs_dag.py
[2026-08-07T04:28:56.196+0000] {processor.py:840} INFO - DAG(s) 'json_batch_to_hdfs' retrieved from /opt/airflow/dags/json_to_hdfs_dag.py
[2026-08-07T04:28:56.267+0000] {logging_mixin.py:188} INFO - [2026-08-07T04:28:56.266+0000] {dag.py:3096} INFO - Sync 1 DAGs
[2026-08-07T04:28:56.309+0000] {logging_mixin.py:188} INFO - [2026-08-07T04:28:56.308+0000] {dag.py:3954} INFO - Setting next_dagrun for json_batch_to_hdfs to 2026-08-07 04:25:00+00:00, run_after=2026-08-07 04:30:00+00:00
[2026-08-07T04:28:56.376+0000] {processor.py:183} INFO - Processing /opt/airflow/dags/json_to_hdfs_dag.py took 0.255 seconds
[2026-08-07T04:29:26.507+0000] {processor.py:161} INFO - Started process (PID=1454) to work on /opt/airflow/dags/json_to_hdfs_dag.py
[2026-08-07T04:29:26.510+0000] {processor.py:830} INFO - Processing file /opt/airflow/dags/json_to_hdfs_dag.py for tasks to queue
[2026-08-07T04:29:26.513+0000] {logging_mixin.py:188} INFO - [2026-08-07T04:29:26.512+0000] {dagbag.py:545} INFO - Filling up the DagBag from /opt/airflow/dags/json_to_hdfs_dag.py
[2026-08-07T04:29:26.577+0000] {processor.py:840} INFO - DAG(s) 'json_batch_to_hdfs' retrieved from /opt/airflow/dags/json_to_hdfs_dag.py
[2026-08-07T04:29:26.648+0000] {logging_mixin.py:188} INFO - [2026-08-07T04:29:26.647+0000] {dag.py:3096} INFO - Sync 1 DAGs
[2026-08-07T04:29:26.689+0000] {logging_mixin.py:188} INFO - [2026-08-07T04:29:26.689+0000] {dag.py:3954} INFO - Setting next_dagrun for json_batch_to_hdfs to 2026-08-07 04:25:00+00:00, run_after=2026-08-07 04:30:00+00:00
[2026-08-07T04:29:26.721+0000] {processor.py:183} INFO - Processing /opt/airflow/dags/json_to_hdfs_dag.py took 0.234 seconds
[2026-08-07T04:29:56.964+0000] {processor.py:161} INFO - Started process (PID=1455) to work on /opt/airflow/dags/json_to_hdfs_dag.py
[2026-08-07T04:29:56.966+0000] {processor.py:830} INFO - Processing file /opt/airflow/dags/json_to_hdfs_dag.py for tasks to queue
[2026-08-07T04:29:56.969+0000] {logging_mixin.py:188} INFO - [2026-08-07T04:29:56.969+0000] {dagbag.py:545} INFO - Filling up the DagBag from /opt/airflow/dags/json_to_hdfs_dag.py
[2026-08-07T04:29:57.011+0000] {processor.py:840} INFO - DAG(s) 'json_batch_to_hdfs' retrieved from /opt/airflow/dags/json_to_hdfs_dag.py
[2026-08-07T04:29:57.060+0000] {logging_mixin.py:188} INFO - [2026-08-07T04:29:57.060+0000] {dag.py:3096} INFO - Sync 1 DAGs
[2026-08-07T04:29:57.102+0000] {logging_mixin.py:188} INFO - [2026-08-07T04:29:57.102+0000] {dag.py:3954} INFO - Setting next_dagrun for json_batch_to_hdfs to 2026-08-07 04:25:00+00:00, run_after=2026-08-07 04:30:00+00:00
[2026-08-07T04:29:57.142+0000] {processor.py:183} INFO - Processing /opt/airflow/dags/json_to_hdfs_dag.py took 0.189 seconds
[2026-08-07T04:30:27.313+0000] {processor.py:161} INFO - Started process (PID=1465) to work on /opt/airflow/dags/json_to_hdfs_dag.py
[2026-08-07T04:30:27.316+0000] {processor.py:830} INFO - Processing file /opt/airflow/dags/json_to_hdfs_dag.py for tasks to queue
[2026-08-07T04:30:27.323+0000] {logging_mixin.py:188} INFO - [2026-08-07T04:30:27.322+0000] {dagbag.py:545} INFO - Filling up the DagBag from /opt/airflow/dags/json_to_hdfs_dag.py
[2026-08-07T04:30:27.384+0000] {processor.py:840} INFO - DAG(s) 'json_batch_to_hdfs' retrieved from /opt/airflow/dags/json_to_hdfs_dag.py
[2026-08-07T04:30:27.477+0000] {logging_mixin.py:188} INFO - [2026-08-07T04:30:27.477+0000] {dag.py:3096} INFO - Sync 1 DAGs
[2026-08-07T04:30:27.540+0000] {logging_mixin.py:188} INFO - [2026-08-07T04:30:27.540+0000] {dag.py:3954} INFO - Setting next_dagrun for json_batch_to_hdfs to 2026-08-07 04:30:00+00:00, run_after=2026-08-07 04:35:00+00:00
[2026-08-07T04:30:27.592+0000] {processor.py:183} INFO - Processing /opt/airflow/dags/json_to_hdfs_dag.py took 0.298 seconds
[2026-08-07T04:30:57.821+0000] {processor.py:161} INFO - Started process (PID=1466) to work on /opt/airflow/dags/json_to_hdfs_dag.py
[2026-08-07T04:30:57.825+0000] {processor.py:830} INFO - Processing file /opt/airflow/dags/json_to_hdfs_dag.py for tasks to queue
[2026-08-07T04:30:57.830+0000] {logging_mixin.py:188} INFO - [2026-08-07T04:30:57.829+0000] {dagbag.py:545} INFO - Filling up the DagBag from /opt/airflow/dags/json_to_hdfs_dag.py
[2026-08-07T04:30:57.883+0000] {processor.py:840} INFO - DAG(s) 'json_batch_to_hdfs' retrieved from /opt/airflow/dags/json_to_hdfs_dag.py
[2026-08-07T04:30:57.939+0000] {logging_mixin.py:188} INFO - [2026-08-07T04:30:57.939+0000] {dag.py:3096} INFO - Sync 1 DAGs
[2026-08-07T04:30:57.988+0000] {logging_mixin.py:188} INFO - [2026-08-07T04:30:57.988+0000] {dag.py:3954} INFO - Setting next_dagrun for json_batch_to_hdfs to 2026-08-07 04:30:00+00:00, run_after=2026-08-07 04:35:00+00:00
[2026-08-07T04:30:58.033+0000] {processor.py:183} INFO - Processing /opt/airflow/dags/json_to_hdfs_dag.py took 0.222 seconds
[2026-08-07T04:31:28.178+0000] {processor.py:161} INFO - Started process (PID=1467) to work on /opt/airflow/dags/json_to_hdfs_dag.py
[2026-08-07T04:31:28.182+0000] {processor.py:830} INFO - Processing file /opt/airflow/dags/json_to_hdfs_dag.py for tasks to queue
[2026-08-07T04:31:28.186+0000] {logging_mixin.py:188} INFO - [2026-08-07T04:31:28.186+0000] {dagbag.py:545} INFO - Filling up the DagBag from /opt/airflow/dags/json_to_hdfs_dag.py
[2026-08-07T04:31:28.258+0000] {processor.py:840} INFO - DAG(s) 'json_batch_to_hdfs' retrieved from /opt/airflow/dags/json_to_hdfs_dag.py
[2026-08-07T04:31:28.441+0000] {logging_mixin.py:188} INFO - [2026-08-07T04:31:28.440+0000] {dag.py:3096} INFO - Sync 1 DAGs
[2026-08-07T04:31:28.522+0000] {logging_mixin.py:188} INFO - [2026-08-07T04:31:28.521+0000] {dag.py:3954} INFO - Setting next_dagrun for json_batch_to_hdfs to 2026-08-07 04:30:00+00:00, run_after=2026-08-07 04:35:00+00:00
[2026-08-07T04:31:28.583+0000] {processor.py:183} INFO - Processing /opt/airflow/dags/json_to_hdfs_dag.py took 0.416 seconds
[2026-08-07T04:31:58.890+0000] {processor.py:161} INFO - Started process (PID=1468) to work on /opt/airflow/dags/json_to_hdfs_dag.py
[2026-08-07T04:31:58.893+0000] {processor.py:830} INFO - Processing file /opt/airflow/dags/json_to_hdfs_dag.py for tasks to queue
[2026-08-07T04:31:58.898+0000] {logging_mixin.py:188} INFO - [2026-08-07T04:31:58.897+0000] {dagbag.py:545} INFO - Filling up the DagBag from /opt/airflow/dags/json_to_hdfs_dag.py
[2026-08-07T04:31:58.943+0000] {processor.py:840} INFO - DAG(s) 'json_batch_to_hdfs' retrieved from /opt/airflow/dags/json_to_hdfs_dag.py
[2026-08-07T04:31:59.006+0000] {logging_mixin.py:188} INFO - [2026-08-07T04:31:59.005+0000] {dag.py:3096} INFO - Sync 1 DAGs
[2026-08-07T04:31:59.051+0000] {logging_mixin.py:188} INFO - [2026-08-07T04:31:59.051+0000] {dag.py:3954} INFO - Setting next_dagrun for json_batch_to_hdfs to 2026-08-07 04:30:00+00:00, run_after=2026-08-07 04:35:00+00:00
[2026-08-07T04:31:59.100+0000] {processor.py:183} INFO - Processing /opt/airflow/dags/json_to_hdfs_dag.py took 0.222 seconds
[2026-08-07T04:32:29.337+0000] {processor.py:161} INFO - Started process (PID=1469) to work on /opt/airflow/dags/json_to_hdfs_dag.py
[2026-08-07T04:32:29.339+0000] {processor.py:830} INFO - Processing file /opt/airflow/dags/json_to_hdfs_dag.py for tasks to queue
[2026-08-07T04:32:29.342+0000] {logging_mixin.py:188} INFO - [2026-08-07T04:32:29.341+0000] {dagbag.py:545} INFO - Filling up the DagBag from /opt/airflow/dags/json_to_hdfs_dag.py
[2026-08-07T04:32:29.371+0000] {processor.py:840} INFO - DAG(s) 'json_batch_to_hdfs' retrieved from /opt/airflow/dags/json_to_hdfs_dag.py
[2026-08-07T04:32:29.416+0000] {logging_mixin.py:188} INFO - [2026-08-07T04:32:29.416+0000] {dag.py:3096} INFO - Sync 1 DAGs
[2026-08-07T04:32:29.457+0000] {logging_mixin.py:188} INFO - [2026-08-07T04:32:29.457+0000] {dag.py:3954} INFO - Setting next_dagrun for json_batch_to_hdfs to 2026-08-07 04:30:00+00:00, run_after=2026-08-07 04:35:00+00:00
[2026-08-07T04:32:29.488+0000] {processor.py:183} INFO - Processing /opt/airflow/dags/json_to_hdfs_dag.py took 0.158 seconds
[2026-08-07T04:32:59.556+0000] {processor.py:161} INFO - Started process (PID=1470) to work on /opt/airflow/dags/json_to_hdfs_dag.py
[2026-08-07T04:32:59.560+0000] {processor.py:830} INFO - Processing file /opt/airflow/dags/json_to_hdfs_dag.py for tasks to queue
[2026-08-07T04:32:59.563+0000] {logging_mixin.py:188} INFO - [2026-08-07T04:32:59.563+0000] {dagbag.py:545} INFO - Filling up the DagBag from /opt/airflow/dags/json_to_hdfs_dag.py
[2026-08-07T04:32:59.610+0000] {processor.py:840} INFO - DAG(s) 'json_batch_to_hdfs' retrieved from /opt/airflow/dags/json_to_hdfs_dag.py
[2026-08-07T04:32:59.659+0000] {logging_mixin.py:188} INFO - [2026-08-07T04:32:59.658+0000] {dag.py:3096} INFO - Sync 1 DAGs
[2026-08-07T04:32:59.693+0000] {logging_mixin.py:188} INFO - [2026-08-07T04:32:59.693+0000] {dag.py:3954} INFO - Setting next_dagrun for json_batch_to_hdfs to 2026-08-07 04:30:00+00:00, run_after=2026-08-07 04:35:00+00:00
[2026-08-07T04:32:59.735+0000] {processor.py:183} INFO - Processing /opt/airflow/dags/json_to_hdfs_dag.py took 0.190 seconds
[2026-08-07T04:33:29.949+0000] {processor.py:161} INFO - Started process (PID=1471) to work on /opt/airflow/dags/json_to_hdfs_dag.py
[2026-08-07T04:33:29.951+0000] {processor.py:830} INFO - Processing file /opt/airflow/dags/json_to_hdfs_dag.py for tasks to queue
[2026-08-07T04:33:29.954+0000] {logging_mixin.py:188} INFO - [2026-08-07T04:33:29.953+0000] {dagbag.py:545} INFO - Filling up the DagBag from /opt/airflow/dags/json_to_hdfs_dag.py
[2026-08-07T04:33:29.989+0000] {processor.py:840} INFO - DAG(s) 'json_batch_to_hdfs' retrieved from /opt/airflow/dags/json_to_hdfs_dag.py
[2026-08-07T04:33:30.029+0000] {logging_mixin.py:188} INFO - [2026-08-07T04:33:30.028+0000] {dag.py:3096} INFO - Sync 1 DAGs
[2026-08-07T04:33:30.062+0000] {logging_mixin.py:188} INFO - [2026-08-07T04:33:30.062+0000] {dag.py:3954} INFO - Setting next_dagrun for json_batch_to_hdfs to 2026-08-07 04:30:00+00:00, run_after=2026-08-07 04:35:00+00:00
[2026-08-07T04:33:30.097+0000] {processor.py:183} INFO - Processing /opt/airflow/dags/json_to_hdfs_dag.py took 0.156 seconds
[2026-08-07T04:34:00.211+0000] {processor.py:161} INFO - Started process (PID=1472) to work on /opt/airflow/dags/json_to_hdfs_dag.py
[2026-08-07T04:34:00.214+0000] {processor.py:830} INFO - Processing file /opt/airflow/dags/json_to_hdfs_dag.py for tasks to queue
[2026-08-07T04:34:00.216+0000] {logging_mixin.py:188} INFO - [2026-08-07T04:34:00.216+0000] {dagbag.py:545} INFO - Filling up the DagBag from /opt/airflow/dags/json_to_hdfs_dag.py
[2026-08-07T04:34:00.251+0000] {processor.py:840} INFO - DAG(s) 'json_batch_to_hdfs' retrieved from /opt/airflow/dags/json_to_hdfs_dag.py
[2026-08-07T04:34:00.293+0000] {logging_mixin.py:188} INFO - [2026-08-07T04:34:00.293+0000] {dag.py:3096} INFO - Sync 1 DAGs
[2026-08-07T04:34:00.328+0000] {logging_mixin.py:188} INFO - [2026-08-07T04:34:00.328+0000] {dag.py:3954} INFO - Setting next_dagrun for json_batch_to_hdfs to 2026-08-07 04:30:00+00:00, run_after=2026-08-07 04:35:00+00:00
[2026-08-07T04:34:00.357+0000] {processor.py:183} INFO - Processing /opt/airflow/dags/json_to_hdfs_dag.py took 0.151 seconds
[2026-08-07T04:34:30.564+0000] {processor.py:161} INFO - Started process (PID=1473) to work on /opt/airflow/dags/json_to_hdfs_dag.py
[2026-08-07T04:34:30.566+0000] {processor.py:830} INFO - Processing file /opt/airflow/dags/json_to_hdfs_dag.py for tasks to queue
[2026-08-07T04:34:30.568+0000] {logging_mixin.py:188} INFO - [2026-08-07T04:34:30.568+0000] {dagbag.py:545} INFO - Filling up the DagBag from /opt/airflow/dags/json_to_hdfs_dag.py
[2026-08-07T04:34:30.606+0000] {processor.py:840} INFO - DAG(s) 'json_batch_to_hdfs' retrieved from /opt/airflow/dags/json_to_hdfs_dag.py
[2026-08-07T04:34:30.648+0000] {logging_mixin.py:188} INFO - [2026-08-07T04:34:30.648+0000] {dag.py:3096} INFO - Sync 1 DAGs
[2026-08-07T04:34:30.680+0000] {logging_mixin.py:188} INFO - [2026-08-07T04:34:30.680+0000] {dag.py:3954} INFO - Setting next_dagrun for json_batch_to_hdfs to 2026-08-07 04:30:00+00:00, run_after=2026-08-07 04:35:00+00:00
[2026-08-07T04:34:30.722+0000] {processor.py:183} INFO - Processing /opt/airflow/dags/json_to_hdfs_dag.py took 0.164 seconds
[2026-08-07T06:35:08.112+0000] {processor.py:161} INFO - Started process (PID=1475) to work on /opt/airflow/dags/json_to_hdfs_dag.py
[2026-08-07T06:35:08.145+0000] {processor.py:830} INFO - Processing file /opt/airflow/dags/json_to_hdfs_dag.py for tasks to queue
[2026-08-07T06:35:08.157+0000] {logging_mixin.py:188} INFO - [2026-08-07T06:35:08.156+0000] {dagbag.py:545} INFO - Filling up the DagBag from /opt/airflow/dags/json_to_hdfs_dag.py
[2026-08-07T06:35:08.613+0000] {processor.py:840} INFO - DAG(s) 'json_batch_to_hdfs' retrieved from /opt/airflow/dags/json_to_hdfs_dag.py
[2026-08-07T06:35:09.124+0000] {logging_mixin.py:188} INFO - [2026-08-07T06:35:09.124+0000] {dag.py:3096} INFO - Sync 1 DAGs
[2026-08-07T06:35:10.150+0000] {processor.py:183} INFO - Processing /opt/airflow/dags/json_to_hdfs_dag.py took 2.070 seconds
[2026-08-07T06:35:40.934+0000] {processor.py:161} INFO - Started process (PID=1493) to work on /opt/airflow/dags/json_to_hdfs_dag.py
[2026-08-07T06:35:40.967+0000] {processor.py:830} INFO - Processing file /opt/airflow/dags/json_to_hdfs_dag.py for tasks to queue
[2026-08-07T06:35:40.998+0000] {logging_mixin.py:188} INFO - [2026-08-07T06:35:40.985+0000] {dagbag.py:545} INFO - Filling up the DagBag from /opt/airflow/dags/json_to_hdfs_dag.py
[2026-08-07T06:35:41.227+0000] {processor.py:840} INFO - DAG(s) 'json_batch_to_hdfs' retrieved from /opt/airflow/dags/json_to_hdfs_dag.py
[2026-08-07T06:35:41.424+0000] {logging_mixin.py:188} INFO - [2026-08-07T06:35:41.424+0000] {dag.py:3096} INFO - Sync 1 DAGs
[2026-08-07T06:35:41.590+0000] {logging_mixin.py:188} INFO - [2026-08-07T06:35:41.589+0000] {dag.py:3954} INFO - Setting next_dagrun for json_batch_to_hdfs to 2026-08-07 06:35:00+00:00, run_after=2026-08-07 06:40:00+00:00
[2026-08-07T06:35:41.716+0000] {processor.py:183} INFO - Processing /opt/airflow/dags/json_to_hdfs_dag.py took 0.931 seconds
[2026-08-07T06:36:12.019+0000] {processor.py:161} INFO - Started process (PID=1494) to work on /opt/airflow/dags/json_to_hdfs_dag.py
[2026-08-07T06:36:12.022+0000] {processor.py:830} INFO - Processing file /opt/airflow/dags/json_to_hdfs_dag.py for tasks to queue
[2026-08-07T06:36:12.026+0000] {logging_mixin.py:188} INFO - [2026-08-07T06:36:12.025+0000] {dagbag.py:545} INFO - Filling up the DagBag from /opt/airflow/dags/json_to_hdfs_dag.py
[2026-08-07T06:36:12.069+0000] {processor.py:840} INFO - DAG(s) 'json_batch_to_hdfs' retrieved from /opt/airflow/dags/json_to_hdfs_dag.py
[2026-08-07T06:36:12.124+0000] {logging_mixin.py:188} INFO - [2026-08-07T06:36:12.123+0000] {dag.py:3096} INFO - Sync 1 DAGs
[2026-08-07T06:36:12.166+0000] {logging_mixin.py:188} INFO - [2026-08-07T06:36:12.165+0000] {dag.py:3954} INFO - Setting next_dagrun for json_batch_to_hdfs to 2026-08-07 06:35:00+00:00, run_after=2026-08-07 06:40:00+00:00
[2026-08-07T06:36:12.201+0000] {processor.py:183} INFO - Processing /opt/airflow/dags/json_to_hdfs_dag.py took 0.188 seconds
[2026-08-07T06:36:42.446+0000] {processor.py:161} INFO - Started process (PID=1495) to work on /opt/airflow/dags/json_to_hdfs_dag.py
[2026-08-07T06:36:42.448+0000] {processor.py:830} INFO - Processing file /opt/airflow/dags/json_to_hdfs_dag.py for tasks to queue
[2026-08-07T06:36:42.451+0000] {logging_mixin.py:188} INFO - [2026-08-07T06:36:42.450+0000] {dagbag.py:545} INFO - Filling up the DagBag from /opt/airflow/dags/json_to_hdfs_dag.py
[2026-08-07T06:36:42.485+0000] {processor.py:840} INFO - DAG(s) 'json_batch_to_hdfs' retrieved from /opt/airflow/dags/json_to_hdfs_dag.py
[2026-08-07T06:36:42.537+0000] {logging_mixin.py:188} INFO - [2026-08-07T06:36:42.537+0000] {dag.py:3096} INFO - Sync 1 DAGs
[2026-08-07T06:36:42.572+0000] {logging_mixin.py:188} INFO - [2026-08-07T06:36:42.572+0000] {dag.py:3954} INFO - Setting next_dagrun for json_batch_to_hdfs to 2026-08-07 06:35:00+00:00, run_after=2026-08-07 06:40:00+00:00
[2026-08-07T06:36:42.603+0000] {processor.py:183} INFO - Processing /opt/airflow/dags/json_to_hdfs_dag.py took 0.163 seconds
[2026-08-07T06:37:12.700+0000] {processor.py:161} INFO - Started process (PID=1496) to work on /opt/airflow/dags/json_to_hdfs_dag.py
[2026-08-07T06:37:12.703+0000] {processor.py:830} INFO - Processing file /opt/airflow/dags/json_to_hdfs_dag.py for tasks to queue
[2026-08-07T06:37:12.705+0000] {logging_mixin.py:188} INFO - [2026-08-07T06:37:12.704+0000] {dagbag.py:545} INFO - Filling up the DagBag from /opt/airflow/dags/json_to_hdfs_dag.py
[2026-08-07T06:37:12.741+0000] {processor.py:840} INFO - DAG(s) 'json_batch_to_hdfs' retrieved from /opt/airflow/dags/json_to_hdfs_dag.py
[2026-08-07T06:37:12.779+0000] {logging_mixin.py:188} INFO - [2026-08-07T06:37:12.779+0000] {dag.py:3096} INFO - Sync 1 DAGs
[2026-08-07T06:37:12.814+0000] {logging_mixin.py:188} INFO - [2026-08-07T06:37:12.814+0000] {dag.py:3954} INFO - Setting next_dagrun for json_batch_to_hdfs to 2026-08-07 06:35:00+00:00, run_after=2026-08-07 06:40:00+00:00
[2026-08-07T06:37:12.846+0000] {processor.py:183} INFO - Processing /opt/airflow/dags/json_to_hdfs_dag.py took 0.153 seconds
[2026-08-07T06:37:43.083+0000] {processor.py:161} INFO - Started process (PID=1497) to work on /opt/airflow/dags/json_to_hdfs_dag.py
[2026-08-07T06:37:43.086+0000] {processor.py:830} INFO - Processing file /opt/airflow/dags/json_to_hdfs_dag.py for tasks to queue
[2026-08-07T06:37:43.089+0000] {logging_mixin.py:188} INFO - [2026-08-07T06:37:43.089+0000] {dagbag.py:545} INFO - Filling up the DagBag from /opt/airflow/dags/json_to_hdfs_dag.py
[2026-08-07T06:37:43.133+0000] {processor.py:840} INFO - DAG(s) 'json_batch_to_hdfs' retrieved from /opt/airflow/dags/json_to_hdfs_dag.py
[2026-08-07T06:37:43.173+0000] {logging_mixin.py:188} INFO - [2026-08-07T06:37:43.173+0000] {dag.py:3096} INFO - Sync 1 DAGs
[2026-08-07T06:37:43.209+0000] {logging_mixin.py:188} INFO - [2026-08-07T06:37:43.208+0000] {dag.py:3954} INFO - Setting next_dagrun for json_batch_to_hdfs to 2026-08-07 06:35:00+00:00, run_after=2026-08-07 06:40:00+00:00
[2026-08-07T06:37:43.244+0000] {processor.py:183} INFO - Processing /opt/airflow/dags/json_to_hdfs_dag.py took 0.173 seconds
[2026-08-07T06:38:13.312+0000] {processor.py:161} INFO - Started process (PID=1498) to work on /opt/airflow/dags/json_to_hdfs_dag.py
[2026-08-07T06:38:13.315+0000] {processor.py:830} INFO - Processing file /opt/airflow/dags/json_to_hdfs_dag.py for tasks to queue
[2026-08-07T06:38:13.318+0000] {logging_mixin.py:188} INFO - [2026-08-07T06:38:13.317+0000] {dagbag.py:545} INFO - Filling up the DagBag from /opt/airflow/dags/json_to_hdfs_dag.py
[2026-08-07T06:38:13.359+0000] {processor.py:840} INFO - DAG(s) 'json_batch_to_hdfs' retrieved from /opt/airflow/dags/json_to_hdfs_dag.py
[2026-08-07T06:38:13.413+0000] {logging_mixin.py:188} INFO - [2026-08-07T06:38:13.413+0000] {dag.py:3096} INFO - Sync 1 DAGs
[2026-08-07T06:38:13.450+0000] {logging_mixin.py:188} INFO - [2026-08-07T06:38:13.450+0000] {dag.py:3954} INFO - Setting next_dagrun for json_batch_to_hdfs to 2026-08-07 06:35:00+00:00, run_after=2026-08-07 06:40:00+00:00
[2026-08-07T06:38:13.482+0000] {processor.py:183} INFO - Processing /opt/airflow/dags/json_to_hdfs_dag.py took 0.177 seconds
[2026-08-07T06:38:43.702+0000] {processor.py:161} INFO - Started process (PID=1499) to work on /opt/airflow/dags/json_to_hdfs_dag.py
[2026-08-07T06:38:43.705+0000] {processor.py:830} INFO - Processing file /opt/airflow/dags/json_to_hdfs_dag.py for tasks to queue
[2026-08-07T06:38:43.708+0000] {logging_mixin.py:188} INFO - [2026-08-07T06:38:43.707+0000] {dagbag.py:545} INFO - Filling up the DagBag from /opt/airflow/dags/json_to_hdfs_dag.py
[2026-08-07T06:38:43.744+0000] {processor.py:840} INFO - DAG(s) 'json_batch_to_hdfs' retrieved from /opt/airflow/dags/json_to_hdfs_dag.py
[2026-08-07T06:38:43.786+0000] {logging_mixin.py:188} INFO - [2026-08-07T06:38:43.785+0000] {dag.py:3096} INFO - Sync 1 DAGs
[2026-08-07T06:38:43.819+0000] {logging_mixin.py:188} INFO - [2026-08-07T06:38:43.818+0000] {dag.py:3954} INFO - Setting next_dagrun for json_batch_to_hdfs to 2026-08-07 06:35:00+00:00, run_after=2026-08-07 06:40:00+00:00
[2026-08-07T06:38:43.848+0000] {processor.py:183} INFO - Processing /opt/airflow/dags/json_to_hdfs_dag.py took 0.152 seconds
[2026-08-07T06:39:13.986+0000] {processor.py:161} INFO - Started process (PID=1500) to work on /opt/airflow/dags/json_to_hdfs_dag.py
[2026-08-07T06:39:13.989+0000] {processor.py:830} INFO - Processing file /opt/airflow/dags/json_to_hdfs_dag.py for tasks to queue
[2026-08-07T06:39:13.992+0000] {logging_mixin.py:188} INFO - [2026-08-07T06:39:13.992+0000] {dagbag.py:545} INFO - Filling up the DagBag from /opt/airflow/dags/json_to_hdfs_dag.py
[2026-08-07T06:39:14.024+0000] {processor.py:840} INFO - DAG(s) 'json_batch_to_hdfs' retrieved from /opt/airflow/dags/json_to_hdfs_dag.py
[2026-08-07T06:39:14.067+0000] {logging_mixin.py:188} INFO - [2026-08-07T06:39:14.066+0000] {dag.py:3096} INFO - Sync 1 DAGs
[2026-08-07T06:39:14.100+0000] {logging_mixin.py:188} INFO - [2026-08-07T06:39:14.100+0000] {dag.py:3954} INFO - Setting next_dagrun for json_batch_to_hdfs to 2026-08-07 06:35:00+00:00, run_after=2026-08-07 06:40:00+00:00
[2026-08-07T06:39:14.129+0000] {processor.py:183} INFO - Processing /opt/airflow/dags/json_to_hdfs_dag.py took 0.153 seconds
[2026-08-07T06:39:44.287+0000] {processor.py:161} INFO - Started process (PID=1501) to work on /opt/airflow/dags/json_to_hdfs_dag.py
[2026-08-07T06:39:44.290+0000] {processor.py:830} INFO - Processing file /opt/airflow/dags/json_to_hdfs_dag.py for tasks to queue
[2026-08-07T06:39:44.293+0000] {logging_mixin.py:188} INFO - [2026-08-07T06:39:44.292+0000] {dagbag.py:545} INFO - Filling up the DagBag from /opt/airflow/dags/json_to_hdfs_dag.py
[2026-08-07T06:39:44.327+0000] {processor.py:840} INFO - DAG(s) 'json_batch_to_hdfs' retrieved from /opt/airflow/dags/json_to_hdfs_dag.py
[2026-08-07T06:39:44.368+0000] {logging_mixin.py:188} INFO - [2026-08-07T06:39:44.367+0000] {dag.py:3096} INFO - Sync 1 DAGs
[2026-08-07T06:39:44.400+0000] {logging_mixin.py:188} INFO - [2026-08-07T06:39:44.400+0000] {dag.py:3954} INFO - Setting next_dagrun for json_batch_to_hdfs to 2026-08-07 06:35:00+00:00, run_after=2026-08-07 06:40:00+00:00
[2026-08-07T06:39:44.443+0000] {processor.py:183} INFO - Processing /opt/airflow/dags/json_to_hdfs_dag.py took 0.163 seconds
[2026-08-07T06:40:14.613+0000] {processor.py:161} INFO - Started process (PID=1502) to work on /opt/airflow/dags/json_to_hdfs_dag.py
[2026-08-07T06:40:14.616+0000] {processor.py:830} INFO - Processing file /opt/airflow/dags/json_to_hdfs_dag.py for tasks to queue
[2026-08-07T06:40:14.619+0000] {logging_mixin.py:188} INFO - [2026-08-07T06:40:14.618+0000] {dagbag.py:545} INFO - Filling up the DagBag from /opt/airflow/dags/json_to_hdfs_dag.py
[2026-08-07T06:40:14.657+0000] {processor.py:840} INFO - DAG(s) 'json_batch_to_hdfs' retrieved from /opt/airflow/dags/json_to_hdfs_dag.py
[2026-08-07T06:40:14.707+0000] {logging_mixin.py:188} INFO - [2026-08-07T06:40:14.707+0000] {dag.py:3096} INFO - Sync 1 DAGs
[2026-08-07T06:40:14.752+0000] {logging_mixin.py:188} INFO - [2026-08-07T06:40:14.752+0000] {dag.py:3954} INFO - Setting next_dagrun for json_batch_to_hdfs to 2026-08-07 06:35:00+00:00, run_after=2026-08-07 06:40:00+00:00
[2026-08-07T06:40:14.787+0000] {processor.py:183} INFO - Processing /opt/airflow/dags/json_to_hdfs_dag.py took 0.180 seconds
[2026-08-07T06:40:44.863+0000] {processor.py:161} INFO - Started process (PID=1503) to work on /opt/airflow/dags/json_to_hdfs_dag.py
[2026-08-07T06:40:44.865+0000] {processor.py:830} INFO - Processing file /opt/airflow/dags/json_to_hdfs_dag.py for tasks to queue
[2026-08-07T06:40:44.868+0000] {logging_mixin.py:188} INFO - [2026-08-07T06:40:44.867+0000] {dagbag.py:545} INFO - Filling up the DagBag from /opt/airflow/dags/json_to_hdfs_dag.py
[2026-08-07T06:40:44.902+0000] {processor.py:840} INFO - DAG(s) 'json_batch_to_hdfs' retrieved from /opt/airflow/dags/json_to_hdfs_dag.py
[2026-08-07T06:40:44.942+0000] {logging_mixin.py:188} INFO - [2026-08-07T06:40:44.942+0000] {dag.py:3096} INFO - Sync 1 DAGs
[2026-08-07T06:40:44.975+0000] {logging_mixin.py:188} INFO - [2026-08-07T06:40:44.974+0000] {dag.py:3954} INFO - Setting next_dagrun for json_batch_to_hdfs to 2026-08-07 06:35:00+00:00, run_after=2026-08-07 06:40:00+00:00
[2026-08-07T06:40:45.004+0000] {processor.py:183} INFO - Processing /opt/airflow/dags/json_to_hdfs_dag.py took 0.151 seconds
[2026-08-07T06:41:15.232+0000] {processor.py:161} INFO - Started process (PID=1504) to work on /opt/airflow/dags/json_to_hdfs_dag.py
[2026-08-07T06:41:15.234+0000] {processor.py:830} INFO - Processing file /opt/airflow/dags/json_to_hdfs_dag.py for tasks to queue
[2026-08-07T06:41:15.237+0000] {logging_mixin.py:188} INFO - [2026-08-07T06:41:15.236+0000] {dagbag.py:545} INFO - Filling up the DagBag from /opt/airflow/dags/json_to_hdfs_dag.py
[2026-08-07T06:41:15.264+0000] {processor.py:840} INFO - DAG(s) 'json_batch_to_hdfs' retrieved from /opt/airflow/dags/json_to_hdfs_dag.py
[2026-08-07T06:41:15.306+0000] {logging_mixin.py:188} INFO - [2026-08-07T06:41:15.305+0000] {dag.py:3096} INFO - Sync 1 DAGs
[2026-08-07T06:41:15.336+0000] {logging_mixin.py:188} INFO - [2026-08-07T06:41:15.336+0000] {dag.py:3954} INFO - Setting next_dagrun for json_batch_to_hdfs to 2026-08-07 06:35:00+00:00, run_after=2026-08-07 06:40:00+00:00
[2026-08-07T06:41:15.365+0000] {processor.py:183} INFO - Processing /opt/airflow/dags/json_to_hdfs_dag.py took 0.139 seconds
[2026-08-07T06:41:45.458+0000] {processor.py:161} INFO - Started process (PID=1505) to work on /opt/airflow/dags/json_to_hdfs_dag.py
[2026-08-07T06:41:45.461+0000] {processor.py:830} INFO - Processing file /opt/airflow/dags/json_to_hdfs_dag.py for tasks to queue
[2026-08-07T06:41:45.464+0000] {logging_mixin.py:188} INFO - [2026-08-07T06:41:45.463+0000] {dagbag.py:545} INFO - Filling up the DagBag from /opt/airflow/dags/json_to_hdfs_dag.py
[2026-08-07T06:41:45.502+0000] {processor.py:840} INFO - DAG(s) 'json_batch_to_hdfs' retrieved from /opt/airflow/dags/json_to_hdfs_dag.py
[2026-08-07T06:41:45.560+0000] {logging_mixin.py:188} INFO - [2026-08-07T06:41:45.559+0000] {dag.py:3096} INFO - Sync 1 DAGs
[2026-08-07T06:41:45.594+0000] {logging_mixin.py:188} INFO - [2026-08-07T06:41:45.594+0000] {dag.py:3954} INFO - Setting next_dagrun for json_batch_to_hdfs to 2026-08-07 06:35:00+00:00, run_after=2026-08-07 06:40:00+00:00
[2026-08-07T06:41:45.624+0000] {processor.py:183} INFO - Processing /opt/airflow/dags/json_to_hdfs_dag.py took 0.173 seconds
[2026-08-07T06:44:53.313+0000] {processor.py:161} INFO - Started process (PID=1506) to work on /opt/airflow/dags/json_to_hdfs_dag.py
[2026-08-07T06:44:53.316+0000] {processor.py:830} INFO - Processing file /opt/airflow/dags/json_to_hdfs_dag.py for tasks to queue
[2026-08-07T06:44:53.319+0000] {logging_mixin.py:188} INFO - [2026-08-07T06:44:53.318+0000] {dagbag.py:545} INFO - Filling up the DagBag from /opt/airflow/dags/json_to_hdfs_dag.py
[2026-08-07T06:44:53.368+0000] {processor.py:840} INFO - DAG(s) 'json_batch_to_hdfs' retrieved from /opt/airflow/dags/json_to_hdfs_dag.py
[2026-08-07T06:44:53.463+0000] {logging_mixin.py:188} INFO - [2026-08-07T06:44:53.462+0000] {dag.py:3096} INFO - Sync 1 DAGs
[2026-08-07T06:44:53.510+0000] {logging_mixin.py:188} INFO - [2026-08-07T06:44:53.510+0000] {dag.py:3954} INFO - Setting next_dagrun for json_batch_to_hdfs to 2026-08-07 06:35:00+00:00, run_after=2026-08-07 06:40:00+00:00
[2026-08-07T06:44:53.555+0000] {processor.py:183} INFO - Processing /opt/airflow/dags/json_to_hdfs_dag.py took 0.256 seconds
[2026-08-07T06:45:23.897+0000] {processor.py:161} INFO - Started process (PID=1507) to work on /opt/airflow/dags/json_to_hdfs_dag.py
[2026-08-07T06:45:23.899+0000] {processor.py:830} INFO - Processing file /opt/airflow/dags/json_to_hdfs_dag.py for tasks to queue
[2026-08-07T06:45:23.902+0000] {logging_mixin.py:188} INFO - [2026-08-07T06:45:23.902+0000] {dagbag.py:545} INFO - Filling up the DagBag from /opt/airflow/dags/json_to_hdfs_dag.py
[2026-08-07T06:45:23.949+0000] {processor.py:840} INFO - DAG(s) 'json_batch_to_hdfs' retrieved from /opt/airflow/dags/json_to_hdfs_dag.py
[2026-08-07T06:45:24.000+0000] {logging_mixin.py:188} INFO - [2026-08-07T06:45:23.999+0000] {dag.py:3096} INFO - Sync 1 DAGs
[2026-08-07T06:45:24.037+0000] {logging_mixin.py:188} INFO - [2026-08-07T06:45:24.037+0000] {dag.py:3954} INFO - Setting next_dagrun for json_batch_to_hdfs to 2026-08-07 06:40:00+00:00, run_after=2026-08-07 06:45:00+00:00
[2026-08-07T06:45:24.085+0000] {processor.py:183} INFO - Processing /opt/airflow/dags/json_to_hdfs_dag.py took 0.197 seconds
[2026-08-07T06:45:54.170+0000] {processor.py:161} INFO - Started process (PID=1508) to work on /opt/airflow/dags/json_to_hdfs_dag.py
[2026-08-07T06:45:54.173+0000] {processor.py:830} INFO - Processing file /opt/airflow/dags/json_to_hdfs_dag.py for tasks to queue
[2026-08-07T06:45:54.177+0000] {logging_mixin.py:188} INFO - [2026-08-07T06:45:54.176+0000] {dagbag.py:545} INFO - Filling up the DagBag from /opt/airflow/dags/json_to_hdfs_dag.py
[2026-08-07T06:45:54.219+0000] {processor.py:840} INFO - DAG(s) 'json_batch_to_hdfs' retrieved from /opt/airflow/dags/json_to_hdfs_dag.py
[2026-08-07T06:45:54.283+0000] {logging_mixin.py:188} INFO - [2026-08-07T06:45:54.283+0000] {dag.py:3096} INFO - Sync 1 DAGs
[2026-08-07T06:45:54.331+0000] {logging_mixin.py:188} INFO - [2026-08-07T06:45:54.331+0000] {dag.py:3954} INFO - Setting next_dagrun for json_batch_to_hdfs to 2026-08-07 06:40:00+00:00, run_after=2026-08-07 06:45:00+00:00
[2026-08-07T06:45:54.382+0000] {processor.py:183} INFO - Processing /opt/airflow/dags/json_to_hdfs_dag.py took 0.224 seconds
[2026-08-07T06:46:24.609+0000] {processor.py:161} INFO - Started process (PID=1509) to work on /opt/airflow/dags/json_to_hdfs_dag.py
[2026-08-07T06:46:24.611+0000] {processor.py:830} INFO - Processing file /opt/airflow/dags/json_to_hdfs_dag.py for tasks to queue
[2026-08-07T06:46:24.614+0000] {logging_mixin.py:188} INFO - [2026-08-07T06:46:24.614+0000] {dagbag.py:545} INFO - Filling up the DagBag from /opt/airflow/dags/json_to_hdfs_dag.py
[2026-08-07T06:46:24.665+0000] {processor.py:840} INFO - DAG(s) 'json_batch_to_hdfs' retrieved from /opt/airflow/dags/json_to_hdfs_dag.py
[2026-08-07T06:46:24.715+0000] {logging_mixin.py:188} INFO - [2026-08-07T06:46:24.714+0000] {dag.py:3096} INFO - Sync 1 DAGs
[2026-08-07T06:46:24.756+0000] {logging_mixin.py:188} INFO - [2026-08-07T06:46:24.755+0000] {dag.py:3954} INFO - Setting next_dagrun for json_batch_to_hdfs to 2026-08-07 06:40:00+00:00, run_after=2026-08-07 06:45:00+00:00
[2026-08-07T06:46:24.799+0000] {processor.py:183} INFO - Processing /opt/airflow/dags/json_to_hdfs_dag.py took 0.200 seconds
[2026-08-07T06:46:54.968+0000] {processor.py:161} INFO - Started process (PID=1510) to work on /opt/airflow/dags/json_to_hdfs_dag.py
[2026-08-07T06:46:54.970+0000] {processor.py:830} INFO - Processing file /opt/airflow/dags/json_to_hdfs_dag.py for tasks to queue
[2026-08-07T06:46:54.973+0000] {logging_mixin.py:188} INFO - [2026-08-07T06:46:54.972+0000] {dagbag.py:545} INFO - Filling up the DagBag from /opt/airflow/dags/json_to_hdfs_dag.py
[2026-08-07T06:46:54.995+0000] {processor.py:840} INFO - DAG(s) 'json_batch_to_hdfs' retrieved from /opt/airflow/dags/json_to_hdfs_dag.py
[2026-08-07T06:46:55.030+0000] {logging_mixin.py:188} INFO - [2026-08-07T06:46:55.030+0000] {dag.py:3096} INFO - Sync 1 DAGs
[2026-08-07T06:46:55.068+0000] {logging_mixin.py:188} INFO - [2026-08-07T06:46:55.067+0000] {dag.py:3954} INFO - Setting next_dagrun for json_batch_to_hdfs to 2026-08-07 06:40:00+00:00, run_after=2026-08-07 06:45:00+00:00
[2026-08-07T06:46:55.116+0000] {processor.py:183} INFO - Processing /opt/airflow/dags/json_to_hdfs_dag.py took 0.154 seconds
[2026-08-07T06:47:25.218+0000] {processor.py:161} INFO - Started process (PID=1511) to work on /opt/airflow/dags/json_to_hdfs_dag.py
[2026-08-07T06:47:25.220+0000] {processor.py:830} INFO - Processing file /opt/airflow/dags/json_to_hdfs_dag.py for tasks to queue
[2026-08-07T06:47:25.223+0000] {logging_mixin.py:188} INFO - [2026-08-07T06:47:25.223+0000] {dagbag.py:545} INFO - Filling up the DagBag from /opt/airflow/dags/json_to_hdfs_dag.py
[2026-08-07T06:47:25.263+0000] {processor.py:840} INFO - DAG(s) 'json_batch_to_hdfs' retrieved from /opt/airflow/dags/json_to_hdfs_dag.py
[2026-08-07T06:47:25.306+0000] {logging_mixin.py:188} INFO - [2026-08-07T06:47:25.306+0000] {dag.py:3096} INFO - Sync 1 DAGs
[2026-08-07T06:47:25.339+0000] {logging_mixin.py:188} INFO - [2026-08-07T06:47:25.339+0000] {dag.py:3954} INFO - Setting next_dagrun for json_batch_to_hdfs to 2026-08-07 06:40:00+00:00, run_after=2026-08-07 06:45:00+00:00
[2026-08-07T06:47:25.387+0000] {processor.py:183} INFO - Processing /opt/airflow/dags/json_to_hdfs_dag.py took 0.177 seconds
[2026-08-07T06:47:55.613+0000] {processor.py:161} INFO - Started process (PID=1512) to work on /opt/airflow/dags/json_to_hdfs_dag.py
[2026-08-07T06:47:55.616+0000] {processor.py:830} INFO - Processing file /opt/airflow/dags/json_to_hdfs_dag.py for tasks to queue
[2026-08-07T06:47:55.619+0000] {logging_mixin.py:188} INFO - [2026-08-07T06:47:55.619+0000] {dagbag.py:545} INFO - Filling up the DagBag from /opt/airflow/dags/json_to_hdfs_dag.py
[2026-08-07T06:47:55.666+0000] {processor.py:840} INFO - DAG(s) 'json_batch_to_hdfs' retrieved from /opt/airflow/dags/json_to_hdfs_dag.py
[2026-08-07T06:47:55.714+0000] {logging_mixin.py:188} INFO - [2026-08-07T06:47:55.713+0000] {dag.py:3096} INFO - Sync 1 DAGs
[2026-08-07T06:47:55.758+0000] {logging_mixin.py:188} INFO - [2026-08-07T06:47:55.757+0000] {dag.py:3954} INFO - Setting next_dagrun for json_batch_to_hdfs to 2026-08-07 06:40:00+00:00, run_after=2026-08-07 06:45:00+00:00
[2026-08-07T06:47:55.797+0000] {processor.py:183} INFO - Processing /opt/airflow/dags/json_to_hdfs_dag.py took 0.197 seconds
[2026-08-07T06:48:25.871+0000] {processor.py:161} INFO - Started process (PID=1513) to work on /opt/airflow/dags/json_to_hdfs_dag.py
[2026-08-07T06:48:25.874+0000] {processor.py:830} INFO - Processing file /opt/airflow/dags/json_to_hdfs_dag.py for tasks to queue
[2026-08-07T06:48:25.877+0000] {logging_mixin.py:188} INFO - [2026-08-07T06:48:25.876+0000] {dagbag.py:545} INFO - Filling up the DagBag from /opt/airflow/dags/json_to_hdfs_dag.py
[2026-08-07T06:48:25.917+0000] {processor.py:840} INFO - DAG(s) 'json_batch_to_hdfs' retrieved from /opt/airflow/dags/json_to_hdfs_dag.py
[2026-08-07T06:48:25.964+0000] {logging_mixin.py:188} INFO - [2026-08-07T06:48:25.964+0000] {dag.py:3096} INFO - Sync 1 DAGs
[2026-08-07T06:48:26.013+0000] {logging_mixin.py:188} INFO - [2026-08-07T06:48:26.013+0000] {dag.py:3954} INFO - Setting next_dagrun for json_batch_to_hdfs to 2026-08-07 06:40:00+00:00, run_after=2026-08-07 06:45:00+00:00
[2026-08-07T06:48:26.052+0000] {processor.py:183} INFO - Processing /opt/airflow/dags/json_to_hdfs_dag.py took 0.189 seconds
[2026-08-07T06:48:56.354+0000] {processor.py:161} INFO - Started process (PID=1514) to work on /opt/airflow/dags/json_to_hdfs_dag.py
[2026-08-07T06:48:56.357+0000] {processor.py:830} INFO - Processing file /opt/airflow/dags/json_to_hdfs_dag.py for tasks to queue
[2026-08-07T06:48:56.361+0000] {logging_mixin.py:188} INFO - [2026-08-07T06:48:56.360+0000] {dagbag.py:545} INFO - Filling up the DagBag from /opt/airflow/dags/json_to_hdfs_dag.py
[2026-08-07T06:48:56.398+0000] {processor.py:840} INFO - DAG(s) 'json_batch_to_hdfs' retrieved from /opt/airflow/dags/json_to_hdfs_dag.py
[2026-08-07T06:48:56.452+0000] {logging_mixin.py:188} INFO - [2026-08-07T06:48:56.452+0000] {dag.py:3096} INFO - Sync 1 DAGs
[2026-08-07T06:48:56.493+0000] {logging_mixin.py:188} INFO - [2026-08-07T06:48:56.493+0000] {dag.py:3954} INFO - Setting next_dagrun for json_batch_to_hdfs to 2026-08-07 06:40:00+00:00, run_after=2026-08-07 06:45:00+00:00
[2026-08-07T06:48:56.545+0000] {processor.py:183} INFO - Processing /opt/airflow/dags/json_to_hdfs_dag.py took 0.205 seconds
[2026-08-07T06:49:26.695+0000] {processor.py:161} INFO - Started process (PID=1515) to work on /opt/airflow/dags/json_to_hdfs_dag.py
[2026-08-07T06:49:26.698+0000] {processor.py:830} INFO - Processing file /opt/airflow/dags/json_to_hdfs_dag.py for tasks to queue
[2026-08-07T06:49:26.701+0000] {logging_mixin.py:188} INFO - [2026-08-07T06:49:26.700+0000] {dagbag.py:545} INFO - Filling up the DagBag from /opt/airflow/dags/json_to_hdfs_dag.py
[2026-08-07T06:49:26.738+0000] {processor.py:840} INFO - DAG(s) 'json_batch_to_hdfs' retrieved from /opt/airflow/dags/json_to_hdfs_dag.py
[2026-08-07T06:49:26.783+0000] {logging_mixin.py:188} INFO - [2026-08-07T06:49:26.783+0000] {dag.py:3096} INFO - Sync 1 DAGs
[2026-08-07T06:49:26.821+0000] {logging_mixin.py:188} INFO - [2026-08-07T06:49:26.820+0000] {dag.py:3954} INFO - Setting next_dagrun for json_batch_to_hdfs to 2026-08-07 06:40:00+00:00, run_after=2026-08-07 06:45:00+00:00
[2026-08-07T06:49:30.635+0000] {processor.py:183} INFO - Processing /opt/airflow/dags/json_to_hdfs_dag.py took 3.947 seconds
[2026-08-07T06:50:00.988+0000] {processor.py:161} INFO - Started process (PID=1516) to work on /opt/airflow/dags/json_to_hdfs_dag.py
[2026-08-07T06:50:00.996+0000] {processor.py:830} INFO - Processing file /opt/airflow/dags/json_to_hdfs_dag.py for tasks to queue
[2026-08-07T06:50:01.002+0000] {logging_mixin.py:188} INFO - [2026-08-07T06:50:01.000+0000] {dagbag.py:545} INFO - Filling up the DagBag from /opt/airflow/dags/json_to_hdfs_dag.py
[2026-08-07T06:50:01.067+0000] {processor.py:840} INFO - DAG(s) 'json_batch_to_hdfs' retrieved from /opt/airflow/dags/json_to_hdfs_dag.py
[2026-08-07T06:50:01.144+0000] {logging_mixin.py:188} INFO - [2026-08-07T06:50:01.143+0000] {dag.py:3096} INFO - Sync 1 DAGs
[2026-08-07T06:50:01.201+0000] {logging_mixin.py:188} INFO - [2026-08-07T06:50:01.201+0000] {dag.py:3954} INFO - Setting next_dagrun for json_batch_to_hdfs to 2026-08-07 06:45:00+00:00, run_after=2026-08-07 06:50:00+00:00
[2026-08-07T06:50:01.243+0000] {processor.py:183} INFO - Processing /opt/airflow/dags/json_to_hdfs_dag.py took 0.288 seconds
[2026-08-07T06:50:31.468+0000] {processor.py:161} INFO - Started process (PID=1517) to work on /opt/airflow/dags/json_to_hdfs_dag.py
[2026-08-07T06:50:31.471+0000] {processor.py:830} INFO - Processing file /opt/airflow/dags/json_to_hdfs_dag.py for tasks to queue
[2026-08-07T06:50:31.476+0000] {logging_mixin.py:188} INFO - [2026-08-07T06:50:31.474+0000] {dagbag.py:545} INFO - Filling up the DagBag from /opt/airflow/dags/json_to_hdfs_dag.py
[2026-08-07T06:50:31.529+0000] {processor.py:840} INFO - DAG(s) 'json_batch_to_hdfs' retrieved from /opt/airflow/dags/json_to_hdfs_dag.py
[2026-08-07T06:50:31.598+0000] {logging_mixin.py:188} INFO - [2026-08-07T06:50:31.597+0000] {dag.py:3096} INFO - Sync 1 DAGs
[2026-08-07T06:50:31.651+0000] {logging_mixin.py:188} INFO - [2026-08-07T06:50:31.651+0000] {dag.py:3954} INFO - Setting next_dagrun for json_batch_to_hdfs to 2026-08-07 06:45:00+00:00, run_after=2026-08-07 06:50:00+00:00
[2026-08-07T06:50:31.706+0000] {processor.py:183} INFO - Processing /opt/airflow/dags/json_to_hdfs_dag.py took 0.246 seconds
[2026-08-07T06:51:01.983+0000] {processor.py:161} INFO - Started process (PID=1518) to work on /opt/airflow/dags/json_to_hdfs_dag.py
[2026-08-07T06:51:01.986+0000] {processor.py:830} INFO - Processing file /opt/airflow/dags/json_to_hdfs_dag.py for tasks to queue
[2026-08-07T06:51:01.988+0000] {logging_mixin.py:188} INFO - [2026-08-07T06:51:01.988+0000] {dagbag.py:545} INFO - Filling up the DagBag from /opt/airflow/dags/json_to_hdfs_dag.py
[2026-08-07T06:51:02.023+0000] {processor.py:840} INFO - DAG(s) 'json_batch_to_hdfs' retrieved from /opt/airflow/dags/json_to_hdfs_dag.py
[2026-08-07T06:51:02.069+0000] {logging_mixin.py:188} INFO - [2026-08-07T06:51:02.069+0000] {dag.py:3096} INFO - Sync 1 DAGs
[2026-08-07T06:51:02.103+0000] {logging_mixin.py:188} INFO - [2026-08-07T06:51:02.102+0000] {dag.py:3954} INFO - Setting next_dagrun for json_batch_to_hdfs to 2026-08-07 06:45:00+00:00, run_after=2026-08-07 06:50:00+00:00
[2026-08-07T06:51:02.134+0000] {processor.py:183} INFO - Processing /opt/airflow/dags/json_to_hdfs_dag.py took 0.157 seconds
[2026-08-07T06:51:32.273+0000] {processor.py:161} INFO - Started process (PID=1519) to work on /opt/airflow/dags/json_to_hdfs_dag.py
[2026-08-07T06:51:32.276+0000] {processor.py:830} INFO - Processing file /opt/airflow/dags/json_to_hdfs_dag.py for tasks to queue
[2026-08-07T06:51:32.280+0000] {logging_mixin.py:188} INFO - [2026-08-07T06:51:32.279+0000] {dagbag.py:545} INFO - Filling up the DagBag from /opt/airflow/dags/json_to_hdfs_dag.py
[2026-08-07T06:51:32.328+0000] {processor.py:840} INFO - DAG(s) 'json_batch_to_hdfs' retrieved from /opt/airflow/dags/json_to_hdfs_dag.py
[2026-08-07T06:51:32.389+0000] {logging_mixin.py:188} INFO - [2026-08-07T06:51:32.389+0000] {dag.py:3096} INFO - Sync 1 DAGs
[2026-08-07T06:51:32.436+0000] {logging_mixin.py:188} INFO - [2026-08-07T06:51:32.435+0000] {dag.py:3954} INFO - Setting next_dagrun for json_batch_to_hdfs to 2026-08-07 06:45:00+00:00, run_after=2026-08-07 06:50:00+00:00
[2026-08-07T06:51:32.474+0000] {processor.py:183} INFO - Processing /opt/airflow/dags/json_to_hdfs_dag.py took 0.210 seconds
[2026-08-07T06:52:02.722+0000] {processor.py:161} INFO - Started process (PID=1520) to work on /opt/airflow/dags/json_to_hdfs_dag.py
[2026-08-07T06:52:02.726+0000] {processor.py:830} INFO - Processing file /opt/airflow/dags/json_to_hdfs_dag.py for tasks to queue
[2026-08-07T06:52:02.729+0000] {logging_mixin.py:188} INFO - [2026-08-07T06:52:02.729+0000] {dagbag.py:545} INFO - Filling up the DagBag from /opt/airflow/dags/json_to_hdfs_dag.py
[2026-08-07T06:52:02.779+0000] {processor.py:840} INFO - DAG(s) 'json_batch_to_hdfs' retrieved from /opt/airflow/dags/json_to_hdfs_dag.py
[2026-08-07T06:52:02.834+0000] {logging_mixin.py:188} INFO - [2026-08-07T06:52:02.834+0000] {dag.py:3096} INFO - Sync 1 DAGs
[2026-08-07T06:52:02.871+0000] {logging_mixin.py:188} INFO - [2026-08-07T06:52:02.870+0000] {dag.py:3954} INFO - Setting next_dagrun for json_batch_to_hdfs to 2026-08-07 06:45:00+00:00, run_after=2026-08-07 06:50:00+00:00
[2026-08-07T06:52:02.907+0000] {processor.py:183} INFO - Processing /opt/airflow/dags/json_to_hdfs_dag.py took 0.194 seconds
[2026-08-07T06:52:33.086+0000] {processor.py:161} INFO - Started process (PID=1521) to work on /opt/airflow/dags/json_to_hdfs_dag.py
[2026-08-07T06:52:33.089+0000] {processor.py:830} INFO - Processing file /opt/airflow/dags/json_to_hdfs_dag.py for tasks to queue
[2026-08-07T06:52:33.093+0000] {logging_mixin.py:188} INFO - [2026-08-07T06:52:33.092+0000] {dagbag.py:545} INFO - Filling up the DagBag from /opt/airflow/dags/json_to_hdfs_dag.py
[2026-08-07T06:52:33.147+0000] {processor.py:840} INFO - DAG(s) 'json_batch_to_hdfs' retrieved from /opt/airflow/dags/json_to_hdfs_dag.py
[2026-08-07T06:52:33.206+0000] {logging_mixin.py:188} INFO - [2026-08-07T06:52:33.206+0000] {dag.py:3096} INFO - Sync 1 DAGs
[2026-08-07T06:52:33.255+0000] {logging_mixin.py:188} INFO - [2026-08-07T06:52:33.255+0000] {dag.py:3954} INFO - Setting next_dagrun for json_batch_to_hdfs to 2026-08-07 06:45:00+00:00, run_after=2026-08-07 06:50:00+00:00
[2026-08-07T06:52:33.591+0000] {processor.py:183} INFO - Processing /opt/airflow/dags/json_to_hdfs_dag.py took 0.518 seconds
[2026-08-07T06:53:03.907+0000] {processor.py:161} INFO - Started process (PID=1522) to work on /opt/airflow/dags/json_to_hdfs_dag.py
[2026-08-07T06:53:03.910+0000] {processor.py:830} INFO - Processing file /opt/airflow/dags/json_to_hdfs_dag.py for tasks to queue
[2026-08-07T06:53:03.914+0000] {logging_mixin.py:188} INFO - [2026-08-07T06:53:03.913+0000] {dagbag.py:545} INFO - Filling up the DagBag from /opt/airflow/dags/json_to_hdfs_dag.py
[2026-08-07T06:53:03.960+0000] {processor.py:840} INFO - DAG(s) 'json_batch_to_hdfs' retrieved from /opt/airflow/dags/json_to_hdfs_dag.py
[2026-08-07T06:53:04.010+0000] {logging_mixin.py:188} INFO - [2026-08-07T06:53:04.010+0000] {dag.py:3096} INFO - Sync 1 DAGs
[2026-08-07T06:53:04.054+0000] {logging_mixin.py:188} INFO - [2026-08-07T06:53:04.054+0000] {dag.py:3954} INFO - Setting next_dagrun for json_batch_to_hdfs to 2026-08-07 06:45:00+00:00, run_after=2026-08-07 06:50:00+00:00
[2026-08-07T06:53:04.090+0000] {processor.py:183} INFO - Processing /opt/airflow/dags/json_to_hdfs_dag.py took 0.193 seconds
[2026-08-07T06:53:34.164+0000] {processor.py:161} INFO - Started process (PID=1523) to work on /opt/airflow/dags/json_to_hdfs_dag.py
[2026-08-07T06:53:34.166+0000] {processor.py:830} INFO - Processing file /opt/airflow/dags/json_to_hdfs_dag.py for tasks to queue
[2026-08-07T06:53:34.169+0000] {logging_mixin.py:188} INFO - [2026-08-07T06:53:34.168+0000] {dagbag.py:545} INFO - Filling up the DagBag from /opt/airflow/dags/json_to_hdfs_dag.py
[2026-08-07T06:53:34.207+0000] {processor.py:840} INFO - DAG(s) 'json_batch_to_hdfs' retrieved from /opt/airflow/dags/json_to_hdfs_dag.py
[2026-08-07T06:53:34.253+0000] {logging_mixin.py:188} INFO - [2026-08-07T06:53:34.253+0000] {dag.py:3096} INFO - Sync 1 DAGs
[2026-08-07T06:53:34.294+0000] {logging_mixin.py:188} INFO - [2026-08-07T06:53:34.294+0000] {dag.py:3954} INFO - Setting next_dagrun for json_batch_to_hdfs to 2026-08-07 06:45:00+00:00, run_after=2026-08-07 06:50:00+00:00
[2026-08-07T06:53:34.333+0000] {processor.py:183} INFO - Processing /opt/airflow/dags/json_to_hdfs_dag.py took 0.175 seconds
[2026-08-07T06:54:04.407+0000] {processor.py:161} INFO - Started process (PID=1524) to work on /opt/airflow/dags/json_to_hdfs_dag.py
[2026-08-07T06:54:04.410+0000] {processor.py:830} INFO - Processing file /opt/airflow/dags/json_to_hdfs_dag.py for tasks to queue
[2026-08-07T06:54:04.415+0000] {logging_mixin.py:188} INFO - [2026-08-07T06:54:04.414+0000] {dagbag.py:545} INFO - Filling up the DagBag from /opt/airflow/dags/json_to_hdfs_dag.py
[2026-08-07T06:54:04.463+0000] {processor.py:840} INFO - DAG(s) 'json_batch_to_hdfs' retrieved from /opt/airflow/dags/json_to_hdfs_dag.py
[2026-08-07T06:54:04.519+0000] {logging_mixin.py:188} INFO - [2026-08-07T06:54:04.518+0000] {dag.py:3096} INFO - Sync 1 DAGs
[2026-08-07T06:54:04.565+0000] {logging_mixin.py:188} INFO - [2026-08-07T06:54:04.564+0000] {dag.py:3954} INFO - Setting next_dagrun for json_batch_to_hdfs to 2026-08-07 06:45:00+00:00, run_after=2026-08-07 06:50:00+00:00
[2026-08-07T06:54:04.601+0000] {processor.py:183} INFO - Processing /opt/airflow/dags/json_to_hdfs_dag.py took 0.205 seconds
[2026-08-07T06:54:34.830+0000] {processor.py:161} INFO - Started process (PID=1525) to work on /opt/airflow/dags/json_to_hdfs_dag.py
[2026-08-07T06:54:34.832+0000] {processor.py:830} INFO - Processing file /opt/airflow/dags/json_to_hdfs_dag.py for tasks to queue
[2026-08-07T06:54:34.835+0000] {logging_mixin.py:188} INFO - [2026-08-07T06:54:34.834+0000] {dagbag.py:545} INFO - Filling up the DagBag from /opt/airflow/dags/json_to_hdfs_dag.py
[2026-08-07T06:54:34.869+0000] {processor.py:840} INFO - DAG(s) 'json_batch_to_hdfs' retrieved from /opt/airflow/dags/json_to_hdfs_dag.py
[2026-08-07T06:54:34.924+0000] {logging_mixin.py:188} INFO - [2026-08-07T06:54:34.924+0000] {dag.py:3096} INFO - Sync 1 DAGs
[2026-08-07T06:54:34.956+0000] {logging_mixin.py:188} INFO - [2026-08-07T06:54:34.956+0000] {dag.py:3954} INFO - Setting next_dagrun for json_batch_to_hdfs to 2026-08-07 06:45:00+00:00, run_after=2026-08-07 06:50:00+00:00
[2026-08-07T06:54:34.990+0000] {processor.py:183} INFO - Processing /opt/airflow/dags/json_to_hdfs_dag.py took 0.167 seconds
[2026-08-07T06:55:05.155+0000] {processor.py:161} INFO - Started process (PID=1526) to work on /opt/airflow/dags/json_to_hdfs_dag.py
[2026-08-07T06:55:05.158+0000] {processor.py:830} INFO - Processing file /opt/airflow/dags/json_to_hdfs_dag.py for tasks to queue
[2026-08-07T06:55:05.161+0000] {logging_mixin.py:188} INFO - [2026-08-07T06:55:05.160+0000] {dagbag.py:545} INFO - Filling up the DagBag from /opt/airflow/dags/json_to_hdfs_dag.py
[2026-08-07T06:55:05.211+0000] {processor.py:840} INFO - DAG(s) 'json_batch_to_hdfs' retrieved from /opt/airflow/dags/json_to_hdfs_dag.py
[2026-08-07T06:55:05.258+0000] {logging_mixin.py:188} INFO - [2026-08-07T06:55:05.257+0000] {dag.py:3096} INFO - Sync 1 DAGs
[2026-08-07T06:55:05.291+0000] {logging_mixin.py:188} INFO - [2026-08-07T06:55:05.291+0000] {dag.py:3954} INFO - Setting next_dagrun for json_batch_to_hdfs to 2026-08-07 06:50:00+00:00, run_after=2026-08-07 06:55:00+00:00
[2026-08-07T06:55:05.323+0000] {processor.py:183} INFO - Processing /opt/airflow/dags/json_to_hdfs_dag.py took 0.180 seconds
[2026-08-07T06:55:35.640+0000] {processor.py:161} INFO - Started process (PID=1527) to work on /opt/airflow/dags/json_to_hdfs_dag.py
[2026-08-07T06:55:35.643+0000] {processor.py:830} INFO - Processing file /opt/airflow/dags/json_to_hdfs_dag.py for tasks to queue
[2026-08-07T06:55:35.646+0000] {logging_mixin.py:188} INFO - [2026-08-07T06:55:35.645+0000] {dagbag.py:545} INFO - Filling up the DagBag from /opt/airflow/dags/json_to_hdfs_dag.py
[2026-08-07T06:55:35.689+0000] {processor.py:840} INFO - DAG(s) 'json_batch_to_hdfs' retrieved from /opt/airflow/dags/json_to_hdfs_dag.py
[2026-08-07T06:55:35.738+0000] {logging_mixin.py:188} INFO - [2026-08-07T06:55:35.737+0000] {dag.py:3096} INFO - Sync 1 DAGs
[2026-08-07T06:55:35.781+0000] {logging_mixin.py:188} INFO - [2026-08-07T06:55:35.780+0000] {dag.py:3954} INFO - Setting next_dagrun for json_batch_to_hdfs to 2026-08-07 06:50:00+00:00, run_after=2026-08-07 06:55:00+00:00
[2026-08-07T06:55:36.113+0000] {processor.py:183} INFO - Processing /opt/airflow/dags/json_to_hdfs_dag.py took 0.486 seconds
[2026-08-07T06:56:06.390+0000] {processor.py:161} INFO - Started process (PID=1528) to work on /opt/airflow/dags/json_to_hdfs_dag.py
[2026-08-07T06:56:06.394+0000] {processor.py:830} INFO - Processing file /opt/airflow/dags/json_to_hdfs_dag.py for tasks to queue
[2026-08-07T06:56:06.397+0000] {logging_mixin.py:188} INFO - [2026-08-07T06:56:06.396+0000] {dagbag.py:545} INFO - Filling up the DagBag from /opt/airflow/dags/json_to_hdfs_dag.py
[2026-08-07T06:56:06.443+0000] {processor.py:840} INFO - DAG(s) 'json_batch_to_hdfs' retrieved from /opt/airflow/dags/json_to_hdfs_dag.py
[2026-08-07T06:56:06.503+0000] {logging_mixin.py:188} INFO - [2026-08-07T06:56:06.502+0000] {dag.py:3096} INFO - Sync 1 DAGs
[2026-08-07T06:56:06.563+0000] {logging_mixin.py:188} INFO - [2026-08-07T06:56:06.563+0000] {dag.py:3954} INFO - Setting next_dagrun for json_batch_to_hdfs to 2026-08-07 06:50:00+00:00, run_after=2026-08-07 06:55:00+00:00
[2026-08-07T06:56:06.619+0000] {processor.py:183} INFO - Processing /opt/airflow/dags/json_to_hdfs_dag.py took 0.236 seconds
[2026-08-07T06:56:37.215+0000] {processor.py:161} INFO - Started process (PID=1529) to work on /opt/airflow/dags/json_to_hdfs_dag.py
[2026-08-07T06:56:37.217+0000] {processor.py:830} INFO - Processing file /opt/airflow/dags/json_to_hdfs_dag.py for tasks to queue
[2026-08-07T06:56:37.220+0000] {logging_mixin.py:188} INFO - [2026-08-07T06:56:37.220+0000] {dagbag.py:545} INFO - Filling up the DagBag from /opt/airflow/dags/json_to_hdfs_dag.py
[2026-08-07T06:56:37.274+0000] {processor.py:840} INFO - DAG(s) 'json_batch_to_hdfs' retrieved from /opt/airflow/dags/json_to_hdfs_dag.py
[2026-08-07T06:56:37.337+0000] {logging_mixin.py:188} INFO - [2026-08-07T06:56:37.337+0000] {dag.py:3096} INFO - Sync 1 DAGs
[2026-08-07T06:56:37.390+0000] {logging_mixin.py:188} INFO - [2026-08-07T06:56:37.390+0000] {dag.py:3954} INFO - Setting next_dagrun for json_batch_to_hdfs to 2026-08-07 06:50:00+00:00, run_after=2026-08-07 06:55:00+00:00
[2026-08-07T06:56:37.440+0000] {processor.py:183} INFO - Processing /opt/airflow/dags/json_to_hdfs_dag.py took 0.232 seconds
[2026-08-07T06:57:07.506+0000] {processor.py:161} INFO - Started process (PID=1530) to work on /opt/airflow/dags/json_to_hdfs_dag.py
[2026-08-07T06:57:07.508+0000] {processor.py:830} INFO - Processing file /opt/airflow/dags/json_to_hdfs_dag.py for tasks to queue
[2026-08-07T06:57:07.511+0000] {logging_mixin.py:188} INFO - [2026-08-07T06:57:07.510+0000] {dagbag.py:545} INFO - Filling up the DagBag from /opt/airflow/dags/json_to_hdfs_dag.py
[2026-08-07T06:57:07.551+0000] {processor.py:840} INFO - DAG(s) 'json_batch_to_hdfs' retrieved from /opt/airflow/dags/json_to_hdfs_dag.py
[2026-08-07T06:57:07.604+0000] {logging_mixin.py:188} INFO - [2026-08-07T06:57:07.604+0000] {dag.py:3096} INFO - Sync 1 DAGs
[2026-08-07T06:57:07.653+0000] {logging_mixin.py:188} INFO - [2026-08-07T06:57:07.653+0000] {dag.py:3954} INFO - Setting next_dagrun for json_batch_to_hdfs to 2026-08-07 06:50:00+00:00, run_after=2026-08-07 06:55:00+00:00
[2026-08-07T06:57:07.699+0000] {processor.py:183} INFO - Processing /opt/airflow/dags/json_to_hdfs_dag.py took 0.201 seconds
[2026-08-07T06:57:37.979+0000] {processor.py:161} INFO - Started process (PID=1531) to work on /opt/airflow/dags/json_to_hdfs_dag.py
[2026-08-07T06:57:37.983+0000] {processor.py:830} INFO - Processing file /opt/airflow/dags/json_to_hdfs_dag.py for tasks to queue
[2026-08-07T06:57:37.987+0000] {logging_mixin.py:188} INFO - [2026-08-07T06:57:37.986+0000] {dagbag.py:545} INFO - Filling up the DagBag from /opt/airflow/dags/json_to_hdfs_dag.py
[2026-08-07T06:57:38.033+0000] {processor.py:840} INFO - DAG(s) 'json_batch_to_hdfs' retrieved from /opt/airflow/dags/json_to_hdfs_dag.py
[2026-08-07T06:57:38.081+0000] {logging_mixin.py:188} INFO - [2026-08-07T06:57:38.081+0000] {dag.py:3096} INFO - Sync 1 DAGs
[2026-08-07T06:57:38.116+0000] {logging_mixin.py:188} INFO - [2026-08-07T06:57:38.116+0000] {dag.py:3954} INFO - Setting next_dagrun for json_batch_to_hdfs to 2026-08-07 06:50:00+00:00, run_after=2026-08-07 06:55:00+00:00
[2026-08-07T06:57:38.146+0000] {processor.py:183} INFO - Processing /opt/airflow/dags/json_to_hdfs_dag.py took 0.175 seconds
[2026-08-07T06:58:08.216+0000] {processor.py:161} INFO - Started process (PID=1532) to work on /opt/airflow/dags/json_to_hdfs_dag.py
[2026-08-07T06:58:08.218+0000] {processor.py:830} INFO - Processing file /opt/airflow/dags/json_to_hdfs_dag.py for tasks to queue
[2026-08-07T06:58:08.221+0000] {logging_mixin.py:188} INFO - [2026-08-07T06:58:08.220+0000] {dagbag.py:545} INFO - Filling up the DagBag from /opt/airflow/dags/json_to_hdfs_dag.py
[2026-08-07T06:58:08.244+0000] {processor.py:840} INFO - DAG(s) 'json_batch_to_hdfs' retrieved from /opt/airflow/dags/json_to_hdfs_dag.py
[2026-08-07T06:58:08.282+0000] {logging_mixin.py:188} INFO - [2026-08-07T06:58:08.282+0000] {dag.py:3096} INFO - Sync 1 DAGs
[2026-08-07T06:58:08.314+0000] {logging_mixin.py:188} INFO - [2026-08-07T06:58:08.314+0000] {dag.py:3954} INFO - Setting next_dagrun for json_batch_to_hdfs to 2026-08-07 06:50:00+00:00, run_after=2026-08-07 06:55:00+00:00
[2026-08-07T06:58:08.353+0000] {processor.py:183} INFO - Processing /opt/airflow/dags/json_to_hdfs_dag.py took 0.143 seconds
[2026-08-07T06:58:38.528+0000] {processor.py:161} INFO - Started process (PID=1533) to work on /opt/airflow/dags/json_to_hdfs_dag.py
[2026-08-07T06:58:38.531+0000] {processor.py:830} INFO - Processing file /opt/airflow/dags/json_to_hdfs_dag.py for tasks to queue
[2026-08-07T06:58:38.535+0000] {logging_mixin.py:188} INFO - [2026-08-07T06:58:38.534+0000] {dagbag.py:545} INFO - Filling up the DagBag from /opt/airflow/dags/json_to_hdfs_dag.py
[2026-08-07T06:58:38.579+0000] {processor.py:840} INFO - DAG(s) 'json_batch_to_hdfs' retrieved from /opt/airflow/dags/json_to_hdfs_dag.py
[2026-08-07T06:58:38.637+0000] {logging_mixin.py:188} INFO - [2026-08-07T06:58:38.636+0000] {dag.py:3096} INFO - Sync 1 DAGs
[2026-08-07T06:58:38.677+0000] {logging_mixin.py:188} INFO - [2026-08-07T06:58:38.677+0000] {dag.py:3954} INFO - Setting next_dagrun for json_batch_to_hdfs to 2026-08-07 06:50:00+00:00, run_after=2026-08-07 06:55:00+00:00
[2026-08-07T06:58:38.948+0000] {processor.py:183} INFO - Processing /opt/airflow/dags/json_to_hdfs_dag.py took 0.433 seconds
[2026-08-07T06:59:09.209+0000] {processor.py:161} INFO - Started process (PID=1534) to work on /opt/airflow/dags/json_to_hdfs_dag.py
[2026-08-07T06:59:09.212+0000] {processor.py:830} INFO - Processing file /opt/airflow/dags/json_to_hdfs_dag.py for tasks to queue
[2026-08-07T06:59:09.215+0000] {logging_mixin.py:188} INFO - [2026-08-07T06:59:09.214+0000] {dagbag.py:545} INFO - Filling up the DagBag from /opt/airflow/dags/json_to_hdfs_dag.py
[2026-08-07T06:59:09.263+0000] {processor.py:840} INFO - DAG(s) 'json_batch_to_hdfs' retrieved from /opt/airflow/dags/json_to_hdfs_dag.py
[2026-08-07T06:59:09.341+0000] {logging_mixin.py:188} INFO - [2026-08-07T06:59:09.340+0000] {dag.py:3096} INFO - Sync 1 DAGs
[2026-08-07T06:59:09.421+0000] {logging_mixin.py:188} INFO - [2026-08-07T06:59:09.421+0000] {dag.py:3954} INFO - Setting next_dagrun for json_batch_to_hdfs to 2026-08-07 06:50:00+00:00, run_after=2026-08-07 06:55:00+00:00
[2026-08-07T06:59:09.471+0000] {processor.py:183} INFO - Processing /opt/airflow/dags/json_to_hdfs_dag.py took 0.272 seconds
[2026-08-07T06:59:39.820+0000] {processor.py:161} INFO - Started process (PID=1535) to work on /opt/airflow/dags/json_to_hdfs_dag.py
[2026-08-07T06:59:39.823+0000] {processor.py:830} INFO - Processing file /opt/airflow/dags/json_to_hdfs_dag.py for tasks to queue
[2026-08-07T06:59:39.825+0000] {logging_mixin.py:188} INFO - [2026-08-07T06:59:39.825+0000] {dagbag.py:545} INFO - Filling up the DagBag from /opt/airflow/dags/json_to_hdfs_dag.py
[2026-08-07T06:59:39.867+0000] {processor.py:840} INFO - DAG(s) 'json_batch_to_hdfs' retrieved from /opt/airflow/dags/json_to_hdfs_dag.py
[2026-08-07T06:59:39.918+0000] {logging_mixin.py:188} INFO - [2026-08-07T06:59:39.917+0000] {dag.py:3096} INFO - Sync 1 DAGs
[2026-08-07T06:59:39.960+0000] {logging_mixin.py:188} INFO - [2026-08-07T06:59:39.960+0000] {dag.py:3954} INFO - Setting next_dagrun for json_batch_to_hdfs to 2026-08-07 06:50:00+00:00, run_after=2026-08-07 06:55:00+00:00
[2026-08-07T06:59:40.009+0000] {processor.py:183} INFO - Processing /opt/airflow/dags/json_to_hdfs_dag.py took 0.202 seconds
[2026-08-07T07:00:10.156+0000] {processor.py:161} INFO - Started process (PID=1536) to work on /opt/airflow/dags/json_to_hdfs_dag.py
[2026-08-07T07:00:10.158+0000] {processor.py:830} INFO - Processing file /opt/airflow/dags/json_to_hdfs_dag.py for tasks to queue
[2026-08-07T07:00:10.161+0000] {logging_mixin.py:188} INFO - [2026-08-07T07:00:10.160+0000] {dagbag.py:545} INFO - Filling up the DagBag from /opt/airflow/dags/json_to_hdfs_dag.py
[2026-08-07T07:00:10.210+0000] {processor.py:840} INFO - DAG(s) 'json_batch_to_hdfs' retrieved from /opt/airflow/dags/json_to_hdfs_dag.py
[2026-08-07T07:00:10.269+0000] {logging_mixin.py:188} INFO - [2026-08-07T07:00:10.269+0000] {dag.py:3096} INFO - Sync 1 DAGs
[2026-08-07T07:00:10.307+0000] {logging_mixin.py:188} INFO - [2026-08-07T07:00:10.306+0000] {dag.py:3954} INFO - Setting next_dagrun for json_batch_to_hdfs to 2026-08-07 06:55:00+00:00, run_after=2026-08-07 07:00:00+00:00
[2026-08-07T07:00:10.341+0000] {processor.py:183} INFO - Processing /opt/airflow/dags/json_to_hdfs_dag.py took 0.193 seconds
[2026-08-07T07:00:40.542+0000] {processor.py:161} INFO - Started process (PID=1537) to work on /opt/airflow/dags/json_to_hdfs_dag.py
[2026-08-07T07:00:40.545+0000] {processor.py:830} INFO - Processing file /opt/airflow/dags/json_to_hdfs_dag.py for tasks to queue
[2026-08-07T07:00:40.549+0000] {logging_mixin.py:188} INFO - [2026-08-07T07:00:40.548+0000] {dagbag.py:545} INFO - Filling up the DagBag from /opt/airflow/dags/json_to_hdfs_dag.py
[2026-08-07T07:00:40.591+0000] {processor.py:840} INFO - DAG(s) 'json_batch_to_hdfs' retrieved from /opt/airflow/dags/json_to_hdfs_dag.py
[2026-08-07T07:00:40.649+0000] {logging_mixin.py:188} INFO - [2026-08-07T07:00:40.648+0000] {dag.py:3096} INFO - Sync 1 DAGs
[2026-08-07T07:00:40.690+0000] {logging_mixin.py:188} INFO - [2026-08-07T07:00:40.690+0000] {dag.py:3954} INFO - Setting next_dagrun for json_batch_to_hdfs to 2026-08-07 06:55:00+00:00, run_after=2026-08-07 07:00:00+00:00
[2026-08-07T07:00:40.730+0000] {processor.py:183} INFO - Processing /opt/airflow/dags/json_to_hdfs_dag.py took 0.197 seconds
[2026-08-07T07:01:10.835+0000] {processor.py:161} INFO - Started process (PID=1538) to work on /opt/airflow/dags/json_to_hdfs_dag.py
[2026-08-07T07:01:10.837+0000] {processor.py:830} INFO - Processing file /opt/airflow/dags/json_to_hdfs_dag.py for tasks to queue
[2026-08-07T07:01:10.840+0000] {logging_mixin.py:188} INFO - [2026-08-07T07:01:10.840+0000] {dagbag.py:545} INFO - Filling up the DagBag from /opt/airflow/dags/json_to_hdfs_dag.py
[2026-08-07T07:01:10.865+0000] {processor.py:840} INFO - DAG(s) 'json_batch_to_hdfs' retrieved from /opt/airflow/dags/json_to_hdfs_dag.py
[2026-08-07T07:01:10.912+0000] {logging_mixin.py:188} INFO - [2026-08-07T07:01:10.912+0000] {dag.py:3096} INFO - Sync 1 DAGs
[2026-08-07T07:01:10.950+0000] {logging_mixin.py:188} INFO - [2026-08-07T07:01:10.950+0000] {dag.py:3954} INFO - Setting next_dagrun for json_batch_to_hdfs to 2026-08-07 06:55:00+00:00, run_after=2026-08-07 07:00:00+00:00
[2026-08-07T07:01:10.982+0000] {processor.py:183} INFO - Processing /opt/airflow/dags/json_to_hdfs_dag.py took 0.154 seconds
[2026-08-07T07:01:41.256+0000] {processor.py:161} INFO - Started process (PID=1539) to work on /opt/airflow/dags/json_to_hdfs_dag.py
[2026-08-07T07:01:41.259+0000] {processor.py:830} INFO - Processing file /opt/airflow/dags/json_to_hdfs_dag.py for tasks to queue
[2026-08-07T07:01:41.262+0000] {logging_mixin.py:188} INFO - [2026-08-07T07:01:41.261+0000] {dagbag.py:545} INFO - Filling up the DagBag from /opt/airflow/dags/json_to_hdfs_dag.py
[2026-08-07T07:01:41.299+0000] {processor.py:840} INFO - DAG(s) 'json_batch_to_hdfs' retrieved from /opt/airflow/dags/json_to_hdfs_dag.py
[2026-08-07T07:01:41.352+0000] {logging_mixin.py:188} INFO - [2026-08-07T07:01:41.351+0000] {dag.py:3096} INFO - Sync 1 DAGs
[2026-08-07T07:01:41.397+0000] {logging_mixin.py:188} INFO - [2026-08-07T07:01:41.397+0000] {dag.py:3954} INFO - Setting next_dagrun for json_batch_to_hdfs to 2026-08-07 06:55:00+00:00, run_after=2026-08-07 07:00:00+00:00
[2026-08-07T07:01:41.697+0000] {processor.py:183} INFO - Processing /opt/airflow/dags/json_to_hdfs_dag.py took 0.447 seconds
[2026-08-07T07:02:12.007+0000] {processor.py:161} INFO - Started process (PID=1540) to work on /opt/airflow/dags/json_to_hdfs_dag.py
[2026-08-07T07:02:12.010+0000] {processor.py:830} INFO - Processing file /opt/airflow/dags/json_to_hdfs_dag.py for tasks to queue
[2026-08-07T07:02:12.013+0000] {logging_mixin.py:188} INFO - [2026-08-07T07:02:12.012+0000] {dagbag.py:545} INFO - Filling up the DagBag from /opt/airflow/dags/json_to_hdfs_dag.py
[2026-08-07T07:02:12.050+0000] {processor.py:840} INFO - DAG(s) 'json_batch_to_hdfs' retrieved from /opt/airflow/dags/json_to_hdfs_dag.py
[2026-08-07T07:02:12.101+0000] {logging_mixin.py:188} INFO - [2026-08-07T07:02:12.100+0000] {dag.py:3096} INFO - Sync 1 DAGs
[2026-08-07T07:02:12.148+0000] {logging_mixin.py:188} INFO - [2026-08-07T07:02:12.147+0000] {dag.py:3954} INFO - Setting next_dagrun for json_batch_to_hdfs to 2026-08-07 06:55:00+00:00, run_after=2026-08-07 07:00:00+00:00
[2026-08-07T07:02:12.181+0000] {processor.py:183} INFO - Processing /opt/airflow/dags/json_to_hdfs_dag.py took 0.183 seconds
[2026-08-07T07:02:42.245+0000] {processor.py:161} INFO - Started process (PID=1541) to work on /opt/airflow/dags/json_to_hdfs_dag.py
[2026-08-07T07:02:42.248+0000] {processor.py:830} INFO - Processing file /opt/airflow/dags/json_to_hdfs_dag.py for tasks to queue
[2026-08-07T07:02:42.250+0000] {logging_mixin.py:188} INFO - [2026-08-07T07:02:42.250+0000] {dagbag.py:545} INFO - Filling up the DagBag from /opt/airflow/dags/json_to_hdfs_dag.py
[2026-08-07T07:02:42.290+0000] {processor.py:840} INFO - DAG(s) 'json_batch_to_hdfs' retrieved from /opt/airflow/dags/json_to_hdfs_dag.py
[2026-08-07T07:02:42.350+0000] {logging_mixin.py:188} INFO - [2026-08-07T07:02:42.349+0000] {dag.py:3096} INFO - Sync 1 DAGs
[2026-08-07T07:02:42.387+0000] {logging_mixin.py:188} INFO - [2026-08-07T07:02:42.387+0000] {dag.py:3954} INFO - Setting next_dagrun for json_batch_to_hdfs to 2026-08-07 06:55:00+00:00, run_after=2026-08-07 07:00:00+00:00
[2026-08-07T07:02:42.428+0000] {processor.py:183} INFO - Processing /opt/airflow/dags/json_to_hdfs_dag.py took 0.189 seconds
[2026-08-07T07:03:12.765+0000] {processor.py:161} INFO - Started process (PID=1542) to work on /opt/airflow/dags/json_to_hdfs_dag.py
[2026-08-07T07:03:12.767+0000] {processor.py:830} INFO - Processing file /opt/airflow/dags/json_to_hdfs_dag.py for tasks to queue
[2026-08-07T07:03:12.769+0000] {logging_mixin.py:188} INFO - [2026-08-07T07:03:12.769+0000] {dagbag.py:545} INFO - Filling up the DagBag from /opt/airflow/dags/json_to_hdfs_dag.py
[2026-08-07T07:03:12.803+0000] {processor.py:840} INFO - DAG(s) 'json_batch_to_hdfs' retrieved from /opt/airflow/dags/json_to_hdfs_dag.py
[2026-08-07T07:03:12.848+0000] {logging_mixin.py:188} INFO - [2026-08-07T07:03:12.848+0000] {dag.py:3096} INFO - Sync 1 DAGs
[2026-08-07T07:03:12.895+0000] {logging_mixin.py:188} INFO - [2026-08-07T07:03:12.894+0000] {dag.py:3954} INFO - Setting next_dagrun for json_batch_to_hdfs to 2026-08-07 06:55:00+00:00, run_after=2026-08-07 07:00:00+00:00
[2026-08-07T07:03:12.931+0000] {processor.py:183} INFO - Processing /opt/airflow/dags/json_to_hdfs_dag.py took 0.175 seconds
[2026-08-07T07:03:43.038+0000] {processor.py:161} INFO - Started process (PID=1543) to work on /opt/airflow/dags/json_to_hdfs_dag.py
[2026-08-07T07:03:43.041+0000] {processor.py:830} INFO - Processing file /opt/airflow/dags/json_to_hdfs_dag.py for tasks to queue
[2026-08-07T07:03:43.046+0000] {logging_mixin.py:188} INFO - [2026-08-07T07:03:43.045+0000] {dagbag.py:545} INFO - Filling up the DagBag from /opt/airflow/dags/json_to_hdfs_dag.py
[2026-08-07T07:03:43.083+0000] {processor.py:840} INFO - DAG(s) 'json_batch_to_hdfs' retrieved from /opt/airflow/dags/json_to_hdfs_dag.py
[2026-08-07T07:03:43.143+0000] {logging_mixin.py:188} INFO - [2026-08-07T07:03:43.143+0000] {dag.py:3096} INFO - Sync 1 DAGs
[2026-08-07T07:03:43.193+0000] {logging_mixin.py:188} INFO - [2026-08-07T07:03:43.193+0000] {dag.py:3954} INFO - Setting next_dagrun for json_batch_to_hdfs to 2026-08-07 06:55:00+00:00, run_after=2026-08-07 07:00:00+00:00
[2026-08-07T07:03:43.243+0000] {processor.py:183} INFO - Processing /opt/airflow/dags/json_to_hdfs_dag.py took 0.217 seconds
[2026-08-07T07:04:13.453+0000] {processor.py:161} INFO - Started process (PID=1544) to work on /opt/airflow/dags/json_to_hdfs_dag.py
[2026-08-07T07:04:13.460+0000] {processor.py:830} INFO - Processing file /opt/airflow/dags/json_to_hdfs_dag.py for tasks to queue
[2026-08-07T07:04:13.464+0000] {logging_mixin.py:188} INFO - [2026-08-07T07:04:13.463+0000] {dagbag.py:545} INFO - Filling up the DagBag from /opt/airflow/dags/json_to_hdfs_dag.py
[2026-08-07T07:04:13.501+0000] {processor.py:840} INFO - DAG(s) 'json_batch_to_hdfs' retrieved from /opt/airflow/dags/json_to_hdfs_dag.py
[2026-08-07T07:04:13.556+0000] {logging_mixin.py:188} INFO - [2026-08-07T07:04:13.555+0000] {dag.py:3096} INFO - Sync 1 DAGs
[2026-08-07T07:04:13.599+0000] {logging_mixin.py:188} INFO - [2026-08-07T07:04:13.599+0000] {dag.py:3954} INFO - Setting next_dagrun for json_batch_to_hdfs to 2026-08-07 06:55:00+00:00, run_after=2026-08-07 07:00:00+00:00
[2026-08-07T07:04:13.646+0000] {processor.py:183} INFO - Processing /opt/airflow/dags/json_to_hdfs_dag.py took 0.200 seconds
[2026-08-07T07:04:43.792+0000] {processor.py:161} INFO - Started process (PID=1545) to work on /opt/airflow/dags/json_to_hdfs_dag.py
[2026-08-07T07:04:43.796+0000] {processor.py:830} INFO - Processing file /opt/airflow/dags/json_to_hdfs_dag.py for tasks to queue
[2026-08-07T07:04:43.799+0000] {logging_mixin.py:188} INFO - [2026-08-07T07:04:43.799+0000] {dagbag.py:545} INFO - Filling up the DagBag from /opt/airflow/dags/json_to_hdfs_dag.py
[2026-08-07T07:04:43.836+0000] {processor.py:840} INFO - DAG(s) 'json_batch_to_hdfs' retrieved from /opt/airflow/dags/json_to_hdfs_dag.py
[2026-08-07T07:04:43.889+0000] {logging_mixin.py:188} INFO - [2026-08-07T07:04:43.888+0000] {dag.py:3096} INFO - Sync 1 DAGs
[2026-08-07T07:04:43.928+0000] {logging_mixin.py:188} INFO - [2026-08-07T07:04:43.927+0000] {dag.py:3954} INFO - Setting next_dagrun for json_batch_to_hdfs to 2026-08-07 06:55:00+00:00, run_after=2026-08-07 07:00:00+00:00
[2026-08-07T07:04:44.169+0000] {processor.py:183} INFO - Processing /opt/airflow/dags/json_to_hdfs_dag.py took 0.386 seconds
[2026-08-07T07:05:14.280+0000] {processor.py:161} INFO - Started process (PID=1546) to work on /opt/airflow/dags/json_to_hdfs_dag.py
[2026-08-07T07:05:14.283+0000] {processor.py:830} INFO - Processing file /opt/airflow/dags/json_to_hdfs_dag.py for tasks to queue
[2026-08-07T07:05:14.286+0000] {logging_mixin.py:188} INFO - [2026-08-07T07:05:14.285+0000] {dagbag.py:545} INFO - Filling up the DagBag from /opt/airflow/dags/json_to_hdfs_dag.py
[2026-08-07T07:05:14.326+0000] {processor.py:840} INFO - DAG(s) 'json_batch_to_hdfs' retrieved from /opt/airflow/dags/json_to_hdfs_dag.py
[2026-08-07T07:05:14.374+0000] {logging_mixin.py:188} INFO - [2026-08-07T07:05:14.373+0000] {dag.py:3096} INFO - Sync 1 DAGs
[2026-08-07T07:05:14.411+0000] {logging_mixin.py:188} INFO - [2026-08-07T07:05:14.410+0000] {dag.py:3954} INFO - Setting next_dagrun for json_batch_to_hdfs to 2026-08-07 07:00:00+00:00, run_after=2026-08-07 07:05:00+00:00
[2026-08-07T07:05:14.451+0000] {processor.py:183} INFO - Processing /opt/airflow/dags/json_to_hdfs_dag.py took 0.185 seconds
[2026-08-07T07:05:44.699+0000] {processor.py:161} INFO - Started process (PID=1547) to work on /opt/airflow/dags/json_to_hdfs_dag.py
[2026-08-07T07:05:44.702+0000] {processor.py:830} INFO - Processing file /opt/airflow/dags/json_to_hdfs_dag.py for tasks to queue
[2026-08-07T07:05:44.705+0000] {logging_mixin.py:188} INFO - [2026-08-07T07:05:44.704+0000] {dagbag.py:545} INFO - Filling up the DagBag from /opt/airflow/dags/json_to_hdfs_dag.py
[2026-08-07T07:05:44.753+0000] {processor.py:840} INFO - DAG(s) 'json_batch_to_hdfs' retrieved from /opt/airflow/dags/json_to_hdfs_dag.py
[2026-08-07T07:05:44.811+0000] {logging_mixin.py:188} INFO - [2026-08-07T07:05:44.811+0000] {dag.py:3096} INFO - Sync 1 DAGs
[2026-08-07T07:05:44.848+0000] {logging_mixin.py:188} INFO - [2026-08-07T07:05:44.848+0000] {dag.py:3954} INFO - Setting next_dagrun for json_batch_to_hdfs to 2026-08-07 07:00:00+00:00, run_after=2026-08-07 07:05:00+00:00
[2026-08-07T07:05:44.893+0000] {processor.py:183} INFO - Processing /opt/airflow/dags/json_to_hdfs_dag.py took 0.204 seconds
[2026-08-07T07:06:14.969+0000] {processor.py:161} INFO - Started process (PID=1548) to work on /opt/airflow/dags/json_to_hdfs_dag.py
[2026-08-07T07:06:14.971+0000] {processor.py:830} INFO - Processing file /opt/airflow/dags/json_to_hdfs_dag.py for tasks to queue
[2026-08-07T07:06:14.974+0000] {logging_mixin.py:188} INFO - [2026-08-07T07:06:14.973+0000] {dagbag.py:545} INFO - Filling up the DagBag from /opt/airflow/dags/json_to_hdfs_dag.py
[2026-08-07T07:06:15.012+0000] {processor.py:840} INFO - DAG(s) 'json_batch_to_hdfs' retrieved from /opt/airflow/dags/json_to_hdfs_dag.py
[2026-08-07T07:06:15.052+0000] {logging_mixin.py:188} INFO - [2026-08-07T07:06:15.052+0000] {dag.py:3096} INFO - Sync 1 DAGs
[2026-08-07T07:06:15.085+0000] {logging_mixin.py:188} INFO - [2026-08-07T07:06:15.085+0000] {dag.py:3954} INFO - Setting next_dagrun for json_batch_to_hdfs to 2026-08-07 07:00:00+00:00, run_after=2026-08-07 07:05:00+00:00
[2026-08-07T07:06:15.114+0000] {processor.py:183} INFO - Processing /opt/airflow/dags/json_to_hdfs_dag.py took 0.152 seconds
[2026-08-07T07:06:45.362+0000] {processor.py:161} INFO - Started process (PID=1549) to work on /opt/airflow/dags/json_to_hdfs_dag.py
[2026-08-07T07:06:45.364+0000] {processor.py:830} INFO - Processing file /opt/airflow/dags/json_to_hdfs_dag.py for tasks to queue
[2026-08-07T07:06:45.366+0000] {logging_mixin.py:188} INFO - [2026-08-07T07:06:45.365+0000] {dagbag.py:545} INFO - Filling up the DagBag from /opt/airflow/dags/json_to_hdfs_dag.py
[2026-08-07T07:06:45.389+0000] {processor.py:840} INFO - DAG(s) 'json_batch_to_hdfs' retrieved from /opt/airflow/dags/json_to_hdfs_dag.py
[2026-08-07T07:06:45.422+0000] {logging_mixin.py:188} INFO - [2026-08-07T07:06:45.421+0000] {dag.py:3096} INFO - Sync 1 DAGs
[2026-08-07T07:06:45.467+0000] {logging_mixin.py:188} INFO - [2026-08-07T07:06:45.466+0000] {dag.py:3954} INFO - Setting next_dagrun for json_batch_to_hdfs to 2026-08-07 07:00:00+00:00, run_after=2026-08-07 07:05:00+00:00
[2026-08-07T07:06:45.492+0000] {processor.py:183} INFO - Processing /opt/airflow/dags/json_to_hdfs_dag.py took 0.135 seconds
[2026-08-07T07:07:15.625+0000] {processor.py:161} INFO - Started process (PID=1550) to work on /opt/airflow/dags/json_to_hdfs_dag.py
[2026-08-07T07:07:15.628+0000] {processor.py:830} INFO - Processing file /opt/airflow/dags/json_to_hdfs_dag.py for tasks to queue
[2026-08-07T07:07:15.630+0000] {logging_mixin.py:188} INFO - [2026-08-07T07:07:15.630+0000] {dagbag.py:545} INFO - Filling up the DagBag from /opt/airflow/dags/json_to_hdfs_dag.py
[2026-08-07T07:07:15.667+0000] {processor.py:840} INFO - DAG(s) 'json_batch_to_hdfs' retrieved from /opt/airflow/dags/json_to_hdfs_dag.py
[2026-08-07T07:07:15.712+0000] {logging_mixin.py:188} INFO - [2026-08-07T07:07:15.712+0000] {dag.py:3096} INFO - Sync 1 DAGs
[2026-08-07T07:07:15.743+0000] {logging_mixin.py:188} INFO - [2026-08-07T07:07:15.743+0000] {dag.py:3954} INFO - Setting next_dagrun for json_batch_to_hdfs to 2026-08-07 07:00:00+00:00, run_after=2026-08-07 07:05:00+00:00
[2026-08-07T07:07:15.778+0000] {processor.py:183} INFO - Processing /opt/airflow/dags/json_to_hdfs_dag.py took 0.160 seconds
[2026-08-07T07:07:45.950+0000] {processor.py:161} INFO - Started process (PID=1551) to work on /opt/airflow/dags/json_to_hdfs_dag.py
[2026-08-07T07:07:45.953+0000] {processor.py:830} INFO - Processing file /opt/airflow/dags/json_to_hdfs_dag.py for tasks to queue
[2026-08-07T07:07:45.955+0000] {logging_mixin.py:188} INFO - [2026-08-07T07:07:45.955+0000] {dagbag.py:545} INFO - Filling up the DagBag from /opt/airflow/dags/json_to_hdfs_dag.py
[2026-08-07T07:07:45.989+0000] {processor.py:840} INFO - DAG(s) 'json_batch_to_hdfs' retrieved from /opt/airflow/dags/json_to_hdfs_dag.py
[2026-08-07T07:07:46.029+0000] {logging_mixin.py:188} INFO - [2026-08-07T07:07:46.029+0000] {dag.py:3096} INFO - Sync 1 DAGs
[2026-08-07T07:07:46.067+0000] {logging_mixin.py:188} INFO - [2026-08-07T07:07:46.067+0000] {dag.py:3954} INFO - Setting next_dagrun for json_batch_to_hdfs to 2026-08-07 07:00:00+00:00, run_after=2026-08-07 07:05:00+00:00
[2026-08-07T07:07:46.279+0000] {processor.py:183} INFO - Processing /opt/airflow/dags/json_to_hdfs_dag.py took 0.336 seconds
[2026-08-07T07:08:16.532+0000] {processor.py:161} INFO - Started process (PID=1552) to work on /opt/airflow/dags/json_to_hdfs_dag.py
[2026-08-07T07:08:16.535+0000] {processor.py:830} INFO - Processing file /opt/airflow/dags/json_to_hdfs_dag.py for tasks to queue
[2026-08-07T07:08:16.538+0000] {logging_mixin.py:188} INFO - [2026-08-07T07:08:16.537+0000] {dagbag.py:545} INFO - Filling up the DagBag from /opt/airflow/dags/json_to_hdfs_dag.py
[2026-08-07T07:08:16.577+0000] {processor.py:840} INFO - DAG(s) 'json_batch_to_hdfs' retrieved from /opt/airflow/dags/json_to_hdfs_dag.py
[2026-08-07T07:08:16.619+0000] {logging_mixin.py:188} INFO - [2026-08-07T07:08:16.619+0000] {dag.py:3096} INFO - Sync 1 DAGs
[2026-08-07T07:08:16.652+0000] {logging_mixin.py:188} INFO - [2026-08-07T07:08:16.651+0000] {dag.py:3954} INFO - Setting next_dagrun for json_batch_to_hdfs to 2026-08-07 07:00:00+00:00, run_after=2026-08-07 07:05:00+00:00
[2026-08-07T07:08:16.682+0000] {processor.py:183} INFO - Processing /opt/airflow/dags/json_to_hdfs_dag.py took 0.158 seconds
[2026-08-07T07:08:46.758+0000] {processor.py:161} INFO - Started process (PID=1553) to work on /opt/airflow/dags/json_to_hdfs_dag.py
[2026-08-07T07:08:46.761+0000] {processor.py:830} INFO - Processing file /opt/airflow/dags/json_to_hdfs_dag.py for tasks to queue
[2026-08-07T07:08:46.764+0000] {logging_mixin.py:188} INFO - [2026-08-07T07:08:46.763+0000] {dagbag.py:545} INFO - Filling up the DagBag from /opt/airflow/dags/json_to_hdfs_dag.py
[2026-08-07T07:08:46.800+0000] {processor.py:840} INFO - DAG(s) 'json_batch_to_hdfs' retrieved from /opt/airflow/dags/json_to_hdfs_dag.py
[2026-08-07T07:08:46.839+0000] {logging_mixin.py:188} INFO - [2026-08-07T07:08:46.838+0000] {dag.py:3096} INFO - Sync 1 DAGs
[2026-08-07T07:08:46.871+0000] {logging_mixin.py:188} INFO - [2026-08-07T07:08:46.870+0000] {dag.py:3954} INFO - Setting next_dagrun for json_batch_to_hdfs to 2026-08-07 07:00:00+00:00, run_after=2026-08-07 07:05:00+00:00
[2026-08-07T07:08:46.915+0000] {processor.py:183} INFO - Processing /opt/airflow/dags/json_to_hdfs_dag.py took 0.163 seconds
[2026-08-07T07:16:02.154+0000] {processor.py:161} INFO - Started process (PID=1554) to work on /opt/airflow/dags/json_to_hdfs_dag.py
[2026-08-07T07:16:02.172+0000] {processor.py:830} INFO - Processing file /opt/airflow/dags/json_to_hdfs_dag.py for tasks to queue
[2026-08-07T07:16:02.184+0000] {logging_mixin.py:188} INFO - [2026-08-07T07:16:02.183+0000] {dagbag.py:545} INFO - Filling up the DagBag from /opt/airflow/dags/json_to_hdfs_dag.py
[2026-08-07T07:16:02.671+0000] {processor.py:840} INFO - DAG(s) 'json_batch_to_hdfs' retrieved from /opt/airflow/dags/json_to_hdfs_dag.py
[2026-08-07T07:16:02.830+0000] {logging_mixin.py:188} INFO - [2026-08-07T07:16:02.830+0000] {dag.py:3096} INFO - Sync 1 DAGs
[2026-08-07T07:16:02.934+0000] {logging_mixin.py:188} INFO - [2026-08-07T07:16:02.933+0000] {dag.py:3954} INFO - Setting next_dagrun for json_batch_to_hdfs to 2026-08-07 07:10:00+00:00, run_after=2026-08-07 07:15:00+00:00
[2026-08-07T07:16:03.049+0000] {processor.py:183} INFO - Processing /opt/airflow/dags/json_to_hdfs_dag.py took 0.917 seconds
[2026-08-07T07:16:33.419+0000] {processor.py:161} INFO - Started process (PID=1555) to work on /opt/airflow/dags/json_to_hdfs_dag.py
[2026-08-07T07:16:33.421+0000] {processor.py:830} INFO - Processing file /opt/airflow/dags/json_to_hdfs_dag.py for tasks to queue
[2026-08-07T07:16:33.424+0000] {logging_mixin.py:188} INFO - [2026-08-07T07:16:33.423+0000] {dagbag.py:545} INFO - Filling up the DagBag from /opt/airflow/dags/json_to_hdfs_dag.py
[2026-08-07T07:16:33.460+0000] {processor.py:840} INFO - DAG(s) 'json_batch_to_hdfs' retrieved from /opt/airflow/dags/json_to_hdfs_dag.py
[2026-08-07T07:16:33.502+0000] {logging_mixin.py:188} INFO - [2026-08-07T07:16:33.501+0000] {dag.py:3096} INFO - Sync 1 DAGs
[2026-08-07T07:16:33.544+0000] {logging_mixin.py:188} INFO - [2026-08-07T07:16:33.544+0000] {dag.py:3954} INFO - Setting next_dagrun for json_batch_to_hdfs to 2026-08-07 07:10:00+00:00, run_after=2026-08-07 07:15:00+00:00
[2026-08-07T07:16:33.575+0000] {processor.py:183} INFO - Processing /opt/airflow/dags/json_to_hdfs_dag.py took 0.163 seconds
[2026-08-07T07:17:03.671+0000] {processor.py:161} INFO - Started process (PID=1556) to work on /opt/airflow/dags/json_to_hdfs_dag.py
[2026-08-07T07:17:03.674+0000] {processor.py:830} INFO - Processing file /opt/airflow/dags/json_to_hdfs_dag.py for tasks to queue
[2026-08-07T07:17:03.676+0000] {logging_mixin.py:188} INFO - [2026-08-07T07:17:03.675+0000] {dagbag.py:545} INFO - Filling up the DagBag from /opt/airflow/dags/json_to_hdfs_dag.py
[2026-08-07T07:17:03.711+0000] {processor.py:840} INFO - DAG(s) 'json_batch_to_hdfs' retrieved from /opt/airflow/dags/json_to_hdfs_dag.py
[2026-08-07T07:17:03.755+0000] {logging_mixin.py:188} INFO - [2026-08-07T07:17:03.754+0000] {dag.py:3096} INFO - Sync 1 DAGs
[2026-08-07T07:17:03.789+0000] {logging_mixin.py:188} INFO - [2026-08-07T07:17:03.789+0000] {dag.py:3954} INFO - Setting next_dagrun for json_batch_to_hdfs to 2026-08-07 07:10:00+00:00, run_after=2026-08-07 07:15:00+00:00
[2026-08-07T07:17:03.820+0000] {processor.py:183} INFO - Processing /opt/airflow/dags/json_to_hdfs_dag.py took 0.155 seconds
[2026-08-07T07:17:34.036+0000] {processor.py:161} INFO - Started process (PID=1557) to work on /opt/airflow/dags/json_to_hdfs_dag.py
[2026-08-07T07:17:34.038+0000] {processor.py:830} INFO - Processing file /opt/airflow/dags/json_to_hdfs_dag.py for tasks to queue
[2026-08-07T07:17:34.040+0000] {logging_mixin.py:188} INFO - [2026-08-07T07:17:34.039+0000] {dagbag.py:545} INFO - Filling up the DagBag from /opt/airflow/dags/json_to_hdfs_dag.py
[2026-08-07T07:17:34.068+0000] {processor.py:840} INFO - DAG(s) 'json_batch_to_hdfs' retrieved from /opt/airflow/dags/json_to_hdfs_dag.py
[2026-08-07T07:17:34.103+0000] {logging_mixin.py:188} INFO - [2026-08-07T07:17:34.102+0000] {dag.py:3096} INFO - Sync 1 DAGs
[2026-08-07T07:17:34.130+0000] {logging_mixin.py:188} INFO - [2026-08-07T07:17:34.130+0000] {dag.py:3954} INFO - Setting next_dagrun for json_batch_to_hdfs to 2026-08-07 07:10:00+00:00, run_after=2026-08-07 07:15:00+00:00
[2026-08-07T07:17:34.314+0000] {processor.py:183} INFO - Processing /opt/airflow/dags/json_to_hdfs_dag.py took 0.283 seconds
[2026-08-07T07:18:04.577+0000] {processor.py:161} INFO - Started process (PID=1558) to work on /opt/airflow/dags/json_to_hdfs_dag.py
[2026-08-07T07:18:04.579+0000] {processor.py:830} INFO - Processing file /opt/airflow/dags/json_to_hdfs_dag.py for tasks to queue
[2026-08-07T07:18:04.582+0000] {logging_mixin.py:188} INFO - [2026-08-07T07:18:04.581+0000] {dagbag.py:545} INFO - Filling up the DagBag from /opt/airflow/dags/json_to_hdfs_dag.py
[2026-08-07T07:18:04.608+0000] {processor.py:840} INFO - DAG(s) 'json_batch_to_hdfs' retrieved from /opt/airflow/dags/json_to_hdfs_dag.py
[2026-08-07T07:18:04.642+0000] {logging_mixin.py:188} INFO - [2026-08-07T07:18:04.641+0000] {dag.py:3096} INFO - Sync 1 DAGs
[2026-08-07T07:18:04.670+0000] {logging_mixin.py:188} INFO - [2026-08-07T07:18:04.670+0000] {dag.py:3954} INFO - Setting next_dagrun for json_batch_to_hdfs to 2026-08-07 07:10:00+00:00, run_after=2026-08-07 07:15:00+00:00
[2026-08-07T07:18:04.695+0000] {processor.py:183} INFO - Processing /opt/airflow/dags/json_to_hdfs_dag.py took 0.124 seconds
[2026-08-07T07:18:34.786+0000] {processor.py:161} INFO - Started process (PID=1559) to work on /opt/airflow/dags/json_to_hdfs_dag.py
[2026-08-07T07:18:34.788+0000] {processor.py:830} INFO - Processing file /opt/airflow/dags/json_to_hdfs_dag.py for tasks to queue
[2026-08-07T07:18:34.791+0000] {logging_mixin.py:188} INFO - [2026-08-07T07:18:34.790+0000] {dagbag.py:545} INFO - Filling up the DagBag from /opt/airflow/dags/json_to_hdfs_dag.py
[2026-08-07T07:18:34.826+0000] {processor.py:840} INFO - DAG(s) 'json_batch_to_hdfs' retrieved from /opt/airflow/dags/json_to_hdfs_dag.py
[2026-08-07T07:18:34.860+0000] {logging_mixin.py:188} INFO - [2026-08-07T07:18:34.859+0000] {dag.py:3096} INFO - Sync 1 DAGs
[2026-08-07T07:18:34.886+0000] {logging_mixin.py:188} INFO - [2026-08-07T07:18:34.886+0000] {dag.py:3954} INFO - Setting next_dagrun for json_batch_to_hdfs to 2026-08-07 07:10:00+00:00, run_after=2026-08-07 07:15:00+00:00
[2026-08-07T07:18:34.910+0000] {processor.py:183} INFO - Processing /opt/airflow/dags/json_to_hdfs_dag.py took 0.129 seconds
[2026-08-07T07:19:05.120+0000] {processor.py:161} INFO - Started process (PID=1560) to work on /opt/airflow/dags/json_to_hdfs_dag.py
[2026-08-07T07:19:05.122+0000] {processor.py:830} INFO - Processing file /opt/airflow/dags/json_to_hdfs_dag.py for tasks to queue
[2026-08-07T07:19:05.124+0000] {logging_mixin.py:188} INFO - [2026-08-07T07:19:05.123+0000] {dagbag.py:545} INFO - Filling up the DagBag from /opt/airflow/dags/json_to_hdfs_dag.py
[2026-08-07T07:19:05.143+0000] {processor.py:840} INFO - DAG(s) 'json_batch_to_hdfs' retrieved from /opt/airflow/dags/json_to_hdfs_dag.py
[2026-08-07T07:19:05.174+0000] {logging_mixin.py:188} INFO - [2026-08-07T07:19:05.174+0000] {dag.py:3096} INFO - Sync 1 DAGs
[2026-08-07T07:19:05.200+0000] {logging_mixin.py:188} INFO - [2026-08-07T07:19:05.200+0000] {dag.py:3954} INFO - Setting next_dagrun for json_batch_to_hdfs to 2026-08-07 07:10:00+00:00, run_after=2026-08-07 07:15:00+00:00
[2026-08-07T07:19:05.225+0000] {processor.py:183} INFO - Processing /opt/airflow/dags/json_to_hdfs_dag.py took 0.110 seconds
[2026-08-07T07:19:35.361+0000] {processor.py:161} INFO - Started process (PID=1561) to work on /opt/airflow/dags/json_to_hdfs_dag.py
[2026-08-07T07:19:35.363+0000] {processor.py:830} INFO - Processing file /opt/airflow/dags/json_to_hdfs_dag.py for tasks to queue
[2026-08-07T07:19:35.365+0000] {logging_mixin.py:188} INFO - [2026-08-07T07:19:35.364+0000] {dagbag.py:545} INFO - Filling up the DagBag from /opt/airflow/dags/json_to_hdfs_dag.py
[2026-08-07T07:19:35.385+0000] {processor.py:840} INFO - DAG(s) 'json_batch_to_hdfs' retrieved from /opt/airflow/dags/json_to_hdfs_dag.py
[2026-08-07T07:19:35.418+0000] {logging_mixin.py:188} INFO - [2026-08-07T07:19:35.418+0000] {dag.py:3096} INFO - Sync 1 DAGs
[2026-08-07T07:19:35.444+0000] {logging_mixin.py:188} INFO - [2026-08-07T07:19:35.444+0000] {dag.py:3954} INFO - Setting next_dagrun for json_batch_to_hdfs to 2026-08-07 07:10:00+00:00, run_after=2026-08-07 07:15:00+00:00
[2026-08-07T07:19:35.473+0000] {processor.py:183} INFO - Processing /opt/airflow/dags/json_to_hdfs_dag.py took 0.117 seconds
[2026-08-07T07:20:05.649+0000] {processor.py:161} INFO - Started process (PID=1562) to work on /opt/airflow/dags/json_to_hdfs_dag.py
[2026-08-07T07:20:05.651+0000] {processor.py:830} INFO - Processing file /opt/airflow/dags/json_to_hdfs_dag.py for tasks to queue
[2026-08-07T07:20:05.652+0000] {logging_mixin.py:188} INFO - [2026-08-07T07:20:05.652+0000] {dagbag.py:545} INFO - Filling up the DagBag from /opt/airflow/dags/json_to_hdfs_dag.py
[2026-08-07T07:20:05.672+0000] {processor.py:840} INFO - DAG(s) 'json_batch_to_hdfs' retrieved from /opt/airflow/dags/json_to_hdfs_dag.py
[2026-08-07T07:20:05.703+0000] {logging_mixin.py:188} INFO - [2026-08-07T07:20:05.703+0000] {dag.py:3096} INFO - Sync 1 DAGs
[2026-08-07T07:20:05.731+0000] {logging_mixin.py:188} INFO - [2026-08-07T07:20:05.731+0000] {dag.py:3954} INFO - Setting next_dagrun for json_batch_to_hdfs to 2026-08-07 07:15:00+00:00, run_after=2026-08-07 07:20:00+00:00
[2026-08-07T07:20:05.762+0000] {processor.py:183} INFO - Processing /opt/airflow/dags/json_to_hdfs_dag.py took 0.120 seconds
[2026-08-07T07:20:35.871+0000] {processor.py:161} INFO - Started process (PID=1563) to work on /opt/airflow/dags/json_to_hdfs_dag.py
[2026-08-07T07:20:35.873+0000] {processor.py:830} INFO - Processing file /opt/airflow/dags/json_to_hdfs_dag.py for tasks to queue
[2026-08-07T07:20:35.874+0000] {logging_mixin.py:188} INFO - [2026-08-07T07:20:35.874+0000] {dagbag.py:545} INFO - Filling up the DagBag from /opt/airflow/dags/json_to_hdfs_dag.py
[2026-08-07T07:20:35.895+0000] {processor.py:840} INFO - DAG(s) 'json_batch_to_hdfs' retrieved from /opt/airflow/dags/json_to_hdfs_dag.py
[2026-08-07T07:20:35.929+0000] {logging_mixin.py:188} INFO - [2026-08-07T07:20:35.929+0000] {dag.py:3096} INFO - Sync 1 DAGs
[2026-08-07T07:20:35.957+0000] {logging_mixin.py:188} INFO - [2026-08-07T07:20:35.957+0000] {dag.py:3954} INFO - Setting next_dagrun for json_batch_to_hdfs to 2026-08-07 07:15:00+00:00, run_after=2026-08-07 07:20:00+00:00
[2026-08-07T07:20:36.178+0000] {processor.py:183} INFO - Processing /opt/airflow/dags/json_to_hdfs_dag.py took 0.314 seconds
[2026-08-07T07:21:06.224+0000] {processor.py:161} INFO - Started process (PID=1564) to work on /opt/airflow/dags/json_to_hdfs_dag.py
[2026-08-07T07:21:06.226+0000] {processor.py:830} INFO - Processing file /opt/airflow/dags/json_to_hdfs_dag.py for tasks to queue
[2026-08-07T07:21:06.228+0000] {logging_mixin.py:188} INFO - [2026-08-07T07:21:06.228+0000] {dagbag.py:545} INFO - Filling up the DagBag from /opt/airflow/dags/json_to_hdfs_dag.py
[2026-08-07T07:21:06.248+0000] {processor.py:840} INFO - DAG(s) 'json_batch_to_hdfs' retrieved from /opt/airflow/dags/json_to_hdfs_dag.py
[2026-08-07T07:21:06.279+0000] {logging_mixin.py:188} INFO - [2026-08-07T07:21:06.279+0000] {dag.py:3096} INFO - Sync 1 DAGs
[2026-08-07T07:21:06.472+0000] {logging_mixin.py:188} INFO - [2026-08-07T07:21:06.472+0000] {dag.py:3954} INFO - Setting next_dagrun for json_batch_to_hdfs to 2026-08-07 07:15:00+00:00, run_after=2026-08-07 07:20:00+00:00
[2026-08-07T07:21:06.495+0000] {processor.py:183} INFO - Processing /opt/airflow/dags/json_to_hdfs_dag.py took 0.277 seconds
[2026-08-07T07:21:36.610+0000] {processor.py:161} INFO - Started process (PID=1565) to work on /opt/airflow/dags/json_to_hdfs_dag.py
[2026-08-07T07:21:36.612+0000] {processor.py:830} INFO - Processing file /opt/airflow/dags/json_to_hdfs_dag.py for tasks to queue
[2026-08-07T07:21:36.614+0000] {logging_mixin.py:188} INFO - [2026-08-07T07:21:36.613+0000] {dagbag.py:545} INFO - Filling up the DagBag from /opt/airflow/dags/json_to_hdfs_dag.py
[2026-08-07T07:21:36.639+0000] {processor.py:840} INFO - DAG(s) 'json_batch_to_hdfs' retrieved from /opt/airflow/dags/json_to_hdfs_dag.py
[2026-08-07T07:21:36.674+0000] {logging_mixin.py:188} INFO - [2026-08-07T07:21:36.673+0000] {dag.py:3096} INFO - Sync 1 DAGs
[2026-08-07T07:21:36.711+0000] {logging_mixin.py:188} INFO - [2026-08-07T07:21:36.711+0000] {dag.py:3954} INFO - Setting next_dagrun for json_batch_to_hdfs to 2026-08-07 07:15:00+00:00, run_after=2026-08-07 07:20:00+00:00
[2026-08-07T07:21:36.739+0000] {processor.py:183} INFO - Processing /opt/airflow/dags/json_to_hdfs_dag.py took 0.138 seconds
[2026-08-07T07:22:06.969+0000] {processor.py:161} INFO - Started process (PID=1566) to work on /opt/airflow/dags/json_to_hdfs_dag.py
[2026-08-07T07:22:06.973+0000] {processor.py:830} INFO - Processing file /opt/airflow/dags/json_to_hdfs_dag.py for tasks to queue
[2026-08-07T07:22:06.975+0000] {logging_mixin.py:188} INFO - [2026-08-07T07:22:06.974+0000] {dagbag.py:545} INFO - Filling up the DagBag from /opt/airflow/dags/json_to_hdfs_dag.py
[2026-08-07T07:22:07.012+0000] {processor.py:840} INFO - DAG(s) 'json_batch_to_hdfs' retrieved from /opt/airflow/dags/json_to_hdfs_dag.py
[2026-08-07T07:22:07.057+0000] {logging_mixin.py:188} INFO - [2026-08-07T07:22:07.056+0000] {dag.py:3096} INFO - Sync 1 DAGs
[2026-08-07T07:22:07.088+0000] {logging_mixin.py:188} INFO - [2026-08-07T07:22:07.088+0000] {dag.py:3954} INFO - Setting next_dagrun for json_batch_to_hdfs to 2026-08-07 07:15:00+00:00, run_after=2026-08-07 07:20:00+00:00
[2026-08-07T07:22:07.113+0000] {processor.py:183} INFO - Processing /opt/airflow/dags/json_to_hdfs_dag.py took 0.153 seconds
[2026-08-07T07:22:37.175+0000] {processor.py:161} INFO - Started process (PID=1567) to work on /opt/airflow/dags/json_to_hdfs_dag.py
[2026-08-07T07:22:37.176+0000] {processor.py:830} INFO - Processing file /opt/airflow/dags/json_to_hdfs_dag.py for tasks to queue
[2026-08-07T07:22:37.178+0000] {logging_mixin.py:188} INFO - [2026-08-07T07:22:37.178+0000] {dagbag.py:545} INFO - Filling up the DagBag from /opt/airflow/dags/json_to_hdfs_dag.py
[2026-08-07T07:22:37.200+0000] {processor.py:840} INFO - DAG(s) 'json_batch_to_hdfs' retrieved from /opt/airflow/dags/json_to_hdfs_dag.py
[2026-08-07T07:22:37.235+0000] {logging_mixin.py:188} INFO - [2026-08-07T07:22:37.234+0000] {dag.py:3096} INFO - Sync 1 DAGs
[2026-08-07T07:22:37.273+0000] {logging_mixin.py:188} INFO - [2026-08-07T07:22:37.272+0000] {dag.py:3954} INFO - Setting next_dagrun for json_batch_to_hdfs to 2026-08-07 07:15:00+00:00, run_after=2026-08-07 07:20:00+00:00
[2026-08-07T07:22:37.302+0000] {processor.py:183} INFO - Processing /opt/airflow/dags/json_to_hdfs_dag.py took 0.133 seconds
[2026-08-07T07:23:07.630+0000] {processor.py:161} INFO - Started process (PID=1568) to work on /opt/airflow/dags/json_to_hdfs_dag.py
[2026-08-07T07:23:07.632+0000] {processor.py:830} INFO - Processing file /opt/airflow/dags/json_to_hdfs_dag.py for tasks to queue
[2026-08-07T07:23:07.637+0000] {logging_mixin.py:188} INFO - [2026-08-07T07:23:07.636+0000] {dagbag.py:545} INFO - Filling up the DagBag from /opt/airflow/dags/json_to_hdfs_dag.py
[2026-08-07T07:23:07.691+0000] {processor.py:840} INFO - DAG(s) 'json_batch_to_hdfs' retrieved from /opt/airflow/dags/json_to_hdfs_dag.py
[2026-08-07T07:23:07.756+0000] {logging_mixin.py:188} INFO - [2026-08-07T07:23:07.756+0000] {dag.py:3096} INFO - Sync 1 DAGs
[2026-08-07T07:23:07.814+0000] {logging_mixin.py:188} INFO - [2026-08-07T07:23:07.813+0000] {dag.py:3954} INFO - Setting next_dagrun for json_batch_to_hdfs to 2026-08-07 07:15:00+00:00, run_after=2026-08-07 07:20:00+00:00
[2026-08-07T07:23:07.859+0000] {processor.py:183} INFO - Processing /opt/airflow/dags/json_to_hdfs_dag.py took 0.239 seconds
[2026-08-07T07:23:38.146+0000] {processor.py:161} INFO - Started process (PID=1569) to work on /opt/airflow/dags/json_to_hdfs_dag.py
[2026-08-07T07:23:38.149+0000] {processor.py:830} INFO - Processing file /opt/airflow/dags/json_to_hdfs_dag.py for tasks to queue
[2026-08-07T07:23:38.151+0000] {logging_mixin.py:188} INFO - [2026-08-07T07:23:38.151+0000] {dagbag.py:545} INFO - Filling up the DagBag from /opt/airflow/dags/json_to_hdfs_dag.py
[2026-08-07T07:23:38.197+0000] {processor.py:840} INFO - DAG(s) 'json_batch_to_hdfs' retrieved from /opt/airflow/dags/json_to_hdfs_dag.py
[2026-08-07T07:23:38.252+0000] {logging_mixin.py:188} INFO - [2026-08-07T07:23:38.252+0000] {dag.py:3096} INFO - Sync 1 DAGs
[2026-08-07T07:23:38.296+0000] {logging_mixin.py:188} INFO - [2026-08-07T07:23:38.296+0000] {dag.py:3954} INFO - Setting next_dagrun for json_batch_to_hdfs to 2026-08-07 07:15:00+00:00, run_after=2026-08-07 07:20:00+00:00
[2026-08-07T07:23:38.571+0000] {processor.py:183} INFO - Processing /opt/airflow/dags/json_to_hdfs_dag.py took 0.433 seconds
[2026-08-07T07:24:08.859+0000] {processor.py:161} INFO - Started process (PID=1570) to work on /opt/airflow/dags/json_to_hdfs_dag.py
[2026-08-07T07:24:08.863+0000] {processor.py:830} INFO - Processing file /opt/airflow/dags/json_to_hdfs_dag.py for tasks to queue
[2026-08-07T07:24:08.866+0000] {logging_mixin.py:188} INFO - [2026-08-07T07:24:08.865+0000] {dagbag.py:545} INFO - Filling up the DagBag from /opt/airflow/dags/json_to_hdfs_dag.py
[2026-08-07T07:24:08.923+0000] {processor.py:840} INFO - DAG(s) 'json_batch_to_hdfs' retrieved from /opt/airflow/dags/json_to_hdfs_dag.py
[2026-08-07T07:24:09.003+0000] {logging_mixin.py:188} INFO - [2026-08-07T07:24:09.002+0000] {dag.py:3096} INFO - Sync 1 DAGs
[2026-08-07T07:24:09.463+0000] {logging_mixin.py:188} INFO - [2026-08-07T07:24:09.462+0000] {dag.py:3954} INFO - Setting next_dagrun for json_batch_to_hdfs to 2026-08-07 07:15:00+00:00, run_after=2026-08-07 07:20:00+00:00
[2026-08-07T07:24:09.500+0000] {processor.py:183} INFO - Processing /opt/airflow/dags/json_to_hdfs_dag.py took 0.655 seconds
[2026-08-07T07:24:39.624+0000] {processor.py:161} INFO - Started process (PID=1571) to work on /opt/airflow/dags/json_to_hdfs_dag.py
[2026-08-07T07:24:39.626+0000] {processor.py:830} INFO - Processing file /opt/airflow/dags/json_to_hdfs_dag.py for tasks to queue
[2026-08-07T07:24:39.629+0000] {logging_mixin.py:188} INFO - [2026-08-07T07:24:39.629+0000] {dagbag.py:545} INFO - Filling up the DagBag from /opt/airflow/dags/json_to_hdfs_dag.py
[2026-08-07T07:24:39.670+0000] {processor.py:840} INFO - DAG(s) 'json_batch_to_hdfs' retrieved from /opt/airflow/dags/json_to_hdfs_dag.py
[2026-08-07T07:24:39.709+0000] {logging_mixin.py:188} INFO - [2026-08-07T07:24:39.709+0000] {dag.py:3096} INFO - Sync 1 DAGs
[2026-08-07T07:24:39.742+0000] {logging_mixin.py:188} INFO - [2026-08-07T07:24:39.742+0000] {dag.py:3954} INFO - Setting next_dagrun for json_batch_to_hdfs to 2026-08-07 07:15:00+00:00, run_after=2026-08-07 07:20:00+00:00
[2026-08-07T07:24:39.783+0000] {processor.py:183} INFO - Processing /opt/airflow/dags/json_to_hdfs_dag.py took 0.167 seconds
[2026-08-07T07:25:10.003+0000] {processor.py:161} INFO - Started process (PID=1572) to work on /opt/airflow/dags/json_to_hdfs_dag.py
[2026-08-07T07:25:10.005+0000] {processor.py:830} INFO - Processing file /opt/airflow/dags/json_to_hdfs_dag.py for tasks to queue
[2026-08-07T07:25:10.012+0000] {logging_mixin.py:188} INFO - [2026-08-07T07:25:10.011+0000] {dagbag.py:545} INFO - Filling up the DagBag from /opt/airflow/dags/json_to_hdfs_dag.py
[2026-08-07T07:25:10.055+0000] {processor.py:840} INFO - DAG(s) 'json_batch_to_hdfs' retrieved from /opt/airflow/dags/json_to_hdfs_dag.py
[2026-08-07T07:25:10.119+0000] {logging_mixin.py:188} INFO - [2026-08-07T07:25:10.119+0000] {dag.py:3096} INFO - Sync 1 DAGs
[2026-08-07T07:25:10.152+0000] {logging_mixin.py:188} INFO - [2026-08-07T07:25:10.152+0000] {dag.py:3954} INFO - Setting next_dagrun for json_batch_to_hdfs to 2026-08-07 07:20:00+00:00, run_after=2026-08-07 07:25:00+00:00
[2026-08-07T07:25:10.188+0000] {processor.py:183} INFO - Processing /opt/airflow/dags/json_to_hdfs_dag.py took 0.191 seconds
[2026-08-07T07:25:40.260+0000] {processor.py:161} INFO - Started process (PID=1573) to work on /opt/airflow/dags/json_to_hdfs_dag.py
[2026-08-07T07:25:40.264+0000] {processor.py:830} INFO - Processing file /opt/airflow/dags/json_to_hdfs_dag.py for tasks to queue
[2026-08-07T07:25:40.268+0000] {logging_mixin.py:188} INFO - [2026-08-07T07:25:40.267+0000] {dagbag.py:545} INFO - Filling up the DagBag from /opt/airflow/dags/json_to_hdfs_dag.py
[2026-08-07T07:25:40.309+0000] {processor.py:840} INFO - DAG(s) 'json_batch_to_hdfs' retrieved from /opt/airflow/dags/json_to_hdfs_dag.py
[2026-08-07T07:25:40.362+0000] {logging_mixin.py:188} INFO - [2026-08-07T07:25:40.362+0000] {dag.py:3096} INFO - Sync 1 DAGs
[2026-08-07T07:25:40.404+0000] {logging_mixin.py:188} INFO - [2026-08-07T07:25:40.404+0000] {dag.py:3954} INFO - Setting next_dagrun for json_batch_to_hdfs to 2026-08-07 07:20:00+00:00, run_after=2026-08-07 07:25:00+00:00
[2026-08-07T07:25:40.443+0000] {processor.py:183} INFO - Processing /opt/airflow/dags/json_to_hdfs_dag.py took 0.196 seconds
[2026-08-07T07:26:10.818+0000] {processor.py:161} INFO - Started process (PID=1574) to work on /opt/airflow/dags/json_to_hdfs_dag.py
[2026-08-07T07:26:10.820+0000] {processor.py:830} INFO - Processing file /opt/airflow/dags/json_to_hdfs_dag.py for tasks to queue
[2026-08-07T07:26:10.823+0000] {logging_mixin.py:188} INFO - [2026-08-07T07:26:10.822+0000] {dagbag.py:545} INFO - Filling up the DagBag from /opt/airflow/dags/json_to_hdfs_dag.py
[2026-08-07T07:26:10.869+0000] {processor.py:840} INFO - DAG(s) 'json_batch_to_hdfs' retrieved from /opt/airflow/dags/json_to_hdfs_dag.py
[2026-08-07T07:26:10.936+0000] {logging_mixin.py:188} INFO - [2026-08-07T07:26:10.935+0000] {dag.py:3096} INFO - Sync 1 DAGs
[2026-08-07T07:26:10.984+0000] {logging_mixin.py:188} INFO - [2026-08-07T07:26:10.984+0000] {dag.py:3954} INFO - Setting next_dagrun for json_batch_to_hdfs to 2026-08-07 07:20:00+00:00, run_after=2026-08-07 07:25:00+00:00
[2026-08-07T07:26:11.035+0000] {processor.py:183} INFO - Processing /opt/airflow/dags/json_to_hdfs_dag.py took 0.225 seconds
[2026-08-07T07:26:41.316+0000] {processor.py:161} INFO - Started process (PID=1575) to work on /opt/airflow/dags/json_to_hdfs_dag.py
[2026-08-07T07:26:41.318+0000] {processor.py:830} INFO - Processing file /opt/airflow/dags/json_to_hdfs_dag.py for tasks to queue
[2026-08-07T07:26:41.321+0000] {logging_mixin.py:188} INFO - [2026-08-07T07:26:41.320+0000] {dagbag.py:545} INFO - Filling up the DagBag from /opt/airflow/dags/json_to_hdfs_dag.py
[2026-08-07T07:26:41.370+0000] {processor.py:840} INFO - DAG(s) 'json_batch_to_hdfs' retrieved from /opt/airflow/dags/json_to_hdfs_dag.py
[2026-08-07T07:26:41.426+0000] {logging_mixin.py:188} INFO - [2026-08-07T07:26:41.426+0000] {dag.py:3096} INFO - Sync 1 DAGs
[2026-08-07T07:26:41.470+0000] {logging_mixin.py:188} INFO - [2026-08-07T07:26:41.469+0000] {dag.py:3954} INFO - Setting next_dagrun for json_batch_to_hdfs to 2026-08-07 07:20:00+00:00, run_after=2026-08-07 07:25:00+00:00
[2026-08-07T07:26:41.754+0000] {processor.py:183} INFO - Processing /opt/airflow/dags/json_to_hdfs_dag.py took 0.447 seconds
[2026-08-07T07:27:12.067+0000] {processor.py:161} INFO - Started process (PID=1576) to work on /opt/airflow/dags/json_to_hdfs_dag.py
[2026-08-07T07:27:12.070+0000] {processor.py:830} INFO - Processing file /opt/airflow/dags/json_to_hdfs_dag.py for tasks to queue
[2026-08-07T07:27:12.073+0000] {logging_mixin.py:188} INFO - [2026-08-07T07:27:12.072+0000] {dagbag.py:545} INFO - Filling up the DagBag from /opt/airflow/dags/json_to_hdfs_dag.py
[2026-08-07T07:27:12.118+0000] {processor.py:840} INFO - DAG(s) 'json_batch_to_hdfs' retrieved from /opt/airflow/dags/json_to_hdfs_dag.py
[2026-08-07T07:27:12.170+0000] {logging_mixin.py:188} INFO - [2026-08-07T07:27:12.170+0000] {dag.py:3096} INFO - Sync 1 DAGs
[2026-08-07T07:27:12.554+0000] {logging_mixin.py:188} INFO - [2026-08-07T07:27:12.554+0000] {dag.py:3954} INFO - Setting next_dagrun for json_batch_to_hdfs to 2026-08-07 07:20:00+00:00, run_after=2026-08-07 07:25:00+00:00
[2026-08-07T07:27:12.612+0000] {processor.py:183} INFO - Processing /opt/airflow/dags/json_to_hdfs_dag.py took 0.554 seconds
[2026-08-07T07:27:42.823+0000] {processor.py:161} INFO - Started process (PID=1577) to work on /opt/airflow/dags/json_to_hdfs_dag.py
[2026-08-07T07:27:42.826+0000] {processor.py:830} INFO - Processing file /opt/airflow/dags/json_to_hdfs_dag.py for tasks to queue
[2026-08-07T07:27:42.831+0000] {logging_mixin.py:188} INFO - [2026-08-07T07:27:42.829+0000] {dagbag.py:545} INFO - Filling up the DagBag from /opt/airflow/dags/json_to_hdfs_dag.py
[2026-08-07T07:27:42.882+0000] {processor.py:840} INFO - DAG(s) 'json_batch_to_hdfs' retrieved from /opt/airflow/dags/json_to_hdfs_dag.py
[2026-08-07T07:27:42.939+0000] {logging_mixin.py:188} INFO - [2026-08-07T07:27:42.939+0000] {dag.py:3096} INFO - Sync 1 DAGs
[2026-08-07T07:27:42.984+0000] {logging_mixin.py:188} INFO - [2026-08-07T07:27:42.983+0000] {dag.py:3954} INFO - Setting next_dagrun for json_batch_to_hdfs to 2026-08-07 07:20:00+00:00, run_after=2026-08-07 07:25:00+00:00
[2026-08-07T07:27:43.023+0000] {processor.py:183} INFO - Processing /opt/airflow/dags/json_to_hdfs_dag.py took 0.210 seconds
[2026-08-07T07:28:13.114+0000] {processor.py:161} INFO - Started process (PID=1578) to work on /opt/airflow/dags/json_to_hdfs_dag.py
[2026-08-07T07:28:13.117+0000] {processor.py:830} INFO - Processing file /opt/airflow/dags/json_to_hdfs_dag.py for tasks to queue
[2026-08-07T07:28:13.120+0000] {logging_mixin.py:188} INFO - [2026-08-07T07:28:13.119+0000] {dagbag.py:545} INFO - Filling up the DagBag from /opt/airflow/dags/json_to_hdfs_dag.py
[2026-08-07T07:28:13.174+0000] {processor.py:840} INFO - DAG(s) 'json_batch_to_hdfs' retrieved from /opt/airflow/dags/json_to_hdfs_dag.py
[2026-08-07T07:28:13.227+0000] {logging_mixin.py:188} INFO - [2026-08-07T07:28:13.227+0000] {dag.py:3096} INFO - Sync 1 DAGs
[2026-08-07T07:28:13.273+0000] {logging_mixin.py:188} INFO - [2026-08-07T07:28:13.273+0000] {dag.py:3954} INFO - Setting next_dagrun for json_batch_to_hdfs to 2026-08-07 07:20:00+00:00, run_after=2026-08-07 07:25:00+00:00
[2026-08-07T07:28:13.329+0000] {processor.py:183} INFO - Processing /opt/airflow/dags/json_to_hdfs_dag.py took 0.224 seconds
[2026-08-07T07:28:43.530+0000] {processor.py:161} INFO - Started process (PID=1579) to work on /opt/airflow/dags/json_to_hdfs_dag.py
[2026-08-07T07:28:43.533+0000] {processor.py:830} INFO - Processing file /opt/airflow/dags/json_to_hdfs_dag.py for tasks to queue
[2026-08-07T07:28:43.536+0000] {logging_mixin.py:188} INFO - [2026-08-07T07:28:43.535+0000] {dagbag.py:545} INFO - Filling up the DagBag from /opt/airflow/dags/json_to_hdfs_dag.py
[2026-08-07T07:28:43.581+0000] {processor.py:840} INFO - DAG(s) 'json_batch_to_hdfs' retrieved from /opt/airflow/dags/json_to_hdfs_dag.py
[2026-08-07T07:28:43.626+0000] {logging_mixin.py:188} INFO - [2026-08-07T07:28:43.626+0000] {dag.py:3096} INFO - Sync 1 DAGs
[2026-08-07T07:28:43.658+0000] {logging_mixin.py:188} INFO - [2026-08-07T07:28:43.658+0000] {dag.py:3954} INFO - Setting next_dagrun for json_batch_to_hdfs to 2026-08-07 07:20:00+00:00, run_after=2026-08-07 07:25:00+00:00
[2026-08-07T07:28:43.689+0000] {processor.py:183} INFO - Processing /opt/airflow/dags/json_to_hdfs_dag.py took 0.168 seconds
[2026-08-07T07:29:13.825+0000] {processor.py:161} INFO - Started process (PID=1580) to work on /opt/airflow/dags/json_to_hdfs_dag.py
[2026-08-07T07:29:13.827+0000] {processor.py:830} INFO - Processing file /opt/airflow/dags/json_to_hdfs_dag.py for tasks to queue
[2026-08-07T07:29:13.830+0000] {logging_mixin.py:188} INFO - [2026-08-07T07:29:13.830+0000] {dagbag.py:545} INFO - Filling up the DagBag from /opt/airflow/dags/json_to_hdfs_dag.py
[2026-08-07T07:29:13.868+0000] {processor.py:840} INFO - DAG(s) 'json_batch_to_hdfs' retrieved from /opt/airflow/dags/json_to_hdfs_dag.py
[2026-08-07T07:29:13.913+0000] {logging_mixin.py:188} INFO - [2026-08-07T07:29:13.913+0000] {dag.py:3096} INFO - Sync 1 DAGs
[2026-08-07T07:29:13.948+0000] {logging_mixin.py:188} INFO - [2026-08-07T07:29:13.948+0000] {dag.py:3954} INFO - Setting next_dagrun for json_batch_to_hdfs to 2026-08-07 07:20:00+00:00, run_after=2026-08-07 07:25:00+00:00
[2026-08-07T07:29:13.997+0000] {processor.py:183} INFO - Processing /opt/airflow/dags/json_to_hdfs_dag.py took 0.179 seconds
[2026-08-07T07:29:44.171+0000] {processor.py:161} INFO - Started process (PID=1581) to work on /opt/airflow/dags/json_to_hdfs_dag.py
[2026-08-07T07:29:44.174+0000] {processor.py:830} INFO - Processing file /opt/airflow/dags/json_to_hdfs_dag.py for tasks to queue
[2026-08-07T07:29:44.176+0000] {logging_mixin.py:188} INFO - [2026-08-07T07:29:44.176+0000] {dagbag.py:545} INFO - Filling up the DagBag from /opt/airflow/dags/json_to_hdfs_dag.py
[2026-08-07T07:29:44.222+0000] {processor.py:840} INFO - DAG(s) 'json_batch_to_hdfs' retrieved from /opt/airflow/dags/json_to_hdfs_dag.py
[2026-08-07T07:29:44.274+0000] {logging_mixin.py:188} INFO - [2026-08-07T07:29:44.273+0000] {dag.py:3096} INFO - Sync 1 DAGs
[2026-08-07T07:29:44.313+0000] {logging_mixin.py:188} INFO - [2026-08-07T07:29:44.312+0000] {dag.py:3954} INFO - Setting next_dagrun for json_batch_to_hdfs to 2026-08-07 07:20:00+00:00, run_after=2026-08-07 07:25:00+00:00
[2026-08-07T07:29:44.562+0000] {processor.py:183} INFO - Processing /opt/airflow/dags/json_to_hdfs_dag.py took 0.400 seconds
[2026-08-07T07:30:14.895+0000] {processor.py:161} INFO - Started process (PID=1582) to work on /opt/airflow/dags/json_to_hdfs_dag.py
[2026-08-07T07:30:14.899+0000] {processor.py:830} INFO - Processing file /opt/airflow/dags/json_to_hdfs_dag.py for tasks to queue
[2026-08-07T07:30:14.902+0000] {logging_mixin.py:188} INFO - [2026-08-07T07:30:14.901+0000] {dagbag.py:545} INFO - Filling up the DagBag from /opt/airflow/dags/json_to_hdfs_dag.py
[2026-08-07T07:30:14.950+0000] {processor.py:840} INFO - DAG(s) 'json_batch_to_hdfs' retrieved from /opt/airflow/dags/json_to_hdfs_dag.py
[2026-08-07T07:30:15.021+0000] {logging_mixin.py:188} INFO - [2026-08-07T07:30:15.021+0000] {dag.py:3096} INFO - Sync 1 DAGs
[2026-08-07T07:30:15.268+0000] {logging_mixin.py:188} INFO - [2026-08-07T07:30:15.268+0000] {dag.py:3954} INFO - Setting next_dagrun for json_batch_to_hdfs to 2026-08-07 07:25:00+00:00, run_after=2026-08-07 07:30:00+00:00
[2026-08-07T07:30:15.320+0000] {processor.py:183} INFO - Processing /opt/airflow/dags/json_to_hdfs_dag.py took 0.437 seconds
[2026-08-07T07:30:45.784+0000] {processor.py:161} INFO - Started process (PID=1583) to work on /opt/airflow/dags/json_to_hdfs_dag.py
[2026-08-07T07:30:45.787+0000] {processor.py:830} INFO - Processing file /opt/airflow/dags/json_to_hdfs_dag.py for tasks to queue
[2026-08-07T07:30:45.790+0000] {logging_mixin.py:188} INFO - [2026-08-07T07:30:45.789+0000] {dagbag.py:545} INFO - Filling up the DagBag from /opt/airflow/dags/json_to_hdfs_dag.py
[2026-08-07T07:30:45.832+0000] {processor.py:840} INFO - DAG(s) 'json_batch_to_hdfs' retrieved from /opt/airflow/dags/json_to_hdfs_dag.py
[2026-08-07T07:30:45.881+0000] {logging_mixin.py:188} INFO - [2026-08-07T07:30:45.880+0000] {dag.py:3096} INFO - Sync 1 DAGs
[2026-08-07T07:30:45.920+0000] {logging_mixin.py:188} INFO - [2026-08-07T07:30:45.919+0000] {dag.py:3954} INFO - Setting next_dagrun for json_batch_to_hdfs to 2026-08-07 07:25:00+00:00, run_after=2026-08-07 07:30:00+00:00
[2026-08-07T07:30:45.974+0000] {processor.py:183} INFO - Processing /opt/airflow/dags/json_to_hdfs_dag.py took 0.202 seconds
[2026-08-07T07:31:16.097+0000] {processor.py:161} INFO - Started process (PID=1584) to work on /opt/airflow/dags/json_to_hdfs_dag.py
[2026-08-07T07:31:16.101+0000] {processor.py:830} INFO - Processing file /opt/airflow/dags/json_to_hdfs_dag.py for tasks to queue
[2026-08-07T07:31:16.104+0000] {logging_mixin.py:188} INFO - [2026-08-07T07:31:16.103+0000] {dagbag.py:545} INFO - Filling up the DagBag from /opt/airflow/dags/json_to_hdfs_dag.py
[2026-08-07T07:31:16.147+0000] {processor.py:840} INFO - DAG(s) 'json_batch_to_hdfs' retrieved from /opt/airflow/dags/json_to_hdfs_dag.py
[2026-08-07T07:31:16.195+0000] {logging_mixin.py:188} INFO - [2026-08-07T07:31:16.195+0000] {dag.py:3096} INFO - Sync 1 DAGs
[2026-08-07T07:31:16.231+0000] {logging_mixin.py:188} INFO - [2026-08-07T07:31:16.231+0000] {dag.py:3954} INFO - Setting next_dagrun for json_batch_to_hdfs to 2026-08-07 07:25:00+00:00, run_after=2026-08-07 07:30:00+00:00
[2026-08-07T07:31:16.266+0000] {processor.py:183} INFO - Processing /opt/airflow/dags/json_to_hdfs_dag.py took 0.176 seconds
[2026-08-07T07:31:46.449+0000] {processor.py:161} INFO - Started process (PID=1585) to work on /opt/airflow/dags/json_to_hdfs_dag.py
[2026-08-07T07:31:46.452+0000] {processor.py:830} INFO - Processing file /opt/airflow/dags/json_to_hdfs_dag.py for tasks to queue
[2026-08-07T07:31:46.456+0000] {logging_mixin.py:188} INFO - [2026-08-07T07:31:46.455+0000] {dagbag.py:545} INFO - Filling up the DagBag from /opt/airflow/dags/json_to_hdfs_dag.py
[2026-08-07T07:31:46.501+0000] {processor.py:840} INFO - DAG(s) 'json_batch_to_hdfs' retrieved from /opt/airflow/dags/json_to_hdfs_dag.py
[2026-08-07T07:31:46.550+0000] {logging_mixin.py:188} INFO - [2026-08-07T07:31:46.550+0000] {dag.py:3096} INFO - Sync 1 DAGs
[2026-08-07T07:31:46.591+0000] {logging_mixin.py:188} INFO - [2026-08-07T07:31:46.591+0000] {dag.py:3954} INFO - Setting next_dagrun for json_batch_to_hdfs to 2026-08-07 07:25:00+00:00, run_after=2026-08-07 07:30:00+00:00
[2026-08-07T07:31:46.627+0000] {processor.py:183} INFO - Processing /opt/airflow/dags/json_to_hdfs_dag.py took 0.187 seconds
[2026-08-07T07:32:16.814+0000] {processor.py:161} INFO - Started process (PID=1586) to work on /opt/airflow/dags/json_to_hdfs_dag.py
[2026-08-07T07:32:16.817+0000] {processor.py:830} INFO - Processing file /opt/airflow/dags/json_to_hdfs_dag.py for tasks to queue
[2026-08-07T07:32:16.820+0000] {logging_mixin.py:188} INFO - [2026-08-07T07:32:16.819+0000] {dagbag.py:545} INFO - Filling up the DagBag from /opt/airflow/dags/json_to_hdfs_dag.py
[2026-08-07T07:32:16.868+0000] {processor.py:840} INFO - DAG(s) 'json_batch_to_hdfs' retrieved from /opt/airflow/dags/json_to_hdfs_dag.py
[2026-08-07T07:32:16.921+0000] {logging_mixin.py:188} INFO - [2026-08-07T07:32:16.921+0000] {dag.py:3096} INFO - Sync 1 DAGs
[2026-08-07T07:32:16.959+0000] {logging_mixin.py:188} INFO - [2026-08-07T07:32:16.959+0000] {dag.py:3954} INFO - Setting next_dagrun for json_batch_to_hdfs to 2026-08-07 07:25:00+00:00, run_after=2026-08-07 07:30:00+00:00
[2026-08-07T07:32:17.006+0000] {processor.py:183} INFO - Processing /opt/airflow/dags/json_to_hdfs_dag.py took 0.200 seconds
[2026-08-07T07:32:47.139+0000] {processor.py:161} INFO - Started process (PID=1587) to work on /opt/airflow/dags/json_to_hdfs_dag.py
[2026-08-07T07:32:47.142+0000] {processor.py:830} INFO - Processing file /opt/airflow/dags/json_to_hdfs_dag.py for tasks to queue
[2026-08-07T07:32:47.145+0000] {logging_mixin.py:188} INFO - [2026-08-07T07:32:47.144+0000] {dagbag.py:545} INFO - Filling up the DagBag from /opt/airflow/dags/json_to_hdfs_dag.py
[2026-08-07T07:32:47.192+0000] {processor.py:840} INFO - DAG(s) 'json_batch_to_hdfs' retrieved from /opt/airflow/dags/json_to_hdfs_dag.py
[2026-08-07T07:32:47.250+0000] {logging_mixin.py:188} INFO - [2026-08-07T07:32:47.249+0000] {dag.py:3096} INFO - Sync 1 DAGs
[2026-08-07T07:32:47.290+0000] {logging_mixin.py:188} INFO - [2026-08-07T07:32:47.290+0000] {dag.py:3954} INFO - Setting next_dagrun for json_batch_to_hdfs to 2026-08-07 07:25:00+00:00, run_after=2026-08-07 07:30:00+00:00
[2026-08-07T07:32:47.553+0000] {processor.py:183} INFO - Processing /opt/airflow/dags/json_to_hdfs_dag.py took 0.423 seconds
[2026-08-07T07:33:17.927+0000] {processor.py:161} INFO - Started process (PID=1588) to work on /opt/airflow/dags/json_to_hdfs_dag.py
[2026-08-07T07:33:17.930+0000] {processor.py:830} INFO - Processing file /opt/airflow/dags/json_to_hdfs_dag.py for tasks to queue
[2026-08-07T07:33:17.933+0000] {logging_mixin.py:188} INFO - [2026-08-07T07:33:17.933+0000] {dagbag.py:545} INFO - Filling up the DagBag from /opt/airflow/dags/json_to_hdfs_dag.py
[2026-08-07T07:33:17.975+0000] {processor.py:840} INFO - DAG(s) 'json_batch_to_hdfs' retrieved from /opt/airflow/dags/json_to_hdfs_dag.py
[2026-08-07T07:33:18.024+0000] {logging_mixin.py:188} INFO - [2026-08-07T07:33:18.024+0000] {dag.py:3096} INFO - Sync 1 DAGs
[2026-08-07T07:33:18.241+0000] {logging_mixin.py:188} INFO - [2026-08-07T07:33:18.241+0000] {dag.py:3954} INFO - Setting next_dagrun for json_batch_to_hdfs to 2026-08-07 07:25:00+00:00, run_after=2026-08-07 07:30:00+00:00
[2026-08-07T07:33:18.274+0000] {processor.py:183} INFO - Processing /opt/airflow/dags/json_to_hdfs_dag.py took 0.353 seconds
[2026-08-07T07:33:48.566+0000] {processor.py:161} INFO - Started process (PID=1589) to work on /opt/airflow/dags/json_to_hdfs_dag.py
[2026-08-07T07:33:48.569+0000] {processor.py:830} INFO - Processing file /opt/airflow/dags/json_to_hdfs_dag.py for tasks to queue
[2026-08-07T07:33:48.573+0000] {logging_mixin.py:188} INFO - [2026-08-07T07:33:48.572+0000] {dagbag.py:545} INFO - Filling up the DagBag from /opt/airflow/dags/json_to_hdfs_dag.py
[2026-08-07T07:33:48.624+0000] {processor.py:840} INFO - DAG(s) 'json_batch_to_hdfs' retrieved from /opt/airflow/dags/json_to_hdfs_dag.py
[2026-08-07T07:33:48.691+0000] {logging_mixin.py:188} INFO - [2026-08-07T07:33:48.691+0000] {dag.py:3096} INFO - Sync 1 DAGs
[2026-08-07T07:33:48.740+0000] {logging_mixin.py:188} INFO - [2026-08-07T07:33:48.740+0000] {dag.py:3954} INFO - Setting next_dagrun for json_batch_to_hdfs to 2026-08-07 07:25:00+00:00, run_after=2026-08-07 07:30:00+00:00
[2026-08-07T07:33:48.782+0000] {processor.py:183} INFO - Processing /opt/airflow/dags/json_to_hdfs_dag.py took 0.228 seconds
[2026-08-07T07:34:19.055+0000] {processor.py:161} INFO - Started process (PID=1590) to work on /opt/airflow/dags/json_to_hdfs_dag.py
[2026-08-07T07:34:19.057+0000] {processor.py:830} INFO - Processing file /opt/airflow/dags/json_to_hdfs_dag.py for tasks to queue
[2026-08-07T07:34:19.060+0000] {logging_mixin.py:188} INFO - [2026-08-07T07:34:19.059+0000] {dagbag.py:545} INFO - Filling up the DagBag from /opt/airflow/dags/json_to_hdfs_dag.py
[2026-08-07T07:34:19.093+0000] {processor.py:840} INFO - DAG(s) 'json_batch_to_hdfs' retrieved from /opt/airflow/dags/json_to_hdfs_dag.py
[2026-08-07T07:34:19.145+0000] {logging_mixin.py:188} INFO - [2026-08-07T07:34:19.144+0000] {dag.py:3096} INFO - Sync 1 DAGs
[2026-08-07T07:34:19.185+0000] {logging_mixin.py:188} INFO - [2026-08-07T07:34:19.185+0000] {dag.py:3954} INFO - Setting next_dagrun for json_batch_to_hdfs to 2026-08-07 07:25:00+00:00, run_after=2026-08-07 07:30:00+00:00
[2026-08-07T07:34:19.219+0000] {processor.py:183} INFO - Processing /opt/airflow/dags/json_to_hdfs_dag.py took 0.172 seconds
[2026-08-07T07:34:49.341+0000] {processor.py:161} INFO - Started process (PID=1591) to work on /opt/airflow/dags/json_to_hdfs_dag.py
[2026-08-07T07:34:49.344+0000] {processor.py:830} INFO - Processing file /opt/airflow/dags/json_to_hdfs_dag.py for tasks to queue
[2026-08-07T07:34:49.346+0000] {logging_mixin.py:188} INFO - [2026-08-07T07:34:49.345+0000] {dagbag.py:545} INFO - Filling up the DagBag from /opt/airflow/dags/json_to_hdfs_dag.py
[2026-08-07T07:34:49.382+0000] {processor.py:840} INFO - DAG(s) 'json_batch_to_hdfs' retrieved from /opt/airflow/dags/json_to_hdfs_dag.py
[2026-08-07T07:34:49.433+0000] {logging_mixin.py:188} INFO - [2026-08-07T07:34:49.433+0000] {dag.py:3096} INFO - Sync 1 DAGs
[2026-08-07T07:34:49.472+0000] {logging_mixin.py:188} INFO - [2026-08-07T07:34:49.472+0000] {dag.py:3954} INFO - Setting next_dagrun for json_batch_to_hdfs to 2026-08-07 07:25:00+00:00, run_after=2026-08-07 07:30:00+00:00
[2026-08-07T07:34:49.515+0000] {processor.py:183} INFO - Processing /opt/airflow/dags/json_to_hdfs_dag.py took 0.182 seconds
[2026-08-07T07:35:19.766+0000] {processor.py:161} INFO - Started process (PID=1592) to work on /opt/airflow/dags/json_to_hdfs_dag.py
[2026-08-07T07:35:19.771+0000] {processor.py:830} INFO - Processing file /opt/airflow/dags/json_to_hdfs_dag.py for tasks to queue
[2026-08-07T07:35:19.775+0000] {logging_mixin.py:188} INFO - [2026-08-07T07:35:19.774+0000] {dagbag.py:545} INFO - Filling up the DagBag from /opt/airflow/dags/json_to_hdfs_dag.py
[2026-08-07T07:35:19.837+0000] {processor.py:840} INFO - DAG(s) 'json_batch_to_hdfs' retrieved from /opt/airflow/dags/json_to_hdfs_dag.py
[2026-08-07T07:35:19.950+0000] {logging_mixin.py:188} INFO - [2026-08-07T07:35:19.949+0000] {dag.py:3096} INFO - Sync 1 DAGs
[2026-08-07T07:35:20.045+0000] {logging_mixin.py:188} INFO - [2026-08-07T07:35:20.044+0000] {dag.py:3954} INFO - Setting next_dagrun for json_batch_to_hdfs to 2026-08-07 07:30:00+00:00, run_after=2026-08-07 07:35:00+00:00
[2026-08-07T07:35:20.111+0000] {processor.py:183} INFO - Processing /opt/airflow/dags/json_to_hdfs_dag.py took 0.364 seconds
[2026-08-07T07:35:50.412+0000] {processor.py:161} INFO - Started process (PID=1593) to work on /opt/airflow/dags/json_to_hdfs_dag.py
[2026-08-07T07:35:50.415+0000] {processor.py:830} INFO - Processing file /opt/airflow/dags/json_to_hdfs_dag.py for tasks to queue
[2026-08-07T07:35:50.418+0000] {logging_mixin.py:188} INFO - [2026-08-07T07:35:50.417+0000] {dagbag.py:545} INFO - Filling up the DagBag from /opt/airflow/dags/json_to_hdfs_dag.py
[2026-08-07T07:35:50.460+0000] {processor.py:840} INFO - DAG(s) 'json_batch_to_hdfs' retrieved from /opt/airflow/dags/json_to_hdfs_dag.py
[2026-08-07T07:35:50.512+0000] {logging_mixin.py:188} INFO - [2026-08-07T07:35:50.511+0000] {dag.py:3096} INFO - Sync 1 DAGs
[2026-08-07T07:35:50.548+0000] {logging_mixin.py:188} INFO - [2026-08-07T07:35:50.548+0000] {dag.py:3954} INFO - Setting next_dagrun for json_batch_to_hdfs to 2026-08-07 07:30:00+00:00, run_after=2026-08-07 07:35:00+00:00
[2026-08-07T07:35:50.808+0000] {processor.py:183} INFO - Processing /opt/airflow/dags/json_to_hdfs_dag.py took 0.404 seconds
[2026-08-07T07:36:21.210+0000] {processor.py:161} INFO - Started process (PID=1594) to work on /opt/airflow/dags/json_to_hdfs_dag.py
[2026-08-07T07:36:21.212+0000] {processor.py:830} INFO - Processing file /opt/airflow/dags/json_to_hdfs_dag.py for tasks to queue
[2026-08-07T07:36:21.215+0000] {logging_mixin.py:188} INFO - [2026-08-07T07:36:21.215+0000] {dagbag.py:545} INFO - Filling up the DagBag from /opt/airflow/dags/json_to_hdfs_dag.py
[2026-08-07T07:36:21.262+0000] {processor.py:840} INFO - DAG(s) 'json_batch_to_hdfs' retrieved from /opt/airflow/dags/json_to_hdfs_dag.py
[2026-08-07T07:36:21.310+0000] {logging_mixin.py:188} INFO - [2026-08-07T07:36:21.309+0000] {dag.py:3096} INFO - Sync 1 DAGs
[2026-08-07T07:36:21.630+0000] {logging_mixin.py:188} INFO - [2026-08-07T07:36:21.629+0000] {dag.py:3954} INFO - Setting next_dagrun for json_batch_to_hdfs to 2026-08-07 07:30:00+00:00, run_after=2026-08-07 07:35:00+00:00
[2026-08-07T07:36:21.684+0000] {processor.py:183} INFO - Processing /opt/airflow/dags/json_to_hdfs_dag.py took 0.483 seconds
[2026-08-07T07:36:51.995+0000] {processor.py:161} INFO - Started process (PID=1595) to work on /opt/airflow/dags/json_to_hdfs_dag.py
[2026-08-07T07:36:51.998+0000] {processor.py:830} INFO - Processing file /opt/airflow/dags/json_to_hdfs_dag.py for tasks to queue
[2026-08-07T07:36:52.002+0000] {logging_mixin.py:188} INFO - [2026-08-07T07:36:52.001+0000] {dagbag.py:545} INFO - Filling up the DagBag from /opt/airflow/dags/json_to_hdfs_dag.py
[2026-08-07T07:36:52.051+0000] {processor.py:840} INFO - DAG(s) 'json_batch_to_hdfs' retrieved from /opt/airflow/dags/json_to_hdfs_dag.py
[2026-08-07T07:36:52.120+0000] {logging_mixin.py:188} INFO - [2026-08-07T07:36:52.119+0000] {dag.py:3096} INFO - Sync 1 DAGs
[2026-08-07T07:36:52.167+0000] {logging_mixin.py:188} INFO - [2026-08-07T07:36:52.166+0000] {dag.py:3954} INFO - Setting next_dagrun for json_batch_to_hdfs to 2026-08-07 07:30:00+00:00, run_after=2026-08-07 07:35:00+00:00
[2026-08-07T07:36:52.210+0000] {processor.py:183} INFO - Processing /opt/airflow/dags/json_to_hdfs_dag.py took 0.224 seconds
[2026-08-07T07:37:22.574+0000] {processor.py:161} INFO - Started process (PID=1596) to work on /opt/airflow/dags/json_to_hdfs_dag.py
[2026-08-07T07:37:22.577+0000] {processor.py:830} INFO - Processing file /opt/airflow/dags/json_to_hdfs_dag.py for tasks to queue
[2026-08-07T07:37:22.580+0000] {logging_mixin.py:188} INFO - [2026-08-07T07:37:22.579+0000] {dagbag.py:545} INFO - Filling up the DagBag from /opt/airflow/dags/json_to_hdfs_dag.py
[2026-08-07T07:37:22.628+0000] {processor.py:840} INFO - DAG(s) 'json_batch_to_hdfs' retrieved from /opt/airflow/dags/json_to_hdfs_dag.py
[2026-08-07T07:37:22.710+0000] {logging_mixin.py:188} INFO - [2026-08-07T07:37:22.710+0000] {dag.py:3096} INFO - Sync 1 DAGs
[2026-08-07T07:37:22.786+0000] {logging_mixin.py:188} INFO - [2026-08-07T07:37:22.785+0000] {dag.py:3954} INFO - Setting next_dagrun for json_batch_to_hdfs to 2026-08-07 07:30:00+00:00, run_after=2026-08-07 07:35:00+00:00
[2026-08-07T07:37:22.842+0000] {processor.py:183} INFO - Processing /opt/airflow/dags/json_to_hdfs_dag.py took 0.279 seconds
[2026-08-07T07:37:53.131+0000] {processor.py:161} INFO - Started process (PID=1597) to work on /opt/airflow/dags/json_to_hdfs_dag.py
[2026-08-07T07:37:53.133+0000] {processor.py:830} INFO - Processing file /opt/airflow/dags/json_to_hdfs_dag.py for tasks to queue
[2026-08-07T07:37:53.136+0000] {logging_mixin.py:188} INFO - [2026-08-07T07:37:53.135+0000] {dagbag.py:545} INFO - Filling up the DagBag from /opt/airflow/dags/json_to_hdfs_dag.py
[2026-08-07T07:37:53.178+0000] {processor.py:840} INFO - DAG(s) 'json_batch_to_hdfs' retrieved from /opt/airflow/dags/json_to_hdfs_dag.py
[2026-08-07T07:37:53.229+0000] {logging_mixin.py:188} INFO - [2026-08-07T07:37:53.228+0000] {dag.py:3096} INFO - Sync 1 DAGs
[2026-08-07T07:37:53.269+0000] {logging_mixin.py:188} INFO - [2026-08-07T07:37:53.269+0000] {dag.py:3954} INFO - Setting next_dagrun for json_batch_to_hdfs to 2026-08-07 07:30:00+00:00, run_after=2026-08-07 07:35:00+00:00
[2026-08-07T07:37:53.311+0000] {processor.py:183} INFO - Processing /opt/airflow/dags/json_to_hdfs_dag.py took 0.190 seconds
[2026-08-07T07:38:23.388+0000] {processor.py:161} INFO - Started process (PID=1598) to work on /opt/airflow/dags/json_to_hdfs_dag.py
[2026-08-07T07:38:23.391+0000] {processor.py:830} INFO - Processing file /opt/airflow/dags/json_to_hdfs_dag.py for tasks to queue
[2026-08-07T07:38:23.395+0000] {logging_mixin.py:188} INFO - [2026-08-07T07:38:23.394+0000] {dagbag.py:545} INFO - Filling up the DagBag from /opt/airflow/dags/json_to_hdfs_dag.py
[2026-08-07T07:38:23.440+0000] {processor.py:840} INFO - DAG(s) 'json_batch_to_hdfs' retrieved from /opt/airflow/dags/json_to_hdfs_dag.py
[2026-08-07T07:38:23.494+0000] {logging_mixin.py:188} INFO - [2026-08-07T07:38:23.494+0000] {dag.py:3096} INFO - Sync 1 DAGs
[2026-08-07T07:38:23.534+0000] {logging_mixin.py:188} INFO - [2026-08-07T07:38:23.534+0000] {dag.py:3954} INFO - Setting next_dagrun for json_batch_to_hdfs to 2026-08-07 07:30:00+00:00, run_after=2026-08-07 07:35:00+00:00
[2026-08-07T07:38:23.571+0000] {processor.py:183} INFO - Processing /opt/airflow/dags/json_to_hdfs_dag.py took 0.190 seconds
[2026-08-07T07:38:53.868+0000] {processor.py:161} INFO - Started process (PID=1599) to work on /opt/airflow/dags/json_to_hdfs_dag.py
[2026-08-07T07:38:53.871+0000] {processor.py:830} INFO - Processing file /opt/airflow/dags/json_to_hdfs_dag.py for tasks to queue
[2026-08-07T07:38:53.875+0000] {logging_mixin.py:188} INFO - [2026-08-07T07:38:53.875+0000] {dagbag.py:545} INFO - Filling up the DagBag from /opt/airflow/dags/json_to_hdfs_dag.py
[2026-08-07T07:38:53.929+0000] {processor.py:840} INFO - DAG(s) 'json_batch_to_hdfs' retrieved from /opt/airflow/dags/json_to_hdfs_dag.py
[2026-08-07T07:38:54.009+0000] {logging_mixin.py:188} INFO - [2026-08-07T07:38:54.008+0000] {dag.py:3096} INFO - Sync 1 DAGs
[2026-08-07T07:38:54.089+0000] {logging_mixin.py:188} INFO - [2026-08-07T07:38:54.088+0000] {dag.py:3954} INFO - Setting next_dagrun for json_batch_to_hdfs to 2026-08-07 07:30:00+00:00, run_after=2026-08-07 07:35:00+00:00
[2026-08-07T07:38:54.555+0000] {processor.py:183} INFO - Processing /opt/airflow/dags/json_to_hdfs_dag.py took 0.702 seconds
[2026-08-07T07:39:24.928+0000] {processor.py:161} INFO - Started process (PID=1601) to work on /opt/airflow/dags/json_to_hdfs_dag.py
[2026-08-07T07:39:24.932+0000] {processor.py:830} INFO - Processing file /opt/airflow/dags/json_to_hdfs_dag.py for tasks to queue
[2026-08-07T07:39:24.935+0000] {logging_mixin.py:188} INFO - [2026-08-07T07:39:24.935+0000] {dagbag.py:545} INFO - Filling up the DagBag from /opt/airflow/dags/json_to_hdfs_dag.py
[2026-08-07T07:39:24.983+0000] {processor.py:840} INFO - DAG(s) 'json_batch_to_hdfs' retrieved from /opt/airflow/dags/json_to_hdfs_dag.py
[2026-08-07T07:39:25.034+0000] {logging_mixin.py:188} INFO - [2026-08-07T07:39:25.033+0000] {dag.py:3096} INFO - Sync 1 DAGs
[2026-08-07T07:39:25.349+0000] {logging_mixin.py:188} INFO - [2026-08-07T07:39:25.349+0000] {dag.py:3954} INFO - Setting next_dagrun for json_batch_to_hdfs to 2026-08-07 07:30:00+00:00, run_after=2026-08-07 07:35:00+00:00
[2026-08-07T07:39:25.385+0000] {processor.py:183} INFO - Processing /opt/airflow/dags/json_to_hdfs_dag.py took 0.473 seconds
[2026-08-07T07:39:55.690+0000] {processor.py:161} INFO - Started process (PID=1602) to work on /opt/airflow/dags/json_to_hdfs_dag.py
[2026-08-07T07:39:55.693+0000] {processor.py:830} INFO - Processing file /opt/airflow/dags/json_to_hdfs_dag.py for tasks to queue
[2026-08-07T07:39:55.696+0000] {logging_mixin.py:188} INFO - [2026-08-07T07:39:55.695+0000] {dagbag.py:545} INFO - Filling up the DagBag from /opt/airflow/dags/json_to_hdfs_dag.py
[2026-08-07T07:39:55.748+0000] {processor.py:840} INFO - DAG(s) 'json_batch_to_hdfs' retrieved from /opt/airflow/dags/json_to_hdfs_dag.py
[2026-08-07T07:39:55.800+0000] {logging_mixin.py:188} INFO - [2026-08-07T07:39:55.800+0000] {dag.py:3096} INFO - Sync 1 DAGs
[2026-08-07T07:39:55.847+0000] {logging_mixin.py:188} INFO - [2026-08-07T07:39:55.847+0000] {dag.py:3954} INFO - Setting next_dagrun for json_batch_to_hdfs to 2026-08-07 07:30:00+00:00, run_after=2026-08-07 07:35:00+00:00
[2026-08-07T07:39:55.894+0000] {processor.py:183} INFO - Processing /opt/airflow/dags/json_to_hdfs_dag.py took 0.214 seconds
[2026-08-07T07:40:26.205+0000] {processor.py:161} INFO - Started process (PID=1603) to work on /opt/airflow/dags/json_to_hdfs_dag.py
[2026-08-07T07:40:26.209+0000] {processor.py:830} INFO - Processing file /opt/airflow/dags/json_to_hdfs_dag.py for tasks to queue
[2026-08-07T07:40:26.213+0000] {logging_mixin.py:188} INFO - [2026-08-07T07:40:26.212+0000] {dagbag.py:545} INFO - Filling up the DagBag from /opt/airflow/dags/json_to_hdfs_dag.py
[2026-08-07T07:40:26.376+0000] {processor.py:840} INFO - DAG(s) 'json_batch_to_hdfs' retrieved from /opt/airflow/dags/json_to_hdfs_dag.py
[2026-08-07T07:40:26.435+0000] {logging_mixin.py:188} INFO - [2026-08-07T07:40:26.435+0000] {dag.py:3096} INFO - Sync 1 DAGs
[2026-08-07T07:40:26.479+0000] {logging_mixin.py:188} INFO - [2026-08-07T07:40:26.479+0000] {dag.py:3954} INFO - Setting next_dagrun for json_batch_to_hdfs to 2026-08-07 07:35:00+00:00, run_after=2026-08-07 07:40:00+00:00
[2026-08-07T07:40:26.517+0000] {processor.py:183} INFO - Processing /opt/airflow/dags/json_to_hdfs_dag.py took 0.324 seconds
[2026-08-07T07:40:56.838+0000] {processor.py:161} INFO - Started process (PID=1604) to work on /opt/airflow/dags/json_to_hdfs_dag.py
[2026-08-07T07:40:56.841+0000] {processor.py:830} INFO - Processing file /opt/airflow/dags/json_to_hdfs_dag.py for tasks to queue
[2026-08-07T07:40:56.844+0000] {logging_mixin.py:188} INFO - [2026-08-07T07:40:56.843+0000] {dagbag.py:545} INFO - Filling up the DagBag from /opt/airflow/dags/json_to_hdfs_dag.py
[2026-08-07T07:40:56.885+0000] {processor.py:840} INFO - DAG(s) 'json_batch_to_hdfs' retrieved from /opt/airflow/dags/json_to_hdfs_dag.py
[2026-08-07T07:40:56.947+0000] {logging_mixin.py:188} INFO - [2026-08-07T07:40:56.946+0000] {dag.py:3096} INFO - Sync 1 DAGs
[2026-08-07T07:40:56.990+0000] {logging_mixin.py:188} INFO - [2026-08-07T07:40:56.990+0000] {dag.py:3954} INFO - Setting next_dagrun for json_batch_to_hdfs to 2026-08-07 07:35:00+00:00, run_after=2026-08-07 07:40:00+00:00
[2026-08-07T07:40:57.026+0000] {processor.py:183} INFO - Processing /opt/airflow/dags/json_to_hdfs_dag.py took 0.199 seconds
[2026-08-07T07:41:27.400+0000] {processor.py:161} INFO - Started process (PID=1605) to work on /opt/airflow/dags/json_to_hdfs_dag.py
[2026-08-07T07:41:27.403+0000] {processor.py:830} INFO - Processing file /opt/airflow/dags/json_to_hdfs_dag.py for tasks to queue
[2026-08-07T07:41:27.407+0000] {logging_mixin.py:188} INFO - [2026-08-07T07:41:27.406+0000] {dagbag.py:545} INFO - Filling up the DagBag from /opt/airflow/dags/json_to_hdfs_dag.py
[2026-08-07T07:41:27.451+0000] {processor.py:840} INFO - DAG(s) 'json_batch_to_hdfs' retrieved from /opt/airflow/dags/json_to_hdfs_dag.py
[2026-08-07T07:41:27.509+0000] {logging_mixin.py:188} INFO - [2026-08-07T07:41:27.509+0000] {dag.py:3096} INFO - Sync 1 DAGs
[2026-08-07T07:41:27.549+0000] {logging_mixin.py:188} INFO - [2026-08-07T07:41:27.549+0000] {dag.py:3954} INFO - Setting next_dagrun for json_batch_to_hdfs to 2026-08-07 07:35:00+00:00, run_after=2026-08-07 07:40:00+00:00
[2026-08-07T07:41:27.587+0000] {processor.py:183} INFO - Processing /opt/airflow/dags/json_to_hdfs_dag.py took 0.200 seconds
[2026-08-07T07:41:57.910+0000] {processor.py:161} INFO - Started process (PID=1606) to work on /opt/airflow/dags/json_to_hdfs_dag.py
[2026-08-07T07:41:57.915+0000] {processor.py:830} INFO - Processing file /opt/airflow/dags/json_to_hdfs_dag.py for tasks to queue
[2026-08-07T07:41:57.919+0000] {logging_mixin.py:188} INFO - [2026-08-07T07:41:57.918+0000] {dagbag.py:545} INFO - Filling up the DagBag from /opt/airflow/dags/json_to_hdfs_dag.py
[2026-08-07T07:41:57.970+0000] {processor.py:840} INFO - DAG(s) 'json_batch_to_hdfs' retrieved from /opt/airflow/dags/json_to_hdfs_dag.py
[2026-08-07T07:41:58.084+0000] {logging_mixin.py:188} INFO - [2026-08-07T07:41:58.084+0000] {dag.py:3096} INFO - Sync 1 DAGs
[2026-08-07T07:41:58.177+0000] {logging_mixin.py:188} INFO - [2026-08-07T07:41:58.176+0000] {dag.py:3954} INFO - Setting next_dagrun for json_batch_to_hdfs to 2026-08-07 07:35:00+00:00, run_after=2026-08-07 07:40:00+00:00
[2026-08-07T07:41:58.448+0000] {processor.py:183} INFO - Processing /opt/airflow/dags/json_to_hdfs_dag.py took 0.551 seconds
[2026-08-07T07:42:28.762+0000] {processor.py:161} INFO - Started process (PID=1607) to work on /opt/airflow/dags/json_to_hdfs_dag.py
[2026-08-07T07:42:28.765+0000] {processor.py:830} INFO - Processing file /opt/airflow/dags/json_to_hdfs_dag.py for tasks to queue
[2026-08-07T07:42:28.767+0000] {logging_mixin.py:188} INFO - [2026-08-07T07:42:28.767+0000] {dagbag.py:545} INFO - Filling up the DagBag from /opt/airflow/dags/json_to_hdfs_dag.py
[2026-08-07T07:42:28.806+0000] {processor.py:840} INFO - DAG(s) 'json_batch_to_hdfs' retrieved from /opt/airflow/dags/json_to_hdfs_dag.py
[2026-08-07T07:42:28.880+0000] {logging_mixin.py:188} INFO - [2026-08-07T07:42:28.879+0000] {dag.py:3096} INFO - Sync 1 DAGs
[2026-08-07T07:42:29.176+0000] {logging_mixin.py:188} INFO - [2026-08-07T07:42:29.176+0000] {dag.py:3954} INFO - Setting next_dagrun for json_batch_to_hdfs to 2026-08-07 07:35:00+00:00, run_after=2026-08-07 07:40:00+00:00
[2026-08-07T07:42:29.214+0000] {processor.py:183} INFO - Processing /opt/airflow/dags/json_to_hdfs_dag.py took 0.461 seconds
[2026-08-07T07:42:59.403+0000] {processor.py:161} INFO - Started process (PID=1608) to work on /opt/airflow/dags/json_to_hdfs_dag.py
[2026-08-07T07:42:59.406+0000] {processor.py:830} INFO - Processing file /opt/airflow/dags/json_to_hdfs_dag.py for tasks to queue
[2026-08-07T07:42:59.410+0000] {logging_mixin.py:188} INFO - [2026-08-07T07:42:59.409+0000] {dagbag.py:545} INFO - Filling up the DagBag from /opt/airflow/dags/json_to_hdfs_dag.py
[2026-08-07T07:42:59.459+0000] {processor.py:840} INFO - DAG(s) 'json_batch_to_hdfs' retrieved from /opt/airflow/dags/json_to_hdfs_dag.py
[2026-08-07T07:42:59.512+0000] {logging_mixin.py:188} INFO - [2026-08-07T07:42:59.512+0000] {dag.py:3096} INFO - Sync 1 DAGs
[2026-08-07T07:42:59.561+0000] {logging_mixin.py:188} INFO - [2026-08-07T07:42:59.560+0000] {dag.py:3954} INFO - Setting next_dagrun for json_batch_to_hdfs to 2026-08-07 07:35:00+00:00, run_after=2026-08-07 07:40:00+00:00
[2026-08-07T07:42:59.602+0000] {processor.py:183} INFO - Processing /opt/airflow/dags/json_to_hdfs_dag.py took 0.211 seconds
[2026-08-07T07:43:29.759+0000] {processor.py:161} INFO - Started process (PID=1609) to work on /opt/airflow/dags/json_to_hdfs_dag.py
[2026-08-07T07:43:29.762+0000] {processor.py:830} INFO - Processing file /opt/airflow/dags/json_to_hdfs_dag.py for tasks to queue
[2026-08-07T07:43:29.765+0000] {logging_mixin.py:188} INFO - [2026-08-07T07:43:29.765+0000] {dagbag.py:545} INFO - Filling up the DagBag from /opt/airflow/dags/json_to_hdfs_dag.py
[2026-08-07T07:43:29.817+0000] {processor.py:840} INFO - DAG(s) 'json_batch_to_hdfs' retrieved from /opt/airflow/dags/json_to_hdfs_dag.py
[2026-08-07T07:43:29.877+0000] {logging_mixin.py:188} INFO - [2026-08-07T07:43:29.876+0000] {dag.py:3096} INFO - Sync 1 DAGs
[2026-08-07T07:43:29.915+0000] {logging_mixin.py:188} INFO - [2026-08-07T07:43:29.915+0000] {dag.py:3954} INFO - Setting next_dagrun for json_batch_to_hdfs to 2026-08-07 07:35:00+00:00, run_after=2026-08-07 07:40:00+00:00
[2026-08-07T07:43:29.952+0000] {processor.py:183} INFO - Processing /opt/airflow/dags/json_to_hdfs_dag.py took 0.201 seconds
[2026-08-07T07:44:00.176+0000] {processor.py:161} INFO - Started process (PID=1610) to work on /opt/airflow/dags/json_to_hdfs_dag.py
[2026-08-07T07:44:00.180+0000] {processor.py:830} INFO - Processing file /opt/airflow/dags/json_to_hdfs_dag.py for tasks to queue
[2026-08-07T07:44:00.183+0000] {logging_mixin.py:188} INFO - [2026-08-07T07:44:00.183+0000] {dagbag.py:545} INFO - Filling up the DagBag from /opt/airflow/dags/json_to_hdfs_dag.py
[2026-08-07T07:44:00.224+0000] {processor.py:840} INFO - DAG(s) 'json_batch_to_hdfs' retrieved from /opt/airflow/dags/json_to_hdfs_dag.py
[2026-08-07T07:44:00.273+0000] {logging_mixin.py:188} INFO - [2026-08-07T07:44:00.273+0000] {dag.py:3096} INFO - Sync 1 DAGs
[2026-08-07T07:44:00.318+0000] {logging_mixin.py:188} INFO - [2026-08-07T07:44:00.317+0000] {dag.py:3954} INFO - Setting next_dagrun for json_batch_to_hdfs to 2026-08-07 07:35:00+00:00, run_after=2026-08-07 07:40:00+00:00
[2026-08-07T07:44:00.359+0000] {processor.py:183} INFO - Processing /opt/airflow/dags/json_to_hdfs_dag.py took 0.194 seconds
[2026-08-07T07:44:30.462+0000] {processor.py:161} INFO - Started process (PID=1611) to work on /opt/airflow/dags/json_to_hdfs_dag.py
[2026-08-07T07:44:30.465+0000] {processor.py:830} INFO - Processing file /opt/airflow/dags/json_to_hdfs_dag.py for tasks to queue
[2026-08-07T07:44:30.469+0000] {logging_mixin.py:188} INFO - [2026-08-07T07:44:30.468+0000] {dagbag.py:545} INFO - Filling up the DagBag from /opt/airflow/dags/json_to_hdfs_dag.py
[2026-08-07T07:44:30.515+0000] {processor.py:840} INFO - DAG(s) 'json_batch_to_hdfs' retrieved from /opt/airflow/dags/json_to_hdfs_dag.py
[2026-08-07T07:44:30.566+0000] {logging_mixin.py:188} INFO - [2026-08-07T07:44:30.565+0000] {dag.py:3096} INFO - Sync 1 DAGs
[2026-08-07T07:44:30.604+0000] {logging_mixin.py:188} INFO - [2026-08-07T07:44:30.603+0000] {dag.py:3954} INFO - Setting next_dagrun for json_batch_to_hdfs to 2026-08-07 07:35:00+00:00, run_after=2026-08-07 07:40:00+00:00
[2026-08-07T07:44:30.650+0000] {processor.py:183} INFO - Processing /opt/airflow/dags/json_to_hdfs_dag.py took 0.199 seconds
[2026-08-07T07:45:00.902+0000] {processor.py:161} INFO - Started process (PID=1612) to work on /opt/airflow/dags/json_to_hdfs_dag.py
[2026-08-07T07:45:00.905+0000] {processor.py:830} INFO - Processing file /opt/airflow/dags/json_to_hdfs_dag.py for tasks to queue
[2026-08-07T07:45:00.908+0000] {logging_mixin.py:188} INFO - [2026-08-07T07:45:00.908+0000] {dagbag.py:545} INFO - Filling up the DagBag from /opt/airflow/dags/json_to_hdfs_dag.py
[2026-08-07T07:45:00.949+0000] {processor.py:840} INFO - DAG(s) 'json_batch_to_hdfs' retrieved from /opt/airflow/dags/json_to_hdfs_dag.py
[2026-08-07T07:45:00.994+0000] {logging_mixin.py:188} INFO - [2026-08-07T07:45:00.993+0000] {dag.py:3096} INFO - Sync 1 DAGs
[2026-08-07T07:45:01.033+0000] {logging_mixin.py:188} INFO - [2026-08-07T07:45:01.033+0000] {dag.py:3954} INFO - Setting next_dagrun for json_batch_to_hdfs to 2026-08-07 07:40:00+00:00, run_after=2026-08-07 07:45:00+00:00
[2026-08-07T07:45:01.253+0000] {processor.py:183} INFO - Processing /opt/airflow/dags/json_to_hdfs_dag.py took 0.361 seconds
[2026-08-07T07:45:31.551+0000] {processor.py:161} INFO - Started process (PID=1613) to work on /opt/airflow/dags/json_to_hdfs_dag.py
[2026-08-07T07:45:31.553+0000] {processor.py:830} INFO - Processing file /opt/airflow/dags/json_to_hdfs_dag.py for tasks to queue
[2026-08-07T07:45:31.557+0000] {logging_mixin.py:188} INFO - [2026-08-07T07:45:31.557+0000] {dagbag.py:545} INFO - Filling up the DagBag from /opt/airflow/dags/json_to_hdfs_dag.py
[2026-08-07T07:45:31.606+0000] {processor.py:840} INFO - DAG(s) 'json_batch_to_hdfs' retrieved from /opt/airflow/dags/json_to_hdfs_dag.py
[2026-08-07T07:45:31.658+0000] {logging_mixin.py:188} INFO - [2026-08-07T07:45:31.658+0000] {dag.py:3096} INFO - Sync 1 DAGs
[2026-08-07T07:45:31.913+0000] {logging_mixin.py:188} INFO - [2026-08-07T07:45:31.913+0000] {dag.py:3954} INFO - Setting next_dagrun for json_batch_to_hdfs to 2026-08-07 07:40:00+00:00, run_after=2026-08-07 07:45:00+00:00
[2026-08-07T07:45:31.961+0000] {processor.py:183} INFO - Processing /opt/airflow/dags/json_to_hdfs_dag.py took 0.419 seconds
[2026-08-07T07:46:02.429+0000] {processor.py:161} INFO - Started process (PID=1614) to work on /opt/airflow/dags/json_to_hdfs_dag.py
[2026-08-07T07:46:02.432+0000] {processor.py:830} INFO - Processing file /opt/airflow/dags/json_to_hdfs_dag.py for tasks to queue
[2026-08-07T07:46:02.435+0000] {logging_mixin.py:188} INFO - [2026-08-07T07:46:02.435+0000] {dagbag.py:545} INFO - Filling up the DagBag from /opt/airflow/dags/json_to_hdfs_dag.py
[2026-08-07T07:46:02.476+0000] {processor.py:840} INFO - DAG(s) 'json_batch_to_hdfs' retrieved from /opt/airflow/dags/json_to_hdfs_dag.py
[2026-08-07T07:46:02.530+0000] {logging_mixin.py:188} INFO - [2026-08-07T07:46:02.530+0000] {dag.py:3096} INFO - Sync 1 DAGs
[2026-08-07T07:46:02.570+0000] {logging_mixin.py:188} INFO - [2026-08-07T07:46:02.570+0000] {dag.py:3954} INFO - Setting next_dagrun for json_batch_to_hdfs to 2026-08-07 07:40:00+00:00, run_after=2026-08-07 07:45:00+00:00
[2026-08-07T07:46:02.613+0000] {processor.py:183} INFO - Processing /opt/airflow/dags/json_to_hdfs_dag.py took 0.192 seconds
[2026-08-07T07:46:32.695+0000] {processor.py:161} INFO - Started process (PID=1615) to work on /opt/airflow/dags/json_to_hdfs_dag.py
[2026-08-07T07:46:32.699+0000] {processor.py:830} INFO - Processing file /opt/airflow/dags/json_to_hdfs_dag.py for tasks to queue
[2026-08-07T07:46:32.702+0000] {logging_mixin.py:188} INFO - [2026-08-07T07:46:32.702+0000] {dagbag.py:545} INFO - Filling up the DagBag from /opt/airflow/dags/json_to_hdfs_dag.py
[2026-08-07T07:46:32.751+0000] {processor.py:840} INFO - DAG(s) 'json_batch_to_hdfs' retrieved from /opt/airflow/dags/json_to_hdfs_dag.py
[2026-08-07T07:46:32.803+0000] {logging_mixin.py:188} INFO - [2026-08-07T07:46:32.803+0000] {dag.py:3096} INFO - Sync 1 DAGs
[2026-08-07T07:46:32.849+0000] {logging_mixin.py:188} INFO - [2026-08-07T07:46:32.848+0000] {dag.py:3954} INFO - Setting next_dagrun for json_batch_to_hdfs to 2026-08-07 07:40:00+00:00, run_after=2026-08-07 07:45:00+00:00
[2026-08-07T07:46:32.885+0000] {processor.py:183} INFO - Processing /opt/airflow/dags/json_to_hdfs_dag.py took 0.199 seconds
[2026-08-07T07:47:03.123+0000] {processor.py:161} INFO - Started process (PID=1616) to work on /opt/airflow/dags/json_to_hdfs_dag.py
[2026-08-07T07:47:03.126+0000] {processor.py:830} INFO - Processing file /opt/airflow/dags/json_to_hdfs_dag.py for tasks to queue
[2026-08-07T07:47:03.131+0000] {logging_mixin.py:188} INFO - [2026-08-07T07:47:03.130+0000] {dagbag.py:545} INFO - Filling up the DagBag from /opt/airflow/dags/json_to_hdfs_dag.py
[2026-08-07T07:47:03.194+0000] {processor.py:840} INFO - DAG(s) 'json_batch_to_hdfs' retrieved from /opt/airflow/dags/json_to_hdfs_dag.py
[2026-08-07T07:47:03.319+0000] {logging_mixin.py:188} INFO - [2026-08-07T07:47:03.318+0000] {dag.py:3096} INFO - Sync 1 DAGs
[2026-08-07T07:47:03.406+0000] {logging_mixin.py:188} INFO - [2026-08-07T07:47:03.404+0000] {dag.py:3954} INFO - Setting next_dagrun for json_batch_to_hdfs to 2026-08-07 07:40:00+00:00, run_after=2026-08-07 07:45:00+00:00
[2026-08-07T07:47:03.466+0000] {processor.py:183} INFO - Processing /opt/airflow/dags/json_to_hdfs_dag.py took 0.352 seconds
[2026-08-07T07:47:33.755+0000] {processor.py:161} INFO - Started process (PID=1617) to work on /opt/airflow/dags/json_to_hdfs_dag.py
[2026-08-07T07:47:33.760+0000] {processor.py:830} INFO - Processing file /opt/airflow/dags/json_to_hdfs_dag.py for tasks to queue
[2026-08-07T07:47:33.765+0000] {logging_mixin.py:188} INFO - [2026-08-07T07:47:33.763+0000] {dagbag.py:545} INFO - Filling up the DagBag from /opt/airflow/dags/json_to_hdfs_dag.py
[2026-08-07T07:47:33.807+0000] {processor.py:840} INFO - DAG(s) 'json_batch_to_hdfs' retrieved from /opt/airflow/dags/json_to_hdfs_dag.py
[2026-08-07T07:47:33.861+0000] {logging_mixin.py:188} INFO - [2026-08-07T07:47:33.861+0000] {dag.py:3096} INFO - Sync 1 DAGs
[2026-08-07T07:47:33.903+0000] {logging_mixin.py:188} INFO - [2026-08-07T07:47:33.902+0000] {dag.py:3954} INFO - Setting next_dagrun for json_batch_to_hdfs to 2026-08-07 07:40:00+00:00, run_after=2026-08-07 07:45:00+00:00
[2026-08-07T07:47:33.944+0000] {processor.py:183} INFO - Processing /opt/airflow/dags/json_to_hdfs_dag.py took 0.203 seconds
[2026-08-07T07:48:04.236+0000] {processor.py:161} INFO - Started process (PID=1618) to work on /opt/airflow/dags/json_to_hdfs_dag.py
[2026-08-07T07:48:04.239+0000] {processor.py:830} INFO - Processing file /opt/airflow/dags/json_to_hdfs_dag.py for tasks to queue
[2026-08-07T07:48:04.242+0000] {logging_mixin.py:188} INFO - [2026-08-07T07:48:04.241+0000] {dagbag.py:545} INFO - Filling up the DagBag from /opt/airflow/dags/json_to_hdfs_dag.py
[2026-08-07T07:48:04.288+0000] {processor.py:840} INFO - DAG(s) 'json_batch_to_hdfs' retrieved from /opt/airflow/dags/json_to_hdfs_dag.py
[2026-08-07T07:48:04.347+0000] {logging_mixin.py:188} INFO - [2026-08-07T07:48:04.346+0000] {dag.py:3096} INFO - Sync 1 DAGs
[2026-08-07T07:48:04.421+0000] {logging_mixin.py:188} INFO - [2026-08-07T07:48:04.421+0000] {dag.py:3954} INFO - Setting next_dagrun for json_batch_to_hdfs to 2026-08-07 07:40:00+00:00, run_after=2026-08-07 07:45:00+00:00
[2026-08-07T07:48:04.701+0000] {processor.py:183} INFO - Processing /opt/airflow/dags/json_to_hdfs_dag.py took 0.473 seconds
[2026-08-07T07:48:35.004+0000] {processor.py:161} INFO - Started process (PID=1619) to work on /opt/airflow/dags/json_to_hdfs_dag.py
[2026-08-07T07:48:35.006+0000] {processor.py:830} INFO - Processing file /opt/airflow/dags/json_to_hdfs_dag.py for tasks to queue
[2026-08-07T07:48:35.010+0000] {logging_mixin.py:188} INFO - [2026-08-07T07:48:35.009+0000] {dagbag.py:545} INFO - Filling up the DagBag from /opt/airflow/dags/json_to_hdfs_dag.py
[2026-08-07T07:48:35.052+0000] {processor.py:840} INFO - DAG(s) 'json_batch_to_hdfs' retrieved from /opt/airflow/dags/json_to_hdfs_dag.py
[2026-08-07T07:48:35.121+0000] {logging_mixin.py:188} INFO - [2026-08-07T07:48:35.120+0000] {dag.py:3096} INFO - Sync 1 DAGs
[2026-08-07T07:48:35.441+0000] {logging_mixin.py:188} INFO - [2026-08-07T07:48:35.441+0000] {dag.py:3954} INFO - Setting next_dagrun for json_batch_to_hdfs to 2026-08-07 07:40:00+00:00, run_after=2026-08-07 07:45:00+00:00
[2026-08-07T07:48:35.491+0000] {processor.py:183} INFO - Processing /opt/airflow/dags/json_to_hdfs_dag.py took 0.494 seconds
[2026-08-07T07:49:05.730+0000] {processor.py:161} INFO - Started process (PID=1620) to work on /opt/airflow/dags/json_to_hdfs_dag.py
[2026-08-07T07:49:05.734+0000] {processor.py:830} INFO - Processing file /opt/airflow/dags/json_to_hdfs_dag.py for tasks to queue
[2026-08-07T07:49:05.738+0000] {logging_mixin.py:188} INFO - [2026-08-07T07:49:05.737+0000] {dagbag.py:545} INFO - Filling up the DagBag from /opt/airflow/dags/json_to_hdfs_dag.py
[2026-08-07T07:49:05.792+0000] {processor.py:840} INFO - DAG(s) 'json_batch_to_hdfs' retrieved from /opt/airflow/dags/json_to_hdfs_dag.py
[2026-08-07T07:49:05.845+0000] {logging_mixin.py:188} INFO - [2026-08-07T07:49:05.844+0000] {dag.py:3096} INFO - Sync 1 DAGs
[2026-08-07T07:49:06.151+0000] {logging_mixin.py:188} INFO - [2026-08-07T07:49:06.150+0000] {dag.py:3954} INFO - Setting next_dagrun for json_batch_to_hdfs to 2026-08-07 07:40:00+00:00, run_after=2026-08-07 07:45:00+00:00
[2026-08-07T07:49:06.200+0000] {processor.py:183} INFO - Processing /opt/airflow/dags/json_to_hdfs_dag.py took 0.481 seconds
[2026-08-07T07:49:36.603+0000] {processor.py:161} INFO - Started process (PID=1621) to work on /opt/airflow/dags/json_to_hdfs_dag.py
[2026-08-07T07:49:36.607+0000] {processor.py:830} INFO - Processing file /opt/airflow/dags/json_to_hdfs_dag.py for tasks to queue
[2026-08-07T07:49:36.610+0000] {logging_mixin.py:188} INFO - [2026-08-07T07:49:36.609+0000] {dagbag.py:545} INFO - Filling up the DagBag from /opt/airflow/dags/json_to_hdfs_dag.py
[2026-08-07T07:49:36.675+0000] {processor.py:840} INFO - DAG(s) 'json_batch_to_hdfs' retrieved from /opt/airflow/dags/json_to_hdfs_dag.py
[2026-08-07T07:49:36.748+0000] {logging_mixin.py:188} INFO - [2026-08-07T07:49:36.747+0000] {dag.py:3096} INFO - Sync 1 DAGs
[2026-08-07T07:49:36.801+0000] {logging_mixin.py:188} INFO - [2026-08-07T07:49:36.800+0000] {dag.py:3954} INFO - Setting next_dagrun for json_batch_to_hdfs to 2026-08-07 07:40:00+00:00, run_after=2026-08-07 07:45:00+00:00
[2026-08-07T07:49:36.842+0000] {processor.py:183} INFO - Processing /opt/airflow/dags/json_to_hdfs_dag.py took 0.250 seconds
[2026-08-07T07:50:07.148+0000] {processor.py:161} INFO - Started process (PID=1622) to work on /opt/airflow/dags/json_to_hdfs_dag.py
[2026-08-07T07:50:07.151+0000] {processor.py:830} INFO - Processing file /opt/airflow/dags/json_to_hdfs_dag.py for tasks to queue
[2026-08-07T07:50:07.154+0000] {logging_mixin.py:188} INFO - [2026-08-07T07:50:07.154+0000] {dagbag.py:545} INFO - Filling up the DagBag from /opt/airflow/dags/json_to_hdfs_dag.py
[2026-08-07T07:50:07.207+0000] {processor.py:840} INFO - DAG(s) 'json_batch_to_hdfs' retrieved from /opt/airflow/dags/json_to_hdfs_dag.py
[2026-08-07T07:50:07.267+0000] {logging_mixin.py:188} INFO - [2026-08-07T07:50:07.266+0000] {dag.py:3096} INFO - Sync 1 DAGs
[2026-08-07T07:50:07.325+0000] {logging_mixin.py:188} INFO - [2026-08-07T07:50:07.324+0000] {dag.py:3954} INFO - Setting next_dagrun for json_batch_to_hdfs to 2026-08-07 07:45:00+00:00, run_after=2026-08-07 07:50:00+00:00
[2026-08-07T07:50:07.372+0000] {processor.py:183} INFO - Processing /opt/airflow/dags/json_to_hdfs_dag.py took 0.232 seconds
[2026-08-07T07:50:37.534+0000] {processor.py:161} INFO - Started process (PID=1623) to work on /opt/airflow/dags/json_to_hdfs_dag.py
[2026-08-07T07:50:37.537+0000] {processor.py:830} INFO - Processing file /opt/airflow/dags/json_to_hdfs_dag.py for tasks to queue
[2026-08-07T07:50:37.539+0000] {logging_mixin.py:188} INFO - [2026-08-07T07:50:37.539+0000] {dagbag.py:545} INFO - Filling up the DagBag from /opt/airflow/dags/json_to_hdfs_dag.py
[2026-08-07T07:50:37.589+0000] {processor.py:840} INFO - DAG(s) 'json_batch_to_hdfs' retrieved from /opt/airflow/dags/json_to_hdfs_dag.py
[2026-08-07T07:50:37.644+0000] {logging_mixin.py:188} INFO - [2026-08-07T07:50:37.644+0000] {dag.py:3096} INFO - Sync 1 DAGs
[2026-08-07T07:50:37.691+0000] {logging_mixin.py:188} INFO - [2026-08-07T07:50:37.691+0000] {dag.py:3954} INFO - Setting next_dagrun for json_batch_to_hdfs to 2026-08-07 07:45:00+00:00, run_after=2026-08-07 07:50:00+00:00
[2026-08-07T07:50:37.733+0000] {processor.py:183} INFO - Processing /opt/airflow/dags/json_to_hdfs_dag.py took 0.210 seconds
[2026-08-07T07:51:08.026+0000] {processor.py:161} INFO - Started process (PID=1624) to work on /opt/airflow/dags/json_to_hdfs_dag.py
[2026-08-07T07:51:08.030+0000] {processor.py:830} INFO - Processing file /opt/airflow/dags/json_to_hdfs_dag.py for tasks to queue
[2026-08-07T07:51:08.034+0000] {logging_mixin.py:188} INFO - [2026-08-07T07:51:08.033+0000] {dagbag.py:545} INFO - Filling up the DagBag from /opt/airflow/dags/json_to_hdfs_dag.py
[2026-08-07T07:51:08.080+0000] {processor.py:840} INFO - DAG(s) 'json_batch_to_hdfs' retrieved from /opt/airflow/dags/json_to_hdfs_dag.py
[2026-08-07T07:51:08.129+0000] {logging_mixin.py:188} INFO - [2026-08-07T07:51:08.128+0000] {dag.py:3096} INFO - Sync 1 DAGs
[2026-08-07T07:51:08.168+0000] {logging_mixin.py:188} INFO - [2026-08-07T07:51:08.168+0000] {dag.py:3954} INFO - Setting next_dagrun for json_batch_to_hdfs to 2026-08-07 07:45:00+00:00, run_after=2026-08-07 07:50:00+00:00
[2026-08-07T07:51:08.432+0000] {processor.py:183} INFO - Processing /opt/airflow/dags/json_to_hdfs_dag.py took 0.414 seconds
[2026-08-07T07:51:38.732+0000] {processor.py:161} INFO - Started process (PID=1625) to work on /opt/airflow/dags/json_to_hdfs_dag.py
[2026-08-07T07:51:38.735+0000] {processor.py:830} INFO - Processing file /opt/airflow/dags/json_to_hdfs_dag.py for tasks to queue
[2026-08-07T07:51:38.738+0000] {logging_mixin.py:188} INFO - [2026-08-07T07:51:38.737+0000] {dagbag.py:545} INFO - Filling up the DagBag from /opt/airflow/dags/json_to_hdfs_dag.py
[2026-08-07T07:51:38.784+0000] {processor.py:840} INFO - DAG(s) 'json_batch_to_hdfs' retrieved from /opt/airflow/dags/json_to_hdfs_dag.py
[2026-08-07T07:51:38.846+0000] {logging_mixin.py:188} INFO - [2026-08-07T07:51:38.845+0000] {dag.py:3096} INFO - Sync 1 DAGs
[2026-08-07T07:51:39.099+0000] {logging_mixin.py:188} INFO - [2026-08-07T07:51:39.098+0000] {dag.py:3954} INFO - Setting next_dagrun for json_batch_to_hdfs to 2026-08-07 07:45:00+00:00, run_after=2026-08-07 07:50:00+00:00
[2026-08-07T07:51:39.157+0000] {processor.py:183} INFO - Processing /opt/airflow/dags/json_to_hdfs_dag.py took 0.433 seconds
[2026-08-07T07:52:09.503+0000] {processor.py:161} INFO - Started process (PID=1626) to work on /opt/airflow/dags/json_to_hdfs_dag.py
[2026-08-07T07:52:09.506+0000] {processor.py:830} INFO - Processing file /opt/airflow/dags/json_to_hdfs_dag.py for tasks to queue
[2026-08-07T07:52:09.509+0000] {logging_mixin.py:188} INFO - [2026-08-07T07:52:09.508+0000] {dagbag.py:545} INFO - Filling up the DagBag from /opt/airflow/dags/json_to_hdfs_dag.py
[2026-08-07T07:52:09.559+0000] {processor.py:840} INFO - DAG(s) 'json_batch_to_hdfs' retrieved from /opt/airflow/dags/json_to_hdfs_dag.py
[2026-08-07T07:52:09.621+0000] {logging_mixin.py:188} INFO - [2026-08-07T07:52:09.621+0000] {dag.py:3096} INFO - Sync 1 DAGs
[2026-08-07T07:52:09.893+0000] {logging_mixin.py:188} INFO - [2026-08-07T07:52:09.893+0000] {dag.py:3954} INFO - Setting next_dagrun for json_batch_to_hdfs to 2026-08-07 07:45:00+00:00, run_after=2026-08-07 07:50:00+00:00
[2026-08-07T07:52:09.945+0000] {processor.py:183} INFO - Processing /opt/airflow/dags/json_to_hdfs_dag.py took 0.456 seconds
[2026-08-07T07:52:40.348+0000] {processor.py:161} INFO - Started process (PID=1627) to work on /opt/airflow/dags/json_to_hdfs_dag.py
[2026-08-07T07:52:40.351+0000] {processor.py:830} INFO - Processing file /opt/airflow/dags/json_to_hdfs_dag.py for tasks to queue
[2026-08-07T07:52:40.355+0000] {logging_mixin.py:188} INFO - [2026-08-07T07:52:40.354+0000] {dagbag.py:545} INFO - Filling up the DagBag from /opt/airflow/dags/json_to_hdfs_dag.py
[2026-08-07T07:52:40.406+0000] {processor.py:840} INFO - DAG(s) 'json_batch_to_hdfs' retrieved from /opt/airflow/dags/json_to_hdfs_dag.py
[2026-08-07T07:52:40.462+0000] {logging_mixin.py:188} INFO - [2026-08-07T07:52:40.461+0000] {dag.py:3096} INFO - Sync 1 DAGs
[2026-08-07T07:52:40.506+0000] {logging_mixin.py:188} INFO - [2026-08-07T07:52:40.506+0000] {dag.py:3954} INFO - Setting next_dagrun for json_batch_to_hdfs to 2026-08-07 07:45:00+00:00, run_after=2026-08-07 07:50:00+00:00
[2026-08-07T07:52:40.548+0000] {processor.py:183} INFO - Processing /opt/airflow/dags/json_to_hdfs_dag.py took 0.209 seconds
[2026-08-07T07:53:10.882+0000] {processor.py:161} INFO - Started process (PID=1628) to work on /opt/airflow/dags/json_to_hdfs_dag.py
[2026-08-07T07:53:10.887+0000] {processor.py:830} INFO - Processing file /opt/airflow/dags/json_to_hdfs_dag.py for tasks to queue
[2026-08-07T07:53:10.891+0000] {logging_mixin.py:188} INFO - [2026-08-07T07:53:10.891+0000] {dagbag.py:545} INFO - Filling up the DagBag from /opt/airflow/dags/json_to_hdfs_dag.py
[2026-08-07T07:53:10.938+0000] {processor.py:840} INFO - DAG(s) 'json_batch_to_hdfs' retrieved from /opt/airflow/dags/json_to_hdfs_dag.py
[2026-08-07T07:53:11.001+0000] {logging_mixin.py:188} INFO - [2026-08-07T07:53:11.001+0000] {dag.py:3096} INFO - Sync 1 DAGs
[2026-08-07T07:53:11.055+0000] {logging_mixin.py:188} INFO - [2026-08-07T07:53:11.055+0000] {dag.py:3954} INFO - Setting next_dagrun for json_batch_to_hdfs to 2026-08-07 07:45:00+00:00, run_after=2026-08-07 07:50:00+00:00
[2026-08-07T07:53:11.090+0000] {processor.py:183} INFO - Processing /opt/airflow/dags/json_to_hdfs_dag.py took 0.219 seconds
[2026-08-07T07:53:41.169+0000] {processor.py:161} INFO - Started process (PID=1629) to work on /opt/airflow/dags/json_to_hdfs_dag.py
[2026-08-07T07:53:41.170+0000] {processor.py:830} INFO - Processing file /opt/airflow/dags/json_to_hdfs_dag.py for tasks to queue
[2026-08-07T07:53:41.172+0000] {logging_mixin.py:188} INFO - [2026-08-07T07:53:41.172+0000] {dagbag.py:545} INFO - Filling up the DagBag from /opt/airflow/dags/json_to_hdfs_dag.py
[2026-08-07T07:53:41.199+0000] {processor.py:840} INFO - DAG(s) 'json_batch_to_hdfs' retrieved from /opt/airflow/dags/json_to_hdfs_dag.py
[2026-08-07T07:53:41.235+0000] {logging_mixin.py:188} INFO - [2026-08-07T07:53:41.235+0000] {dag.py:3096} INFO - Sync 1 DAGs
[2026-08-07T07:53:41.264+0000] {logging_mixin.py:188} INFO - [2026-08-07T07:53:41.264+0000] {dag.py:3954} INFO - Setting next_dagrun for json_batch_to_hdfs to 2026-08-07 07:45:00+00:00, run_after=2026-08-07 07:50:00+00:00
[2026-08-07T07:53:41.290+0000] {processor.py:183} INFO - Processing /opt/airflow/dags/json_to_hdfs_dag.py took 0.130 seconds
[2026-08-07T07:54:11.434+0000] {processor.py:161} INFO - Started process (PID=1630) to work on /opt/airflow/dags/json_to_hdfs_dag.py
[2026-08-07T07:54:11.436+0000] {processor.py:830} INFO - Processing file /opt/airflow/dags/json_to_hdfs_dag.py for tasks to queue
[2026-08-07T07:54:11.437+0000] {logging_mixin.py:188} INFO - [2026-08-07T07:54:11.437+0000] {dagbag.py:545} INFO - Filling up the DagBag from /opt/airflow/dags/json_to_hdfs_dag.py
[2026-08-07T07:54:11.456+0000] {processor.py:840} INFO - DAG(s) 'json_batch_to_hdfs' retrieved from /opt/airflow/dags/json_to_hdfs_dag.py
[2026-08-07T07:54:11.486+0000] {logging_mixin.py:188} INFO - [2026-08-07T07:54:11.485+0000] {dag.py:3096} INFO - Sync 1 DAGs
[2026-08-07T07:54:11.512+0000] {logging_mixin.py:188} INFO - [2026-08-07T07:54:11.512+0000] {dag.py:3954} INFO - Setting next_dagrun for json_batch_to_hdfs to 2026-08-07 07:45:00+00:00, run_after=2026-08-07 07:50:00+00:00
[2026-08-07T07:54:11.675+0000] {processor.py:183} INFO - Processing /opt/airflow/dags/json_to_hdfs_dag.py took 0.247 seconds
[2026-08-07T07:54:41.768+0000] {processor.py:161} INFO - Started process (PID=1631) to work on /opt/airflow/dags/json_to_hdfs_dag.py
[2026-08-07T07:54:41.770+0000] {processor.py:830} INFO - Processing file /opt/airflow/dags/json_to_hdfs_dag.py for tasks to queue
[2026-08-07T07:54:41.771+0000] {logging_mixin.py:188} INFO - [2026-08-07T07:54:41.771+0000] {dagbag.py:545} INFO - Filling up the DagBag from /opt/airflow/dags/json_to_hdfs_dag.py
[2026-08-07T07:54:41.791+0000] {processor.py:840} INFO - DAG(s) 'json_batch_to_hdfs' retrieved from /opt/airflow/dags/json_to_hdfs_dag.py
[2026-08-07T07:54:41.822+0000] {logging_mixin.py:188} INFO - [2026-08-07T07:54:41.821+0000] {dag.py:3096} INFO - Sync 1 DAGs
[2026-08-07T07:54:41.995+0000] {logging_mixin.py:188} INFO - [2026-08-07T07:54:41.995+0000] {dag.py:3954} INFO - Setting next_dagrun for json_batch_to_hdfs to 2026-08-07 07:45:00+00:00, run_after=2026-08-07 07:50:00+00:00
[2026-08-07T07:54:42.018+0000] {processor.py:183} INFO - Processing /opt/airflow/dags/json_to_hdfs_dag.py took 0.256 seconds
[2026-08-07T07:55:12.170+0000] {processor.py:161} INFO - Started process (PID=1632) to work on /opt/airflow/dags/json_to_hdfs_dag.py
[2026-08-07T07:55:12.172+0000] {processor.py:830} INFO - Processing file /opt/airflow/dags/json_to_hdfs_dag.py for tasks to queue
[2026-08-07T07:55:12.173+0000] {logging_mixin.py:188} INFO - [2026-08-07T07:55:12.173+0000] {dagbag.py:545} INFO - Filling up the DagBag from /opt/airflow/dags/json_to_hdfs_dag.py
[2026-08-07T07:55:12.190+0000] {processor.py:840} INFO - DAG(s) 'json_batch_to_hdfs' retrieved from /opt/airflow/dags/json_to_hdfs_dag.py
[2026-08-07T07:55:12.220+0000] {logging_mixin.py:188} INFO - [2026-08-07T07:55:12.220+0000] {dag.py:3096} INFO - Sync 1 DAGs
[2026-08-07T07:55:12.391+0000] {logging_mixin.py:188} INFO - [2026-08-07T07:55:12.390+0000] {dag.py:3954} INFO - Setting next_dagrun for json_batch_to_hdfs to 2026-08-07 07:50:00+00:00, run_after=2026-08-07 07:55:00+00:00
[2026-08-07T07:55:12.413+0000] {processor.py:183} INFO - Processing /opt/airflow/dags/json_to_hdfs_dag.py took 0.248 seconds
[2026-08-07T07:55:42.539+0000] {processor.py:161} INFO - Started process (PID=1633) to work on /opt/airflow/dags/json_to_hdfs_dag.py
[2026-08-07T07:55:42.541+0000] {processor.py:830} INFO - Processing file /opt/airflow/dags/json_to_hdfs_dag.py for tasks to queue
[2026-08-07T07:55:42.543+0000] {logging_mixin.py:188} INFO - [2026-08-07T07:55:42.542+0000] {dagbag.py:545} INFO - Filling up the DagBag from /opt/airflow/dags/json_to_hdfs_dag.py
[2026-08-07T07:55:42.579+0000] {processor.py:840} INFO - DAG(s) 'json_batch_to_hdfs' retrieved from /opt/airflow/dags/json_to_hdfs_dag.py
[2026-08-07T07:55:42.620+0000] {logging_mixin.py:188} INFO - [2026-08-07T07:55:42.620+0000] {dag.py:3096} INFO - Sync 1 DAGs
[2026-08-07T07:55:42.652+0000] {logging_mixin.py:188} INFO - [2026-08-07T07:55:42.651+0000] {dag.py:3954} INFO - Setting next_dagrun for json_batch_to_hdfs to 2026-08-07 07:50:00+00:00, run_after=2026-08-07 07:55:00+00:00
[2026-08-07T07:55:42.680+0000] {processor.py:183} INFO - Processing /opt/airflow/dags/json_to_hdfs_dag.py took 0.150 seconds
[2026-08-07T07:56:12.855+0000] {processor.py:161} INFO - Started process (PID=1634) to work on /opt/airflow/dags/json_to_hdfs_dag.py
[2026-08-07T07:56:12.856+0000] {processor.py:830} INFO - Processing file /opt/airflow/dags/json_to_hdfs_dag.py for tasks to queue
[2026-08-07T07:56:12.858+0000] {logging_mixin.py:188} INFO - [2026-08-07T07:56:12.857+0000] {dagbag.py:545} INFO - Filling up the DagBag from /opt/airflow/dags/json_to_hdfs_dag.py
[2026-08-07T07:56:12.876+0000] {processor.py:840} INFO - DAG(s) 'json_batch_to_hdfs' retrieved from /opt/airflow/dags/json_to_hdfs_dag.py
[2026-08-07T07:56:12.904+0000] {logging_mixin.py:188} INFO - [2026-08-07T07:56:12.904+0000] {dag.py:3096} INFO - Sync 1 DAGs
[2026-08-07T07:56:12.930+0000] {logging_mixin.py:188} INFO - [2026-08-07T07:56:12.929+0000] {dag.py:3954} INFO - Setting next_dagrun for json_batch_to_hdfs to 2026-08-07 07:50:00+00:00, run_after=2026-08-07 07:55:00+00:00
[2026-08-07T07:56:12.966+0000] {processor.py:183} INFO - Processing /opt/airflow/dags/json_to_hdfs_dag.py took 0.116 seconds
[2026-08-07T07:56:43.094+0000] {processor.py:161} INFO - Started process (PID=1635) to work on /opt/airflow/dags/json_to_hdfs_dag.py
[2026-08-07T07:56:43.095+0000] {processor.py:830} INFO - Processing file /opt/airflow/dags/json_to_hdfs_dag.py for tasks to queue
[2026-08-07T07:56:43.097+0000] {logging_mixin.py:188} INFO - [2026-08-07T07:56:43.096+0000] {dagbag.py:545} INFO - Filling up the DagBag from /opt/airflow/dags/json_to_hdfs_dag.py
[2026-08-07T07:56:43.117+0000] {processor.py:840} INFO - DAG(s) 'json_batch_to_hdfs' retrieved from /opt/airflow/dags/json_to_hdfs_dag.py
[2026-08-07T07:56:43.150+0000] {logging_mixin.py:188} INFO - [2026-08-07T07:56:43.149+0000] {dag.py:3096} INFO - Sync 1 DAGs
[2026-08-07T07:56:43.175+0000] {logging_mixin.py:188} INFO - [2026-08-07T07:56:43.175+0000] {dag.py:3954} INFO - Setting next_dagrun for json_batch_to_hdfs to 2026-08-07 07:50:00+00:00, run_after=2026-08-07 07:55:00+00:00
[2026-08-07T07:56:43.198+0000] {processor.py:183} INFO - Processing /opt/airflow/dags/json_to_hdfs_dag.py took 0.110 seconds
[2026-08-07T07:57:13.378+0000] {processor.py:161} INFO - Started process (PID=1636) to work on /opt/airflow/dags/json_to_hdfs_dag.py
[2026-08-07T07:57:13.379+0000] {processor.py:830} INFO - Processing file /opt/airflow/dags/json_to_hdfs_dag.py for tasks to queue
[2026-08-07T07:57:13.381+0000] {logging_mixin.py:188} INFO - [2026-08-07T07:57:13.380+0000] {dagbag.py:545} INFO - Filling up the DagBag from /opt/airflow/dags/json_to_hdfs_dag.py
[2026-08-07T07:57:13.403+0000] {processor.py:840} INFO - DAG(s) 'json_batch_to_hdfs' retrieved from /opt/airflow/dags/json_to_hdfs_dag.py
[2026-08-07T07:57:13.434+0000] {logging_mixin.py:188} INFO - [2026-08-07T07:57:13.434+0000] {dag.py:3096} INFO - Sync 1 DAGs
[2026-08-07T07:57:13.463+0000] {logging_mixin.py:188} INFO - [2026-08-07T07:57:13.462+0000] {dag.py:3954} INFO - Setting next_dagrun for json_batch_to_hdfs to 2026-08-07 07:50:00+00:00, run_after=2026-08-07 07:55:00+00:00
[2026-08-07T07:57:13.692+0000] {processor.py:183} INFO - Processing /opt/airflow/dags/json_to_hdfs_dag.py took 0.319 seconds
[2026-08-07T07:57:43.899+0000] {processor.py:161} INFO - Started process (PID=1637) to work on /opt/airflow/dags/json_to_hdfs_dag.py
[2026-08-07T07:57:43.900+0000] {processor.py:830} INFO - Processing file /opt/airflow/dags/json_to_hdfs_dag.py for tasks to queue
[2026-08-07T07:57:43.902+0000] {logging_mixin.py:188} INFO - [2026-08-07T07:57:43.901+0000] {dagbag.py:545} INFO - Filling up the DagBag from /opt/airflow/dags/json_to_hdfs_dag.py
[2026-08-07T07:57:43.921+0000] {processor.py:840} INFO - DAG(s) 'json_batch_to_hdfs' retrieved from /opt/airflow/dags/json_to_hdfs_dag.py
[2026-08-07T07:57:43.952+0000] {logging_mixin.py:188} INFO - [2026-08-07T07:57:43.952+0000] {dag.py:3096} INFO - Sync 1 DAGs
[2026-08-07T07:57:44.181+0000] {logging_mixin.py:188} INFO - [2026-08-07T07:57:44.181+0000] {dag.py:3954} INFO - Setting next_dagrun for json_batch_to_hdfs to 2026-08-07 07:50:00+00:00, run_after=2026-08-07 07:55:00+00:00
[2026-08-07T07:57:44.208+0000] {processor.py:183} INFO - Processing /opt/airflow/dags/json_to_hdfs_dag.py took 0.315 seconds
[2026-08-07T07:58:14.467+0000] {processor.py:161} INFO - Started process (PID=1638) to work on /opt/airflow/dags/json_to_hdfs_dag.py
[2026-08-07T07:58:14.469+0000] {processor.py:830} INFO - Processing file /opt/airflow/dags/json_to_hdfs_dag.py for tasks to queue
[2026-08-07T07:58:14.470+0000] {logging_mixin.py:188} INFO - [2026-08-07T07:58:14.470+0000] {dagbag.py:545} INFO - Filling up the DagBag from /opt/airflow/dags/json_to_hdfs_dag.py
[2026-08-07T07:58:14.491+0000] {processor.py:840} INFO - DAG(s) 'json_batch_to_hdfs' retrieved from /opt/airflow/dags/json_to_hdfs_dag.py
[2026-08-07T07:58:14.523+0000] {logging_mixin.py:188} INFO - [2026-08-07T07:58:14.522+0000] {dag.py:3096} INFO - Sync 1 DAGs
[2026-08-07T07:58:14.697+0000] {logging_mixin.py:188} INFO - [2026-08-07T07:58:14.697+0000] {dag.py:3954} INFO - Setting next_dagrun for json_batch_to_hdfs to 2026-08-07 07:50:00+00:00, run_after=2026-08-07 07:55:00+00:00
[2026-08-07T07:58:14.719+0000] {processor.py:183} INFO - Processing /opt/airflow/dags/json_to_hdfs_dag.py took 0.258 seconds
[2026-08-07T07:58:44.920+0000] {processor.py:161} INFO - Started process (PID=1639) to work on /opt/airflow/dags/json_to_hdfs_dag.py
[2026-08-07T07:58:44.922+0000] {processor.py:830} INFO - Processing file /opt/airflow/dags/json_to_hdfs_dag.py for tasks to queue
[2026-08-07T07:58:44.923+0000] {logging_mixin.py:188} INFO - [2026-08-07T07:58:44.923+0000] {dagbag.py:545} INFO - Filling up the DagBag from /opt/airflow/dags/json_to_hdfs_dag.py
[2026-08-07T07:58:44.941+0000] {processor.py:840} INFO - DAG(s) 'json_batch_to_hdfs' retrieved from /opt/airflow/dags/json_to_hdfs_dag.py
[2026-08-07T07:58:44.974+0000] {logging_mixin.py:188} INFO - [2026-08-07T07:58:44.974+0000] {dag.py:3096} INFO - Sync 1 DAGs
[2026-08-07T07:58:45.000+0000] {logging_mixin.py:188} INFO - [2026-08-07T07:58:45.000+0000] {dag.py:3954} INFO - Setting next_dagrun for json_batch_to_hdfs to 2026-08-07 07:50:00+00:00, run_after=2026-08-07 07:55:00+00:00
[2026-08-07T07:58:45.034+0000] {processor.py:183} INFO - Processing /opt/airflow/dags/json_to_hdfs_dag.py took 0.119 seconds
[2026-08-07T07:59:15.138+0000] {processor.py:161} INFO - Started process (PID=1640) to work on /opt/airflow/dags/json_to_hdfs_dag.py
[2026-08-07T07:59:15.140+0000] {processor.py:830} INFO - Processing file /opt/airflow/dags/json_to_hdfs_dag.py for tasks to queue
[2026-08-07T07:59:15.141+0000] {logging_mixin.py:188} INFO - [2026-08-07T07:59:15.141+0000] {dagbag.py:545} INFO - Filling up the DagBag from /opt/airflow/dags/json_to_hdfs_dag.py
[2026-08-07T07:59:15.160+0000] {processor.py:840} INFO - DAG(s) 'json_batch_to_hdfs' retrieved from /opt/airflow/dags/json_to_hdfs_dag.py
[2026-08-07T07:59:15.195+0000] {logging_mixin.py:188} INFO - [2026-08-07T07:59:15.195+0000] {dag.py:3096} INFO - Sync 1 DAGs
[2026-08-07T07:59:15.222+0000] {logging_mixin.py:188} INFO - [2026-08-07T07:59:15.221+0000] {dag.py:3954} INFO - Setting next_dagrun for json_batch_to_hdfs to 2026-08-07 07:50:00+00:00, run_after=2026-08-07 07:55:00+00:00
[2026-08-07T07:59:15.246+0000] {processor.py:183} INFO - Processing /opt/airflow/dags/json_to_hdfs_dag.py took 0.115 seconds
[2026-08-07T07:59:45.516+0000] {processor.py:161} INFO - Started process (PID=1641) to work on /opt/airflow/dags/json_to_hdfs_dag.py
[2026-08-07T07:59:45.518+0000] {processor.py:830} INFO - Processing file /opt/airflow/dags/json_to_hdfs_dag.py for tasks to queue
[2026-08-07T07:59:45.519+0000] {logging_mixin.py:188} INFO - [2026-08-07T07:59:45.519+0000] {dagbag.py:545} INFO - Filling up the DagBag from /opt/airflow/dags/json_to_hdfs_dag.py
[2026-08-07T07:59:45.538+0000] {processor.py:840} INFO - DAG(s) 'json_batch_to_hdfs' retrieved from /opt/airflow/dags/json_to_hdfs_dag.py
[2026-08-07T07:59:45.569+0000] {logging_mixin.py:188} INFO - [2026-08-07T07:59:45.568+0000] {dag.py:3096} INFO - Sync 1 DAGs
[2026-08-07T07:59:45.593+0000] {logging_mixin.py:188} INFO - [2026-08-07T07:59:45.593+0000] {dag.py:3954} INFO - Setting next_dagrun for json_batch_to_hdfs to 2026-08-07 07:50:00+00:00, run_after=2026-08-07 07:55:00+00:00
[2026-08-07T07:59:45.634+0000] {processor.py:183} INFO - Processing /opt/airflow/dags/json_to_hdfs_dag.py took 0.123 seconds
[2026-08-07T08:00:15.770+0000] {processor.py:161} INFO - Started process (PID=1642) to work on /opt/airflow/dags/json_to_hdfs_dag.py
[2026-08-07T08:00:15.772+0000] {processor.py:830} INFO - Processing file /opt/airflow/dags/json_to_hdfs_dag.py for tasks to queue
[2026-08-07T08:00:15.774+0000] {logging_mixin.py:188} INFO - [2026-08-07T08:00:15.773+0000] {dagbag.py:545} INFO - Filling up the DagBag from /opt/airflow/dags/json_to_hdfs_dag.py
[2026-08-07T08:00:15.795+0000] {processor.py:840} INFO - DAG(s) 'json_batch_to_hdfs' retrieved from /opt/airflow/dags/json_to_hdfs_dag.py
[2026-08-07T08:00:15.828+0000] {logging_mixin.py:188} INFO - [2026-08-07T08:00:15.827+0000] {dag.py:3096} INFO - Sync 1 DAGs
[2026-08-07T08:00:15.854+0000] {logging_mixin.py:188} INFO - [2026-08-07T08:00:15.854+0000] {dag.py:3954} INFO - Setting next_dagrun for json_batch_to_hdfs to 2026-08-07 07:55:00+00:00, run_after=2026-08-07 08:00:00+00:00
[2026-08-07T08:00:16.045+0000] {processor.py:183} INFO - Processing /opt/airflow/dags/json_to_hdfs_dag.py took 0.282 seconds
[2026-08-07T08:00:46.152+0000] {processor.py:161} INFO - Started process (PID=1643) to work on /opt/airflow/dags/json_to_hdfs_dag.py
[2026-08-07T08:00:46.153+0000] {processor.py:830} INFO - Processing file /opt/airflow/dags/json_to_hdfs_dag.py for tasks to queue
[2026-08-07T08:00:46.155+0000] {logging_mixin.py:188} INFO - [2026-08-07T08:00:46.155+0000] {dagbag.py:545} INFO - Filling up the DagBag from /opt/airflow/dags/json_to_hdfs_dag.py
[2026-08-07T08:00:46.177+0000] {processor.py:840} INFO - DAG(s) 'json_batch_to_hdfs' retrieved from /opt/airflow/dags/json_to_hdfs_dag.py
[2026-08-07T08:00:46.214+0000] {logging_mixin.py:188} INFO - [2026-08-07T08:00:46.214+0000] {dag.py:3096} INFO - Sync 1 DAGs
[2026-08-07T08:00:46.402+0000] {logging_mixin.py:188} INFO - [2026-08-07T08:00:46.402+0000] {dag.py:3954} INFO - Setting next_dagrun for json_batch_to_hdfs to 2026-08-07 07:55:00+00:00, run_after=2026-08-07 08:00:00+00:00
[2026-08-07T08:00:46.436+0000] {processor.py:183} INFO - Processing /opt/airflow/dags/json_to_hdfs_dag.py took 0.290 seconds
[2026-08-07T08:01:16.577+0000] {processor.py:161} INFO - Started process (PID=1644) to work on /opt/airflow/dags/json_to_hdfs_dag.py
[2026-08-07T08:01:16.579+0000] {processor.py:830} INFO - Processing file /opt/airflow/dags/json_to_hdfs_dag.py for tasks to queue
[2026-08-07T08:01:16.580+0000] {logging_mixin.py:188} INFO - [2026-08-07T08:01:16.580+0000] {dagbag.py:545} INFO - Filling up the DagBag from /opt/airflow/dags/json_to_hdfs_dag.py
[2026-08-07T08:01:16.599+0000] {processor.py:840} INFO - DAG(s) 'json_batch_to_hdfs' retrieved from /opt/airflow/dags/json_to_hdfs_dag.py
[2026-08-07T08:01:16.630+0000] {logging_mixin.py:188} INFO - [2026-08-07T08:01:16.630+0000] {dag.py:3096} INFO - Sync 1 DAGs
[2026-08-07T08:01:16.789+0000] {logging_mixin.py:188} INFO - [2026-08-07T08:01:16.789+0000] {dag.py:3954} INFO - Setting next_dagrun for json_batch_to_hdfs to 2026-08-07 07:55:00+00:00, run_after=2026-08-07 08:00:00+00:00
[2026-08-07T08:01:16.810+0000] {processor.py:183} INFO - Processing /opt/airflow/dags/json_to_hdfs_dag.py took 0.238 seconds
[2026-08-07T08:01:46.906+0000] {processor.py:161} INFO - Started process (PID=1645) to work on /opt/airflow/dags/json_to_hdfs_dag.py
[2026-08-07T08:01:46.908+0000] {processor.py:830} INFO - Processing file /opt/airflow/dags/json_to_hdfs_dag.py for tasks to queue
[2026-08-07T08:01:46.909+0000] {logging_mixin.py:188} INFO - [2026-08-07T08:01:46.909+0000] {dagbag.py:545} INFO - Filling up the DagBag from /opt/airflow/dags/json_to_hdfs_dag.py
[2026-08-07T08:01:46.927+0000] {processor.py:840} INFO - DAG(s) 'json_batch_to_hdfs' retrieved from /opt/airflow/dags/json_to_hdfs_dag.py
[2026-08-07T08:01:46.958+0000] {logging_mixin.py:188} INFO - [2026-08-07T08:01:46.958+0000] {dag.py:3096} INFO - Sync 1 DAGs
[2026-08-07T08:01:46.984+0000] {logging_mixin.py:188} INFO - [2026-08-07T08:01:46.984+0000] {dag.py:3954} INFO - Setting next_dagrun for json_batch_to_hdfs to 2026-08-07 07:55:00+00:00, run_after=2026-08-07 08:00:00+00:00
[2026-08-07T08:01:47.022+0000] {processor.py:183} INFO - Processing /opt/airflow/dags/json_to_hdfs_dag.py took 0.121 seconds
[2026-08-07T08:02:17.279+0000] {processor.py:161} INFO - Started process (PID=1646) to work on /opt/airflow/dags/json_to_hdfs_dag.py
[2026-08-07T08:02:17.281+0000] {processor.py:830} INFO - Processing file /opt/airflow/dags/json_to_hdfs_dag.py for tasks to queue
[2026-08-07T08:02:17.282+0000] {logging_mixin.py:188} INFO - [2026-08-07T08:02:17.282+0000] {dagbag.py:545} INFO - Filling up the DagBag from /opt/airflow/dags/json_to_hdfs_dag.py
[2026-08-07T08:02:17.303+0000] {processor.py:840} INFO - DAG(s) 'json_batch_to_hdfs' retrieved from /opt/airflow/dags/json_to_hdfs_dag.py
[2026-08-07T08:02:17.333+0000] {logging_mixin.py:188} INFO - [2026-08-07T08:02:17.333+0000] {dag.py:3096} INFO - Sync 1 DAGs
[2026-08-07T08:02:17.363+0000] {logging_mixin.py:188} INFO - [2026-08-07T08:02:17.362+0000] {dag.py:3954} INFO - Setting next_dagrun for json_batch_to_hdfs to 2026-08-07 07:55:00+00:00, run_after=2026-08-07 08:00:00+00:00
[2026-08-07T08:02:17.385+0000] {processor.py:183} INFO - Processing /opt/airflow/dags/json_to_hdfs_dag.py took 0.112 seconds
[2026-08-07T08:02:47.554+0000] {processor.py:161} INFO - Started process (PID=1647) to work on /opt/airflow/dags/json_to_hdfs_dag.py
[2026-08-07T08:02:47.555+0000] {processor.py:830} INFO - Processing file /opt/airflow/dags/json_to_hdfs_dag.py for tasks to queue
[2026-08-07T08:02:47.557+0000] {logging_mixin.py:188} INFO - [2026-08-07T08:02:47.556+0000] {dagbag.py:545} INFO - Filling up the DagBag from /opt/airflow/dags/json_to_hdfs_dag.py
[2026-08-07T08:02:47.577+0000] {processor.py:840} INFO - DAG(s) 'json_batch_to_hdfs' retrieved from /opt/airflow/dags/json_to_hdfs_dag.py
[2026-08-07T08:02:47.609+0000] {logging_mixin.py:188} INFO - [2026-08-07T08:02:47.608+0000] {dag.py:3096} INFO - Sync 1 DAGs
[2026-08-07T08:02:47.634+0000] {logging_mixin.py:188} INFO - [2026-08-07T08:02:47.634+0000] {dag.py:3954} INFO - Setting next_dagrun for json_batch_to_hdfs to 2026-08-07 07:55:00+00:00, run_after=2026-08-07 08:00:00+00:00
[2026-08-07T08:02:47.670+0000] {processor.py:183} INFO - Processing /opt/airflow/dags/json_to_hdfs_dag.py took 0.122 seconds
[2026-08-07T08:03:17.839+0000] {processor.py:161} INFO - Started process (PID=1648) to work on /opt/airflow/dags/json_to_hdfs_dag.py
[2026-08-07T08:03:17.841+0000] {processor.py:830} INFO - Processing file /opt/airflow/dags/json_to_hdfs_dag.py for tasks to queue
[2026-08-07T08:03:17.844+0000] {logging_mixin.py:188} INFO - [2026-08-07T08:03:17.843+0000] {dagbag.py:545} INFO - Filling up the DagBag from /opt/airflow/dags/json_to_hdfs_dag.py
[2026-08-07T08:03:17.884+0000] {processor.py:840} INFO - DAG(s) 'json_batch_to_hdfs' retrieved from /opt/airflow/dags/json_to_hdfs_dag.py
[2026-08-07T08:03:17.918+0000] {logging_mixin.py:188} INFO - [2026-08-07T08:03:17.917+0000] {dag.py:3096} INFO - Sync 1 DAGs
[2026-08-07T08:03:17.944+0000] {logging_mixin.py:188} INFO - [2026-08-07T08:03:17.944+0000] {dag.py:3954} INFO - Setting next_dagrun for json_batch_to_hdfs to 2026-08-07 07:55:00+00:00, run_after=2026-08-07 08:00:00+00:00
[2026-08-07T08:03:18.132+0000] {processor.py:183} INFO - Processing /opt/airflow/dags/json_to_hdfs_dag.py took 0.299 seconds
[2026-08-07T08:03:48.321+0000] {processor.py:161} INFO - Started process (PID=1649) to work on /opt/airflow/dags/json_to_hdfs_dag.py
[2026-08-07T08:03:48.322+0000] {processor.py:830} INFO - Processing file /opt/airflow/dags/json_to_hdfs_dag.py for tasks to queue
[2026-08-07T08:03:48.324+0000] {logging_mixin.py:188} INFO - [2026-08-07T08:03:48.323+0000] {dagbag.py:545} INFO - Filling up the DagBag from /opt/airflow/dags/json_to_hdfs_dag.py
[2026-08-07T08:03:48.348+0000] {processor.py:840} INFO - DAG(s) 'json_batch_to_hdfs' retrieved from /opt/airflow/dags/json_to_hdfs_dag.py
[2026-08-07T08:03:48.386+0000] {logging_mixin.py:188} INFO - [2026-08-07T08:03:48.386+0000] {dag.py:3096} INFO - Sync 1 DAGs
[2026-08-07T08:03:48.573+0000] {logging_mixin.py:188} INFO - [2026-08-07T08:03:48.573+0000] {dag.py:3954} INFO - Setting next_dagrun for json_batch_to_hdfs to 2026-08-07 07:55:00+00:00, run_after=2026-08-07 08:00:00+00:00
[2026-08-07T08:03:48.599+0000] {processor.py:183} INFO - Processing /opt/airflow/dags/json_to_hdfs_dag.py took 0.284 seconds
[2026-08-07T08:04:18.814+0000] {processor.py:161} INFO - Started process (PID=1650) to work on /opt/airflow/dags/json_to_hdfs_dag.py
[2026-08-07T08:04:18.816+0000] {processor.py:830} INFO - Processing file /opt/airflow/dags/json_to_hdfs_dag.py for tasks to queue
[2026-08-07T08:04:18.818+0000] {logging_mixin.py:188} INFO - [2026-08-07T08:04:18.817+0000] {dagbag.py:545} INFO - Filling up the DagBag from /opt/airflow/dags/json_to_hdfs_dag.py
[2026-08-07T08:04:18.842+0000] {processor.py:840} INFO - DAG(s) 'json_batch_to_hdfs' retrieved from /opt/airflow/dags/json_to_hdfs_dag.py
[2026-08-07T08:04:18.876+0000] {logging_mixin.py:188} INFO - [2026-08-07T08:04:18.876+0000] {dag.py:3096} INFO - Sync 1 DAGs
[2026-08-07T08:04:19.068+0000] {logging_mixin.py:188} INFO - [2026-08-07T08:04:19.068+0000] {dag.py:3954} INFO - Setting next_dagrun for json_batch_to_hdfs to 2026-08-07 07:55:00+00:00, run_after=2026-08-07 08:00:00+00:00
[2026-08-07T08:04:19.093+0000] {processor.py:183} INFO - Processing /opt/airflow/dags/json_to_hdfs_dag.py took 0.284 seconds
[2026-08-07T08:04:49.418+0000] {processor.py:161} INFO - Started process (PID=1651) to work on /opt/airflow/dags/json_to_hdfs_dag.py
[2026-08-07T08:04:49.421+0000] {processor.py:830} INFO - Processing file /opt/airflow/dags/json_to_hdfs_dag.py for tasks to queue
[2026-08-07T08:04:49.425+0000] {logging_mixin.py:188} INFO - [2026-08-07T08:04:49.424+0000] {dagbag.py:545} INFO - Filling up the DagBag from /opt/airflow/dags/json_to_hdfs_dag.py
[2026-08-07T08:04:49.474+0000] {processor.py:840} INFO - DAG(s) 'json_batch_to_hdfs' retrieved from /opt/airflow/dags/json_to_hdfs_dag.py
[2026-08-07T08:04:49.548+0000] {logging_mixin.py:188} INFO - [2026-08-07T08:04:49.548+0000] {dag.py:3096} INFO - Sync 1 DAGs
[2026-08-07T08:04:49.597+0000] {logging_mixin.py:188} INFO - [2026-08-07T08:04:49.597+0000] {dag.py:3954} INFO - Setting next_dagrun for json_batch_to_hdfs to 2026-08-07 07:55:00+00:00, run_after=2026-08-07 08:00:00+00:00
[2026-08-07T08:04:49.652+0000] {processor.py:183} INFO - Processing /opt/airflow/dags/json_to_hdfs_dag.py took 0.241 seconds
[2026-08-07T08:05:19.985+0000] {processor.py:161} INFO - Started process (PID=1652) to work on /opt/airflow/dags/json_to_hdfs_dag.py
[2026-08-07T08:05:19.988+0000] {processor.py:830} INFO - Processing file /opt/airflow/dags/json_to_hdfs_dag.py for tasks to queue
[2026-08-07T08:05:19.991+0000] {logging_mixin.py:188} INFO - [2026-08-07T08:05:19.990+0000] {dagbag.py:545} INFO - Filling up the DagBag from /opt/airflow/dags/json_to_hdfs_dag.py
[2026-08-07T08:05:20.036+0000] {processor.py:840} INFO - DAG(s) 'json_batch_to_hdfs' retrieved from /opt/airflow/dags/json_to_hdfs_dag.py
[2026-08-07T08:05:20.100+0000] {logging_mixin.py:188} INFO - [2026-08-07T08:05:20.100+0000] {dag.py:3096} INFO - Sync 1 DAGs
[2026-08-07T08:05:20.153+0000] {logging_mixin.py:188} INFO - [2026-08-07T08:05:20.153+0000] {dag.py:3954} INFO - Setting next_dagrun for json_batch_to_hdfs to 2026-08-07 08:00:00+00:00, run_after=2026-08-07 08:05:00+00:00
[2026-08-07T08:05:20.197+0000] {processor.py:183} INFO - Processing /opt/airflow/dags/json_to_hdfs_dag.py took 0.219 seconds
[2026-08-07T08:05:50.527+0000] {processor.py:161} INFO - Started process (PID=1653) to work on /opt/airflow/dags/json_to_hdfs_dag.py
[2026-08-07T08:05:50.530+0000] {processor.py:830} INFO - Processing file /opt/airflow/dags/json_to_hdfs_dag.py for tasks to queue
[2026-08-07T08:05:50.533+0000] {logging_mixin.py:188} INFO - [2026-08-07T08:05:50.532+0000] {dagbag.py:545} INFO - Filling up the DagBag from /opt/airflow/dags/json_to_hdfs_dag.py
[2026-08-07T08:05:50.579+0000] {processor.py:840} INFO - DAG(s) 'json_batch_to_hdfs' retrieved from /opt/airflow/dags/json_to_hdfs_dag.py
[2026-08-07T08:05:50.636+0000] {logging_mixin.py:188} INFO - [2026-08-07T08:05:50.636+0000] {dag.py:3096} INFO - Sync 1 DAGs
[2026-08-07T08:05:50.686+0000] {logging_mixin.py:188} INFO - [2026-08-07T08:05:50.685+0000] {dag.py:3954} INFO - Setting next_dagrun for json_batch_to_hdfs to 2026-08-07 08:00:00+00:00, run_after=2026-08-07 08:05:00+00:00
[2026-08-07T08:05:50.730+0000] {processor.py:183} INFO - Processing /opt/airflow/dags/json_to_hdfs_dag.py took 0.212 seconds
